ATIVO,VALOR,DATA COM,DATA PAGAMENTO,TIPO,DY
ARRI11,"0,08018867",2020-12-30,2021-01-08,Rendimento,"0,09"
BRCO11,"0,55000000",2020-12-30,2021-01-08,Rendimento,"0,48"
HSAF11,"0,70000000",2020-12-30,2021-01-08,Rendimento,"0,74"
HSML11,"0,50000000",2020-12-30,2021-01-08,Rendimento,"0,53"
LVBI11,"0,47000000",2020-12-30,2021-01-08,Rendimento,"0,39"
PORD11,"0,10300000",2020-12-30,2021-01-08,Rendimento,"0,10"
PVBI11,"0,47000000",2020-12-30,2021-01-08,Rendimento,"0,49"
AIEC11,"0,57000000",2020-12-30,2021-01-11,Rendimento,"0,61"
CACR11,"0,93000000",2020-12-30,2021-01-11,Rendimento,"0,85"
GGRC11,"0,07000000",2021-01-04,2021-01-11,Rendimento,"0,05"
PATL11,"0,54000000",2020-12-30,2021-01-11,Rendimento,"0,56"
TGAR11,"1,36000000",2020-12-30,2021-01-11,Rendimento,"1,01"
KNCR11,"0,43000000",2020-12-30,2021-01-14,Rendimento,"0,49"
KNHY11,"1,23000000",2020-12-30,2021-01-14,Rendimento,"1,07"
KNIP11,"1,35000000",2020-12-30,2021-01-14,Rendimento,"1,17"
KNSC11,"0,08800000",2020-12-30,2021-01-14,Rendimento,"0,09"
VCJR11,"1,21000000",2020-12-30,2021-01-14,Rendimento,"1,14"
BCRI11,"1,14000000",2020-12-30,2021-01-15,Rendimento,"0,98"
BRCR11,"0,50000000",2021-01-08,2021-01-15,Rendimento,"0,54"
BTCI11,"0,06136518",2021-01-08,2021-01-15,Rendimento,"0,06"
DEVA11,"2,51000000",2021-01-08,2021-01-15,Rendimento,"2,15"
FATN11,"0,59000000",2021-01-07,2021-01-15,Rendimento,"0,00"
GARE11,"0,07504733",2020-12-30,2021-01-15,Rendimento,"0,00"
GTWR11,"0,68767600",2020-12-30,2021-01-15,Rendimento,"0,62"
HABT11,"1,50000000",2020-12-30,2021-01-15,Rendimento,"1,24"
HCTR11,"2,47000000",2021-01-08,2021-01-15,Rendimento,"1,65"
HFOF11,"0,07500000",2020-12-30,2021-01-15,Rendimento,"0,07"
HGBS11,"0,06600000",2020-12-30,2021-01-15,Rendimento,"0,03"
HGCR11,"0,73000000",2020-12-30,2021-01-15,Rendimento,"0,72"
HGLG11,"2,63000000",2020-12-30,2021-01-15,Rendimento,"1,45"
HGRE11,"0,97000000",2020-12-30,2021-01-15,Rendimento,"0,62"
HGRU11,"0,72000000",2020-12-30,2021-01-15,Rendimento,"0,56"
HSLG11,"0,31000000",2020-12-30,2021-01-15,Rendimento,"0,29"
KFOF11,"0,50000000",2020-12-30,2021-01-15,Rendimento,"0,47"
KNRI11,"0,65000000",2020-12-30,2021-01-15,Rendimento,"0,40"
MFII11,"1,04000000",2020-12-30,2021-01-15,Rendimento,"0,76"
MXRF11,"0,07000000",2020-12-30,2021-01-15,Rendimento,"0,67"
OUJP11,"1,15588785",2020-12-30,2021-01-15,Rendimento,"1,07"
PMLL11,"0,62000000",2020-12-30,2021-01-15,Rendimento,"0,59"
RBFF11,"0,55000000",2020-12-30,2021-01-15,Rendimento,"0,74"
RBRL11,"0,68200000",2021-01-08,2021-01-15,Rendimento,"0,63"
RBRP11,"0,55000000",2021-01-08,2021-01-15,Rendimento,"0,59"
RBVA11,"0,09500000",2020-12-30,2021-01-15,Rendimento,"0,08"
RCRB11,"0,80000000",2021-01-07,2021-01-15,Rendimento,"0,48"
RECR11,"1,66910000",2021-01-08,2021-01-15,Rendimento,"1,46"
SARE11,"0,02486752",2021-01-07,2021-01-15,Rendimento,"0,03"
TEPP11,"0,52000000",2020-12-30,2021-01-15,Rendimento,"0,57"
TRBL11,"0,60000000",2020-12-30,2021-01-15,Rendimento,"0,58"
TRXF11,"0,70000000",2020-12-30,2021-01-15,Rendimento,"0,69"
TVRI11,"1,08232990",2020-12-30,2021-01-15,Rendimento,"0,87"
URPR11,"2,01000000",2020-12-30,2021-01-15,Rendimento,"1,52"
VILG11,"0,60000000",2020-12-30,2021-01-15,Rendimento,"0,47"
VINO11,"0,08400000",2020-12-30,2021-01-15,Rendimento,"0,13"
VISC11,"0,55000000",2020-12-30,2021-01-15,Rendimento,"0,48"
VRTA11,"0,90000000",2020-12-30,2021-01-15,Rendimento,"0,77"
XPCI11,"0,75000000",2020-12-30,2021-01-15,Rendimento,"0,81"
XPLG11,"0,60000000",2020-12-30,2021-01-15,Rendimento,"0,48"
XPSF11,"0,07000000",2020-12-30,2021-01-15,Rendimento,"0,07"
CVBI11,"1,95000000",2021-01-11,2021-01-18,Rendimento,"1,84"
RVBI11,"0,69000000",2021-01-11,2021-01-18,Rendimento,"0,73"
IRDM11,"1,59052082",2021-01-12,2021-01-19,Rendimento,"1,13"
RBRF11,"0,08572000",2021-01-12,2021-01-19,Rendimento,"0,09"
RBRR11,"0,60000000",2021-01-12,2021-01-19,Rendimento,"0,63"
RBRY11,"0,96500000",2021-01-12,2021-01-19,Rendimento,"0,91"
CPTS11,"0,10000000",2021-01-13,2021-01-20,Rendimento,"0,10"
MCCI11,"0,60000000",2021-01-13,2021-01-20,Rendimento,"0,58"
VGIP11,"1,54000000",2021-01-13,2021-01-20,Rendimento,"1,38"
VGIR11,"0,05012544",2021-01-13,2021-01-20,Rendimento,"0,06"
ALZR11,"0,03906659",2021-01-15,2021-01-22,Rendimento,"0,03"
BPML11,"0,20000000",2021-01-15,2021-01-22,Rendimento,"0,20"
BTLG11,"0,60000000",2021-01-15,2021-01-22,Rendimento,"0,54"
JSRE11,"0,56000000",2020-12-30,2021-01-22,Rendimento,"0,56"
RZAK11,"0,00889349",2021-01-15,2021-01-22,Rendimento,"0,01"
RZAT11,"0,87761831",2021-01-15,2021-01-22,Rendimento,"0,07"
XPML11,"0,67830424",2021-01-15,2021-01-22,Rendimento,"0,59"
BCIA11,"0,72000000",2020-12-30,2021-01-29,Rendimento,"0,62"
ARRI11,"0,11936459",2021-01-29,2021-02-05,Rendimento,"0,13"
BRCO11,"0,55000000",2021-01-29,2021-02-05,Rendimento,"0,48"
HSAF11,"0,80000000",2021-01-29,2021-02-05,Rendimento,"0,84"
HSML11,"0,50000000",2021-01-29,2021-02-05,Rendimento,"0,51"
LVBI11,"0,52008192",2021-01-29,2021-02-05,Rendimento,"0,44"
PORD11,"0,08100000",2021-01-29,2021-02-05,Rendimento,"0,08"
PVBI11,"0,49103567",2021-01-29,2021-02-05,Rendimento,"0,51"
RZTR11,"0,80000000",2021-01-29,2021-02-05,Rendimento,"0,74"
AIEC11,"0,56000000",2021-01-29,2021-02-08,Rendimento,"0,59"
CACR11,"0,96000000",2021-01-29,2021-02-08,Rendimento,"0,83"
PATL11,"0,55000000",2021-01-29,2021-02-08,Rendimento,"0,59"
TGAR11,"1,20000000",2021-01-29,2021-02-08,Rendimento,"0,83"
GGRC11,"0,09700000",2021-02-02,2021-02-09,Rendimento,"0,07"
KNCR11,"0,28000000",2021-01-29,2021-02-11,Rendimento,"0,32"
KNHY11,"1,42000000",2021-01-29,2021-02-11,Rendimento,"1,26"
KNIP11,"1,27000000",2021-01-29,2021-02-11,Rendimento,"1,12"
KNSC11,"0,12800000",2021-01-29,2021-02-11,Rendimento,"0,12"
VCJR11,"0,87000000",2021-01-29,2021-02-11,Rendimento,"0,82"
BCRI11,"0,90000000",2021-01-29,2021-02-12,Rendimento,"0,76"
BRCR11,"0,49025741",2021-02-05,2021-02-12,Rendimento,"0,55"
BTCI11,"0,08333333",2021-02-05,2021-02-12,Rendimento,"0,09"
DEVA11,"1,95000000",2021-02-05,2021-02-12,Rendimento,"1,35"
FATN11,"0,62000000",2021-02-04,2021-02-12,Rendimento,"0,60"
GARE11,"0,08100000",2021-01-29,2021-02-12,Rendimento,"0,07"
GTWR11,"0,68767600",2021-01-29,2021-02-12,Rendimento,"0,63"
HABT11,"1,25000000",2021-01-29,2021-02-12,Rendimento,"1,00"
HCTR11,"2,22000000",2021-02-05,2021-02-12,Rendimento,"1,43"
HFOF11,"0,05500000",2021-01-29,2021-02-12,Rendimento,"0,05"
HGBS11,"0,08000000",2021-01-29,2021-02-12,Rendimento,"0,04"
HGCR11,"0,62000000",2021-01-29,2021-02-12,Rendimento,"0,60"
HGLG11,"0,78000000",2021-01-29,2021-02-12,Rendimento,"0,43"
HGRE11,"0,67000000",2021-01-29,2021-02-12,Rendimento,"0,45"
HGRU11,"0,68000000",2021-01-29,2021-02-12,Rendimento,"0,53"
HSLG11,"0,58000000",2021-01-29,2021-02-12,Rendimento,"0,51"
KFOF11,"0,50000000",2021-01-29,2021-02-12,Rendimento,"0,49"
KISU11,"0,07200000",2021-02-05,2021-02-12,Rendimento,"0,07"
KNRI11,"0,69000000",2021-01-29,2021-02-12,Rendimento,"0,43"
MFII11,"1,01000000",2021-01-29,2021-02-12,Rendimento,"0,76"
MXRF11,"0,08000000",2021-01-29,2021-02-12,Rendimento,"0,75"
OUJP11,"0,70000000",2021-01-29,2021-02-12,Rendimento,"0,65"
PMLL11,"0,62000000",2021-01-29,2021-02-12,Rendimento,"0,59"
RBFF11,"0,50000000",2021-01-29,2021-02-12,Rendimento,"0,67"
RBRL11,"0,60000000",2021-02-05,2021-02-12,Rendimento,"0,55"
RBRP11,"0,52000000",2021-02-05,2021-02-12,Rendimento,"0,53"
RBRR11,"0,60000000",2021-02-05,2021-02-12,Rendimento,"0,62"
RBRY11,"0,75000000",2021-02-05,2021-02-12,Rendimento,"0,70"
RBVA11,"0,09500000",2021-01-29,2021-02-12,Rendimento,"0,08"
RCRB11,"0,80000000",2021-02-04,2021-02-12,Rendimento,"0,49"
RECR11,"1,42000000",2021-02-05,2021-02-12,Rendimento,"1,27"
SARE11,"0,05500000",2021-01-29,2021-02-12,Rendimento,"0,06"
TEPP11,"0,50000000",2021-01-29,2021-02-12,Rendimento,"0,55"
TRBL11,"0,60000000",2021-01-29,2021-02-12,Rendimento,"0,58"
TRXF11,"0,70000000",2021-01-29,2021-02-12,Rendimento,"0,66"
TVRI11,"1,08232990",2021-01-29,2021-02-12,Rendimento,"0,94"
URPR11,"2,25000000",2021-01-29,2021-02-12,Rendimento,"1,73"
VILG11,"0,60000000",2021-01-29,2021-02-12,Rendimento,"0,50"
VINO11,"0,09000000",2021-01-29,2021-02-12,Rendimento,"0,14"
VISC11,"0,60000000",2021-01-29,2021-02-12,Rendimento,"0,51"
VRTA11,"0,90000000",2021-01-29,2021-02-12,Rendimento,"0,78"
XPCI11,"0,80000000",2021-01-29,2021-02-12,Rendimento,"0,83"
XPLG11,"0,58000000",2021-01-29,2021-02-12,Rendimento,"0,48"
XPSF11,"0,07300000",2021-01-29,2021-02-12,Rendimento,"0,08"
CVBI11,"1,24000000",2021-02-08,2021-02-17,Rendimento,"1,14"
RVBI11,"0,69000000",2021-02-08,2021-02-17,Rendimento,"0,72"
IRDM11,"1,33765508",2021-02-09,2021-02-18,Rendimento,"0,91"
RBRF11,"0,06000000",2021-02-09,2021-02-18,Rendimento,"0,06"
CPTS11,"0,10500000",2021-02-10,2021-02-19,Rendimento,"0,10"
MCCI11,"0,70000000",2021-02-10,2021-02-19,Rendimento,"0,68"
VGIP11,"1,16000000",2021-02-10,2021-02-19,Rendimento,"1,02"
VGIR11,"0,04500000",2021-02-10,2021-02-19,Rendimento,"0,05"
JSRE11,"0,53000000",2021-01-29,2021-02-23,Rendimento,"0,53"
RZAT11,"5,36823313",2021-02-12,2021-02-23,Rendimento,"3,62"
RZAT11,"1,00207326",2021-02-12,2021-02-23,Rendimento,"0,68"
ALZR11,"0,04933041",2021-02-18,2021-02-25,Rendimento,"0,04"
BPML11,"0,60555674",2021-02-18,2021-02-25,Rendimento,"0,61"
BTLG11,"0,60000000",2021-02-12,2021-02-25,Rendimento,"0,51"
XPML11,"0,35000000",2021-02-18,2021-02-25,Rendimento,"0,31"
BCIA11,"0,64000000",2021-01-29,2021-02-26,Rendimento,"0,57"
ARRI11,"0,11032353",2021-02-26,2021-03-05,Rendimento,"0,11"
BRCO11,"0,54000000",2021-02-26,2021-03-05,Rendimento,"0,48"
HSAF11,"1,00000000",2021-02-26,2021-03-05,Rendimento,"1,03"
HSML11,"0,40000000",2021-02-26,2021-03-05,Rendimento,"0,43"
LVBI11,"0,47000000",2021-02-26,2021-03-05,Rendimento,"0,40"
PORD11,"0,08400000",2021-02-26,2021-03-05,Rendimento,"0,08"
PVBI11,"0,50000000",2021-02-26,2021-03-05,Rendimento,"0,51"
RZTR11,"0,85000000",2021-02-26,2021-03-05,Rendimento,"0,81"
AIEC11,"0,57000000",2021-02-26,2021-03-08,Rendimento,"0,61"
CACR11,"1,03000000",2021-03-01,2021-03-08,Rendimento,"0,91"
GGRC11,"0,06000000",2021-03-01,2021-03-08,Rendimento,"0,04"
PATL11,"0,56000000",2021-02-26,2021-03-08,Rendimento,"0,60"
TGAR11,"1,15000000",2021-02-26,2021-03-08,Rendimento,"0,80"
KNCR11,"0,25000000",2021-02-26,2021-03-11,Rendimento,"0,28"
KNHY11,"1,29000000",2021-02-26,2021-03-11,Rendimento,"1,10"
KNIP11,"1,20000000",2021-02-26,2021-03-11,Rendimento,"1,03"
KNSC11,"0,10800000",2021-02-26,2021-03-11,Rendimento,"0,10"
VCJR11,"0,59000000",2021-02-26,2021-03-11,Rendimento,"0,56"
BCRI11,"1,01000000",2021-02-26,2021-03-12,Rendimento,"0,89"
BLMG11,"0,72500000",2021-03-05,2021-03-12,Rendimento,"0,66"
BRCR11,"0,48000000",2021-03-05,2021-03-12,Rendimento,"0,56"
BTCI11,"0,08666667",2021-03-05,2021-03-12,Rendimento,"0,09"
DEVA11,"1,28000000",2021-03-05,2021-03-12,Rendimento,"1,07"
FATN11,"0,66000000",2021-03-04,2021-03-12,Rendimento,"0,00"
GARE11,"0,08440000",2021-02-26,2021-03-12,Rendimento,"0,07"
GTWR11,"0,67000000",2021-02-26,2021-03-12,Rendimento,"0,63"
HABT11,"1,25000000",2021-02-26,2021-03-12,Rendimento,"1,01"
HCTR11,"2,00000000",2021-03-05,2021-03-12,Rendimento,"1,34"
HFOF11,"0,05500000",2021-02-26,2021-03-12,Rendimento,"0,05"
HGBS11,"0,08000000",2021-02-26,2021-03-12,Rendimento,"0,04"
HGCR11,"0,62000000",2021-02-26,2021-03-12,Rendimento,"0,60"
HGLG11,"0,78000000",2021-02-26,2021-03-12,Rendimento,"0,44"
HGRE11,"0,67000000",2021-02-26,2021-03-12,Rendimento,"0,45"
HGRU11,"0,68000000",2021-02-26,2021-03-12,Rendimento,"0,53"
HSLG11,"0,58000000",2021-02-26,2021-03-12,Rendimento,"0,51"
KFOF11,"0,55000000",2021-02-26,2021-03-12,Rendimento,"0,54"
KISU11,"0,06500000",2021-02-26,2021-03-12,Rendimento,"0,06"
KNRI11,"0,69000000",2021-02-26,2021-03-12,Rendimento,"0,44"
MFII11,"1,01000000",2021-02-26,2021-03-12,Rendimento,"0,77"
MXRF11,"0,08000000",2021-02-26,2021-03-12,Rendimento,"0,74"
OUJP11,"0,75000000",2021-02-26,2021-03-12,Rendimento,"0,74"
PMLL11,"0,60000000",2021-02-26,2021-03-12,Rendimento,"0,60"
RBRL11,"0,62000000",2021-03-05,2021-03-12,Rendimento,"0,57"
RBRP11,"0,52000000",2021-03-05,2021-03-12,Rendimento,"0,57"
RECR11,"1,00000000",2021-03-05,2021-03-12,Rendimento,"0,87"
SARE11,"0,06350000",2021-02-26,2021-03-12,Rendimento,"0,06"
TEPP11,"0,45000000",2021-02-26,2021-03-12,Rendimento,"0,51"
TRXF11,"0,70000000",2021-02-26,2021-03-12,Rendimento,"0,63"
TVRI11,"1,08232990",2021-02-26,2021-03-12,Rendimento,"0,96"
URPR11,"2,09000000",2021-02-26,2021-03-12,Rendimento,"1,63"
VILG11,"0,60000000",2021-02-26,2021-03-12,Rendimento,"0,49"
VINO11,"0,09000000",2021-02-26,2021-03-12,Rendimento,"0,15"
VISC11,"0,55000000",2021-02-26,2021-03-12,Rendimento,"0,48"
XPCI11,"0,85000000",2021-02-26,2021-03-12,Rendimento,"0,89"
XPLG11,"0,58000000",2021-02-26,2021-03-12,Rendimento,"0,48"
XPSF11,"0,07700000",2021-02-26,2021-03-12,Rendimento,"0,08"
RBFF11,"0,36000000",2021-02-26,2021-03-15,Rendimento,"0,50"
RBVA11,"0,08500000",2021-02-26,2021-03-15,Rendimento,"0,08"
RCRB11,"0,80000000",2021-03-05,2021-03-15,Rendimento,"0,50"
TRBL11,"0,60000000",2021-02-26,2021-03-15,Rendimento,"0,58"
VRTA11,"0,91000000",2021-02-26,2021-03-15,Rendimento,"0,79"
CVBI11,"1,24000000",2021-03-08,2021-03-16,Rendimento,"1,13"
IRDM11,"1,23003867",2021-03-09,2021-03-16,Rendimento,"0,87"
RBRF11,"0,06000000",2021-03-09,2021-03-16,Rendimento,"0,06"
RBRR11,"0,62000000",2021-03-09,2021-03-16,Rendimento,"0,64"
RBRY11,"0,75000000",2021-03-09,2021-03-16,Rendimento,"0,71"
RVBI11,"0,72000000",2021-03-08,2021-03-16,Rendimento,"0,78"
CPTS11,"0,10500000",2021-03-10,2021-03-17,Rendimento,"0,11"
MCCI11,"0,70000000",2021-03-10,2021-03-17,Rendimento,"0,67"
VGIP11,"1,15000000",2021-03-10,2021-03-17,Rendimento,"0,99"
VGIR11,"0,04500000",2021-03-10,2021-03-17,Rendimento,"0,05"
JSRE11,"0,53000000",2021-02-26,2021-03-19,Rendimento,"0,54"
RZAK11,"0,50000000",2021-03-12,2021-03-19,Rendimento,"0,51"
RZAT11,"0,98184469",2021-03-12,2021-03-19,Rendimento,"0,70"
BTLG11,"0,60000000",2021-03-15,2021-03-22,Rendimento,"0,53"
BTAL11,"0,16079275",2021-03-17,2021-03-24,Rendimento,"0,16"
ALZR11,"0,05929979",2021-03-18,2021-03-25,Rendimento,"0,05"
XPML11,"0,25000000",2021-03-18,2021-03-25,Rendimento,"0,24"
BCIA11,"0,64000000",2021-02-26,2021-03-26,Rendimento,"0,60"
ARRI11,"0,11461351",2021-03-31,2021-04-08,Rendimento,"0,12"
BRCO11,"0,54000000",2021-03-31,2021-04-08,Rendimento,"0,48"
HSAF11,"1,10000000",2021-03-31,2021-04-08,Rendimento,"1,12"
HSLG11,"0,58000000",2021-03-31,2021-04-08,Rendimento,"0,52"
HSML11,"0,16000000",2021-03-31,2021-04-08,Rendimento,"0,18"
LVBI11,"0,52000000",2021-03-31,2021-04-08,Rendimento,"0,46"
PORD11,"0,08600000",2021-03-31,2021-04-08,Rendimento,"0,08"
PVBI11,"0,50000000",2021-03-31,2021-04-08,Rendimento,"0,52"
RZTR11,"0,80000000",2021-03-31,2021-04-08,Rendimento,"0,78"
VGHF11,"0,07000000",2021-03-31,2021-04-08,Rendimento,"0,70"
AIEC11,"0,57000000",2021-03-31,2021-04-09,Rendimento,"0,64"
CACR11,"1,07000000",2021-03-31,2021-04-09,Rendimento,"0,91"
GGRC11,"0,06800000",2021-04-01,2021-04-09,Rendimento,"0,05"
PATL11,"0,57000000",2021-03-31,2021-04-09,Rendimento,"0,62"
TGAR11,"1,30000000",2021-03-31,2021-04-09,Rendimento,"0,95"
HABT11,"1,50000000",2021-03-31,2021-04-12,Rendimento,"1,25"
KNCR11,"0,33000000",2021-03-31,2021-04-14,Rendimento,"0,35"
KNHY11,"1,12000000",2021-03-31,2021-04-14,Rendimento,"0,98"
KNIP11,"1,02000000",2021-03-31,2021-04-14,Rendimento,"0,88"
KNSC11,"0,09100000",2021-03-31,2021-04-14,Rendimento,"0,08"
VCJR11,"0,60000000",2021-03-31,2021-04-14,Rendimento,"0,57"
BCRI11,"1,15000000",2021-03-31,2021-04-15,Rendimento,"1,01"
BLMG11,"0,72500000",2021-04-08,2021-04-15,Rendimento,"0,69"
BRCR11,"0,46000000",2021-04-08,2021-04-15,Rendimento,"0,54"
BTCI11,"0,11333333",2021-04-08,2021-04-15,Rendimento,"0,12"
DEVA11,"1,54000000",2021-04-08,2021-04-15,Rendimento,"1,32"
FATN11,"0,66000000",2021-04-07,2021-04-15,Rendimento,"0,67"
GARE11,"0,08400000",2021-03-31,2021-04-15,Rendimento,"0,07"
GTWR11,"0,67000000",2021-03-31,2021-04-15,Rendimento,"0,63"
HCTR11,"2,00000000",2021-04-08,2021-04-15,Rendimento,"1,33"
HFOF11,"0,05600000",2021-03-31,2021-04-15,Rendimento,"0,06"
HGBS11,"0,04000000",2021-03-31,2021-04-15,Rendimento,"0,02"
HGCR11,"0,68000000",2021-03-31,2021-04-15,Rendimento,"0,63"
HGLG11,"0,78000000",2021-03-31,2021-04-15,Rendimento,"0,44"
HGRE11,"0,67000000",2021-03-31,2021-04-15,Rendimento,"0,49"
HGRU11,"0,68000000",2021-03-31,2021-04-15,Rendimento,"0,55"
KFOF11,"0,55000000",2021-03-31,2021-04-15,Rendimento,"0,58"
KISU11,"0,08100000",2021-03-31,2021-04-15,Rendimento,"0,07"
KNRI11,"0,69000000",2021-03-31,2021-04-15,Rendimento,"0,45"
MFII11,"0,97000000",2021-03-31,2021-04-15,Rendimento,"0,81"
MXRF11,"0,08000000",2021-03-31,2021-04-15,Rendimento,"0,77"
OUJP11,"0,65002748",2021-03-31,2021-04-15,Rendimento,"0,61"
PMLL11,"0,45000000",2021-03-31,2021-04-15,Rendimento,"0,47"
RBFF11,"0,50000000",2021-03-31,2021-04-15,Rendimento,"0,74"
RBRL11,"0,63000000",2021-04-08,2021-04-15,Rendimento,"0,59"
RBRP11,"0,50000000",2021-04-08,2021-04-15,Rendimento,"0,54"
RBVA11,"0,08500000",2021-03-31,2021-04-15,Rendimento,"0,08"
RCRB11,"0,80000000",2021-04-07,2021-04-15,Rendimento,"0,52"
RECR11,"1,00000000",2021-04-08,2021-04-15,Rendimento,"0,92"
SARE11,"0,06500000",2021-03-31,2021-04-15,Rendimento,"0,07"
TEPP11,"0,45000000",2021-03-31,2021-04-15,Rendimento,"0,52"
TRBL11,"0,60000000",2021-03-31,2021-04-15,Rendimento,"0,60"
TRXF11,"0,70000000",2021-03-31,2021-04-15,Rendimento,"0,65"
TVRI11,"1,08232990",2021-03-31,2021-04-15,Rendimento,"0,93"
URPR11,"2,87000000",2021-03-31,2021-04-15,Rendimento,"2,16"
VILG11,"0,45000000",2021-03-31,2021-04-15,Rendimento,"0,38"
VINO11,"0,09000000",2021-03-31,2021-04-15,Rendimento,"0,15"
VISC11,"0,18000000",2021-03-31,2021-04-15,Rendimento,"0,16"
VRTA11,"0,90000000",2021-03-31,2021-04-15,Rendimento,"0,78"
XPCI11,"0,90000000",2021-03-31,2021-04-15,Rendimento,"0,94"
XPLG11,"0,59000000",2021-03-31,2021-04-15,Rendimento,"0,51"
XPSF11,"0,07300000",2021-03-31,2021-04-15,Rendimento,"0,08"
CVBI11,"0,85000000",2021-04-09,2021-04-16,Rendimento,"0,80"
RVBI11,"0,72000000",2021-04-09,2021-04-16,Rendimento,"0,78"
IRDM11,"1,28402412",2021-04-12,2021-04-19,Rendimento,"0,92"
RBRF11,"0,06000000",2021-04-12,2021-04-19,Rendimento,"0,06"
RBRR11,"0,70000000",2021-04-12,2021-04-19,Rendimento,"0,70"
RBRY11,"0,70000000",2021-04-12,2021-04-19,Rendimento,"0,66"
CPTS11,"0,10100000",2021-04-13,2021-04-20,Rendimento,"0,10"
MCCI11,"0,70000000",2021-04-13,2021-04-20,Rendimento,"0,68"
VGIP11,"0,85000000",2021-04-13,2021-04-20,Rendimento,"0,81"
VGIR11,"0,05000000",2021-04-13,2021-04-20,Rendimento,"0,05"
ALZR11,"0,06086033",2021-04-15,2021-04-23,Rendimento,"0,05"
BTLG11,"0,63000000",2021-04-15,2021-04-23,Rendimento,"0,56"
JSRE11,"0,53000000",2021-03-31,2021-04-23,Rendimento,"0,56"
RZAT11,"2,31000000",2021-04-15,2021-04-23,Rendimento,"2,08"
XPML11,"0,15000000",2021-04-15,2021-04-23,Rendimento,"0,14"
BTAL11,"0,35359471",2021-04-20,2021-04-28,Rendimento,"0,34"
BCIA11,"0,64000000",2021-03-31,2021-04-30,Rendimento,"0,61"
ARRI11,"0,10453657",2021-04-30,2021-05-07,Rendimento,"0,09"
BRCO11,"0,54000000",2021-04-30,2021-05-07,Rendimento,"0,49"
HSAF11,"1,10000000",2021-04-30,2021-05-07,Rendimento,"1,09"
HSLG11,"0,58000000",2021-04-30,2021-05-07,Rendimento,"0,53"
HSML11,"0,22000000",2021-04-30,2021-05-07,Rendimento,"0,24"
LVBI11,"0,56000000",2021-04-30,2021-05-07,Rendimento,"0,50"
PORD11,"0,09000000",2021-04-30,2021-05-07,Rendimento,"0,09"
PVBI11,"0,50000000",2021-04-30,2021-05-07,Rendimento,"0,52"
RZTR11,"0,70000000",2021-04-30,2021-05-07,Rendimento,"0,65"
VGHF11,"0,08000000",2021-04-30,2021-05-07,Rendimento,"0,80"
AIEC11,"0,57000000",2021-04-30,2021-05-10,Rendimento,"0,63"
CACR11,"1,07000000",2021-04-30,2021-05-10,Rendimento,"0,93"
GGRC11,"0,06400000",2021-05-03,2021-05-10,Rendimento,"0,05"
PATL11,"0,57000000",2021-04-30,2021-05-10,Rendimento,"0,61"
TGAR11,"1,26000000",2021-04-30,2021-05-10,Rendimento,"0,90"
HABT11,"1,80000000",2021-04-30,2021-05-12,Rendimento,"1,48"
KNCR11,"0,30000000",2021-04-30,2021-05-13,Rendimento,"0,32"
KNHY11,"1,20000000",2021-04-30,2021-05-13,Rendimento,"1,05"
KNIP11,"1,00000000",2021-04-30,2021-05-13,Rendimento,"0,88"
KNSC11,"0,09300000",2021-04-30,2021-05-13,Rendimento,"0,09"
VCJR11,"0,75000000",2021-04-30,2021-05-13,Rendimento,"0,73"
BCRI11,"1,51000000",2021-04-30,2021-05-14,Rendimento,"1,27"
BLMG11,"0,72500000",2021-05-07,2021-05-14,Rendimento,"0,70"
BRCR11,"0,46000000",2021-05-07,2021-05-14,Rendimento,"0,54"
BTCI11,"0,10888889",2021-05-07,2021-05-14,Rendimento,"0,12"
DEVA11,"1,37000000",2021-05-07,2021-05-14,Rendimento,"1,25"
FATN11,"0,67000000",2021-05-06,2021-05-14,Rendimento,"0,65"
GARE11,"0,08400000",2021-04-30,2021-05-14,Rendimento,"0,08"
GTWR11,"0,67000000",2021-04-30,2021-05-14,Rendimento,"0,62"
HCTR11,"2,00000000",2021-05-07,2021-05-14,Rendimento,"1,41"
HFOF11,"0,06000000",2021-04-30,2021-05-14,Rendimento,"0,06"
HGBS11,"0,04000000",2021-04-30,2021-05-14,Rendimento,"0,02"
HGCR11,"0,72000000",2021-04-30,2021-05-14,Rendimento,"0,66"
HGLG11,"0,78000000",2021-04-30,2021-05-14,Rendimento,"0,45"
HGRE11,"0,67000000",2021-04-30,2021-05-14,Rendimento,"0,49"
HGRU11,"0,68000000",2021-04-30,2021-05-14,Rendimento,"0,56"
KFOF11,"0,55000000",2021-04-30,2021-05-14,Rendimento,"0,58"
KISU11,"0,08100000",2021-04-30,2021-05-14,Rendimento,"0,05"
KNRI11,"0,69000000",2021-04-30,2021-05-14,Rendimento,"0,46"
MFII11,"0,91000000",2021-04-30,2021-05-14,Rendimento,"0,75"
MXRF11,"0,08000000",2021-04-30,2021-05-14,Rendimento,"0,75"
OUJP11,"0,65059341",2021-04-30,2021-05-14,Rendimento,"0,62"
PMLL11,"0,40000000",2021-04-30,2021-05-14,Rendimento,"0,40"
RBFF11,"0,50000000",2021-04-30,2021-05-14,Rendimento,"0,74"
RBRL11,"0,64000000",2021-05-07,2021-05-14,Rendimento,"0,59"
RBRP11,"0,30000000",2021-05-07,2021-05-14,Rendimento,"0,33"
RBVA11,"0,08500000",2021-04-30,2021-05-14,Rendimento,"0,08"
RCRB11,"0,80000000",2021-05-06,2021-05-14,Rendimento,"0,51"
RECR11,"1,10000000",2021-05-07,2021-05-14,Rendimento,"1,00"
SARE11,"0,06400000",2021-04-30,2021-05-14,Rendimento,"0,06"
TEPP11,"0,45000000",2021-04-30,2021-05-14,Rendimento,"0,54"
TRBL11,"0,60000000",2021-04-30,2021-05-14,Rendimento,"0,61"
TRXF11,"0,70000000",2021-04-30,2021-05-14,Rendimento,"0,65"
TVRI11,"1,08232990",2021-04-30,2021-05-14,Rendimento,"0,93"
URPR11,"1,18500000",2021-04-30,2021-05-14,Rendimento,"0,91"
VILG11,"0,50000000",2021-04-30,2021-05-14,Rendimento,"0,42"
VINO11,"0,09000000",2021-04-30,2021-05-14,Rendimento,"0,15"
VISC11,"0,25000000",2021-04-30,2021-05-14,Rendimento,"0,22"
VRTA11,"0,90000000",2021-04-30,2021-05-14,Rendimento,"0,78"
XPCI11,"0,90000000",2021-04-30,2021-05-14,Rendimento,"0,90"
XPLG11,"0,60000000",2021-04-30,2021-05-14,Rendimento,"0,52"
XPSF11,"0,08000000",2021-04-30,2021-05-14,Rendimento,"0,08"
CVBI11,"1,00000000",2021-05-10,2021-05-17,Rendimento,"0,94"
RVBI11,"0,72000000",2021-05-10,2021-05-17,Rendimento,"0,77"
IRDM11,"1,15899286",2021-05-11,2021-05-18,Rendimento,"0,82"
RBRF11,"0,06000000",2021-05-11,2021-05-18,Rendimento,"0,07"
RBRR11,"0,72500000",2021-05-11,2021-05-18,Rendimento,"0,70"
RBRY11,"0,70000000",2021-05-11,2021-05-18,Rendimento,"0,67"
CPTS11,"0,10500000",2021-05-12,2021-05-19,Rendimento,"0,10"
MCCI11,"0,70000000",2021-05-12,2021-05-19,Rendimento,"0,69"
VGIP11,"0,93000000",2021-05-12,2021-05-19,Rendimento,"0,87"
VGIR11,"0,05000000",2021-05-12,2021-05-19,Rendimento,"0,05"
AFHI11,"0,50000000",2021-05-14,2021-05-21,Rendimento,"0,54"
JSRE11,"0,53000000",2021-04-30,2021-05-21,Rendimento,"0,56"
RZAK11,"1,00000000",2021-05-14,2021-05-21,Rendimento,"1,06"
RZAT11,"1,00000000",2021-05-14,2021-05-21,Rendimento,"0,83"
ALZR11,"0,06753071",2021-05-18,2021-05-25,Rendimento,"0,05"
BTLG11,"0,70000000",2021-05-14,2021-05-25,Rendimento,"0,62"
XPML11,"0,30000000",2021-05-18,2021-05-25,Rendimento,"0,29"
BTAL11,"0,47577647",2021-05-19,2021-05-26,Rendimento,"0,46"
BCIA11,"0,64000000",2021-04-30,2021-05-28,Rendimento,"0,63"
ARRI11,"0,11158690",2021-05-31,2021-06-08,Rendimento,"0,11"
BRCO11,"0,54000000",2021-05-31,2021-06-08,Rendimento,"0,49"
HSAF11,"1,10000000",2021-05-31,2021-06-08,Rendimento,"1,08"
HSLG11,"0,58000000",2021-05-31,2021-06-08,Rendimento,"0,55"
HSML11,"0,35000000",2021-05-31,2021-06-08,Rendimento,"0,38"
LVBI11,"0,56000000",2021-05-31,2021-06-08,Rendimento,"0,53"
PORD11,"0,10000000",2021-05-31,2021-06-08,Rendimento,"0,10"
PVBI11,"0,54000000",2021-05-31,2021-06-08,Rendimento,"0,57"
RZTR11,"0,50000000",2021-05-31,2021-06-08,Rendimento,"0,49"
VGHF11,"0,10000000",2021-05-31,2021-06-08,Rendimento,"1,03"
AIEC11,"0,57000000",2021-05-31,2021-06-09,Rendimento,"0,65"
CACR11,"1,08000000",2021-05-31,2021-06-09,Rendimento,"0,96"
GGRC11,"0,07000000",2021-06-01,2021-06-09,Rendimento,"0,06"
PATL11,"0,57000000",2021-05-31,2021-06-09,Rendimento,"0,63"
TGAR11,"1,16000000",2021-05-31,2021-06-09,Rendimento,"0,84"
HABT11,"1,80000000",2021-05-31,2021-06-11,Rendimento,"1,42"
KNCR11,"0,35000000",2021-05-31,2021-06-14,Rendimento,"0,38"
KNHY11,"1,09000000",2021-05-31,2021-06-14,Rendimento,"0,97"
KNIP11,"1,13000000",2021-05-31,2021-06-14,Rendimento,"1,03"
KNSC11,"0,10000000",2021-05-31,2021-06-14,Rendimento,"0,10"
VCJR11,"0,79000000",2021-05-31,2021-06-14,Rendimento,"0,77"
BCRI11,"1,59000000",2021-05-31,2021-06-15,Rendimento,"1,37"
BLMG11,"1,10000000",2021-06-08,2021-06-15,Rendimento,"1,08"
BRCR11,"0,46000000",2021-06-08,2021-06-15,Rendimento,"0,55"
BTCI11,"0,08000000",2021-06-08,2021-06-15,Rendimento,"0,08"
DEVA11,"1,10000000",2021-06-08,2021-06-15,Rendimento,"1,01"
FATN11,"0,67000000",2021-06-07,2021-06-15,Rendimento,"0,65"
GARE11,"0,08400000",2021-05-31,2021-06-15,Rendimento,"0,08"
GTWR11,"0,67000000",2021-05-31,2021-06-15,Rendimento,"0,63"
HCTR11,"1,90000000",2021-06-08,2021-06-15,Rendimento,"1,37"
HFOF11,"0,06000000",2021-05-31,2021-06-15,Rendimento,"0,06"
HGBS11,"0,03500000",2021-05-31,2021-06-15,Rendimento,"0,02"
HGCR11,"0,75000000",2021-05-31,2021-06-15,Rendimento,"0,70"
HGLG11,"1,00000000",2021-05-31,2021-06-15,Rendimento,"0,59"
HGRE11,"0,69000000",2021-05-31,2021-06-15,Rendimento,"0,54"
HGRU11,"0,70000000",2021-05-31,2021-06-15,Rendimento,"0,58"
KFOF11,"0,55000000",2021-05-31,2021-06-15,Rendimento,"0,60"
KISU11,"0,06400000",2021-05-31,2021-06-15,Rendimento,"0,05"
KNRI11,"0,69000000",2021-05-31,2021-06-15,Rendimento,"0,48"
MFII11,"0,91000000",2021-05-31,2021-06-15,Rendimento,"0,79"
MXRF11,"0,07000000",2021-05-31,2021-06-15,Rendimento,"0,66"
OUJP11,"0,65000000",2021-05-31,2021-06-15,Rendimento,"0,64"
PMLL11,"0,45000000",2021-05-31,2021-06-15,Rendimento,"0,46"
RBFF11,"0,50000000",2021-05-31,2021-06-15,Rendimento,"0,72"
RBRL11,"0,70000000",2021-06-08,2021-06-15,Rendimento,"0,65"
RBRP11,"0,32000000",2021-06-08,2021-06-15,Rendimento,"0,37"
RBVA11,"0,08500000",2021-05-31,2021-06-15,Rendimento,"0,08"
RCRB11,"0,80000000",2021-06-07,2021-06-15,Rendimento,"0,52"
RECR11,"1,20000000",2021-06-08,2021-06-15,Rendimento,"1,16"
SARE11,"0,06400000",2021-05-31,2021-06-15,Rendimento,"0,06"
TEPP11,"0,45000000",2021-05-31,2021-06-15,Rendimento,"0,58"
TRBL11,"0,60000000",2021-05-31,2021-06-15,Rendimento,"0,63"
TRXF11,"0,70000000",2021-05-31,2021-06-15,Rendimento,"0,66"
TVRI11,"1,08232990",2021-05-31,2021-06-15,Rendimento,"0,94"
URPR11,"2,06000000",2021-05-31,2021-06-15,Rendimento,"1,63"
VILG11,"0,57000000",2021-05-31,2021-06-15,Rendimento,"0,49"
VINO11,"0,09000000",2021-05-31,2021-06-15,Rendimento,"0,15"
VISC11,"0,35000000",2021-05-31,2021-06-15,Rendimento,"0,32"
VRTA11,"1,04000000",2021-05-31,2021-06-15,Rendimento,"0,93"
XPCI11,"1,00000000",2021-05-31,2021-06-15,Rendimento,"1,00"
XPLG11,"0,61000000",2021-05-31,2021-06-15,Rendimento,"0,54"
XPSF11,"0,08700000",2021-05-31,2021-06-15,Rendimento,"0,09"
CVBI11,"1,00000000",2021-06-09,2021-06-16,Rendimento,"0,95"
RVBI11,"0,72000000",2021-06-09,2021-06-16,Rendimento,"0,76"
IRDM11,"1,15367811",2021-06-10,2021-06-17,Rendimento,"0,88"
RBRF11,"0,06000000",2021-06-10,2021-06-17,Rendimento,"0,07"
RBRR11,"0,80000000",2021-06-10,2021-06-17,Rendimento,"0,79"
RBRY11,"0,75000000",2021-06-10,2021-06-17,Rendimento,"0,72"
CPTS11,"0,10000000",2021-06-11,2021-06-18,Rendimento,"0,10"
MCCI11,"0,90000000",2021-06-11,2021-06-18,Rendimento,"0,87"
VGIP11,"1,04000000",2021-06-11,2021-06-18,Rendimento,"1,01"
VGIR11,"0,05000000",2021-06-11,2021-06-18,Rendimento,"0,05"
AFHI11,"0,60000000",2021-06-15,2021-06-22,Rendimento,"0,63"
JSRE11,"0,53000000",2021-05-31,2021-06-22,Rendimento,"0,58"
RZAK11,"0,90000000",2021-06-15,2021-06-22,Rendimento,"0,93"
RZAT11,"0,50000000",2021-06-15,2021-06-22,Rendimento,"0,46"
ALZR11,"0,06723626",2021-06-18,2021-06-25,Rendimento,"0,06"
BTAL11,"0,56339455",2021-06-18,2021-06-25,Rendimento,"0,56"
BTLG11,"0,70000000",2021-06-15,2021-06-25,Rendimento,"0,62"
SNFF11,"0,12000000",2021-06-15,2021-06-25,Rendimento,"0,12"
XPML11,"0,40000000",2021-06-18,2021-06-25,Rendimento,"0,38"
BCIA11,"0,64000000",2021-05-31,2021-06-29,Rendimento,"0,65"
ARRI11,"0,17666957",2021-06-30,2021-07-07,Rendimento,"0,17"
BRCO11,"0,54000000",2021-06-30,2021-07-07,Rendimento,"0,54"
HSAF11,"1,00000000",2021-06-30,2021-07-07,Rendimento,"0,99"
HSLG11,"0,58000000",2021-06-30,2021-07-07,Rendimento,"0,58"
HSML11,"0,40000000",2021-06-30,2021-07-07,Rendimento,"0,45"
LVBI11,"0,58000000",2021-06-30,2021-07-07,Rendimento,"0,55"
PORD11,"0,10400000",2021-06-30,2021-07-07,Rendimento,"0,10"
PVBI11,"0,56000000",2021-06-30,2021-07-07,Rendimento,"0,59"
RZTR11,"0,77000000",2021-06-30,2021-07-07,Rendimento,"0,81"
VGHF11,"0,13000000",2021-06-30,2021-07-07,Rendimento,"1,33"
AIEC11,"0,57000000",2021-06-30,2021-07-08,Rendimento,"0,69"
CACR11,"1,55000000",2021-06-30,2021-07-08,Rendimento,"1,40"
GGRC11,"0,08800000",2021-07-01,2021-07-08,Rendimento,"0,08"
PATL11,"0,57065000",2021-06-30,2021-07-08,Rendimento,"0,68"
TGAR11,"1,11000000",2021-06-30,2021-07-08,Rendimento,"0,84"
HABT11,"2,00000000",2021-06-30,2021-07-12,Rendimento,"1,60"
KNCR11,"0,40000000",2021-06-30,2021-07-13,Rendimento,"0,44"
KNHY11,"1,10000000",2021-06-30,2021-07-13,Rendimento,"0,99"
KNIP11,"1,10000000",2021-06-30,2021-07-13,Rendimento,"1,03"
KNSC11,"0,09500000",2021-06-30,2021-07-13,Rendimento,"0,09"
VCJR11,"0,75000000",2021-06-30,2021-07-13,Rendimento,"0,79"
FATN11,"0,67000000",2021-07-06,2021-07-14,Rendimento,"0,67"
KFOF11,"0,88000000",2021-06-30,2021-07-14,Rendimento,"1,02"
KNRI11,"0,69000000",2021-06-30,2021-07-14,Rendimento,"0,50"
MFII11,"0,92000000",2021-06-30,2021-07-14,Rendimento,"0,86"
OUJP11,"0,83400067",2021-06-30,2021-07-14,Rendimento,"0,84"
SARE11,"0,06200000",2021-06-30,2021-07-14,Rendimento,"0,06"
URPR11,"2,40000000",2021-06-30,2021-07-14,Rendimento,"1,88"
XPCI11,"1,00000000",2021-06-30,2021-07-14,Rendimento,"0,99"
XPLG11,"0,61000000",2021-06-30,2021-07-14,Rendimento,"0,58"
BCRI11,"1,31000000",2021-06-30,2021-07-15,Rendimento,"1,17"
BLMG11,"0,90000000",2021-07-07,2021-07-15,Rendimento,"0,90"
BRCR11,"0,46000000",2021-07-07,2021-07-15,Rendimento,"0,57"
BTCI11,"0,07348903",2021-07-07,2021-07-15,Rendimento,"0,08"
DEVA11,"1,11000000",2021-07-07,2021-07-15,Rendimento,"1,05"
GARE11,"0,08400000",2021-06-30,2021-07-15,Rendimento,"0,08"
GTWR11,"0,67000000",2021-06-30,2021-07-15,Rendimento,"0,66"
HCTR11,"1,70000000",2021-07-07,2021-07-15,Rendimento,"1,24"
HFOF11,"0,06000000",2021-06-30,2021-07-15,Rendimento,"0,06"
HGBS11,"0,05000000",2021-06-30,2021-07-15,Rendimento,"0,02"
HGCR11,"1,45000000",2021-06-30,2021-07-15,Rendimento,"1,39"
HGLG11,"2,20000000",2021-06-30,2021-07-15,Rendimento,"1,30"
HGRE11,"1,38000000",2021-06-30,2021-07-15,Rendimento,"1,04"
HGRU11,"0,90000000",2021-06-30,2021-07-15,Rendimento,"0,77"
KISU11,"0,07000000",2021-06-30,2021-07-15,Rendimento,"0,06"
MXRF11,"0,07000000",2021-06-30,2021-07-15,Rendimento,"0,69"
PMLL11,"0,50000000",2021-06-30,2021-07-15,Rendimento,"0,52"
RBFF11,"0,47000000",2021-06-30,2021-07-15,Rendimento,"0,72"
RBRL11,"0,76000000",2021-07-07,2021-07-15,Rendimento,"0,73"
RBRP11,"0,35000000",2021-07-07,2021-07-15,Rendimento,"0,44"
RBVA11,"0,12400000",2021-06-30,2021-07-15,Rendimento,"0,11"
RCRB11,"0,75000000",2021-07-06,2021-07-15,Rendimento,"0,51"
RECR11,"1,20200000",2021-07-07,2021-07-15,Rendimento,"1,16"
TEPP11,"0,42000000",2021-06-30,2021-07-15,Rendimento,"0,54"
TRBL11,"0,55000000",2021-06-30,2021-07-15,Rendimento,"0,60"
TRXF11,"0,70000000",2021-06-30,2021-07-15,Rendimento,"0,68"
TVRI11,"1,08232990",2021-06-30,2021-07-15,Rendimento,"0,94"
VILG11,"0,60000000",2021-06-30,2021-07-15,Rendimento,"0,55"
VINO11,"0,09000000",2021-06-30,2021-07-15,Rendimento,"0,15"
VISC11,"0,42000000",2021-06-30,2021-07-15,Rendimento,"0,39"
VRTA11,"1,02000000",2021-06-30,2021-07-15,Rendimento,"0,93"
XPSF11,"0,07500000",2021-06-30,2021-07-15,Rendimento,"0,08"
CVBI11,"1,00000000",2021-07-08,2021-07-16,Rendimento,"0,95"
RVBI11,"0,72000000",2021-07-08,2021-07-16,Rendimento,"0,81"
IRDM11,"0,97155679",2021-07-12,2021-07-19,Rendimento,"0,75"
RBRF11,"0,06000000",2021-07-12,2021-07-19,Rendimento,"0,07"
RBRR11,"0,95902470",2021-07-12,2021-07-19,Rendimento,"0,95"
RBRY11,"1,08161006",2021-07-12,2021-07-19,Rendimento,"1,05"
CPTS11,"0,10000000",2021-07-13,2021-07-20,Rendimento,"0,10"
MCCI11,"1,00000000",2021-07-13,2021-07-20,Rendimento,"0,97"
VGIP11,"0,95000000",2021-07-13,2021-07-20,Rendimento,"0,93"
VGIR11,"0,06500000",2021-07-13,2021-07-20,Rendimento,"0,07"
JSRE11,"0,53000000",2021-06-30,2021-07-21,Rendimento,"0,59"
AFHI11,"0,90000000",2021-07-15,2021-07-22,Rendimento,"0,95"
RZAK11,"1,03875800",2021-07-15,2021-07-22,Rendimento,"1,07"
RZAT11,"0,90409804",2021-07-15,2021-07-22,Rendimento,"0,85"
ALZR11,"0,06237883",2021-07-16,2021-07-23,Rendimento,"0,05"
BPML11,"0,38000000",2021-07-16,2021-07-23,Rendimento,"0,44"
BTLG11,"0,70000000",2021-07-15,2021-07-23,Rendimento,"0,61"
SNFF11,"0,41000000",2021-07-15,2021-07-23,Rendimento,"0,41"
XPML11,"0,52000000",2021-07-16,2021-07-23,Rendimento,"0,49"
BTAL11,"0,66257188",2021-07-20,2021-07-27,Rendimento,"0,66"
BCIA11,"0,64000000",2021-06-30,2021-07-28,Rendimento,"0,68"
ARRI11,"0,08688823",2021-07-30,2021-08-06,Rendimento,"0,08"
BRCO11,"0,57000000",2021-07-30,2021-08-06,Rendimento,"0,53"
HSAF11,"0,85000000",2021-07-30,2021-08-06,Rendimento,"0,85"
HSML11,"0,50000000",2021-07-30,2021-08-06,Rendimento,"0,58"
LVBI11,"0,62201880",2021-07-30,2021-08-06,Rendimento,"0,58"
PORD11,"0,09000000",2021-07-30,2021-08-06,Rendimento,"0,09"
PVBI11,"0,59000000",2021-07-30,2021-08-06,Rendimento,"0,61"
RZTR11,"0,90000000",2021-07-30,2021-08-06,Rendimento,"0,92"
VGHF11,"0,12000000",2021-07-30,2021-08-06,Rendimento,"1,19"
AIEC11,"0,61000000",2021-07-31,2021-08-09,Rendimento,"0,00"
AIEC11,"0,61000000",2021-07-30,2021-08-09,Rendimento,"0,71"
CACR11,"1,10000000",2021-07-30,2021-08-09,Rendimento,"1,02"
GGRC11,"0,08200000",2021-08-02,2021-08-09,Rendimento,"0,07"
PATL11,"0,57000000",2021-07-30,2021-08-09,Rendimento,"0,69"
TGAR11,"1,08000000",2021-07-30,2021-08-09,Rendimento,"0,81"
HABT11,"1,60000000",2021-07-30,2021-08-12,Rendimento,"1,23"
KNCR11,"0,45000000",2021-07-30,2021-08-12,Rendimento,"0,48"
KNHY11,"1,20000000",2021-07-30,2021-08-12,Rendimento,"1,11"
KNIP11,"1,10000000",2021-07-30,2021-08-12,Rendimento,"1,00"
KNSC11,"0,10000000",2021-07-30,2021-08-12,Rendimento,"0,10"
VCJR11,"0,96000000",2021-07-30,2021-08-12,Rendimento,"0,98"
BLMG11,"0,90000000",2021-08-06,2021-08-13,Rendimento,"0,90"
BRCR11,"0,46000000",2021-08-06,2021-08-13,Rendimento,"0,58"
BTCI11,"0,07777778",2021-08-06,2021-08-13,Rendimento,"0,09"
BTLG11,"0,74000000",2021-08-06,2021-08-13,Rendimento,"0,67"
DEVA11,"1,26000000",2021-08-06,2021-08-13,Rendimento,"1,20"
FATN11,"0,67000000",2021-08-05,2021-08-13,Rendimento,"0,67"
GARE11,"0,08400000",2021-07-30,2021-08-13,Rendimento,"0,08"
GTWR11,"0,67000000",2021-07-30,2021-08-13,Rendimento,"0,67"
HCTR11,"1,50000000",2021-08-06,2021-08-13,Rendimento,"1,18"
HFOF11,"0,06000000",2021-07-30,2021-08-13,Rendimento,"0,06"
HGBS11,"0,06500000",2021-07-30,2021-08-13,Rendimento,"0,03"
HGCR11,"0,80000000",2021-07-30,2021-08-13,Rendimento,"0,75"
HGLG11,"1,10000000",2021-07-30,2021-08-13,Rendimento,"0,65"
HGRE11,"0,69000000",2021-07-30,2021-08-13,Rendimento,"0,49"
HGRU11,"0,72000000",2021-07-30,2021-08-13,Rendimento,"0,60"
HSLG11,"0,58000000",2021-07-30,2021-08-13,Rendimento,"0,56"
KFOF11,"0,57000000",2021-07-30,2021-08-13,Rendimento,"0,63"
KISU11,"0,06000000",2021-07-30,2021-08-13,Rendimento,"0,62"
KNRI11,"0,69000000",2021-07-30,2021-08-13,Rendimento,"0,49"
MFII11,"1,20000000",2021-07-30,2021-08-13,Rendimento,"1,02"
MXRF11,"0,07000000",2021-07-30,2021-08-13,Rendimento,"0,68"
OUJP11,"0,65000000",2021-07-30,2021-08-13,Rendimento,"0,66"
PMLL11,"0,53000000",2021-07-30,2021-08-13,Rendimento,"0,54"
RBFF11,"0,47000000",2021-07-30,2021-08-13,Rendimento,"0,73"
RBRL11,"0,67000000",2021-08-06,2021-08-13,Rendimento,"0,63"
RBRP11,"0,42000000",2021-08-06,2021-08-13,Rendimento,"0,53"
RBRR11,"0,80000000",2021-08-06,2021-08-13,Rendimento,"0,80"
RBRY11,"0,75000000",2021-08-06,2021-08-13,Rendimento,"0,73"
RBVA11,"0,08500000",2021-07-30,2021-08-13,Rendimento,"0,07"
RCRB11,"0,75000000",2021-08-05,2021-08-13,Rendimento,"0,50"
RECR11,"1,10000000",2021-08-06,2021-08-13,Rendimento,"1,03"
SARE11,"0,06000000",2021-07-30,2021-08-13,Rendimento,"0,06"
TEPP11,"0,38000000",2021-07-30,2021-08-13,Rendimento,"0,47"
TRBL11,"0,62000000",2021-07-30,2021-08-13,Rendimento,"0,66"
TRXF11,"0,70000000",2021-07-30,2021-08-13,Rendimento,"0,68"
TVRI11,"1,08232990",2021-07-30,2021-08-13,Rendimento,"0,94"
URPR11,"1,48000000",2021-07-30,2021-08-13,Rendimento,"1,18"
VGIR11,"0,06500000",2021-08-06,2021-08-13,Rendimento,"0,07"
VILG11,"0,61000000",2021-07-30,2021-08-13,Rendimento,"0,53"
VINO11,"0,09200000",2021-07-30,2021-08-13,Rendimento,"0,15"
VISC11,"0,50000000",2021-07-30,2021-08-13,Rendimento,"0,45"
VRTA11,"1,07000000",2021-07-30,2021-08-13,Rendimento,"0,95"
XPCI11,"0,93000000",2021-07-30,2021-08-13,Rendimento,"0,91"
XPLG11,"0,62000000",2021-07-30,2021-08-13,Rendimento,"0,56"
XPSF11,"0,07000000",2021-07-30,2021-08-13,Rendimento,"0,07"
BCRI11,"1,02000000",2021-07-30,2021-08-16,Rendimento,"0,88"
CVBI11,"0,85000000",2021-08-09,2021-08-16,Rendimento,"0,82"
RVBI11,"0,75000000",2021-08-09,2021-08-16,Rendimento,"0,84"
IRDM11,"1,15218674",2021-08-10,2021-08-17,Rendimento,"0,99"
RBRF11,"0,06000000",2021-08-10,2021-08-17,Rendimento,"0,08"
CPTS11,"0,10100000",2021-08-11,2021-08-18,Rendimento,"0,10"
MCCI11,"1,00000000",2021-08-11,2021-08-18,Rendimento,"0,98"
VGIP11,"1,20000000",2021-08-11,2021-08-18,Rendimento,"1,18"
AFHI11,"0,90000000",2021-08-13,2021-08-20,Rendimento,"0,94"
JSRE11,"0,53000000",2021-07-30,2021-08-20,Rendimento,"0,59"
RZAK11,"0,80000000",2021-08-13,2021-08-20,Rendimento,"0,84"
RZAT11,"0,81819148",2021-08-13,2021-08-20,Rendimento,"0,82"
ALZR11,"0,07169786",2021-08-18,2021-08-25,Rendimento,"0,06"
BPML11,"0,38088374",2021-08-18,2021-08-25,Rendimento,"0,47"
BTAL11,"0,70000000",2021-08-18,2021-08-25,Rendimento,"0,72"
SNFF11,"0,55000000",2021-08-13,2021-08-25,Rendimento,"0,58"
XPML11,"0,60000000",2021-08-18,2021-08-25,Rendimento,"0,60"
BCIA11,"0,64000000",2021-07-30,2021-08-27,Rendimento,"0,68"
ARRI11,"0,09116437",2021-08-31,2021-09-08,Rendimento,"0,09"
BRCO11,"0,57000000",2021-08-31,2021-09-08,Rendimento,"0,56"
HSAF11,"0,82000000",2021-08-31,2021-09-08,Rendimento,"0,89"
HSML11,"0,50000000",2021-08-31,2021-09-08,Rendimento,"0,62"
LVBI11,"0,63000000",2021-08-31,2021-09-08,Rendimento,"0,62"
PORD11,"0,08300000",2021-08-31,2021-09-08,Rendimento,"0,09"
PVBI11,"0,56000000",2021-08-31,2021-09-08,Rendimento,"0,59"
RZTR11,"0,90000000",2021-08-31,2021-09-08,Rendimento,"0,92"
VGHF11,"0,12000000",2021-08-31,2021-09-08,Rendimento,"1,20"
AIEC11,"0,61000000",2021-08-31,2021-09-09,Rendimento,"0,75"
CACR11,"1,08000000",2021-08-31,2021-09-09,Rendimento,"1,02"
GGRC11,"0,08200000",2021-09-01,2021-09-09,Rendimento,"0,07"
PATL11,"0,57000000",2021-08-31,2021-09-09,Rendimento,"0,77"
TGAR11,"1,10000000",2021-08-31,2021-09-09,Rendimento,"0,86"
HABT11,"1,50000000",2021-08-31,2021-09-10,Rendimento,"1,20"
KNCR11,"0,50000000",2021-08-31,2021-09-14,Rendimento,"0,53"
KNHY11,"1,31000000",2021-08-31,2021-09-14,Rendimento,"1,21"
KNIP11,"1,20000000",2021-08-31,2021-09-14,Rendimento,"1,12"
KNSC11,"0,11500000",2021-08-31,2021-09-14,Rendimento,"0,12"
VCJR11,"1,00000000",2021-08-31,2021-09-14,Rendimento,"1,06"
BCRI11,"1,13000000",2021-08-31,2021-09-15,Rendimento,"1,03"
BLMG11,"0,90000000",2021-09-08,2021-09-15,Rendimento,"0,93"
BRCR11,"0,46000000",2021-09-08,2021-09-15,Rendimento,"0,63"
BTCI11,"0,07777778",2021-09-08,2021-09-15,Rendimento,"0,09"
DEVA11,"1,45000000",2021-09-08,2021-09-15,Rendimento,"1,39"
FATN11,"0,67000000",2021-09-06,2021-09-15,Rendimento,"0,65"
GARE11,"0,08400000",2021-08-31,2021-09-15,Rendimento,"0,08"
GTWR11,"0,67000000",2021-08-31,2021-09-15,Rendimento,"0,71"
HCTR11,"1,50000000",2021-09-08,2021-09-15,Rendimento,"1,23"
HFOF11,"0,06000000",2021-08-31,2021-09-15,Rendimento,"0,07"
HGBS11,"0,07500000",2021-08-31,2021-09-15,Rendimento,"0,04"
HGCR11,"0,80000000",2021-08-31,2021-09-15,Rendimento,"0,77"
HGLG11,"1,10000000",2021-08-31,2021-09-15,Rendimento,"0,67"
HGRE11,"0,69000000",2021-08-31,2021-09-15,Rendimento,"0,52"
HGRU11,"0,72000000",2021-08-31,2021-09-15,Rendimento,"0,62"
HSLG11,"0,58000000",2021-08-31,2021-09-15,Rendimento,"0,61"
KFOF11,"0,58000000",2021-08-31,2021-09-15,Rendimento,"0,69"
KISU11,"0,06000000",2021-08-31,2021-09-15,Rendimento,"0,69"
KNRI11,"0,73000000",2021-08-31,2021-09-15,Rendimento,"0,52"
MFII11,"1,19000000",2021-08-31,2021-09-15,Rendimento,"1,04"
MXRF11,"0,08000000",2021-08-31,2021-09-15,Rendimento,"0,80"
OUJP11,"0,90000000",2021-08-31,2021-09-15,Rendimento,"1,00"
PMLL11,"0,55000000",2021-08-31,2021-09-15,Rendimento,"0,57"
RBFF11,"0,47000000",2021-08-31,2021-09-15,Rendimento,"0,77"
RBRL11,"0,70000000",2021-09-08,2021-09-15,Rendimento,"0,69"
RBRP11,"0,43000000",2021-09-08,2021-09-15,Rendimento,"0,57"
RBVA11,"0,08500000",2021-08-31,2021-09-15,Rendimento,"0,08"
RCRB11,"0,95000000",2021-09-06,2021-09-15,Rendimento,"0,67"
RECR11,"1,10000000",2021-09-08,2021-09-15,Rendimento,"1,04"
SARE11,"0,06000000",2021-08-31,2021-09-15,Rendimento,"0,07"
TEPP11,"0,45000000",2021-08-31,2021-09-15,Rendimento,"0,62"
TRBL11,"0,62000000",2021-08-31,2021-09-15,Rendimento,"0,70"
TRXF11,"0,70000000",2021-08-31,2021-09-15,Rendimento,"0,69"
TVRI11,"0,82000000",2021-08-31,2021-09-15,Rendimento,"0,71"
URPR11,"2,01000000",2021-08-31,2021-09-15,Rendimento,"1,68"
VILG11,"0,63000000",2021-08-31,2021-09-15,Rendimento,"0,59"
VINO11,"0,11600000",2021-08-31,2021-09-15,Rendimento,"0,19"
VISC11,"0,55000000",2021-08-31,2021-09-15,Rendimento,"0,54"
VRTA11,"1,02000000",2021-08-31,2021-09-15,Rendimento,"0,94"
XPCI11,"0,87000000",2021-08-31,2021-09-15,Rendimento,"0,87"
XPLG11,"0,62000000",2021-08-31,2021-09-15,Rendimento,"0,59"
XPSF11,"0,07000000",2021-08-31,2021-09-15,Rendimento,"0,08"
CVBI11,"1,00000000",2021-09-09,2021-09-16,Rendimento,"0,98"
RVBI11,"0,75000000",2021-09-09,2021-09-16,Rendimento,"0,82"
IRDM11,"1,13171123",2021-09-10,2021-09-17,Rendimento,"0,97"
RBRF11,"0,06000000",2021-09-10,2021-09-17,Rendimento,"0,08"
RBRR11,"0,80000000",2021-09-10,2021-09-17,Rendimento,"0,81"
RBRY11,"0,75000000",2021-09-10,2021-09-17,Rendimento,"0,77"
CPTS11,"0,09990000",2021-09-13,2021-09-20,Rendimento,"0,10"
MCCI11,"1,00000000",2021-09-13,2021-09-20,Rendimento,"0,97"
VGIP11,"0,91000000",2021-09-13,2021-09-20,Rendimento,"0,90"
VGIR11,"0,06500000",2021-09-13,2021-09-20,Rendimento,"0,07"
AFHI11,"1,00000000",2021-09-15,2021-09-22,Rendimento,"1,05"
JSRE11,"0,53000000",2021-08-31,2021-09-22,Rendimento,"0,65"
RZAK11,"0,60000000",2021-09-15,2021-09-22,Rendimento,"0,64"
RZAT11,"0,92518454",2021-09-15,2021-09-22,Rendimento,"0,91"
MCRE11,"0,13100000",2021-09-16,2021-09-23,Rendimento,"0,00"
ALZR11,"0,06731747",2021-09-17,2021-09-24,Rendimento,"0,06"
BPML11,"0,38000000",2021-09-17,2021-09-24,Rendimento,"0,44"
BTLG11,"0,72000000",2021-09-15,2021-09-24,Rendimento,"0,68"
SNFF11,"0,70000000",2021-09-15,2021-09-24,Rendimento,"0,74"
XPML11,"0,57000000",2021-09-17,2021-09-24,Rendimento,"0,56"
BTAL11,"0,79000000",2021-09-20,2021-09-27,Rendimento,"0,86"
BCIA11,"0,64000000",2021-08-31,2021-09-29,Rendimento,"0,71"
ARRI11,"0,11100000",2021-09-30,2021-10-07,Rendimento,"0,11"
BRCO11,"0,57000000",2021-09-30,2021-10-07,Rendimento,"0,58"
HSAF11,"1,00000000",2021-09-30,2021-10-07,Rendimento,"1,11"
HSML11,"0,52000000",2021-09-30,2021-10-07,Rendimento,"0,65"
LVBI11,"0,65000000",2021-09-30,2021-10-07,Rendimento,"0,64"
PORD11,"0,09100000",2021-09-30,2021-10-07,Rendimento,"0,10"
PVBI11,"0,56000000",2021-09-30,2021-10-07,Rendimento,"0,65"
RZTR11,"0,95000000",2021-09-30,2021-10-07,Rendimento,"0,95"
VGHF11,"0,13000000",2021-09-30,2021-10-07,Rendimento,"1,28"
AIEC11,"0,61000000",2021-09-30,2021-10-08,Rendimento,"0,76"
CACR11,"1,18000000",2021-09-30,2021-10-08,Rendimento,"1,13"
GGRC11,"0,08000000",2021-10-01,2021-10-08,Rendimento,"0,07"
PATL11,"0,57000000",2021-09-30,2021-10-08,Rendimento,"0,79"
TGAR11,"1,11000000",2021-09-30,2021-10-08,Rendimento,"0,87"
HABT11,"1,50000000",2021-09-30,2021-10-11,Rendimento,"1,32"
KNCR11,"0,55000000",2021-09-30,2021-10-14,Rendimento,"0,57"
KNHY11,"1,07000000",2021-09-30,2021-10-14,Rendimento,"0,99"
KNIP11,"1,20000000",2021-09-30,2021-10-14,Rendimento,"1,15"
KNSC11,"0,12400000",2021-09-30,2021-10-14,Rendimento,"0,12"
VCJR11,"1,22000000",2021-09-30,2021-10-14,Rendimento,"1,28"
BCRI11,"1,11000000",2021-09-30,2021-10-15,Rendimento,"1,01"
BLMG11,"0,90000000",2021-10-07,2021-10-15,Rendimento,"0,92"
BRCR11,"0,46000000",2021-10-07,2021-10-15,Rendimento,"0,64"
BTCI11,"0,08333333",2021-10-07,2021-10-15,Rendimento,"0,10"
CYCR11,"0,10000000",2021-09-30,2021-10-15,Rendimento,"0,00"
DEVA11,"1,33000000",2021-10-07,2021-10-15,Rendimento,"1,29"
FATN11,"0,75000000",2021-10-05,2021-10-15,Rendimento,"0,74"
GARE11,"0,08400000",2021-09-30,2021-10-15,Rendimento,"0,08"
GTWR11,"0,67000000",2021-09-30,2021-10-15,Rendimento,"0,74"
HCTR11,"1,60000000",2021-10-07,2021-10-15,Rendimento,"1,29"
HFOF11,"0,06000000",2021-09-30,2021-10-15,Rendimento,"0,07"
HGBS11,"0,08500000",2021-09-30,2021-10-15,Rendimento,"0,05"
HGCR11,"0,85000000",2021-09-30,2021-10-15,Rendimento,"0,79"
HGLG11,"1,10000000",2021-09-30,2021-10-15,Rendimento,"0,67"
HGRE11,"0,69000000",2021-09-30,2021-10-15,Rendimento,"0,53"
HGRU11,"0,72000000",2021-09-30,2021-10-15,Rendimento,"0,64"
HSLG11,"0,58000000",2021-09-30,2021-10-15,Rendimento,"0,65"
KFOF11,"0,58000000",2021-09-30,2021-10-15,Rendimento,"0,72"
KISU11,"0,06000000",2021-09-30,2021-10-15,Rendimento,"0,72"
KNRI11,"0,77000000",2021-09-30,2021-10-15,Rendimento,"0,53"
MFII11,"1,19000000",2021-09-30,2021-10-15,Rendimento,"1,03"
MXRF11,"0,08000000",2021-09-30,2021-10-15,Rendimento,"0,79"
OUJP11,"0,90000000",2021-09-30,2021-10-15,Rendimento,"1,02"
PMLL11,"0,57000000",2021-09-30,2021-10-15,Rendimento,"0,61"
RBFF11,"0,47000000",2021-09-30,2021-10-15,Rendimento,"0,78"
RBRL11,"0,75000000",2021-10-07,2021-10-15,Rendimento,"0,77"
RBRP11,"0,45000000",2021-10-07,2021-10-15,Rendimento,"0,60"
RBVA11,"0,08700000",2021-09-30,2021-10-15,Rendimento,"0,08"
RCRB11,"0,95000000",2021-10-06,2021-10-15,Rendimento,"0,64"
RECR11,"1,08590000",2021-10-07,2021-10-15,Rendimento,"1,07"
SARE11,"0,06000000",2021-09-30,2021-10-15,Rendimento,"0,08"
TEPP11,"0,48000000",2021-09-30,2021-10-15,Rendimento,"0,65"
TRBL11,"0,72000000",2021-09-30,2021-10-15,Rendimento,"0,80"
TRXF11,"0,72000000",2021-09-30,2021-10-15,Rendimento,"0,71"
TVRI11,"0,82000000",2021-09-30,2021-10-15,Rendimento,"0,84"
URPR11,"2,17000000",2021-09-30,2021-10-15,Rendimento,"1,77"
VILG11,"0,64000000",2021-09-30,2021-10-15,Rendimento,"0,61"
VINO11,"0,13000000",2021-09-30,2021-10-15,Rendimento,"0,21"
VISC11,"0,58000000",2021-09-30,2021-10-15,Rendimento,"0,57"
VRTA11,"1,10000000",2021-09-30,2021-10-15,Rendimento,"1,01"
XPCI11,"1,00000000",2021-09-30,2021-10-15,Rendimento,"1,03"
XPLG11,"0,62000000",2021-09-30,2021-10-15,Rendimento,"0,61"
XPSF11,"0,07000000",2021-09-30,2021-10-15,Rendimento,"0,09"
CVBI11,"1,23000000",2021-10-08,2021-10-18,Rendimento,"1,20"
RVBI11,"0,75000000",2021-10-08,2021-10-18,Rendimento,"0,85"
IRDM11,"1,05466294",2021-10-11,2021-10-19,Rendimento,"0,92"
RBRF11,"0,06000000",2021-10-11,2021-10-19,Rendimento,"0,08"
RBRR11,"0,90000000",2021-10-11,2021-10-19,Rendimento,"0,91"
RBRY11,"0,90000000",2021-10-11,2021-10-19,Rendimento,"0,87"
CPTS11,"0,10000000",2021-10-13,2021-10-20,Rendimento,"0,10"
MCCI11,"1,00000000",2021-10-13,2021-10-20,Rendimento,"0,99"
VGIP11,"1,30000000",2021-10-13,2021-10-20,Rendimento,"1,29"
VGIR11,"0,06500000",2021-10-13,2021-10-20,Rendimento,"0,07"
AFHI11,"1,05000000",2021-10-15,2021-10-22,Rendimento,"1,10"
JSRE11,"0,53000000",2021-09-30,2021-10-22,Rendimento,"0,66"
RZAK11,"0,75000000",2021-10-15,2021-10-22,Rendimento,"0,83"
RZAT11,"1,12287415",2021-10-15,2021-10-22,Rendimento,"1,10"
ALZR11,"0,06197142",2021-10-18,2021-10-25,Rendimento,"0,05"
BPML11,"0,38000000",2021-10-18,2021-10-25,Rendimento,"0,46"
BTLG11,"0,72000000",2021-10-15,2021-10-25,Rendimento,"0,67"
MCRE11,"0,13000000",2021-10-18,2021-10-25,Rendimento,"0,00"
SNCI11,"0,78000000",2021-10-15,2021-10-25,Rendimento,"0,74"
SNFF11,"0,70000000",2021-10-15,2021-10-25,Rendimento,"0,73"
XPML11,"0,57000000",2021-10-18,2021-10-25,Rendimento,"0,55"
BTAL11,"0,80000000",2021-10-20,2021-10-27,Rendimento,"0,81"
BCIA11,"0,64000000",2021-09-30,2021-10-29,Rendimento,"0,74"
AIEC11,"0,61000000",2021-10-29,2021-11-08,Rendimento,"0,83"
ARRI11,"0,14100000",2021-10-29,2021-11-08,Rendimento,"0,15"
BRCO11,"0,57000000",2021-10-29,2021-11-08,Rendimento,"0,60"
HSAF11,"1,05000000",2021-10-29,2021-11-08,Rendimento,"1,15"
HSML11,"0,52000000",2021-10-29,2021-11-08,Rendimento,"0,67"
LVBI11,"0,67000000",2021-10-29,2021-11-08,Rendimento,"0,68"
PORD11,"0,09300000",2021-10-29,2021-11-08,Rendimento,"0,10"
PVBI11,"0,56000000",2021-10-29,2021-11-08,Rendimento,"0,64"
RZTR11,"0,95000000",2021-10-29,2021-11-08,Rendimento,"0,98"
VGHF11,"0,15000000",2021-10-29,2021-11-08,Rendimento,"1,51"
CACR11,"1,30000000",2021-10-29,2021-11-09,Rendimento,"1,23"
GGRC11,"0,08000000",2021-11-01,2021-11-09,Rendimento,"0,07"
PATL11,"0,57000000",2021-10-29,2021-11-09,Rendimento,"0,86"
TGAR11,"1,20000000",2021-10-29,2021-11-09,Rendimento,"0,97"
HABT11,"1,50000000",2021-10-29,2021-11-12,Rendimento,"1,28"
KNCR11,"0,56000000",2021-10-29,2021-11-12,Rendimento,"0,57"
KNHY11,"1,35000000",2021-10-29,2021-11-12,Rendimento,"1,29"
KNIP11,"1,40000000",2021-10-29,2021-11-12,Rendimento,"1,36"
KNSC11,"0,13000000",2021-10-29,2021-11-12,Rendimento,"0,13"
RBFF11,"0,47000000",2021-10-29,2021-11-12,Rendimento,"0,83"
RBVA11,"0,09900000",2021-10-29,2021-11-12,Rendimento,"0,10"
RCRB11,"0,95000000",2021-11-04,2021-11-12,Rendimento,"0,66"
TRBL11,"0,76000000",2021-10-29,2021-11-12,Rendimento,"0,89"
VCJR11,"1,19000000",2021-10-29,2021-11-12,Rendimento,"1,24"
VRTA11,"1,20000000",2021-10-29,2021-11-12,Rendimento,"1,11"
BCRI11,"1,13000000",2021-10-29,2021-11-16,Rendimento,"1,05"
BLMG11,"0,90000000",2021-11-08,2021-11-16,Rendimento,"0,95"
BRCR11,"0,46000000",2021-11-08,2021-11-16,Rendimento,"0,71"
BTCI11,"0,09111111",2021-11-08,2021-11-16,Rendimento,"0,11"
CYCR11,"0,11000000",2021-10-29,2021-11-16,Rendimento,"0,00"
DEVA11,"1,40000000",2021-11-08,2021-11-16,Rendimento,"1,36"
FATN11,"0,74000000",2021-11-05,2021-11-16,Rendimento,"0,00"
GARE11,"0,08400000",2021-10-29,2021-11-16,Rendimento,"0,08"
GTWR11,"0,67000000",2021-10-29,2021-11-16,Rendimento,"0,86"
HCTR11,"1,60000000",2021-11-08,2021-11-16,Rendimento,"1,31"
HFOF11,"0,06000000",2021-10-29,2021-11-16,Rendimento,"0,07"
HGBS11,"0,09000000",2021-10-29,2021-11-16,Rendimento,"0,05"
HGCR11,"0,90000000",2021-10-29,2021-11-16,Rendimento,"0,85"
HGLG11,"1,10000000",2021-10-29,2021-11-16,Rendimento,"0,66"
HGRE11,"0,69000000",2021-10-29,2021-11-16,Rendimento,"0,55"
HGRU11,"0,72000000",2021-10-29,2021-11-16,Rendimento,"0,64"
HSLG11,"0,58000000",2021-10-29,2021-11-16,Rendimento,"0,68"
KFOF11,"0,58000000",2021-10-29,2021-11-16,Rendimento,"0,71"
KISU11,"0,06000000",2021-10-29,2021-11-16,Rendimento,"0,80"
KNRI11,"0,77000000",2021-10-29,2021-11-16,Rendimento,"0,57"
MFII11,"1,24000000",2021-10-29,2021-11-16,Rendimento,"1,09"
MXRF11,"0,09000000",2021-10-29,2021-11-16,Rendimento,"0,90"
OUJP11,"0,93000000",2021-10-29,2021-11-16,Rendimento,"1,04"
PMLL11,"0,60000000",2021-10-29,2021-11-16,Rendimento,"0,65"
RBRL11,"0,76000000",2021-11-08,2021-11-16,Rendimento,"0,85"
RBRP11,"0,46000000",2021-11-08,2021-11-16,Rendimento,"0,67"
RECR11,"1,08060000",2021-11-08,2021-11-16,Rendimento,"1,07"
SARE11,"0,06000000",2021-10-29,2021-11-16,Rendimento,"0,08"
TEPP11,"0,48000000",2021-10-29,2021-11-16,Rendimento,"0,68"
TRXF11,"0,77000000",2021-10-29,2021-11-16,Rendimento,"0,77"
TVRI11,"0,87000000",2021-10-29,2021-11-16,Rendimento,"0,96"
URPR11,"1,37000000",2021-10-29,2021-11-16,Rendimento,"1,15"
VILG11,"0,64000000",2021-10-29,2021-11-16,Rendimento,"0,63"
VINO11,"0,10800000",2021-10-29,2021-11-16,Rendimento,"0,18"
VISC11,"0,62000000",2021-10-29,2021-11-16,Rendimento,"0,62"
XPCI11,"1,00000000",2021-10-29,2021-11-16,Rendimento,"1,03"
XPLG11,"0,64000000",2021-10-29,2021-11-16,Rendimento,"0,65"
XPSF11,"0,07000000",2021-10-29,2021-11-16,Rendimento,"0,09"
CVBI11,"1,12000000",2021-11-09,2021-11-17,Rendimento,"1,11"
RVBI11,"0,75000000",2021-11-09,2021-11-17,Rendimento,"0,99"
IRDM11,"1,36586144",2021-11-10,2021-11-18,Rendimento,"1,27"
RBRF11,"0,06000000",2021-11-10,2021-11-18,Rendimento,"0,08"
RBRR11,"0,90000000",2021-11-10,2021-11-18,Rendimento,"0,93"
RBRY11,"1,00000000",2021-11-10,2021-11-18,Rendimento,"0,98"
CPTS11,"0,10100000",2021-11-11,2021-11-19,Rendimento,"0,10"
MCCI11,"1,00000000",2021-11-11,2021-11-19,Rendimento,"1,00"
VGIP11,"1,25000000",2021-11-11,2021-11-19,Rendimento,"1,26"
VGIR11,"0,06800000",2021-11-11,2021-11-19,Rendimento,"0,07"
AFHI11,"1,20000000",2021-11-16,2021-11-23,Rendimento,"1,23"
JSRE11,"0,53000000",2021-10-29,2021-11-23,Rendimento,"0,72"
RZAK11,"1,00000000",2021-11-16,2021-11-23,Rendimento,"1,16"
RZAT11,"1,43823955",2021-11-16,2021-11-23,Rendimento,"1,41"
MCRE11,"0,13000000",2021-11-17,2021-11-24,Rendimento,"0,11"
ALZR11,"0,06377423",2021-11-18,2021-11-25,Rendimento,"0,06"
BPML11,"0,30000000",2021-11-18,2021-11-25,Rendimento,"0,38"
BTLG11,"0,72000000",2021-11-12,2021-11-25,Rendimento,"0,70"
SNCI11,"1,15000000",2021-11-12,2021-11-25,Rendimento,"1,14"
SNFF11,"0,62000000",2021-11-12,2021-11-25,Rendimento,"0,69"
XPML11,"0,50000000",2021-11-18,2021-11-25,Rendimento,"0,53"
BTAL11,"0,80000000",2021-11-19,2021-11-26,Rendimento,"0,87"
BCIA11,"0,64000000",2021-10-29,2021-11-30,Rendimento,"0,77"
ARRI11,"0,14700000",2021-11-30,2021-12-07,Rendimento,"0,16"
BRCO11,"0,60000000",2021-11-30,2021-12-07,Rendimento,"0,70"
HSAF11,"1,05000000",2021-11-30,2021-12-07,Rendimento,"1,17"
HSML11,"0,52000000",2021-11-30,2021-12-07,Rendimento,"0,74"
LVBI11,"0,70000000",2021-11-30,2021-12-07,Rendimento,"0,81"
PORD11,"0,11100000",2021-11-30,2021-12-07,Rendimento,"0,12"
PVBI11,"0,54000000",2021-11-30,2021-12-07,Rendimento,"0,64"
RZTR11,"1,25000000",2021-11-30,2021-12-07,Rendimento,"1,30"
VGHF11,"0,15000000",2021-11-30,2021-12-07,Rendimento,"1,50"
AIEC11,"0,61000000",2021-11-30,2021-12-08,Rendimento,"0,88"
CACR11,"1,51000000",2021-11-30,2021-12-08,Rendimento,"1,46"
GGRC11,"0,08000000",2021-12-01,2021-12-08,Rendimento,"0,08"
PATL11,"0,57000000",2021-11-30,2021-12-08,Rendimento,"0,90"
TGAR11,"1,22000000",2021-11-30,2021-12-08,Rendimento,"1,06"
PVBI11,"0,02000000",2021-12-02,2021-12-09,Rendimento,"0,02"
HABT11,"1,50000000",2021-11-30,2021-12-10,Rendimento,"1,35"
KNCR11,"0,65000000",2021-11-30,2021-12-13,Rendimento,"0,66"
KNHY11,"1,51000000",2021-11-30,2021-12-13,Rendimento,"1,43"
KNIP11,"1,50000000",2021-11-30,2021-12-13,Rendimento,"1,46"
KNSC11,"0,14000000",2021-11-30,2021-12-13,Rendimento,"0,14"
VCJR11,"1,45000000",2021-11-30,2021-12-13,Rendimento,"1,51"
BLMG11,"0,90000000",2021-12-07,2021-12-14,Rendimento,"0,95"
BRCR11,"0,50000000",2021-12-07,2021-12-14,Rendimento,"0,72"
BTCI11,"0,10222222",2021-12-07,2021-12-14,Rendimento,"0,12"
CYCR11,"0,15000000",2021-11-30,2021-12-14,Rendimento,"0,15"
DEVA11,"1,42000000",2021-12-07,2021-12-14,Rendimento,"1,42"
FATN11,"0,71000000",2021-12-06,2021-12-14,Rendimento,"0,69"
GARE11,"0,08400000",2021-11-30,2021-12-14,Rendimento,"0,08"
GTWR11,"0,67000000",2021-11-30,2021-12-14,Rendimento,"0,93"
HCTR11,"1,60000000",2021-12-07,2021-12-14,Rendimento,"1,31"
HFOF11,"0,06000000",2021-11-30,2021-12-14,Rendimento,"0,08"
HGBS11,"0,10500000",2021-11-30,2021-12-14,Rendimento,"0,07"
HGCR11,"0,95000000",2021-11-30,2021-12-14,Rendimento,"0,93"
HGLG11,"1,10000000",2021-11-30,2021-12-14,Rendimento,"0,69"
HGRE11,"0,69000000",2021-11-30,2021-12-14,Rendimento,"0,58"
HGRU11,"0,72000000",2021-11-30,2021-12-14,Rendimento,"0,67"
HSLG11,"0,58000000",2021-11-30,2021-12-14,Rendimento,"0,73"
JSAF11,"0,06200000",2021-11-30,2021-12-14,Rendimento,"0,06"
KFOF11,"0,48000000",2021-11-30,2021-12-14,Rendimento,"0,70"
KISU11,"0,06000000",2021-11-30,2021-12-14,Rendimento,"0,80"
KNRI11,"0,77000000",2021-11-30,2021-12-14,Rendimento,"0,60"
MFII11,"1,24000000",2021-11-30,2021-12-14,Rendimento,"1,18"
MXRF11,"0,08000000",2021-11-30,2021-12-14,Rendimento,"0,80"
OUJP11,"1,00000000",2021-11-30,2021-12-14,Rendimento,"1,19"
PMLL11,"0,62000000",2021-11-30,2021-12-14,Rendimento,"0,74"
RBRL11,"0,80000000",2021-12-07,2021-12-14,Rendimento,"0,91"
RBRP11,"0,46000000",2021-12-07,2021-12-14,Rendimento,"0,61"
RECR11,"1,18120000",2021-12-07,2021-12-14,Rendimento,"1,20"
SARE11,"0,06200000",2021-11-30,2021-12-14,Rendimento,"0,10"
TEPP11,"0,48000000",2021-11-30,2021-12-14,Rendimento,"0,74"
TRXF11,"0,80000000",2021-11-30,2021-12-14,Rendimento,"0,82"
TVRI11,"0,87000000",2021-11-30,2021-12-14,Rendimento,"0,99"
URPR11,"1,86900000",2021-11-30,2021-12-14,Rendimento,"1,78"
VILG11,"0,64000000",2021-11-30,2021-12-14,Rendimento,"0,73"
VINO11,"0,11000000",2021-11-30,2021-12-14,Rendimento,"0,20"
VISC11,"0,61000000",2021-11-30,2021-12-14,Rendimento,"0,64"
XPCI11,"0,92000000",2021-11-30,2021-12-14,Rendimento,"1,01"
XPLG11,"0,64000000",2021-11-30,2021-12-14,Rendimento,"0,70"
XPSF11,"0,07000000",2021-11-30,2021-12-14,Rendimento,"0,10"
BCRI11,"1,15000000",2021-11-30,2021-12-15,Rendimento,"1,11"
CVBI11,"1,12000000",2021-12-08,2021-12-15,Rendimento,"1,11"
RBFF11,"0,47000000",2021-11-30,2021-12-15,Rendimento,"0,90"
RBVA11,"0,09100000",2021-11-30,2021-12-15,Rendimento,"0,09"
RCRB11,"0,95000000",2021-12-07,2021-12-15,Rendimento,"0,67"
RVBI11,"0,75000000",2021-12-08,2021-12-15,Rendimento,"0,91"
TRBL11,"0,76000000",2021-11-30,2021-12-15,Rendimento,"0,89"
VRTA11,"1,25000000",2021-11-30,2021-12-15,Rendimento,"1,23"
IRDM11,"1,12762711",2021-12-09,2021-12-16,Rendimento,"1,09"
RBRF11,"0,06000000",2021-12-09,2021-12-16,Rendimento,"0,08"
RBRR11,"0,90000000",2021-12-09,2021-12-16,Rendimento,"0,93"
RBRY11,"1,12000000",2021-12-09,2021-12-16,Rendimento,"1,09"
CPTS11,"0,10000000",2021-12-10,2021-12-17,Rendimento,"0,10"
MCCI11,"1,00000000",2021-12-10,2021-12-17,Rendimento,"0,98"
VGIP11,"1,55000000",2021-12-10,2021-12-17,Rendimento,"1,57"
VGIR11,"0,08000000",2021-12-10,2021-12-17,Rendimento,"0,08"
AFHI11,"1,25000000",2021-12-14,2021-12-21,Rendimento,"1,27"
JSRE11,"0,53000000",2021-11-30,2021-12-21,Rendimento,"0,76"
RZAK11,"1,10000000",2021-12-14,2021-12-21,Rendimento,"1,28"
RZAT11,"1,74086254",2021-12-14,2021-12-21,Rendimento,"1,66"
MCRE11,"0,13000000",2021-12-15,2021-12-22,Rendimento,"0,00"
ALZR11,"0,06525538",2021-12-16,2021-12-23,Rendimento,"0,06"
BPML11,"0,30000000",2021-12-16,2021-12-23,Rendimento,"0,41"
BTLG11,"0,72000000",2021-12-15,2021-12-23,Rendimento,"0,69"
SNCI11,"1,20000000",2021-12-15,2021-12-23,Rendimento,"1,19"
SNFF11,"0,70000000",2021-12-15,2021-12-23,Rendimento,"0,76"
XPML11,"0,55000000",2021-12-16,2021-12-23,Rendimento,"0,58"
BTAL11,"0,80000000",2021-12-17,2021-12-27,Rendimento,"0,84"
BCIA11,"0,64000000",2021-11-30,2021-12-28,Rendimento,"0,80"
ARRI11,"0,17500000",2021-12-30,2022-01-07,Rendimento,"0,18"
BRCO11,"0,63000000",2021-12-30,2022-01-07,Rendimento,"0,61"
HSAF11,"1,00000000",2021-12-30,2022-01-07,Rendimento,"1,06"
HSML11,"0,52000000",2021-12-30,2022-01-07,Rendimento,"0,64"
LVBI11,"0,71000000",2021-12-30,2022-01-07,Rendimento,"0,69"
PORD11,"0,10784108",2021-12-30,2022-01-07,Rendimento,"0,11"
PVBI11,"0,56000000",2021-12-30,2022-01-07,Rendimento,"0,59"
RZTR11,"1,25000000",2021-12-30,2022-01-07,Rendimento,"1,23"
VGHF11,"0,18000000",2021-12-30,2022-01-07,Rendimento,"1,80"
AIEC11,"0,61000000",2021-12-30,2022-01-10,Rendimento,"0,83"
CACR11,"1,59000000",2021-12-30,2022-01-10,Rendimento,"1,43"
GGRC11,"0,08200000",2022-01-03,2022-01-10,Rendimento,"0,07"
PATL11,"0,57000000",2021-12-30,2022-01-10,Rendimento,"0,76"
TGAR11,"1,23000000",2021-12-30,2022-01-10,Rendimento,"1,01"
HABT11,"1,30000000",2021-12-30,2022-01-12,Rendimento,"1,18"
KNCR11,"0,82000000",2021-12-30,2022-01-13,Rendimento,"0,80"
KNHY11,"1,50000000",2021-12-30,2022-01-13,Rendimento,"1,37"
KNIP11,"1,50000000",2021-12-30,2022-01-13,Rendimento,"1,43"
KNSC11,"0,14500000",2021-12-30,2022-01-13,Rendimento,"0,14"
VCJR11,"1,55000000",2021-12-30,2022-01-13,Rendimento,"1,57"
BCRI11,"1,35000000",2021-12-30,2022-01-14,Rendimento,"1,25"
BLMG11,"0,90000000",2022-01-07,2022-01-14,Rendimento,"0,96"
BRCR11,"0,50000000",2022-01-07,2022-01-14,Rendimento,"0,70"
BTCI11,"0,10383790",2022-01-07,2022-01-14,Rendimento,"0,12"
CYCR11,"0,17402775",2021-12-30,2022-01-14,Rendimento,"0,17"
DEVA11,"1,35000000",2022-01-07,2022-01-14,Rendimento,"1,31"
FATN11,"0,79000000",2022-01-06,2022-01-14,Rendimento,"0,80"
GARE11,"0,08400000",2021-12-30,2022-01-14,Rendimento,"0,08"
GTWR11,"0,74000000",2021-12-30,2022-01-14,Rendimento,"0,85"
HCTR11,"1,60000000",2022-01-07,2022-01-14,Rendimento,"1,26"
HFOF11,"0,06000000",2021-12-30,2022-01-14,Rendimento,"0,07"
HGBS11,"0,11000000",2021-12-30,2022-01-14,Rendimento,"0,06"
HGCR11,"1,25000000",2021-12-30,2022-01-14,Rendimento,"1,18"
HGLG11,"1,75000000",2021-12-30,2022-01-14,Rendimento,"1,03"
HGRE11,"2,75000000",2021-12-30,2022-01-14,Rendimento,"2,02"
HGRU11,"0,76000000",2021-12-30,2022-01-14,Rendimento,"0,64"
HSLG11,"0,58000000",2021-12-30,2022-01-14,Rendimento,"0,58"
JSAF11,"0,07900000",2021-12-30,2022-01-14,Rendimento,"0,08"
KFOF11,"0,61000000",2021-12-30,2022-01-14,Rendimento,"0,79"
KISU11,"0,07000000",2021-12-30,2022-01-14,Rendimento,"0,87"
KNRI11,"0,88000000",2021-12-30,2022-01-14,Rendimento,"0,62"
MFII11,"1,25000000",2021-12-30,2022-01-14,Rendimento,"1,11"
MXRF11,"0,09000000",2021-12-30,2022-01-14,Rendimento,"0,90"
OUJP11,"0,95000000",2021-12-30,2022-01-14,Rendimento,"1,03"
PMLL11,"0,65000000",2021-12-30,2022-01-14,Rendimento,"0,67"
RBFF11,"0,47000000",2021-12-30,2022-01-14,Rendimento,"0,82"
RBRL11,"0,84800000",2022-01-07,2022-01-14,Rendimento,"0,90"
RBRP11,"0,46000000",2022-01-07,2022-01-14,Rendimento,"0,65"
RBVA11,"0,09100000",2021-12-30,2022-01-14,Rendimento,"0,09"
RCRB11,"0,55000000",2022-01-06,2022-01-14,Rendimento,"0,42"
RECR11,"1,45580000",2022-01-07,2022-01-14,Rendimento,"1,44"
SARE11,"0,06500000",2021-12-30,2022-01-14,Rendimento,"0,09"
TEPP11,"0,51000000",2021-12-30,2022-01-14,Rendimento,"0,68"
TRBL11,"0,76000000",2021-12-30,2022-01-14,Rendimento,"0,83"
TRXF11,"0,90000000",2021-12-30,2022-01-14,Rendimento,"0,89"
TVRI11,"0,90000000",2021-12-30,2022-01-14,Rendimento,"0,95"
URPR11,"1,67000000",2021-12-30,2022-01-14,Rendimento,"1,45"
VILG11,"0,70000000",2021-12-30,2022-01-14,Rendimento,"0,66"
VINO11,"0,10000000",2021-12-30,2022-01-14,Rendimento,"0,18"
VISC11,"0,81000000",2021-12-30,2022-01-14,Rendimento,"0,78"
VRTA11,"1,19255308",2021-12-30,2022-01-14,Rendimento,"1,14"
XPCI11,"0,97000000",2021-12-30,2022-01-14,Rendimento,"1,00"
XPLG11,"0,64000000",2021-12-30,2022-01-14,Rendimento,"0,63"
XPSF11,"0,07000000",2021-12-30,2022-01-14,Rendimento,"0,08"
CVBI11,"1,12000000",2022-01-10,2022-01-17,Rendimento,"1,09"
RVBI11,"0,75000000",2022-01-10,2022-01-17,Rendimento,"0,90"
IRDM11,"1,42503618",2022-01-11,2022-01-18,Rendimento,"1,32"
RBRF11,"0,06060000",2022-01-11,2022-01-18,Rendimento,"0,08"
RBRR11,"1,07000000",2022-01-11,2022-01-18,Rendimento,"1,08"
RBRY11,"1,34000000",2022-01-11,2022-01-18,Rendimento,"1,28"
CPTS11,"0,11000000",2022-01-12,2022-01-19,Rendimento,"0,11"
MCCI11,"1,00000000",2022-01-12,2022-01-19,Rendimento,"0,97"
VGIP11,"1,65000000",2022-01-12,2022-01-19,Rendimento,"1,60"
VGIR11,"0,09200000",2022-01-12,2022-01-19,Rendimento,"0,09"
AFHI11,"1,30000000",2022-01-14,2022-01-21,Rendimento,"1,29"
JSRE11,"0,53000000",2021-12-30,2022-01-21,Rendimento,"0,64"
RZAK11,"1,32380534",2022-01-14,2022-01-21,Rendimento,"1,41"
RZAT11,"1,70215317",2022-01-14,2022-01-21,Rendimento,"1,58"
MCRE11,"0,13000000",2022-01-17,2022-01-24,Rendimento,"0,11"
ALZR11,"0,07486157",2022-01-18,2022-01-25,Rendimento,"0,07"
BPML11,"0,35412462",2022-01-18,2022-01-25,Rendimento,"0,49"
BTLG11,"0,72000000",2022-01-14,2022-01-25,Rendimento,"0,68"
SNCI11,"1,20000000",2022-01-14,2022-01-25,Rendimento,"1,16"
SNFF11,"0,65000000",2022-01-14,2022-01-25,Rendimento,"0,71"
XPML11,"0,85000000",2022-01-18,2022-01-25,Rendimento,"0,89"
BTAL11,"0,83000000",2022-01-19,2022-01-26,Rendimento,"0,87"
BCIA11,"0,64000000",2021-12-30,2022-01-28,Rendimento,"0,74"
ARRI11,"0,13100000",2022-01-31,2022-02-07,Rendimento,"0,13"
BRCO11,"0,63000000",2022-01-31,2022-02-07,Rendimento,"0,64"
HABT11,"1,20000000",2022-01-31,2022-02-07,Rendimento,"1,09"
HCTR11,"1,60000000",2022-01-31,2022-02-07,Rendimento,"1,27"
HSAF11,"1,10000000",2022-01-31,2022-02-07,Rendimento,"1,16"
HSML11,"0,55000000",2022-01-31,2022-02-07,Rendimento,"0,72"
LVBI11,"0,71483663",2022-01-31,2022-02-07,Rendimento,"0,72"
PORD11,"0,11700000",2022-01-31,2022-02-07,Rendimento,"0,12"
PVBI11,"0,56000000",2022-01-31,2022-02-07,Rendimento,"0,63"
RZTR11,"1,25000000",2022-01-31,2022-02-07,Rendimento,"1,20"
VGHF11,"0,16000000",2022-01-31,2022-02-07,Rendimento,"1,56"
AIEC11,"0,61000000",2022-01-31,2022-02-08,Rendimento,"0,78"
CACR11,"1,50000000",2022-01-31,2022-02-08,Rendimento,"1,40"
GGRC11,"0,08700000",2022-02-01,2022-02-08,Rendimento,"0,07"
PATL11,"0,58000000",2022-01-31,2022-02-08,Rendimento,"0,78"
TGAR11,"1,16000000",2022-01-31,2022-02-08,Rendimento,"0,94"
KNCR11,"0,82000000",2022-01-31,2022-02-11,Rendimento,"0,80"
KNHY11,"1,30000000",2022-01-31,2022-02-11,Rendimento,"1,22"
KNIP11,"1,36000000",2022-01-31,2022-02-11,Rendimento,"1,31"
KNSC11,"0,12500000",2022-01-31,2022-02-11,Rendimento,"0,13"
VCJR11,"1,25000000",2022-01-31,2022-02-11,Rendimento,"1,28"
BLMG11,"0,80000000",2022-02-07,2022-02-14,Rendimento,"0,84"
BRCR11,"0,50000000",2022-02-07,2022-02-14,Rendimento,"0,71"
BTCI11,"0,10555556",2022-02-07,2022-02-14,Rendimento,"0,12"
CYCR11,"0,11500000",2022-01-31,2022-02-14,Rendimento,"0,12"
DEVA11,"1,25000000",2022-02-07,2022-02-14,Rendimento,"1,21"
FATN11,"0,76000000",2022-02-04,2022-02-14,Rendimento,"0,75"
GARE11,"0,08400000",2022-01-31,2022-02-14,Rendimento,"0,08"
GTWR11,"0,74000000",2022-01-31,2022-02-14,Rendimento,"0,88"
HFOF11,"0,06000000",2022-01-31,2022-02-14,Rendimento,"0,08"
HGBS11,"0,11500000",2022-01-31,2022-02-14,Rendimento,"0,07"
HGCR11,"1,03000000",2022-01-31,2022-02-14,Rendimento,"0,95"
HGLG11,"1,10000000",2022-01-31,2022-02-14,Rendimento,"0,64"
HGRE11,"0,69000000",2022-01-31,2022-02-14,Rendimento,"0,52"
HGRU11,"0,76000000",2022-01-31,2022-02-14,Rendimento,"0,66"
HSLG11,"0,63000000",2022-01-31,2022-02-14,Rendimento,"0,70"
JSAF11,"0,09000000",2022-01-31,2022-02-14,Rendimento,"0,10"
KFOF11,"0,63000000",2022-01-31,2022-02-14,Rendimento,"0,83"
KISU11,"0,06500000",2022-01-31,2022-02-14,Rendimento,"0,81"
KNRI11,"0,81000000",2022-01-31,2022-02-14,Rendimento,"0,61"
MFII11,"1,18000000",2022-01-31,2022-02-14,Rendimento,"1,07"
MXRF11,"0,09000000",2022-01-31,2022-02-14,Rendimento,"0,96"
OUJP11,"1,10000000",2022-01-31,2022-02-14,Rendimento,"1,22"
PMLL11,"0,72000000",2022-01-31,2022-02-14,Rendimento,"0,73"
RBRL11,"0,60000000",2022-02-07,2022-02-14,Rendimento,"0,65"
RBRP11,"0,46000000",2022-02-07,2022-02-14,Rendimento,"0,65"
RBRR11,"1,10000000",2022-02-07,2022-02-14,Rendimento,"1,07"
RECR11,"1,05000000",2022-02-07,2022-02-14,Rendimento,"1,02"
SARE11,"0,06300000",2022-01-31,2022-02-14,Rendimento,"0,09"
TEPP11,"0,47000000",2022-01-31,2022-02-14,Rendimento,"0,64"
TRXF11,"0,80000000",2022-01-31,2022-02-14,Rendimento,"0,81"
TVRI11,"0,89000000",2022-01-31,2022-02-14,Rendimento,"0,95"
URPR11,"1,63000000",2022-01-31,2022-02-14,Rendimento,"1,35"
VGIR11,"0,11000000",2022-02-07,2022-02-14,Rendimento,"0,11"
VILG11,"0,70000000",2022-01-31,2022-02-14,Rendimento,"0,68"
VINO11,"0,06800000",2022-01-31,2022-02-14,Rendimento,"0,13"
VISC11,"0,68000000",2022-01-31,2022-02-14,Rendimento,"0,67"
XPCI11,"1,10000000",2022-01-31,2022-02-14,Rendimento,"1,13"
XPLG11,"0,64000000",2022-01-31,2022-02-14,Rendimento,"0,65"
XPSF11,"0,06500000",2022-01-31,2022-02-14,Rendimento,"0,08"
BCRI11,"1,25000000",2022-01-31,2022-02-15,Rendimento,"1,13"
CVBI11,"1,12000000",2022-02-08,2022-02-15,Rendimento,"1,10"
RBFF11,"0,47000000",2022-01-31,2022-02-15,Rendimento,"0,86"
RBVA11,"0,09200000",2022-01-31,2022-02-15,Rendimento,"0,09"
RCRB11,"0,55000000",2022-02-07,2022-02-15,Rendimento,"0,42"
RVBI11,"0,75000000",2022-02-08,2022-02-15,Rendimento,"0,93"
TRBL11,"0,76000000",2022-01-31,2022-02-15,Rendimento,"0,88"
VRTA11,"1,24000000",2022-01-31,2022-02-15,Rendimento,"1,18"
IRDM11,"1,08472125",2022-02-09,2022-02-16,Rendimento,"0,99"
RBRF11,"0,06000000",2022-02-09,2022-02-16,Rendimento,"0,08"
RBRY11,"1,15000000",2022-02-09,2022-02-16,Rendimento,"1,08"
CPTS11,"0,11000000",2022-02-10,2022-02-17,Rendimento,"0,11"
MCCI11,"1,00000000",2022-02-10,2022-02-17,Rendimento,"0,99"
VGIP11,"1,28000000",2022-02-10,2022-02-17,Rendimento,"1,27"
AFHI11,"1,30000000",2022-02-14,2022-02-21,Rendimento,"1,27"
JSRE11,"0,53000000",2022-01-31,2022-02-21,Rendimento,"0,66"
RZAK11,"1,30000000",2022-02-14,2022-02-21,Rendimento,"1,36"
RZAT11,"1,50000000",2022-02-14,2022-02-21,Rendimento,"1,37"
MCRE11,"0,13000000",2022-02-15,2022-02-22,Rendimento,"0,11"
BTAL11,"0,80000000",2022-02-17,2022-02-24,Rendimento,"0,85"
ALZR11,"0,07254530",2022-02-18,2022-02-25,Rendimento,"0,06"
BCIA11,"0,64000000",2022-01-31,2022-02-25,Rendimento,"0,74"
BPML11,"0,40438304",2022-02-18,2022-02-25,Rendimento,"0,62"
BTLG11,"0,72000000",2022-02-15,2022-02-25,Rendimento,"0,69"
SNCI11,"1,40000000",2022-02-15,2022-02-25,Rendimento,"1,35"
SNFF11,"0,65000000",2022-02-15,2022-02-25,Rendimento,"0,73"
XPML11,"0,60000000",2022-02-18,2022-02-25,Rendimento,"0,64"
ARRI11,"0,13000000",2022-02-25,2022-03-08,Rendimento,"0,13"
BRCO11,"0,63000000",2022-02-25,2022-03-08,Rendimento,"0,63"
HSAF11,"1,15000000",2022-02-25,2022-03-08,Rendimento,"1,20"
HSML11,"0,60000000",2022-02-25,2022-03-08,Rendimento,"0,78"
LVBI11,"0,71000000",2022-02-25,2022-03-08,Rendimento,"0,72"
PORD11,"0,11000000",2022-02-25,2022-03-08,Rendimento,"0,12"
PVBI11,"0,56000000",2022-02-25,2022-03-08,Rendimento,"0,63"
RZTR11,"1,25000000",2022-02-25,2022-03-08,Rendimento,"1,23"
VGHF11,"0,16000000",2022-02-25,2022-03-08,Rendimento,"1,55"
AIEC11,"0,68000000",2022-02-25,2022-03-09,Rendimento,"0,86"
GGRC11,"0,08500000",2022-03-02,2022-03-09,Rendimento,"0,08"
PATL11,"0,58000000",2022-02-25,2022-03-09,Rendimento,"0,74"
TGAR11,"1,22000000",2022-02-25,2022-03-09,Rendimento,"1,09"
HABT11,"1,30000000",2022-02-25,2022-03-11,Rendimento,"1,21"
KCRE11,"0,02500000",2022-02-25,2022-03-14,Rendimento,"0,00"
KNCR11,"0,83000000",2022-02-25,2022-03-14,Rendimento,"0,83"
KNHY11,"1,10000000",2022-02-25,2022-03-14,Rendimento,"1,06"
KNIP11,"1,08000000",2022-02-25,2022-03-14,Rendimento,"1,05"
KNSC11,"0,10000000",2022-02-25,2022-03-14,Rendimento,"0,10"
VCJR11,"1,08000000",2022-02-25,2022-03-14,Rendimento,"1,10"
BCRI11,"1,20000000",2022-02-25,2022-03-15,Rendimento,"1,08"
BLMG11,"0,80000000",2022-03-08,2022-03-15,Rendimento,"0,90"
BRCR11,"0,50000000",2022-03-08,2022-03-15,Rendimento,"0,74"
BTCI11,"0,11111111",2022-03-08,2022-03-15,Rendimento,"0,13"
CACR11,"1,50000000",2022-02-25,2022-03-15,Rendimento,"1,38"
CYCR11,"0,11500000",2022-02-25,2022-03-15,Rendimento,"0,12"
DEVA11,"1,18000000",2022-03-08,2022-03-15,Rendimento,"1,16"
FATN11,"0,76000000",2022-03-07,2022-03-15,Rendimento,"0,79"
GARE11,"0,08200000",2022-02-25,2022-03-15,Rendimento,"0,08"
GTWR11,"0,74000000",2022-02-25,2022-03-15,Rendimento,"0,92"
HCTR11,"1,40000000",2022-03-08,2022-03-15,Rendimento,"1,14"
HFOF11,"0,06000000",2022-02-25,2022-03-15,Rendimento,"0,08"
HGBS11,"0,11500000",2022-02-25,2022-03-15,Rendimento,"0,07"
HGCR11,"1,05000000",2022-02-25,2022-03-15,Rendimento,"1,00"
HGLG11,"1,10000000",2022-02-25,2022-03-15,Rendimento,"0,66"
HGRE11,"0,69000000",2022-02-25,2022-03-15,Rendimento,"0,53"
HGRU11,"0,76000000",2022-02-25,2022-03-15,Rendimento,"0,67"
HSLG11,"0,63000000",2022-02-25,2022-03-15,Rendimento,"0,70"
JSAF11,"0,09000000",2022-02-25,2022-03-15,Rendimento,"0,10"
KFOF11,"0,65000000",2022-02-25,2022-03-15,Rendimento,"0,87"
KISU11,"0,06500000",2022-02-25,2022-03-15,Rendimento,"0,86"
KNRI11,"0,81000000",2022-02-25,2022-03-15,Rendimento,"0,61"
MFII11,"1,17000000",2022-02-25,2022-03-15,Rendimento,"1,10"
MXRF11,"0,09000000",2022-02-25,2022-03-15,Rendimento,"0,98"
OUJP11,"1,25000000",2022-02-25,2022-03-15,Rendimento,"1,40"
PMLL11,"0,72000000",2022-02-25,2022-03-15,Rendimento,"0,73"
RBFF11,"0,47000000",2022-02-25,2022-03-15,Rendimento,"0,94"
RBRL11,"0,60000000",2022-03-08,2022-03-15,Rendimento,"0,70"
RBRP11,"0,42000000",2022-03-08,2022-03-15,Rendimento,"0,64"
RBVA11,"0,09200000",2022-02-25,2022-03-15,Rendimento,"0,10"
RCRB11,"0,55000000",2022-03-07,2022-03-15,Rendimento,"0,44"
RECR11,"1,19610000",2022-03-08,2022-03-15,Rendimento,"1,19"
SARE11,"0,06200000",2022-02-25,2022-03-15,Rendimento,"0,09"
TEPP11,"0,47000000",2022-02-25,2022-03-15,Rendimento,"0,66"
TRBL11,"0,76000000",2022-02-25,2022-03-15,Rendimento,"0,84"
TRXF11,"0,80000000",2022-02-25,2022-03-15,Rendimento,"0,79"
TVRI11,"0,89000000",2022-02-25,2022-03-15,Rendimento,"0,98"
URPR11,"1,63500000",2022-02-25,2022-03-15,Rendimento,"1,40"
VILG11,"0,70000000",2022-02-25,2022-03-15,Rendimento,"0,68"
VINO11,"0,06800000",2022-02-25,2022-03-15,Rendimento,"0,14"
VISC11,"0,68000000",2022-02-25,2022-03-15,Rendimento,"0,68"
VRTA11,"1,25000000",2022-02-25,2022-03-15,Rendimento,"1,19"
XPCI11,"1,10000000",2022-02-25,2022-03-15,Rendimento,"1,15"
XPLG11,"0,66000000",2022-02-25,2022-03-15,Rendimento,"0,72"
XPSF11,"0,06600000",2022-02-25,2022-03-15,Rendimento,"0,09"
CVBI11,"1,12000000",2022-03-09,2022-03-16,Rendimento,"1,10"
RVBI11,"0,75000000",2022-03-09,2022-03-16,Rendimento,"0,95"
IRDM11,"1,22011173",2022-03-10,2022-03-17,Rendimento,"1,13"
RBRF11,"0,06000000",2022-03-10,2022-03-17,Rendimento,"0,08"
RBRR11,"1,10000000",2022-03-10,2022-03-17,Rendimento,"1,07"
RBRY11,"1,15000000",2022-03-10,2022-03-17,Rendimento,"1,10"
CPTS11,"0,11000000",2022-03-11,2022-03-18,Rendimento,"0,11"
MCCI11,"1,00000000",2022-03-11,2022-03-18,Rendimento,"1,00"
VGIP11,"1,20000000",2022-03-11,2022-03-18,Rendimento,"1,19"
VGIR11,"0,12000000",2022-03-11,2022-03-18,Rendimento,"0,12"
AFHI11,"1,30000000",2022-03-15,2022-03-22,Rendimento,"1,28"
BTLG11,"0,72000000",2022-03-15,2022-03-22,Rendimento,"0,70"
JSRE11,"0,53000000",2022-02-25,2022-03-22,Rendimento,"0,69"
RZAK11,"1,30000000",2022-03-15,2022-03-22,Rendimento,"1,39"
RZAT11,"1,64963981",2022-03-15,2022-03-22,Rendimento,"1,51"
MCRE11,"0,13000000",2022-03-16,2022-03-23,Rendimento,"0,12"
ALZR11,"0,07633979",2022-03-18,2022-03-25,Rendimento,"0,07"
BPML11,"0,35000000",2022-03-18,2022-03-25,Rendimento,"0,54"
BTAL11,"0,80000000",2022-03-18,2022-03-25,Rendimento,"0,83"
SNCI11,"1,40000000",2022-03-15,2022-03-25,Rendimento,"1,36"
SNFF11,"0,65000000",2022-03-15,2022-03-25,Rendimento,"0,77"
XPML11,"0,64000000",2022-03-18,2022-03-25,Rendimento,"0,71"
BCIA11,"0,68000000",2022-02-25,2022-03-29,Rendimento,"0,80"
ARRI11,"0,13400000",2022-03-31,2022-04-07,Rendimento,"0,14"
BRCO11,"0,63000000",2022-03-31,2022-04-07,Rendimento,"0,63"
HSAF11,"1,15000000",2022-03-31,2022-04-07,Rendimento,"1,20"
HSML11,"0,60000000",2022-03-31,2022-04-07,Rendimento,"0,74"
LVBI11,"0,72000000",2022-03-31,2022-04-07,Rendimento,"0,72"
PORD11,"0,12200000",2022-03-31,2022-04-07,Rendimento,"0,13"
PVBI11,"0,56000000",2022-03-31,2022-04-07,Rendimento,"0,61"
VGHF11,"0,14000000",2022-03-31,2022-04-07,Rendimento,"1,35"
AIEC11,"1,31000000",2022-03-31,2022-04-08,Rendimento,"1,63"
CACR11,"1,44000000",2022-03-31,2022-04-08,Rendimento,"1,31"
GGRC11,"0,08800000",2022-04-01,2022-04-08,Rendimento,"0,08"
PATL11,"0,58000000",2022-03-31,2022-04-08,Rendimento,"0,78"
TGAR11,"1,27000000",2022-03-31,2022-04-08,Rendimento,"1,09"
HABT11,"1,20000000",2022-03-31,2022-04-12,Rendimento,"1,12"
KCRE11,"0,06800000",2022-03-31,2022-04-13,Rendimento,"0,00"
KNCR11,"1,00000000",2022-03-31,2022-04-13,Rendimento,"0,98"
KNHY11,"1,21000000",2022-03-31,2022-04-13,Rendimento,"1,16"
KNIP11,"1,35000000",2022-03-31,2022-04-13,Rendimento,"1,32"
KNSC11,"0,11200000",2022-03-31,2022-04-13,Rendimento,"0,12"
VCJR11,"1,13000000",2022-03-31,2022-04-13,Rendimento,"1,16"
BCRI11,"1,35000000",2022-03-31,2022-04-14,Rendimento,"1,22"
BLMG11,"0,80000000",2022-04-07,2022-04-14,Rendimento,"0,94"
BRCR11,"0,50000000",2022-04-07,2022-04-14,Rendimento,"0,71"
BTCI11,"0,11666667",2022-04-07,2022-04-14,Rendimento,"0,13"
CYCR11,"0,11500000",2022-03-31,2022-04-14,Rendimento,"0,12"
DEVA11,"1,31000000",2022-04-07,2022-04-14,Rendimento,"1,30"
FATN11,"0,78000000",2022-04-06,2022-04-14,Rendimento,"0,82"
GARE11,"0,08200000",2022-03-31,2022-04-14,Rendimento,"0,09"
GTWR11,"0,74000000",2022-03-31,2022-04-14,Rendimento,"0,89"
HCTR11,"1,40000000",2022-04-07,2022-04-14,Rendimento,"1,17"
HFOF11,"0,06000000",2022-03-31,2022-04-14,Rendimento,"0,08"
HGBS11,"0,11500000",2022-03-31,2022-04-14,Rendimento,"0,06"
HGCR11,"1,05000000",2022-03-31,2022-04-14,Rendimento,"0,98"
HGLG11,"1,10000000",2022-03-31,2022-04-14,Rendimento,"0,67"
HGRE11,"0,69000000",2022-03-31,2022-04-14,Rendimento,"0,55"
HGRU11,"0,82000000",2022-03-31,2022-04-14,Rendimento,"0,73"
HSLG11,"0,63000000",2022-03-31,2022-04-14,Rendimento,"0,70"
JSAF11,"0,09300000",2022-03-31,2022-04-14,Rendimento,"0,11"
KFOF11,"0,68000000",2022-03-31,2022-04-14,Rendimento,"0,89"
KISU11,"0,06500000",2022-03-31,2022-04-14,Rendimento,"0,86"
KIVO11,"1,15000000",2022-03-31,2022-04-14,Rendimento,"0,00"
KNRI11,"0,81000000",2022-03-31,2022-04-14,Rendimento,"0,59"
MFII11,"1,17000000",2022-03-31,2022-04-14,Rendimento,"1,12"
MXRF11,"0,10000000",2022-03-31,2022-04-14,Rendimento,"1,07"
OUJP11,"1,28000000",2022-03-31,2022-04-14,Rendimento,"1,38"
PMLL11,"0,72000000",2022-03-31,2022-04-14,Rendimento,"0,71"
RBRL11,"0,62000000",2022-04-07,2022-04-14,Rendimento,"0,72"
RBRP11,"0,50000000",2022-04-07,2022-04-14,Rendimento,"0,76"
RBVA11,"0,09200000",2022-03-31,2022-04-14,Rendimento,"0,09"
RCRB11,"0,60000000",2022-04-06,2022-04-14,Rendimento,"0,45"
RECR11,"1,36800000",2022-04-07,2022-04-14,Rendimento,"1,35"
RZTR11,"1,25000000",2022-03-31,2022-04-14,Rendimento,"1,22"
SARE11,"0,06200000",2022-03-31,2022-04-14,Rendimento,"0,09"
TEPP11,"0,49000000",2022-03-31,2022-04-14,Rendimento,"0,69"
TRBL11,"0,76000000",2022-03-31,2022-04-14,Rendimento,"0,82"
TRXF11,"0,80000000",2022-03-31,2022-04-14,Rendimento,"0,80"
TVRI11,"0,89000000",2022-03-31,2022-04-14,Rendimento,"0,99"
URPR11,"1,65000000",2022-03-31,2022-04-14,Rendimento,"1,40"
VILG11,"0,70000000",2022-03-31,2022-04-14,Rendimento,"0,70"
VINO11,"0,06800000",2022-03-31,2022-04-14,Rendimento,"0,14"
VISC11,"0,68000000",2022-03-31,2022-04-14,Rendimento,"0,68"
VRTA11,"1,15000000",2022-03-31,2022-04-14,Rendimento,"1,10"
XPCI11,"1,13000000",2022-03-31,2022-04-14,Rendimento,"1,16"
XPLG11,"0,66000000",2022-03-31,2022-04-14,Rendimento,"0,67"
XPSF11,"0,06700000",2022-03-31,2022-04-14,Rendimento,"0,10"
CVBI11,"1,12000000",2022-04-08,2022-04-18,Rendimento,"1,09"
RBFF11,"0,47000000",2022-03-31,2022-04-18,Rendimento,"0,90"
RVBI11,"0,75000000",2022-04-08,2022-04-18,Rendimento,"0,89"
IRDM11,"1,18192082",2022-04-11,2022-04-19,Rendimento,"1,06"
RBRF11,"0,06000000",2022-04-11,2022-04-19,Rendimento,"0,08"
RBRR11,"1,20000000",2022-04-11,2022-04-19,Rendimento,"1,17"
RBRY11,"1,30000000",2022-04-11,2022-04-19,Rendimento,"1,23"
CPTS11,"0,11000000",2022-04-12,2022-04-20,Rendimento,"0,12"
MCCI11,"1,00000000",2022-04-12,2022-04-20,Rendimento,"1,00"
VGIP11,"1,40000000",2022-04-12,2022-04-20,Rendimento,"1,38"
VGIR11,"0,12000000",2022-04-12,2022-04-20,Rendimento,"0,12"
AFHI11,"1,35000000",2022-04-14,2022-04-25,Rendimento,"1,31"
ALZR11,"0,07715560",2022-04-14,2022-04-25,Rendimento,"0,07"
BPML11,"0,30000000",2022-04-14,2022-04-25,Rendimento,"0,43"
BTLG11,"0,72000000",2022-04-14,2022-04-25,Rendimento,"0,69"
JSRE11,"0,48900000",2022-03-31,2022-04-25,Rendimento,"0,66"
RZAK11,"1,20000000",2022-04-14,2022-04-25,Rendimento,"1,23"
RZAT11,"1,64051427",2022-04-14,2022-04-25,Rendimento,"1,54"
SNCI11,"1,30000000",2022-04-14,2022-04-25,Rendimento,"1,19"
SNFF11,"0,65000000",2022-04-14,2022-04-25,Rendimento,"0,75"
XPML11,"0,66000000",2022-04-14,2022-04-25,Rendimento,"0,66"
MCRE11,"0,13000000",2022-04-18,2022-04-26,Rendimento,"0,12"
BTAL11,"0,83000000",2022-04-20,2022-04-28,Rendimento,"0,83"
BCIA11,"0,68000000",2022-03-31,2022-04-29,Rendimento,"0,83"
ARRI11,"0,12823513",2022-04-29,2022-05-06,Rendimento,"0,13"
HSAF11,"1,15000000",2022-04-29,2022-05-06,Rendimento,"1,21"
HSML11,"0,60000000",2022-04-29,2022-05-06,Rendimento,"0,74"
LVBI11,"0,74000000",2022-04-29,2022-05-06,Rendimento,"0,74"
PORD11,"0,14100000",2022-04-29,2022-05-06,Rendimento,"0,15"
PVBI11,"0,56000000",2022-04-29,2022-05-06,Rendimento,"0,59"
RZTR11,"1,25000000",2022-04-29,2022-05-06,Rendimento,"1,20"
VGHF11,"0,13000000",2022-04-29,2022-05-06,Rendimento,"1,28"
AIEC11,"0,72000000",2022-04-29,2022-05-09,Rendimento,"0,90"
GGRC11,"0,09000000",2022-05-02,2022-05-09,Rendimento,"0,08"
PATL11,"0,58000000",2022-04-29,2022-05-09,Rendimento,"0,76"
TGAR11,"1,44000000",2022-04-29,2022-05-09,Rendimento,"1,20"
BRCO11,"0,63000000",2022-04-29,2022-05-10,Rendimento,"0,62"
HABT11,"1,25000000",2022-04-29,2022-05-12,Rendimento,"1,20"
KCRE11,"0,10600000",2022-04-29,2022-05-12,Rendimento,"0,00"
KNCR11,"0,97000000",2022-04-29,2022-05-12,Rendimento,"0,95"
KNHY11,"1,55000000",2022-04-29,2022-05-12,Rendimento,"1,50"
KNIP11,"1,70000000",2022-04-29,2022-05-12,Rendimento,"1,65"
KNSC11,"0,11400000",2022-04-29,2022-05-12,Rendimento,"0,12"
VCJR11,"1,49000000",2022-04-29,2022-05-12,Rendimento,"1,51"
BCRI11,"1,30000000",2022-04-29,2022-05-13,Rendimento,"1,18"
BLMG11,"0,80000000",2022-05-06,2022-05-13,Rendimento,"0,95"
BRCR11,"0,50000000",2022-05-06,2022-05-13,Rendimento,"0,73"
BTCI11,"0,12222222",2022-05-06,2022-05-13,Rendimento,"0,13"
CACR11,"1,50000000",2022-04-29,2022-05-13,Rendimento,"1,40"
CYCR11,"0,13500000",2022-04-29,2022-05-13,Rendimento,"0,14"
DEVA11,"1,40000000",2022-05-06,2022-05-13,Rendimento,"1,43"
FATN11,"0,80000000",2022-05-05,2022-05-13,Rendimento,"0,81"
GARE11,"0,08200000",2022-04-29,2022-05-13,Rendimento,"0,09"
GTWR11,"0,74000000",2022-04-29,2022-05-13,Rendimento,"0,97"
HCTR11,"1,75000000",2022-05-06,2022-05-13,Rendimento,"1,64"
HFOF11,"0,06000000",2022-04-29,2022-05-13,Rendimento,"0,08"
HGBS11,"0,12000000",2022-04-29,2022-05-13,Rendimento,"0,07"
HGCR11,"1,10000000",2022-04-29,2022-05-13,Rendimento,"1,04"
HGLG11,"1,10000000",2022-04-29,2022-05-13,Rendimento,"0,67"
HGRE11,"0,78000000",2022-04-29,2022-05-13,Rendimento,"0,61"
HGRU11,"0,82000000",2022-04-29,2022-05-13,Rendimento,"0,71"
HSLG11,"0,63000000",2022-04-29,2022-05-13,Rendimento,"0,70"
JSAF11,"0,09300000",2022-04-29,2022-05-13,Rendimento,"0,11"
KFOF11,"0,68000000",2022-04-29,2022-05-13,Rendimento,"0,85"
KISU11,"0,06500000",2022-04-29,2022-05-13,Rendimento,"0,85"
KIVO11,"1,35000000",2022-04-29,2022-05-13,Rendimento,"1,35"
KNRI11,"0,84000000",2022-04-29,2022-05-13,Rendimento,"0,61"
MFII11,"1,11000000",2022-04-29,2022-05-13,Rendimento,"1,07"
MXRF11,"0,11000000",2022-04-29,2022-05-13,Rendimento,"1,10"
OUJP11,"1,30000000",2022-04-29,2022-05-13,Rendimento,"1,36"
PMLL11,"0,72000000",2022-04-29,2022-05-13,Rendimento,"0,70"
RBFF11,"0,48000000",2022-04-29,2022-05-13,Rendimento,"0,91"
RBRL11,"0,65000000",2022-05-06,2022-05-13,Rendimento,"0,75"
RBRP11,"0,45000000",2022-05-06,2022-05-13,Rendimento,"0,71"
RBVA11,"0,09200000",2022-04-29,2022-05-13,Rendimento,"0,09"
RCRB11,"0,60000000",2022-05-05,2022-05-13,Rendimento,"0,48"
RECR11,"1,50240000",2022-05-06,2022-05-13,Rendimento,"1,50"
SARE11,"0,06200000",2022-04-29,2022-05-13,Rendimento,"0,08"
TEPP11,"0,49000000",2022-04-29,2022-05-13,Rendimento,"0,70"
TRBL11,"0,76000000",2022-04-29,2022-05-13,Rendimento,"0,84"
TRXF11,"0,80000000",2022-04-29,2022-05-13,Rendimento,"0,80"
TVRI11,"0,89000000",2022-04-29,2022-05-13,Rendimento,"1,03"
URPR11,"1,84000000",2022-04-29,2022-05-13,Rendimento,"1,72"
VILG11,"0,70000000",2022-04-29,2022-05-13,Rendimento,"0,69"
VINO11,"0,06800000",2022-04-29,2022-05-13,Rendimento,"0,13"
VISC11,"0,70000000",2022-04-29,2022-05-13,Rendimento,"0,68"
VRTA11,"1,20000000",2022-04-29,2022-05-13,Rendimento,"1,17"
XPCI11,"1,18000000",2022-04-29,2022-05-13,Rendimento,"1,22"
XPLG11,"0,66000000",2022-04-29,2022-05-13,Rendimento,"0,67"
XPSF11,"0,06800000",2022-04-29,2022-05-13,Rendimento,"0,09"
CVBI11,"1,50000000",2022-05-09,2022-05-16,Rendimento,"1,48"
RVBI11,"0,75000000",2022-05-09,2022-05-16,Rendimento,"0,97"
IRDM11,"1,26096203",2022-05-10,2022-05-17,Rendimento,"1,19"
RBRF11,"0,06000000",2022-05-10,2022-05-17,Rendimento,"0,08"
RBRR11,"1,20000000",2022-05-10,2022-05-17,Rendimento,"1,17"
RBRY11,"1,25000000",2022-05-10,2022-05-17,Rendimento,"1,19"
CPTS11,"0,10800000",2022-05-11,2022-05-18,Rendimento,"0,11"
MCCI11,"1,00000000",2022-05-11,2022-05-18,Rendimento,"1,00"
VGIP11,"1,50000000",2022-05-11,2022-05-18,Rendimento,"1,50"
VGIR11,"0,12000000",2022-05-11,2022-05-18,Rendimento,"0,12"
AFHI11,"1,35000000",2022-05-13,2022-05-20,Rendimento,"1,35"
JSRE11,"0,49000000",2022-04-29,2022-05-20,Rendimento,"0,63"
RZAK11,"1,80000000",2022-05-13,2022-05-20,Rendimento,"1,82"
RZAT11,"2,02000000",2022-05-13,2022-05-20,Rendimento,"1,90"
MCRE11,"0,15000000",2022-05-16,2022-05-23,Rendimento,"0,14"
ALZR11,"0,07756100",2022-05-18,2022-05-25,Rendimento,"0,07"
BPML11,"0,20000000",2022-05-18,2022-05-25,Rendimento,"0,29"
BTAL11,"0,83000000",2022-05-18,2022-05-25,Rendimento,"0,85"
BTLG11,"0,72000000",2022-05-13,2022-05-25,Rendimento,"0,70"
SNCI11,"1,45000000",2022-05-13,2022-05-25,Rendimento,"1,40"
SNFF11,"0,65000000",2022-05-13,2022-05-25,Rendimento,"0,78"
XPML11,"0,68000000",2022-05-18,2022-05-25,Rendimento,"0,70"
BCIA11,"0,71000000",2022-04-29,2022-05-27,Rendimento,"0,83"
ARRI11,"0,14100000",2022-05-31,2022-06-07,Rendimento,"0,15"
HSAF11,"1,25000000",2022-05-31,2022-06-07,Rendimento,"1,32"
HSML11,"0,62000000",2022-05-31,2022-06-07,Rendimento,"0,77"
LIFE11,"0,16700000",2022-05-31,2022-06-07,Rendimento,"0,00"
LVBI11,"0,74000000",2022-05-31,2022-06-07,Rendimento,"0,72"
PORD11,"0,15200000",2022-05-31,2022-06-07,Rendimento,"0,16"
PVBI11,"0,56000000",2022-05-31,2022-06-07,Rendimento,"0,59"
RZTR11,"1,25000000",2022-05-31,2022-06-07,Rendimento,"1,21"
VGHF11,"0,14000000",2022-05-31,2022-06-07,Rendimento,"1,42"
AIEC11,"0,72000000",2022-05-31,2022-06-08,Rendimento,"0,90"
CACR11,"1,41000000",2022-05-31,2022-06-08,Rendimento,"1,32"
GGRC11,"0,09300000",2022-06-01,2022-06-08,Rendimento,"0,09"
PATL11,"0,58000000",2022-05-31,2022-06-08,Rendimento,"0,76"
TGAR11,"1,53000000",2022-05-31,2022-06-08,Rendimento,"1,29"
BRCO11,"0,65000000",2022-05-31,2022-06-10,Rendimento,"0,65"
HABT11,"1,40000000",2022-05-31,2022-06-10,Rendimento,"1,35"
KCRE11,"0,14300000",2022-05-31,2022-06-13,Rendimento,"0,00"
KNCR11,"1,08000000",2022-05-31,2022-06-13,Rendimento,"1,05"
KNHY11,"1,75000000",2022-05-31,2022-06-13,Rendimento,"1,67"
KNIP11,"1,70000000",2022-05-31,2022-06-13,Rendimento,"1,64"
KNSC11,"0,13500000",2022-05-31,2022-06-13,Rendimento,"0,14"
RBFF11,"0,50000000",2022-05-31,2022-06-13,Rendimento,"0,98"
BLMG11,"0,80000000",2022-06-07,2022-06-14,Rendimento,"0,97"
BRCR11,"0,47000000",2022-06-07,2022-06-14,Rendimento,"0,70"
BTCI11,"0,12777778",2022-06-07,2022-06-14,Rendimento,"0,14"
CYCR11,"0,13500000",2022-05-31,2022-06-14,Rendimento,"0,13"
DEVA11,"1,60000000",2022-06-07,2022-06-14,Rendimento,"1,60"
FATN11,"0,83000000",2022-06-06,2022-06-14,Rendimento,"0,85"
GARE11,"0,08200000",2022-05-31,2022-06-14,Rendimento,"0,09"
GTWR11,"0,74000000",2022-05-31,2022-06-14,Rendimento,"1,02"
HCTR11,"1,77000000",2022-06-07,2022-06-14,Rendimento,"1,54"
HFOF11,"0,06000000",2022-05-31,2022-06-14,Rendimento,"0,08"
HGBS11,"0,12500000",2022-05-31,2022-06-14,Rendimento,"0,07"
HGCR11,"1,15000000",2022-05-31,2022-06-14,Rendimento,"1,09"
HGLG11,"1,10000000",2022-05-31,2022-06-14,Rendimento,"0,67"
HGRE11,"0,78000000",2022-05-31,2022-06-14,Rendimento,"0,60"
HGRU11,"0,82000000",2022-05-31,2022-06-14,Rendimento,"0,69"
HSLG11,"0,65000000",2022-05-31,2022-06-14,Rendimento,"0,75"
JSAF11,"0,09300000",2022-05-31,2022-06-14,Rendimento,"0,11"
KFOF11,"0,68000000",2022-05-31,2022-06-14,Rendimento,"0,85"
KISU11,"0,07500000",2022-05-31,2022-06-14,Rendimento,"0,98"
KIVO11,"1,55000000",2022-05-31,2022-06-14,Rendimento,"1,55"
KNRI11,"0,84000000",2022-05-31,2022-06-14,Rendimento,"0,63"
MFII11,"1,10000000",2022-05-31,2022-06-14,Rendimento,"1,10"
MXRF11,"0,11000000",2022-05-31,2022-06-14,Rendimento,"1,11"
OUJP11,"1,40000000",2022-05-31,2022-06-14,Rendimento,"1,47"
PMLL11,"0,72000000",2022-05-31,2022-06-14,Rendimento,"0,71"
RBRL11,"0,65000000",2022-06-07,2022-06-14,Rendimento,"0,74"
RBRP11,"0,45000000",2022-06-07,2022-06-14,Rendimento,"0,70"
RECR11,"1,72050000",2022-06-07,2022-06-14,Rendimento,"1,69"
SARE11,"0,06200000",2022-05-31,2022-06-14,Rendimento,"0,08"
TEPP11,"0,50000000",2022-05-31,2022-06-14,Rendimento,"0,73"
TRXF11,"0,85000000",2022-05-31,2022-06-14,Rendimento,"0,86"
TVRI11,"0,89000000",2022-05-31,2022-06-14,Rendimento,"1,06"
URPR11,"2,01000000",2022-05-31,2022-06-14,Rendimento,"1,81"
VCJR11,"1,75000000",2022-05-31,2022-06-14,Rendimento,"1,77"
VILG11,"0,70000000",2022-05-31,2022-06-14,Rendimento,"0,70"
VINO11,"0,06800000",2022-05-31,2022-06-14,Rendimento,"0,14"
VISC11,"0,70000000",2022-05-31,2022-06-14,Rendimento,"0,69"
XPCI11,"1,22000000",2022-05-31,2022-06-14,Rendimento,"1,29"
XPLG11,"0,68000000",2022-05-31,2022-06-14,Rendimento,"0,71"
XPSF11,"0,06900000",2022-05-31,2022-06-14,Rendimento,"0,96"
BCRI11,"1,45000000",2022-05-31,2022-06-15,Rendimento,"1,33"
RBVA11,"0,09200000",2022-05-31,2022-06-15,Rendimento,"0,10"
RCRB11,"0,72000000",2022-06-07,2022-06-15,Rendimento,"0,56"
RVBI11,"0,75000000",2022-06-08,2022-06-15,Rendimento,"0,98"
TRBL11,"0,76000000",2022-05-31,2022-06-15,Rendimento,"0,83"
VRTA11,"1,25000000",2022-05-31,2022-06-15,Rendimento,"1,25"
CVBI11,"1,50000000",2022-06-09,2022-06-17,Rendimento,"1,48"
IRDM11,"1,35246083",2022-06-09,2022-06-17,Rendimento,"1,28"
RBRF11,"0,06000000",2022-06-09,2022-06-17,Rendimento,"0,08"
RBRR11,"1,20000000",2022-06-09,2022-06-17,Rendimento,"1,19"
RBRY11,"1,25000000",2022-06-09,2022-06-17,Rendimento,"1,22"
CPTS11,"0,11200000",2022-06-10,2022-06-20,Rendimento,"0,12"
MCCI11,"1,10000000",2022-06-10,2022-06-20,Rendimento,"1,11"
VGIP11,"1,75000000",2022-06-10,2022-06-20,Rendimento,"1,74"
VGIR11,"0,13000000",2022-06-10,2022-06-20,Rendimento,"0,13"
AFHI11,"1,40000000",2022-06-14,2022-06-22,Rendimento,"1,37"
JSRE11,"0,49000000",2022-05-31,2022-06-22,Rendimento,"0,63"
RZAK11,"1,80000000",2022-06-14,2022-06-22,Rendimento,"1,82"
RZAT11,"1,86000000",2022-06-14,2022-06-22,Rendimento,"1,71"
MCRE11,"0,14000000",2022-06-15,2022-06-23,Rendimento,"0,12"
RBRX11,"0,21000000",2022-06-15,2022-06-23,Rendimento,"0,00"
ALZR11,"0,07806817",2022-06-17,2022-06-24,Rendimento,"0,07"
BTLG11,"0,72000000",2022-06-15,2022-06-24,Rendimento,"0,71"
SNCI11,"1,40000000",2022-06-15,2022-06-24,Rendimento,"1,35"
SNFF11,"1,30000000",2022-06-15,2022-06-24,Rendimento,"1,59"
XPML11,"0,68000000",2022-06-17,2022-06-24,Rendimento,"0,70"
BPML11,"0,15000000",2022-06-20,2022-06-27,Rendimento,"0,23"
BTAL11,"0,83000000",2022-06-20,2022-06-27,Rendimento,"0,84"
BCIA11,"0,74000000",2022-05-31,2022-06-29,Rendimento,"0,88"
ARRI11,"0,11800000",2022-06-30,2022-07-07,Rendimento,"0,12"
HGCR11,"1,20000000",2022-06-30,2022-07-07,Rendimento,"1,14"
HGRU11,"1,20000000",2022-06-30,2022-07-07,Rendimento,"1,01"
HSAF11,"1,25000000",2022-06-30,2022-07-07,Rendimento,"1,33"
HSML11,"0,65000000",2022-06-30,2022-07-07,Rendimento,"0,83"
LIFE11,"0,14930000",2022-06-30,2022-07-07,Rendimento,"0,00"
LVBI11,"0,74000000",2022-06-30,2022-07-07,Rendimento,"0,74"
PORD11,"0,17200000",2022-06-30,2022-07-07,Rendimento,"0,18"
PVBI11,"0,56000000",2022-06-30,2022-07-07,Rendimento,"0,61"
RZTR11,"1,25000000",2022-06-30,2022-07-07,Rendimento,"1,24"
VGHF11,"0,13000000",2022-06-30,2022-07-07,Rendimento,"1,30"
AIEC11,"0,80000000",2022-06-30,2022-07-08,Rendimento,"1,05"
CACR11,"1,38000000",2022-06-30,2022-07-08,Rendimento,"1,32"
GGRC11,"0,09400000",2022-07-01,2022-07-08,Rendimento,"0,09"
PATL11,"0,58000000",2022-06-30,2022-07-08,Rendimento,"0,75"
TGAR11,"1,57000000",2022-06-30,2022-07-08,Rendimento,"1,36"
BRCO11,"0,77000000",2022-06-30,2022-07-12,Rendimento,"0,77"
HABT11,"1,30000000",2022-06-30,2022-07-12,Rendimento,"1,28"
KCRE11,"0,16500000",2022-06-30,2022-07-13,Rendimento,"0,16"
KNCR11,"1,05000000",2022-06-30,2022-07-13,Rendimento,"1,03"
KNHY11,"1,28000000",2022-06-30,2022-07-13,Rendimento,"1,23"
KNIP11,"1,50000000",2022-06-30,2022-07-13,Rendimento,"1,49"
KNSC11,"0,10900000",2022-06-30,2022-07-13,Rendimento,"0,12"
VCJR11,"1,30000000",2022-06-30,2022-07-13,Rendimento,"1,29"
BLMG11,"0,80000000",2022-07-07,2022-07-14,Rendimento,"1,03"
BRCR11,"0,47000000",2022-07-07,2022-07-14,Rendimento,"0,79"
BTCI11,"0,13305778",2022-07-07,2022-07-14,Rendimento,"0,15"
CYCR11,"0,11500000",2022-06-30,2022-07-14,Rendimento,"0,11"
DEVA11,"1,41000000",2022-07-07,2022-07-14,Rendimento,"1,41"
FATN11,"0,84000000",2022-07-06,2022-07-14,Rendimento,"0,88"
GARE11,"0,08000000",2022-06-30,2022-07-14,Rendimento,"0,09"
GTWR11,"0,74000000",2022-06-30,2022-07-14,Rendimento,"1,04"
HCTR11,"1,50000000",2022-07-07,2022-07-14,Rendimento,"1,31"
HFOF11,"0,06000000",2022-06-30,2022-07-14,Rendimento,"0,09"
HGBS11,"0,14000000",2022-06-30,2022-07-14,Rendimento,"0,08"
HGLG11,"3,30000000",2022-06-30,2022-07-14,Rendimento,"2,00"
HGRE11,"0,78000000",2022-06-30,2022-07-14,Rendimento,"0,60"
HSLG11,"0,65000000",2022-06-30,2022-07-14,Rendimento,"0,77"
JSAF11,"0,09300000",2022-06-30,2022-07-14,Rendimento,"0,11"
JSRE11,"0,49000000",2022-06-30,2022-07-14,Rendimento,"0,64"
KFOF11,"0,70000000",2022-06-30,2022-07-14,Rendimento,"0,93"
KISU11,"0,10000000",2022-06-30,2022-07-14,Rendimento,"1,31"
KIVO11,"1,65000000",2022-06-30,2022-07-14,Rendimento,"1,66"
KNRI11,"0,84000000",2022-06-30,2022-07-14,Rendimento,"0,64"
MFII11,"1,10000000",2022-06-30,2022-07-14,Rendimento,"1,16"
MXRF11,"0,10000000",2022-06-30,2022-07-14,Rendimento,"1,03"
OUJP11,"1,47000000",2022-06-30,2022-07-14,Rendimento,"1,52"
PMLL11,"0,72000000",2022-06-30,2022-07-14,Rendimento,"0,71"
RBRL11,"0,69600000",2022-07-07,2022-07-14,Rendimento,"0,82"
RBRP11,"0,45000000",2022-07-07,2022-07-14,Rendimento,"0,78"
RECR11,"1,15000000",2022-07-07,2022-07-14,Rendimento,"1,14"
SARE11,"0,07000000",2022-06-30,2022-07-14,Rendimento,"0,10"
TEPP11,"0,50000000",2022-06-30,2022-07-14,Rendimento,"0,73"
TRXF11,"1,05000000",2022-06-30,2022-07-14,Rendimento,"1,07"
TVRI11,"0,89000000",2022-06-30,2022-07-14,Rendimento,"1,11"
URPR11,"1,85000000",2022-06-30,2022-07-14,Rendimento,"1,65"
VILG11,"0,71000000",2022-06-30,2022-07-14,Rendimento,"0,74"
VINO11,"0,06800000",2022-06-30,2022-07-14,Rendimento,"0,15"
VISC11,"0,70000000",2022-06-30,2022-07-14,Rendimento,"0,69"
VRTA11,"1,21000000",2022-06-30,2022-07-14,Rendimento,"1,24"
WHGR11,"0,11000000",2022-06-30,2022-07-14,Rendimento,"1,08"
XPCI11,"1,05000000",2022-06-30,2022-07-14,Rendimento,"1,11"
XPLG11,"0,70000000",2022-06-30,2022-07-14,Rendimento,"0,75"
XPSF11,"0,07000000",2022-06-30,2022-07-14,Rendimento,"0,98"
BCRI11,"1,47000000",2022-06-30,2022-07-15,Rendimento,"1,34"
CVBI11,"1,30000000",2022-07-08,2022-07-15,Rendimento,"1,30"
RBFF11,"0,52000000",2022-06-30,2022-07-15,Rendimento,"0,98"
RBVA11,"0,11000000",2022-06-30,2022-07-15,Rendimento,"0,12"
RCRB11,"0,72000000",2022-07-07,2022-07-15,Rendimento,"0,57"
RVBI11,"0,75000000",2022-07-08,2022-07-15,Rendimento,"1,00"
TRBL11,"0,76000000",2022-06-30,2022-07-15,Rendimento,"0,87"
IRDM11,"1,28704158",2022-07-11,2022-07-18,Rendimento,"1,23"
RBRF11,"0,07100421",2022-07-11,2022-07-18,Rendimento,"0,10"
RBRR11,"1,26600000",2022-07-11,2022-07-18,Rendimento,"1,26"
RBRY11,"1,41036656",2022-07-11,2022-07-18,Rendimento,"1,39"
CPTS11,"0,11000000",2022-07-12,2022-07-19,Rendimento,"0,12"
MCCI11,"1,10000000",2022-07-12,2022-07-19,Rendimento,"1,12"
VGIP11,"1,42000000",2022-07-12,2022-07-19,Rendimento,"1,44"
VGIR11,"0,11900000",2022-07-12,2022-07-19,Rendimento,"0,12"
AFHI11,"1,40000000",2022-07-14,2022-07-21,Rendimento,"1,41"
MANA11,"0,08000000",2022-06-30,2022-07-21,Rendimento,"0,00"
RZAK11,"1,64902911",2022-07-14,2022-07-21,Rendimento,"1,67"
RZAT11,"1,16759832",2022-07-14,2022-07-21,Rendimento,"1,10"
MCRE11,"0,14000000",2022-07-15,2022-07-22,Rendimento,"0,13"
RBRX11,"0,09755368",2022-07-15,2022-07-22,Rendimento,"0,00"
ALZR11,"0,07847294",2022-07-18,2022-07-25,Rendimento,"0,07"
BTLG11,"0,82000000",2022-07-15,2022-07-25,Rendimento,"0,84"
SNCI11,"1,30000000",2022-07-15,2022-07-25,Rendimento,"1,26"
SNFF11,"0,65000000",2022-07-15,2022-07-25,Rendimento,"0,72"
XPML11,"0,69000000",2022-07-18,2022-07-25,Rendimento,"0,74"
BTAL11,"0,83000000",2022-07-19,2022-07-26,Rendimento,"0,89"
BCIA11,"0,74000000",2022-06-30,2022-07-28,Rendimento,"0,90"
ARRI11,"0,13100000",2022-07-29,2022-08-05,Rendimento,"0,14"
GARE11,"0,07899280",2022-07-29,2022-08-05,Rendimento,"0,09"
HSAF11,"1,00000000",2022-07-29,2022-08-05,Rendimento,"1,07"
HSML11,"0,65000000",2022-07-29,2022-08-05,Rendimento,"0,83"
KFOF11,"0,70000000",2022-07-29,2022-08-05,Rendimento,"0,94"
LIFE11,"0,14000000",2022-07-29,2022-08-05,Rendimento,"0,00"
LVBI11,"0,74000000",2022-07-29,2022-08-05,Rendimento,"0,74"
PORD11,"0,15000000",2022-07-29,2022-08-05,Rendimento,"0,15"
PVBI11,"0,56000000",2022-07-29,2022-08-05,Rendimento,"0,61"
VGHF11,"0,12000000",2022-07-29,2022-08-05,Rendimento,"1,20"
AIEC11,"0,72000000",2022-07-29,2022-08-08,Rendimento,"0,97"
CACR11,"1,52000000",2022-07-29,2022-08-08,Rendimento,"1,54"
GGRC11,"0,08600000",2022-08-01,2022-08-08,Rendimento,"0,08"
PATL11,"0,58000000",2022-07-29,2022-08-08,Rendimento,"0,79"
TGAR11,"1,58000000",2022-07-29,2022-08-08,Rendimento,"1,31"
KCRE11,"0,12000000",2022-07-29,2022-08-11,Rendimento,"0,12"
KNCR11,"1,15000000",2022-07-29,2022-08-11,Rendimento,"1,12"
KNHY11,"1,16000000",2022-07-29,2022-08-11,Rendimento,"1,18"
KNIP11,"1,04000000",2022-07-29,2022-08-11,Rendimento,"1,07"
KNSC11,"0,09100000",2022-07-29,2022-08-11,Rendimento,"0,10"
VCJR11,"1,00000000",2022-07-29,2022-08-11,Rendimento,"1,07"
BLMG11,"0,80000000",2022-08-05,2022-08-12,Rendimento,"1,04"
BRCO11,"0,65000000",2022-07-29,2022-08-12,Rendimento,"0,65"
BRCR11,"0,47000000",2022-08-05,2022-08-12,Rendimento,"0,81"
BTCI11,"0,11666667",2022-08-05,2022-08-12,Rendimento,"0,13"
CYCR11,"0,10000000",2022-07-29,2022-08-12,Rendimento,"0,10"
DEVA11,"1,25000000",2022-08-05,2022-08-12,Rendimento,"1,27"
FATN11,"0,86000000",2022-08-04,2022-08-12,Rendimento,"0,88"
GTWR11,"0,74000000",2022-07-29,2022-08-12,Rendimento,"1,04"
HABT11,"1,30000000",2022-07-29,2022-08-12,Rendimento,"1,31"
HCTR11,"1,25000000",2022-08-05,2022-08-12,Rendimento,"1,12"
HFOF11,"0,06200000",2022-07-29,2022-08-12,Rendimento,"0,09"
HGBS11,"0,13000000",2022-07-29,2022-08-12,Rendimento,"0,07"
HGCR11,"1,20000000",2022-07-29,2022-08-12,Rendimento,"1,16"
HGLG11,"1,10000000",2022-07-29,2022-08-12,Rendimento,"0,65"
HGRE11,"0,78000000",2022-07-29,2022-08-12,Rendimento,"0,64"
HGRU11,"0,82000000",2022-07-29,2022-08-12,Rendimento,"0,69"
HSLG11,"0,68000000",2022-07-29,2022-08-12,Rendimento,"0,80"
JSAF11,"0,09300000",2022-07-29,2022-08-12,Rendimento,"0,12"
JSRE11,"0,49000000",2022-07-29,2022-08-12,Rendimento,"0,64"
KISU11,"0,07000000",2022-07-29,2022-08-12,Rendimento,"0,88"
KIVO11,"1,25000000",2022-07-29,2022-08-12,Rendimento,"1,22"
KNRI11,"0,91000000",2022-07-29,2022-08-12,Rendimento,"0,67"
MFII11,"1,10000000",2022-07-29,2022-08-12,Rendimento,"1,18"
MXRF11,"0,12000000",2022-07-29,2022-08-12,Rendimento,"1,22"
OUJP11,"1,35000000",2022-07-29,2022-08-12,Rendimento,"1,41"
PMLL11,"0,75000000",2022-07-29,2022-08-12,Rendimento,"0,74"
RBRL11,"0,65000000",2022-08-05,2022-08-12,Rendimento,"0,74"
RBRP11,"0,45000000",2022-08-05,2022-08-12,Rendimento,"0,82"
RBRR11,"1,10000000",2022-08-05,2022-08-12,Rendimento,"1,12"
RECR11,"1,02050000",2022-08-05,2022-08-12,Rendimento,"1,06"
RZTR11,"1,25000000",2022-07-29,2022-08-12,Rendimento,"1,23"
SARE11,"0,06500000",2022-07-29,2022-08-12,Rendimento,"0,09"
TEPP11,"0,49000000",2022-07-29,2022-08-12,Rendimento,"0,68"
TRXF11,"0,85000000",2022-07-29,2022-08-12,Rendimento,"0,82"
TVRI11,"0,92000000",2022-07-29,2022-08-12,Rendimento,"1,15"
URPR11,"1,20000000",2022-07-29,2022-08-12,Rendimento,"1,12"
VILG11,"0,72000000",2022-07-29,2022-08-12,Rendimento,"0,76"
VINO11,"0,06800000",2022-07-29,2022-08-12,Rendimento,"0,15"
VISC11,"0,71000000",2022-07-29,2022-08-12,Rendimento,"0,70"
WHGR11,"0,11000000",2022-07-29,2022-08-12,Rendimento,"1,10"
XPCI11,"1,02000000",2022-07-29,2022-08-12,Rendimento,"1,09"
XPLG11,"0,72000000",2022-07-29,2022-08-12,Rendimento,"0,74"
XPSF11,"0,07100000",2022-07-29,2022-08-12,Rendimento,"0,98"
BCRI11,"1,35000000",2022-07-29,2022-08-15,Rendimento,"1,25"
CVBI11,"1,00000000",2022-08-08,2022-08-15,Rendimento,"1,03"
RBFF11,"0,50000000",2022-07-29,2022-08-15,Rendimento,"0,90"
RBVA11,"0,10000000",2022-07-29,2022-08-15,Rendimento,"0,11"
RCRB11,"0,72000000",2022-08-05,2022-08-15,Rendimento,"0,59"
RVBI11,"0,75000000",2022-08-08,2022-08-15,Rendimento,"0,99"
TRBL11,"0,76000000",2022-07-29,2022-08-15,Rendimento,"0,86"
VRTA11,"1,10000000",2022-07-29,2022-08-15,Rendimento,"1,15"
IRDM11,"1,32706721",2022-08-09,2022-08-16,Rendimento,"1,30"
RBRF11,"0,06000000",2022-08-09,2022-08-16,Rendimento,"0,08"
RBRY11,"1,35000000",2022-08-09,2022-08-16,Rendimento,"1,32"
CPTS11,"0,11000000",2022-08-10,2022-08-17,Rendimento,"0,12"
MCCI11,"1,10000000",2022-08-10,2022-08-17,Rendimento,"1,13"
VGIP11,"1,00000000",2022-08-10,2022-08-17,Rendimento,"1,07"
VGIR11,"0,13000000",2022-08-10,2022-08-17,Rendimento,"0,13"
AFHI11,"1,30000000",2022-08-12,2022-08-19,Rendimento,"1,31"
MANA11,"0,11000000",2022-07-29,2022-08-19,Rendimento,"0,00"
RZAK11,"1,50000000",2022-08-12,2022-08-19,Rendimento,"1,50"
RZAT11,"1,02000000",2022-08-12,2022-08-19,Rendimento,"0,99"
MCRE11,"0,14000000",2022-08-15,2022-08-22,Rendimento,"0,13"
RBRX11,"0,02923620",2022-08-15,2022-08-22,Rendimento,"0,00"
BTAL11,"0,83000000",2022-08-17,2022-08-24,Rendimento,"0,87"
ALZR11,"0,07819229",2022-08-18,2022-08-25,Rendimento,"0,07"
BTLG11,"0,74000000",2022-08-15,2022-08-25,Rendimento,"0,73"
SNCI11,"1,25000000",2022-08-15,2022-08-25,Rendimento,"1,23"
SNFF11,"0,65000000",2022-08-15,2022-08-25,Rendimento,"0,72"
XPML11,"0,70000000",2022-08-18,2022-08-25,Rendimento,"0,67"
BCIA11,"0,74000000",2022-07-29,2022-08-26,Rendimento,"0,89"
ARRI11,"0,11000000",2022-08-31,2022-09-08,Rendimento,"1,17"
GARE11,"0,08200000",2022-08-31,2022-09-08,Rendimento,"0,84"
HSAF11,"1,00000000",2022-08-31,2022-09-08,Rendimento,"1,15"
HSML11,"0,67000000",2022-08-31,2022-09-08,Rendimento,"0,73"
HTMX11,"0,86450100",2022-08-31,2022-09-08,Rendimento,"0,76"
LIFE11,"0,13200000",2022-08-31,2022-09-08,Rendimento,"0,00"
LVBI11,"0,75000000",2022-08-31,2022-09-08,Rendimento,"0,67"
PVBI11,"0,56000000",2022-08-31,2022-09-08,Rendimento,"0,57"
RZTR11,"1,25000000",2022-08-31,2022-09-08,Rendimento,"1,19"
VGHF11,"0,12000000",2022-08-31,2022-09-08,Rendimento,"1,21"
AIEC11,"0,73000000",2022-08-31,2022-09-09,Rendimento,"0,92"
CACR11,"1,54000000",2022-08-31,2022-09-09,Rendimento,"1,52"
GGRC11,"0,09000000",2022-09-01,2022-09-09,Rendimento,"0,07"
PATL11,"0,58000000",2022-08-31,2022-09-09,Rendimento,"0,74"
TGAR11,"1,59000000",2022-08-31,2022-09-09,Rendimento,"1,26"
HABT11,"1,03000000",2022-08-31,2022-09-12,Rendimento,"1,07"
BRCO11,"0,70000000",2022-08-31,2022-09-14,Rendimento,"0,64"
KCRE11,"0,10000000",2022-08-31,2022-09-14,Rendimento,"0,11"
KNCR11,"1,30000000",2022-08-31,2022-09-14,Rendimento,"1,26"
KNHY11,"0,76000000",2022-08-31,2022-09-14,Rendimento,"0,78"
KNIP11,"0,58000000",2022-08-31,2022-09-14,Rendimento,"0,62"
KNSC11,"0,07000000",2022-08-31,2022-09-14,Rendimento,"0,08"
VCJR11,"0,70000000",2022-08-31,2022-09-14,Rendimento,"0,77"
BCRI11,"1,29000000",2022-08-31,2022-09-15,Rendimento,"1,23"
BLMG11,"0,80000000",2022-09-08,2022-09-15,Rendimento,"0,94"
BRCR11,"0,47000000",2022-09-08,2022-09-15,Rendimento,"0,67"
BTCI11,"0,10000000",2022-09-08,2022-09-15,Rendimento,"0,11"
CYCR11,"0,10000000",2022-08-31,2022-09-15,Rendimento,"0,11"
DEVA11,"1,00000000",2022-09-08,2022-09-15,Rendimento,"1,02"
FATN11,"0,86000000",2022-09-06,2022-09-15,Rendimento,"0,87"
GTWR11,"0,74000000",2022-08-31,2022-09-15,Rendimento,"0,89"
HCTR11,"1,10000000",2022-09-08,2022-09-15,Rendimento,"1,01"
HFOF11,"0,06200000",2022-08-31,2022-09-15,Rendimento,"0,08"
HGBS11,"0,13000000",2022-08-31,2022-09-15,Rendimento,"0,06"
HGCR11,"1,20000000",2022-08-31,2022-09-15,Rendimento,"1,15"
HGLG11,"1,10000000",2022-08-31,2022-09-15,Rendimento,"0,64"
HGRE11,"0,78000000",2022-08-31,2022-09-15,Rendimento,"0,55"
HGRU11,"0,82000000",2022-08-31,2022-09-15,Rendimento,"0,64"
HSLG11,"0,69000000",2022-08-31,2022-09-15,Rendimento,"0,72"
JSAF11,"0,09300000",2022-08-31,2022-09-15,Rendimento,"0,11"
JSRE11,"0,49000000",2022-08-31,2022-09-15,Rendimento,"0,56"
KFOF11,"0,70000000",2022-08-31,2022-09-15,Rendimento,"0,81"
KISU11,"0,07000000",2022-08-31,2022-09-15,Rendimento,"0,84"
KIVO11,"1,25000000",2022-08-31,2022-09-15,Rendimento,"1,24"
KNRI11,"0,91000000",2022-08-31,2022-09-15,Rendimento,"0,59"
MFII11,"1,10000000",2022-08-31,2022-09-15,Rendimento,"1,13"
MXRF11,"0,11000000",2022-08-31,2022-09-15,Rendimento,"1,07"
OUJP11,"1,25000000",2022-08-31,2022-09-15,Rendimento,"1,31"
PMLL11,"0,77000000",2022-08-31,2022-09-15,Rendimento,"0,70"
PORD11,"0,11500000",2022-08-31,2022-09-15,Rendimento,"0,12"
RBFF11,"0,50000000",2022-08-31,2022-09-15,Rendimento,"0,83"
RBRL11,"0,65000000",2022-09-08,2022-09-15,Rendimento,"0,68"
RBRP11,"0,45000000",2022-09-08,2022-09-15,Rendimento,"0,74"
RBVA11,"0,10200000",2022-08-31,2022-09-15,Rendimento,"0,10"
RCRB11,"0,72000000",2022-09-06,2022-09-15,Rendimento,"0,52"
RECR11,"0,80000000",2022-09-08,2022-09-15,Rendimento,"0,85"
SARE11,"0,06500000",2022-08-31,2022-09-15,Rendimento,"0,08"
SPXS11,"0,05550192",2022-09-08,2022-09-15,Rendimento,"0,06"
TEPP11,"0,49000000",2022-08-31,2022-09-15,Rendimento,"0,59"
TRBL11,"0,76000000",2022-08-31,2022-09-15,Rendimento,"0,77"
TRXF11,"0,85000000",2022-08-31,2022-09-15,Rendimento,"0,77"
TVRI11,"0,92000000",2022-08-31,2022-09-15,Rendimento,"1,02"
URPR11,"1,62000000",2022-08-31,2022-09-15,Rendimento,"1,55"
VILG11,"0,72000000",2022-08-31,2022-09-15,Rendimento,"0,67"
VINO11,"0,06800000",2022-08-31,2022-09-15,Rendimento,"0,13"
VISC11,"0,72000000",2022-08-31,2022-09-15,Rendimento,"0,64"
VRTA11,"1,10000000",2022-08-31,2022-09-15,Rendimento,"1,17"
WHGR11,"0,11000000",2022-08-31,2022-09-15,Rendimento,"1,15"
XPCI11,"0,96000000",2022-08-31,2022-09-15,Rendimento,"1,01"
XPLG11,"0,72000000",2022-08-31,2022-09-15,Rendimento,"0,67"
XPSF11,"0,07500000",2022-08-31,2022-09-15,Rendimento,"0,95"
CVBI11,"0,74000000",2022-09-09,2022-09-16,Rendimento,"0,81"
RVBI11,"0,75000000",2022-09-09,2022-09-16,Rendimento,"0,92"
IRDM11,"1,26501245",2022-09-12,2022-09-19,Rendimento,"1,23"
RBRF11,"0,06000000",2022-09-12,2022-09-19,Rendimento,"0,08"
RBRR11,"1,00000000",2022-09-12,2022-09-19,Rendimento,"1,04"
RBRY11,"1,20000000",2022-09-12,2022-09-19,Rendimento,"1,15"
CPTS11,"0,11000000",2022-09-13,2022-09-20,Rendimento,"0,12"
MCCI11,"1,10000000",2022-09-13,2022-09-20,Rendimento,"1,12"
VGIP11,"1,00000000",2022-09-13,2022-09-20,Rendimento,"1,09"
VGIR11,"0,13000000",2022-09-13,2022-09-20,Rendimento,"1,29"
AFHI11,"1,15000000",2022-09-15,2022-09-22,Rendimento,"1,15"
MANA11,"0,12000000",2022-08-31,2022-09-22,Rendimento,"1,17"
RZAK11,"1,66000000",2022-09-15,2022-09-22,Rendimento,"1,63"
RZAT11,"0,90000000",2022-09-15,2022-09-22,Rendimento,"0,86"
ALZR11,"0,56506966",2022-09-16,2022-09-23,Rendimento,"0,47"
BPML11,"0,30000000",2022-09-16,2022-09-23,Rendimento,"0,48"
BTLG11,"0,74000000",2022-09-15,2022-09-23,Rendimento,"0,71"
MCRE11,"0,14000000",2022-09-16,2022-09-23,Rendimento,"0,13"
RBRX11,"0,13000000",2022-09-15,2022-09-23,Rendimento,"0,13"
SNCI11,"1,15000000",2022-09-15,2022-09-23,Rendimento,"1,13"
SNFF11,"0,65000000",2022-09-15,2022-09-23,Rendimento,"0,72"
XPML11,"0,73000000",2022-09-16,2022-09-23,Rendimento,"0,70"
BTAL11,"0,83000000",2022-09-20,2022-09-27,Rendimento,"0,81"
BCIA11,"0,74000000",2022-08-31,2022-09-29,Rendimento,"0,81"
ARRI11,"0,14000000",2022-09-30,2022-10-07,Rendimento,"1,55"
GARE11,"0,08200000",2022-09-30,2022-10-07,Rendimento,"0,84"
HSML11,"0,68000000",2022-09-30,2022-10-07,Rendimento,"0,72"
HTMX11,"0,90171964",2022-09-30,2022-10-07,Rendimento,"0,78"
KNCR11,"1,20000000",2022-09-30,2022-10-07,Rendimento,"1,17"
LIFE11,"0,14000000",2022-09-30,2022-10-07,Rendimento,"0,00"
LVBI11,"0,75000000",2022-09-30,2022-10-07,Rendimento,"0,65"
MXRF11,"0,10000000",2022-09-30,2022-10-07,Rendimento,"0,97"
PORD11,"0,11000000",2022-09-30,2022-10-07,Rendimento,"0,11"
PVBI11,"0,57000000",2022-09-30,2022-10-07,Rendimento,"0,58"
VGHF11,"0,09000000",2022-09-30,2022-10-07,Rendimento,"0,91"
AIEC11,"0,73000000",2022-09-30,2022-10-10,Rendimento,"0,91"
CACR11,"1,56000000",2022-09-30,2022-10-10,Rendimento,"1,54"
GGRC11,"0,10200000",2022-10-03,2022-10-10,Rendimento,"0,09"
PATL11,"0,58000000",2022-09-30,2022-10-10,Rendimento,"0,69"
TGAR11,"1,59000000",2022-09-30,2022-10-10,Rendimento,"1,27"
HABT11,"1,00000000",2022-09-30,2022-10-11,Rendimento,"1,06"
BCRI11,"1,10000000",2022-09-30,2022-10-14,Rendimento,"1,05"
BRCO11,"0,70000000",2022-09-30,2022-10-14,Rendimento,"0,64"
HSLG11,"0,70000000",2022-09-30,2022-10-14,Rendimento,"0,72"
KCRE11,"0,03500000",2022-09-30,2022-10-14,Rendimento,"0,04"
KNHY11,"0,37000000",2022-09-30,2022-10-14,Rendimento,"0,38"
KNIP11,"0,35000000",2022-09-30,2022-10-14,Rendimento,"0,38"
KNSC11,"0,05000000",2022-09-30,2022-10-14,Rendimento,"0,06"
RBFF11,"0,51000000",2022-09-30,2022-10-14,Rendimento,"0,89"
RBVA11,"0,10700000",2022-09-30,2022-10-14,Rendimento,"0,11"
RCRB11,"0,72000000",2022-10-05,2022-10-14,Rendimento,"0,50"
VCJR11,"0,15000000",2022-09-30,2022-10-14,Rendimento,"0,17"
VRTA11,"1,00000000",2022-09-30,2022-10-14,Rendimento,"1,05"
BLMG11,"0,80000000",2022-10-07,2022-10-17,Rendimento,"0,89"
BRCR11,"0,47000000",2022-10-07,2022-10-17,Rendimento,"0,69"
BTCI11,"0,10000000",2022-10-07,2022-10-17,Rendimento,"0,11"
CYCR11,"0,10000000",2022-09-30,2022-10-17,Rendimento,"0,12"
DEVA11,"0,55000000",2022-10-07,2022-10-17,Rendimento,"0,57"
FATN11,"0,89000000",2022-10-06,2022-10-17,Rendimento,"0,91"
GTWR11,"0,74000000",2022-09-30,2022-10-17,Rendimento,"0,90"
HCTR11,"1,10000000",2022-10-07,2022-10-17,Rendimento,"1,06"
HFOF11,"0,06200000",2022-09-30,2022-10-17,Rendimento,"0,08"
HGBS11,"0,13500000",2022-09-30,2022-10-17,Rendimento,"0,06"
HGCR11,"1,20000000",2022-09-30,2022-10-17,Rendimento,"1,14"
HGLG11,"1,10000000",2022-09-30,2022-10-17,Rendimento,"0,64"
HGRE11,"0,78000000",2022-09-30,2022-10-17,Rendimento,"0,54"
HGRU11,"0,82000000",2022-09-30,2022-10-17,Rendimento,"0,63"
HSAF11,"1,00000000",2022-09-30,2022-10-17,Rendimento,"1,18"
JSAF11,"0,09300000",2022-09-30,2022-10-17,Rendimento,"0,11"
JSRE11,"0,49000000",2022-09-30,2022-10-17,Rendimento,"0,56"
KFOF11,"0,72000000",2022-09-30,2022-10-17,Rendimento,"0,78"
KISU11,"0,07500000",2022-09-30,2022-10-17,Rendimento,"0,89"
KIVO11,"1,15000000",2022-09-30,2022-10-17,Rendimento,"1,17"
KNRI11,"0,91000000",2022-09-30,2022-10-17,Rendimento,"0,60"
MFII11,"1,09000000",2022-09-30,2022-10-17,Rendimento,"1,13"
OUJP11,"1,20000000",2022-09-30,2022-10-17,Rendimento,"1,24"
PMLL11,"0,80000000",2022-09-30,2022-10-17,Rendimento,"0,73"
RBRL11,"0,65000000",2022-10-07,2022-10-17,Rendimento,"0,68"
RBRP11,"0,45000000",2022-10-07,2022-10-17,Rendimento,"0,74"
RECR11,"0,60000000",2022-10-07,2022-10-17,Rendimento,"0,66"
RZTR11,"1,25000000",2022-09-30,2022-10-17,Rendimento,"1,19"
SARE11,"0,06500000",2022-09-30,2022-10-17,Rendimento,"0,09"
SPXS11,"0,03248589",2022-10-07,2022-10-17,Rendimento,"0,03"
TEPP11,"0,49000000",2022-09-30,2022-10-17,Rendimento,"0,58"
TRBL11,"0,79000000",2022-09-30,2022-10-17,Rendimento,"0,81"
TRXF11,"0,85000000",2022-09-30,2022-10-17,Rendimento,"0,74"
TVRI11,"0,92000000",2022-09-30,2022-10-17,Rendimento,"1,00"
URPR11,"1,31000000",2022-09-30,2022-10-17,Rendimento,"1,27"
VILG11,"0,72000000",2022-09-30,2022-10-17,Rendimento,"0,65"
VINO11,"0,06800000",2022-09-30,2022-10-17,Rendimento,"0,14"
VISC11,"0,74000000",2022-09-30,2022-10-17,Rendimento,"0,66"
WHGR11,"0,08000000",2022-09-30,2022-10-17,Rendimento,"0,86"
XPCI11,"0,88000000",2022-09-30,2022-10-17,Rendimento,"1,00"
XPLG11,"0,74000000",2022-09-30,2022-10-17,Rendimento,"0,68"
XPSF11,"0,07600000",2022-09-30,2022-10-17,Rendimento,"0,98"
CVBI11,"0,66000000",2022-10-10,2022-10-18,Rendimento,"0,72"
RVBI11,"0,75000000",2022-10-10,2022-10-18,Rendimento,"0,93"
IRDM11,"0,85032020",2022-10-11,2022-10-19,Rendimento,"0,83"
RBRF11,"0,06300000",2022-10-11,2022-10-19,Rendimento,"0,08"
RBRR11,"0,70000000",2022-10-11,2022-10-19,Rendimento,"0,75"
RBRY11,"1,00000000",2022-10-11,2022-10-19,Rendimento,"0,98"
CPTS11,"0,10500000",2022-10-13,2022-10-20,Rendimento,"0,11"
MCCI11,"1,10000000",2022-10-13,2022-10-20,Rendimento,"1,14"
VGIP11,"0,45000000",2022-10-13,2022-10-20,Rendimento,"0,50"
VGIR11,"0,13000000",2022-10-13,2022-10-20,Rendimento,"1,30"
AFHI11,"1,00000000",2022-10-17,2022-10-24,Rendimento,"1,02"
MANA11,"0,12000000",2022-09-30,2022-10-24,Rendimento,"1,17"
RBRX11,"0,15000000",2022-10-17,2022-10-24,Rendimento,"0,16"
RZAK11,"1,45000000",2022-10-17,2022-10-24,Rendimento,"1,41"
RZAT11,"0,78000000",2022-10-17,2022-10-24,Rendimento,"0,77"
ALZR11,"0,07955000",2022-10-18,2022-10-25,Rendimento,"0,07"
BPML11,"0,30000000",2022-10-18,2022-10-25,Rendimento,"0,44"
BTLG11,"0,74000000",2022-10-14,2022-10-25,Rendimento,"0,72"
MCRE11,"0,14000000",2022-10-18,2022-10-25,Rendimento,"0,13"
SNCI11,"1,00000000",2022-10-14,2022-10-25,Rendimento,"0,99"
SNFF11,"0,65000000",2022-10-14,2022-10-25,Rendimento,"0,73"
XPML11,"0,75000000",2022-10-18,2022-10-25,Rendimento,"0,72"
BTAL11,"0,83000000",2022-10-20,2022-10-27,Rendimento,"0,82"
BCIA11,"0,76000000",2022-09-30,2022-10-31,Rendimento,"0,81"
ARRI11,"0,11000000",2022-10-31,2022-11-08,Rendimento,"1,17"
GARE11,"0,08200000",2022-10-31,2022-11-08,Rendimento,"0,85"
HSAF11,"1,00000000",2022-10-31,2022-11-08,Rendimento,"1,18"
HSML11,"0,68000000",2022-10-31,2022-11-08,Rendimento,"0,74"
HTMX11,"0,90685610",2022-10-31,2022-11-08,Rendimento,"0,78"
LIFE11,"0,13500000",2022-10-31,2022-11-08,Rendimento,"1,29"
LVBI11,"0,75000000",2022-10-31,2022-11-08,Rendimento,"0,68"
PORD11,"0,09000000",2022-10-31,2022-11-08,Rendimento,"0,09"
PVBI11,"0,57000000",2022-10-31,2022-11-08,Rendimento,"0,59"
RZTR11,"1,25000000",2022-10-31,2022-11-08,Rendimento,"1,20"
VGHF11,"0,09000000",2022-10-31,2022-11-08,Rendimento,"0,95"
AIEC11,"0,74000000",2022-10-31,2022-11-09,Rendimento,"0,98"
CACR11,"1,44000000",2022-10-31,2022-11-09,Rendimento,"1,41"
GGRC11,"0,10800000",2022-11-01,2022-11-09,Rendimento,"0,09"
PATL11,"0,58000000",2022-10-31,2022-11-09,Rendimento,"0,72"
TGAR11,"1,55000000",2022-10-31,2022-11-09,Rendimento,"1,23"
HABT11,"0,90000000",2022-10-31,2022-11-11,Rendimento,"0,93"
BCRI11,"1,00000000",2022-10-31,2022-11-14,Rendimento,"0,97"
BRCO11,"0,70000000",2022-10-31,2022-11-14,Rendimento,"0,64"
KCRE11,"0,03500000",2022-10-31,2022-11-14,Rendimento,"0,04"
KNCR11,"1,10000000",2022-10-31,2022-11-14,Rendimento,"1,08"
KNHY11,"0,47000000",2022-10-31,2022-11-14,Rendimento,"0,48"
KNIP11,"0,30000000",2022-10-31,2022-11-14,Rendimento,"0,31"
KNSC11,"0,05200000",2022-10-31,2022-11-14,Rendimento,"0,06"
RBVA11,"0,10700000",2022-10-31,2022-11-14,Rendimento,"0,11"
RCRB11,"0,76000000",2022-11-04,2022-11-14,Rendimento,"0,56"
VCJR11,"0,25000000",2022-10-31,2022-11-14,Rendimento,"0,27"
VRTA11,"1,00000000",2022-10-31,2022-11-14,Rendimento,"1,04"
BLMG11,"0,80000000",2022-11-08,2022-11-16,Rendimento,"0,92"
BRCR11,"0,47000000",2022-11-08,2022-11-16,Rendimento,"0,70"
BTCI11,"0,10000000",2022-11-08,2022-11-16,Rendimento,"0,11"
CYCR11,"0,10000000",2022-10-31,2022-11-16,Rendimento,"1,15"
DEVA11,"0,56000000",2022-11-08,2022-11-16,Rendimento,"0,62"
FATN11,"0,90000000",2022-11-07,2022-11-16,Rendimento,"0,96"
GTWR11,"0,74000000",2022-10-31,2022-11-16,Rendimento,"0,88"
HCTR11,"1,10000000",2022-11-08,2022-11-16,Rendimento,"1,07"
HFOF11,"0,06200000",2022-10-31,2022-11-16,Rendimento,"0,08"
HGBS11,"0,13500000",2022-10-31,2022-11-16,Rendimento,"0,06"
HGCR11,"1,20000000",2022-10-31,2022-11-16,Rendimento,"1,16"
HGLG11,"1,10000000",2022-10-31,2022-11-16,Rendimento,"0,66"
HGRE11,"0,78000000",2022-10-31,2022-11-16,Rendimento,"0,56"
HGRU11,"0,82000000",2022-10-31,2022-11-16,Rendimento,"0,65"
HSLG11,"0,70000000",2022-10-31,2022-11-16,Rendimento,"0,73"
JSAF11,"0,09300000",2022-10-31,2022-11-16,Rendimento,"0,10"
JSRE11,"0,49000000",2022-10-31,2022-11-16,Rendimento,"0,57"
KFOF11,"0,72000000",2022-10-31,2022-11-16,Rendimento,"0,79"
KISU11,"0,07500000",2022-10-31,2022-11-16,Rendimento,"0,88"
KIVO11,"1,30000000",2022-10-31,2022-11-16,Rendimento,"1,34"
KNRI11,"0,91000000",2022-10-31,2022-11-16,Rendimento,"0,62"
MFII11,"1,11000000",2022-10-31,2022-11-16,Rendimento,"1,13"
MXRF11,"0,10000000",2022-10-31,2022-11-16,Rendimento,"0,97"
OUJP11,"1,20000000",2022-10-31,2022-11-16,Rendimento,"1,24"
PMLL11,"0,78000000",2022-10-31,2022-11-16,Rendimento,"0,71"
RBFF11,"0,51000000",2022-10-31,2022-11-16,Rendimento,"0,89"
RBRL11,"0,65000000",2022-11-08,2022-11-16,Rendimento,"0,72"
RBRP11,"0,28000000",2022-11-08,2022-11-16,Rendimento,"0,51"
RECR11,"0,44230000",2022-11-08,2022-11-16,Rendimento,"0,49"
SARE11,"0,06400000",2022-10-31,2022-11-16,Rendimento,"0,08"
SPXS11,"0,08300000",2022-11-08,2022-11-16,Rendimento,"0,09"
TEPP11,"0,50000000",2022-10-31,2022-11-16,Rendimento,"0,61"
TRBL11,"0,79000000",2022-10-31,2022-11-16,Rendimento,"0,83"
TRXF11,"0,85000000",2022-10-31,2022-11-16,Rendimento,"0,78"
TVRI11,"0,92000000",2022-10-31,2022-11-16,Rendimento,"0,98"
URPR11,"1,13000000",2022-10-31,2022-11-16,Rendimento,"1,11"
VILG11,"0,72000000",2022-10-31,2022-11-16,Rendimento,"0,66"
VINO11,"0,06800000",2022-10-31,2022-11-16,Rendimento,"0,13"
VISC11,"0,75000000",2022-10-31,2022-11-16,Rendimento,"0,66"
WHGR11,"0,07000000",2022-10-31,2022-11-16,Rendimento,"0,77"
XPCI11,"0,67000000",2022-10-31,2022-11-16,Rendimento,"0,74"
XPLG11,"0,74000000",2022-10-31,2022-11-16,Rendimento,"0,68"
XPSF11,"0,07700000",2022-10-31,2022-11-16,Rendimento,"0,99"
CCME11,"0,08500000",2022-11-09,2022-11-17,Rendimento,"0,08"
CVBI11,"0,66000000",2022-11-09,2022-11-17,Rendimento,"0,73"
RVBI11,"0,75000000",2022-11-09,2022-11-17,Rendimento,"0,97"
IRDM11,"0,78812817",2022-11-10,2022-11-18,Rendimento,"0,79"
RBRF11,"0,06300000",2022-11-10,2022-11-18,Rendimento,"0,09"
RBRR11,"0,70000000",2022-11-10,2022-11-18,Rendimento,"0,79"
RBRY11,"1,00000000",2022-11-10,2022-11-18,Rendimento,"1,02"
CPTS11,"0,08500000",2022-11-11,2022-11-21,Rendimento,"0,10"
MCCI11,"1,10000000",2022-11-11,2022-11-21,Rendimento,"1,14"
VGIP11,"0,45000000",2022-11-11,2022-11-21,Rendimento,"0,51"
VGIR11,"0,13000000",2022-11-11,2022-11-21,Rendimento,"1,30"
AFHI11,"0,95000000",2022-11-16,2022-11-23,Rendimento,"0,99"
MANA11,"0,12000000",2022-10-31,2022-11-23,Rendimento,"1,18"
RZAK11,"1,40000000",2022-11-16,2022-11-23,Rendimento,"1,43"
RZAT11,"0,76602883",2022-11-16,2022-11-23,Rendimento,"0,80"
MCRE11,"0,14000000",2022-11-17,2022-11-24,Rendimento,"0,13"
RBRX11,"0,15000000",2022-11-16,2022-11-24,Rendimento,"0,16"
ALZR11,"0,07750959",2022-11-18,2022-11-25,Rendimento,"0,07"
BPML11,"0,30000000",2022-11-18,2022-11-25,Rendimento,"0,45"
BTLG11,"0,74000000",2022-11-14,2022-11-25,Rendimento,"0,73"
SNCI11,"1,00000000",2022-11-14,2022-11-25,Rendimento,"1,00"
SNFF11,"0,65000000",2022-11-14,2022-11-25,Rendimento,"0,74"
XPML11,"0,75000000",2022-11-18,2022-11-25,Rendimento,"0,74"
BTAL11,"0,83000000",2022-11-21,2022-11-28,Rendimento,"0,89"
BCIA11,"0,76000000",2022-10-31,2022-11-30,Rendimento,"0,82"
ARRI11,"0,13000000",2022-11-30,2022-12-07,Rendimento,"1,42"
GARE11,"0,08200000",2022-11-30,2022-12-07,Rendimento,"0,88"
HSAF11,"0,60000000",2022-11-30,2022-12-07,Rendimento,"0,72"
HSML11,"0,68000000",2022-11-30,2022-12-07,Rendimento,"0,83"
HTMX11,"1,27160577",2022-11-30,2022-12-07,Rendimento,"1,19"
LIFE11,"0,13000000",2022-11-30,2022-12-07,Rendimento,"1,28"
LVBI11,"0,75000000",2022-11-30,2022-12-07,Rendimento,"0,73"
PORD11,"0,09000000",2022-11-30,2022-12-07,Rendimento,"0,10"
PVBI11,"0,57000000",2022-11-30,2022-12-07,Rendimento,"0,63"
RZTR11,"1,25000000",2022-11-30,2022-12-07,Rendimento,"1,23"
VGHF11,"0,10000000",2022-11-30,2022-12-07,Rendimento,"1,10"
AIEC11,"0,75000000",2022-11-30,2022-12-08,Rendimento,"1,06"
CACR11,"1,42000000",2022-11-30,2022-12-08,Rendimento,"1,40"
GGRC11,"0,10200000",2022-12-01,2022-12-08,Rendimento,"0,09"
PATL11,"0,58000000",2022-11-30,2022-12-08,Rendimento,"0,80"
TGAR11,"1,50000000",2022-11-30,2022-12-08,Rendimento,"1,23"
HABT11,"0,92000000",2022-11-30,2022-12-12,Rendimento,"1,03"
KCRE11,"0,05100000",2022-11-30,2022-12-13,Rendimento,"0,06"
KNCR11,"1,10000000",2022-11-30,2022-12-13,Rendimento,"1,10"
KNHY11,"0,90000000",2022-11-30,2022-12-13,Rendimento,"0,93"
KNIP11,"0,50000000",2022-11-30,2022-12-13,Rendimento,"0,54"
KNSC11,"0,07500000",2022-11-30,2022-12-13,Rendimento,"0,09"
VCJR11,"0,43000000",2022-11-30,2022-12-13,Rendimento,"0,47"
BLMG11,"0,80000000",2022-12-07,2022-12-14,Rendimento,"1,05"
BRCO11,"0,70000000",2022-11-30,2022-12-14,Rendimento,"0,70"
BRCR11,"0,50000000",2022-12-07,2022-12-14,Rendimento,"0,85"
BTCI11,"0,10000000",2022-12-07,2022-12-14,Rendimento,"0,12"
CYCR11,"0,10000000",2022-11-30,2022-12-14,Rendimento,"1,16"
DEVA11,"0,90000000",2022-12-07,2022-12-14,Rendimento,"1,02"
FATN11,"0,80000000",2022-12-06,2022-12-14,Rendimento,"0,85"
GTWR11,"0,74000000",2022-11-30,2022-12-14,Rendimento,"0,94"
HCTR11,"1,10000000",2022-12-07,2022-12-14,Rendimento,"1,09"
HFOF11,"0,06200000",2022-11-30,2022-12-14,Rendimento,"0,09"
HGBS11,"0,14000000",2022-11-30,2022-12-14,Rendimento,"0,07"
HGCR11,"1,20000000",2022-11-30,2022-12-14,Rendimento,"1,17"
HGLG11,"1,10000000",2022-11-30,2022-12-14,Rendimento,"0,67"
HGRE11,"0,78000000",2022-11-30,2022-12-14,Rendimento,"0,62"
HGRU11,"0,82000000",2022-11-30,2022-12-14,Rendimento,"0,68"
HSLG11,"0,70000000",2022-11-30,2022-12-14,Rendimento,"0,77"
JSAF11,"0,09300000",2022-11-30,2022-12-14,Rendimento,"0,11"
JSRE11,"0,49000000",2022-11-30,2022-12-14,Rendimento,"0,68"
KFOF11,"0,72000000",2022-11-30,2022-12-14,Rendimento,"0,88"
KISU11,"0,07500000",2022-11-30,2022-12-14,Rendimento,"0,92"
KIVO11,"1,30000000",2022-11-30,2022-12-14,Rendimento,"1,36"
KNRI11,"0,91000000",2022-11-30,2022-12-14,Rendimento,"0,63"
MFII11,"1,11000000",2022-11-30,2022-12-14,Rendimento,"1,16"
MXRF11,"0,08000000",2022-11-30,2022-12-14,Rendimento,"0,79"
OUJP11,"1,20000000",2022-11-30,2022-12-14,Rendimento,"1,24"
PMLL11,"0,78000000",2022-11-30,2022-12-14,Rendimento,"0,73"
RBRL11,"0,65000000",2022-12-07,2022-12-14,Rendimento,"0,78"
RBRP11,"0,27000000",2022-12-07,2022-12-14,Rendimento,"0,52"
RECR11,"0,73500000",2022-12-07,2022-12-14,Rendimento,"0,84"
SARE11,"0,06400000",2022-11-30,2022-12-14,Rendimento,"0,09"
SPXS11,"0,05490000",2022-12-07,2022-12-14,Rendimento,"0,06"
TEPP11,"0,50000000",2022-11-30,2022-12-14,Rendimento,"0,67"
TRBL11,"0,82000000",2022-11-30,2022-12-14,Rendimento,"0,88"
TRXF11,"0,85000000",2022-11-30,2022-12-14,Rendimento,"0,81"
TVRI11,"0,92000000",2022-11-30,2022-12-14,Rendimento,"1,02"
URPR11,"1,11000000",2022-11-30,2022-12-14,Rendimento,"1,11"
VILG11,"0,72000000",2022-11-30,2022-12-14,Rendimento,"0,72"
VINO11,"0,06800000",2022-11-30,2022-12-14,Rendimento,"0,14"
VISC11,"0,76000000",2022-11-30,2022-12-14,Rendimento,"0,72"
WHGR11,"0,07000000",2022-11-30,2022-12-14,Rendimento,"0,77"
XPCI11,"0,60000000",2022-11-30,2022-12-14,Rendimento,"0,71"
XPLG11,"0,74000000",2022-11-30,2022-12-14,Rendimento,"0,73"
XPSF11,"0,07700000",2022-11-30,2022-12-14,Rendimento,"1,04"
BCRI11,"1,00000000",2022-11-30,2022-12-15,Rendimento,"1,02"
CCME11,"0,08500000",2022-12-08,2022-12-15,Rendimento,"0,08"
CVBI11,"0,75000000",2022-12-08,2022-12-15,Rendimento,"0,82"
RBFF11,"0,51000000",2022-11-30,2022-12-15,Rendimento,"0,95"
RBVA11,"0,10700000",2022-11-30,2022-12-15,Rendimento,"0,12"
RCRB11,"0,76000000",2022-12-07,2022-12-15,Rendimento,"0,61"
RVBI11,"0,75000000",2022-12-08,2022-12-15,Rendimento,"1,00"
VRTA11,"0,90000000",2022-11-30,2022-12-15,Rendimento,"0,97"
IRDM11,"0,70156319",2022-12-09,2022-12-16,Rendimento,"0,74"
RBRF11,"0,06300000",2022-12-09,2022-12-16,Rendimento,"0,09"
RBRR11,"0,70000000",2022-12-09,2022-12-16,Rendimento,"0,79"
RBRY11,"1,00000000",2022-12-09,2022-12-16,Rendimento,"1,05"
CPTS11,"0,03700000",2022-12-12,2022-12-19,Rendimento,"0,04"
MCCI11,"1,10000000",2022-12-12,2022-12-19,Rendimento,"1,16"
VGIP11,"0,45000000",2022-12-12,2022-12-19,Rendimento,"0,52"
VGIR11,"0,13000000",2022-12-12,2022-12-19,Rendimento,"1,30"
AFHI11,"0,96000000",2022-12-14,2022-12-21,Rendimento,"1,01"
MANA11,"0,11000000",2022-11-30,2022-12-21,Rendimento,"1,09"
RZAK11,"1,50000000",2022-12-14,2022-12-21,Rendimento,"1,47"
RZAT11,"0,76100612",2022-12-14,2022-12-21,Rendimento,"0,85"
RBRX11,"0,15000000",2022-12-14,2022-12-22,Rendimento,"0,16"
ALZR11,"0,07254519",2022-12-16,2022-12-23,Rendimento,"0,07"
BPML11,"0,30000000",2022-12-16,2022-12-23,Rendimento,"0,48"
BTLG11,"0,74000000",2022-12-15,2022-12-23,Rendimento,"0,77"
SNCI11,"1,00000000",2022-12-15,2022-12-23,Rendimento,"1,01"
SNFF11,"1,30000000",2022-12-15,2022-12-23,Rendimento,"1,48"
XPML11,"0,77000000",2022-12-16,2022-12-23,Rendimento,"0,80"
BTAL11,"0,83000000",2022-12-19,2022-12-26,Rendimento,"0,91"
BCIA11,"0,76000000",2022-11-30,2022-12-28,Rendimento,"0,88"
MCRE11,"0,34000000",2022-12-21,2022-12-28,Rendimento,"0,32"
ARRI11,"0,13000000",2022-12-29,2023-01-06,Rendimento,"1,40"
GARE11,"0,08200000",2022-12-29,2023-01-06,Rendimento,"0,87"
HSAF11,"0,80000000",2022-12-29,2023-01-06,Rendimento,"1,01"
HSML11,"0,70000000",2022-12-29,2023-01-06,Rendimento,"0,86"
HTMX11,"1,26351105",2022-12-29,2023-01-06,Rendimento,"1,13"
LIFE11,"0,13200000",2022-12-29,2023-01-06,Rendimento,"1,22"
LVBI11,"0,75000000",2022-12-29,2023-01-06,Rendimento,"0,73"
PORD11,"0,09100000",2022-12-29,2023-01-06,Rendimento,"0,10"
PVBI11,"0,57000000",2022-12-29,2023-01-06,Rendimento,"0,63"
RZTR11,"0,86000000",2022-12-29,2023-01-06,Rendimento,"0,86"
VGHF11,"0,09000000",2022-12-29,2023-01-06,Rendimento,"0,96"
AIEC11,"1,32000000",2022-12-29,2023-01-09,Rendimento,"1,90"
CACR11,"1,47000000",2022-12-29,2023-01-09,Rendimento,"1,42"
GGRC11,"0,09500000",2023-01-02,2023-01-09,Rendimento,"0,08"
PATL11,"0,58000000",2022-12-29,2023-01-09,Rendimento,"0,82"
TGAR11,"1,30000000",2022-12-29,2023-01-09,Rendimento,"1,07"
HABT11,"1,17000000",2022-12-29,2023-01-12,Rendimento,"1,30"
KCRE11,"0,06100000",2022-12-29,2023-01-12,Rendimento,"0,07"
KNCR11,"1,20000000",2022-12-29,2023-01-12,Rendimento,"1,22"
KNHY11,"0,95000000",2022-12-29,2023-01-12,Rendimento,"0,97"
KNIP11,"0,94000000",2022-12-29,2023-01-12,Rendimento,"1,02"
KNSC11,"0,09400000",2022-12-29,2023-01-12,Rendimento,"0,11"
VCJR11,"1,00000000",2022-12-29,2023-01-12,Rendimento,"1,10"
BCRI11,"1,04000000",2022-12-29,2023-01-13,Rendimento,"1,09"
BLMG11,"0,80000000",2023-01-06,2023-01-13,Rendimento,"1,03"
BRCO11,"0,65000000",2022-12-29,2023-01-13,Rendimento,"0,66"
BRCR11,"0,47000000",2023-01-06,2023-01-13,Rendimento,"0,78"
BTCI11,"0,10555556",2023-01-06,2023-01-13,Rendimento,"0,13"
CYCR11,"0,11681447",2022-12-29,2023-01-13,Rendimento,"1,31"
DEVA11,"1,05000000",2023-01-06,2023-01-13,Rendimento,"1,14"
FATN11,"0,92000000",2023-01-05,2023-01-13,Rendimento,"0,98"
GTWR11,"0,79000000",2022-12-29,2023-01-13,Rendimento,"0,99"
HCTR11,"1,10000000",2023-01-06,2023-01-13,Rendimento,"1,09"
HFOF11,"0,06200000",2022-12-29,2023-01-13,Rendimento,"0,09"
HGBS11,"0,14000000",2022-12-29,2023-01-13,Rendimento,"0,07"
HGCR11,"1,20000000",2022-12-29,2023-01-13,Rendimento,"1,17"
HGLG11,"2,20000000",2022-12-29,2023-01-13,Rendimento,"1,34"
HGRE11,"1,10000000",2022-12-29,2023-01-13,Rendimento,"0,89"
HGRU11,"2,00000000",2022-12-29,2023-01-13,Rendimento,"1,64"
HSLG11,"0,70000000",2022-12-29,2023-01-13,Rendimento,"0,79"
JSAF11,"0,09300000",2022-12-29,2023-01-13,Rendimento,"0,11"
JSRE11,"0,49000000",2022-12-29,2023-01-13,Rendimento,"0,67"
KFOF11,"0,72000000",2022-12-29,2023-01-13,Rendimento,"0,92"
KISU11,"0,09000000",2022-12-29,2023-01-13,Rendimento,"1,11"
KIVO11,"1,40000000",2022-12-29,2023-01-13,Rendimento,"1,44"
KNRI11,"1,00000000",2022-12-29,2023-01-13,Rendimento,"0,71"
MFII11,"1,12000000",2022-12-29,2023-01-13,Rendimento,"1,19"
MXRF11,"0,10000000",2022-12-29,2023-01-13,Rendimento,"0,99"
OUJP11,"1,25000000",2022-12-29,2023-01-13,Rendimento,"1,26"
PMLL11,"0,78000000",2022-12-29,2023-01-13,Rendimento,"0,75"
RBFF11,"0,51000000",2022-12-29,2023-01-13,Rendimento,"0,96"
RBRL11,"0,65000000",2023-01-06,2023-01-13,Rendimento,"0,80"
RBRP11,"0,27000000",2023-01-06,2023-01-13,Rendimento,"0,56"
RBVA11,"0,10700000",2022-12-29,2023-01-13,Rendimento,"0,12"
RCRB11,"0,73000000",2023-01-05,2023-01-13,Rendimento,"0,61"
RECR11,"0,92380000",2023-01-06,2023-01-13,Rendimento,"1,04"
SARE11,"0,06400000",2022-12-29,2023-01-13,Rendimento,"0,09"
SPXS11,"0,06140000",2023-01-06,2023-01-13,Rendimento,"0,07"
TEPP11,"0,51000000",2022-12-29,2023-01-13,Rendimento,"0,76"
TRBL11,"0,82000000",2022-12-29,2023-01-13,Rendimento,"0,86"
TRXF11,"1,20000000",2022-12-29,2023-01-13,Rendimento,"1,14"
TVRI11,"0,92000000",2022-12-29,2023-01-13,Rendimento,"1,08"
URPR11,"1,21000000",2022-12-29,2023-01-13,Rendimento,"1,20"
VILG11,"0,70000000",2022-12-29,2023-01-13,Rendimento,"0,70"
VINO11,"0,06800000",2022-12-29,2023-01-13,Rendimento,"0,14"
VISC11,"0,85000000",2022-12-29,2023-01-13,Rendimento,"0,81"
VRTA11,"0,90000000",2022-12-29,2023-01-13,Rendimento,"1,01"
WHGR11,"0,09000000",2022-12-29,2023-01-13,Rendimento,"1,04"
XPCI11,"0,72000000",2022-12-29,2023-01-13,Rendimento,"0,89"
XPLG11,"0,74000000",2022-12-29,2023-01-13,Rendimento,"0,75"
XPSF11,"0,07700000",2022-12-29,2023-01-13,Rendimento,"1,01"
CCME11,"0,09900000",2023-01-09,2023-01-16,Rendimento,"0,00"
CVBI11,"1,10000000",2023-01-09,2023-01-16,Rendimento,"1,21"
RVBI11,"0,75000000",2023-01-09,2023-01-16,Rendimento,"1,02"
IRDM11,"0,89631678",2023-01-10,2023-01-17,Rendimento,"0,97"
RBRF11,"0,06300000",2023-01-10,2023-01-17,Rendimento,"0,09"
RBRR11,"0,90401616",2023-01-10,2023-01-17,Rendimento,"1,03"
RBRY11,"1,10000000",2023-01-10,2023-01-17,Rendimento,"1,13"
CPTS11,"0,05800000",2023-01-11,2023-01-18,Rendimento,"0,07"
MCCI11,"1,15000000",2023-01-11,2023-01-18,Rendimento,"1,24"
VGIP11,"0,82000000",2023-01-11,2023-01-18,Rendimento,"0,96"
VGIR11,"0,11000000",2023-01-11,2023-01-18,Rendimento,"1,12"
AFHI11,"1,00000000",2023-01-13,2023-01-20,Rendimento,"1,04"
MANA11,"0,11000000",2022-12-29,2023-01-20,Rendimento,"1,09"
RZAK11,"1,40000000",2023-01-13,2023-01-20,Rendimento,"1,43"
RZAT11,"0,39331024",2023-01-13,2023-01-20,Rendimento,"0,44"
MCRE11,"0,14000000",2023-01-16,2023-01-23,Rendimento,"0,13"
RBRX11,"0,15000000",2023-01-13,2023-01-23,Rendimento,"0,17"
ALZR11,"0,07836817",2023-01-18,2023-01-25,Rendimento,"0,07"
BPML11,"0,27046454",2023-01-18,2023-01-25,Rendimento,"0,43"
BTAL11,"0,83000000",2023-01-18,2023-01-25,Rendimento,"0,87"
BTLG11,"0,74000000",2023-01-13,2023-01-25,Rendimento,"0,75"
SNCI11,"1,00000000",2023-01-13,2023-01-25,Rendimento,"1,01"
SNFF11,"0,80000000",2023-01-13,2023-01-25,Rendimento,"0,91"
XPML11,"0,90000000",2023-01-18,2023-01-25,Rendimento,"0,91"
BCIA11,"0,76000000",2022-12-29,2023-01-30,Rendimento,"0,89"
ARRI11,"0,13000000",2023-01-31,2023-02-07,Rendimento,"1,38"
GARE11,"0,08100000",2023-01-31,2023-02-07,Rendimento,"0,89"
HSAF11,"0,90000000",2023-01-31,2023-02-07,Rendimento,"1,13"
HSML11,"0,70000000",2023-01-31,2023-02-07,Rendimento,"0,88"
HTMX11,"0,73907837",2023-01-31,2023-02-07,Rendimento,"0,65"
LIFE11,"0,13000000",2023-01-31,2023-02-07,Rendimento,"1,24"
LVBI11,"0,75000000",2023-01-31,2023-02-07,Rendimento,"0,77"
PORD11,"0,11200000",2023-01-31,2023-02-07,Rendimento,"0,12"
PVBI11,"0,61000000",2023-01-31,2023-02-07,Rendimento,"0,72"
RZTR11,"0,85000000",2023-01-31,2023-02-07,Rendimento,"0,94"
VGHF11,"0,10000000",2023-01-31,2023-02-07,Rendimento,"1,09"
AIEC11,"0,18000000",2023-01-31,2023-02-08,Rendimento,"0,27"
CACR11,"1,40000000",2023-01-31,2023-02-08,Rendimento,"1,32"
GGRC11,"0,09500000",2023-02-01,2023-02-08,Rendimento,"0,09"
PATL11,"0,58000000",2023-01-31,2023-02-08,Rendimento,"0,85"
TGAR11,"1,30000000",2023-01-31,2023-02-08,Rendimento,"1,09"
HABT11,"1,18000000",2023-01-31,2023-02-10,Rendimento,"1,30"
KCRE11,"0,10800000",2023-01-31,2023-02-13,Rendimento,"0,12"
KNCR11,"1,20000000",2023-01-31,2023-02-13,Rendimento,"1,21"
KNHY11,"1,32000000",2023-01-31,2023-02-13,Rendimento,"1,38"
KNIP11,"1,00000000",2023-01-31,2023-02-13,Rendimento,"1,11"
KNSC11,"0,10400000",2023-01-31,2023-02-13,Rendimento,"0,12"
VCJR11,"1,08000000",2023-01-31,2023-02-13,Rendimento,"1,20"
BLMG11,"0,79000000",2023-02-07,2023-02-14,Rendimento,"1,12"
BRCO11,"0,62000000",2023-01-31,2023-02-14,Rendimento,"0,64"
BRCR11,"0,47000000",2023-02-07,2023-02-14,Rendimento,"0,84"
BTCI11,"0,10600000",2023-02-07,2023-02-14,Rendimento,"1,21"
CYCR11,"0,09500000",2023-01-31,2023-02-14,Rendimento,"1,12"
DEVA11,"1,10000000",2023-02-07,2023-02-14,Rendimento,"1,24"
FATN11,"0,90000000",2023-02-06,2023-02-14,Rendimento,"0,96"
GTWR11,"0,79000000",2023-01-31,2023-02-14,Rendimento,"1,06"
HCTR11,"1,00000000",2023-02-07,2023-02-14,Rendimento,"1,02"
HFOF11,"0,06300000",2023-01-31,2023-02-14,Rendimento,"0,09"
HGBS11,"0,14000000",2023-01-31,2023-02-14,Rendimento,"0,08"
HGCR11,"1,20000000",2023-01-31,2023-02-14,Rendimento,"1,17"
HGLG11,"1,10000000",2023-01-31,2023-02-14,Rendimento,"0,68"
HGRE11,"0,78000000",2023-01-31,2023-02-14,Rendimento,"0,69"
HGRU11,"0,82000000",2023-01-31,2023-02-14,Rendimento,"0,69"
HSLG11,"0,70000000",2023-01-31,2023-02-14,Rendimento,"0,87"
JSAF11,"0,09300000",2023-01-31,2023-02-14,Rendimento,"0,12"
JSRE11,"0,49000000",2023-01-31,2023-02-14,Rendimento,"0,76"
KFOF11,"0,72000000",2023-01-31,2023-02-14,Rendimento,"0,94"
KISU11,"0,07500000",2023-01-31,2023-02-14,Rendimento,"0,93"
KIVO11,"1,25000000",2023-01-31,2023-02-14,Rendimento,"1,46"
KNRI11,"0,91000000",2023-01-31,2023-02-14,Rendimento,"0,65"
MFII11,"1,10000000",2023-01-31,2023-02-14,Rendimento,"1,15"
MXRF11,"0,11000000",2023-01-31,2023-02-14,Rendimento,"1,08"
OUJP11,"1,25000000",2023-01-31,2023-02-14,Rendimento,"1,27"
PMLL11,"0,78000000",2023-01-31,2023-02-14,Rendimento,"0,76"
RBRL11,"0,65000000",2023-02-07,2023-02-14,Rendimento,"0,91"
RBRP11,"0,27000000",2023-02-07,2023-02-14,Rendimento,"0,57"
RBRR11,"0,95000000",2023-02-07,2023-02-14,Rendimento,"1,11"
RECR11,"0,99000000",2023-02-07,2023-02-14,Rendimento,"1,13"
SARE11,"0,06400000",2023-01-31,2023-02-14,Rendimento,"0,11"
SPXS11,"0,09000000",2023-02-07,2023-02-14,Rendimento,"0,11"
TEPP11,"0,49000000",2023-01-31,2023-02-14,Rendimento,"0,71"
TRBL11,"0,83000000",2023-01-31,2023-02-14,Rendimento,"0,90"
TRXF11,"0,85000000",2023-01-31,2023-02-14,Rendimento,"0,81"
TVRI11,"0,90000000",2023-01-31,2023-02-14,Rendimento,"1,04"
URPR11,"1,25000000",2023-01-31,2023-02-14,Rendimento,"1,24"
VILG11,"0,67000000",2023-01-31,2023-02-14,Rendimento,"0,72"
VINO11,"0,06200000",2023-01-31,2023-02-14,Rendimento,"0,14"
VISC11,"0,82000000",2023-01-31,2023-02-14,Rendimento,"0,77"
WHGR11,"0,10000000",2023-01-31,2023-02-14,Rendimento,"1,16"
XPCI11,"0,96000000",2023-01-31,2023-02-14,Rendimento,"1,22"
XPLG11,"0,74000000",2023-01-31,2023-02-14,Rendimento,"0,81"
XPSF11,"0,07500000",2023-01-31,2023-02-14,Rendimento,"1,03"
BCRI11,"1,00000000",2023-01-31,2023-02-15,Rendimento,"1,01"
CCME11,"0,08500000",2023-02-08,2023-02-15,Rendimento,"0,00"
CVBI11,"1,10000000",2023-02-08,2023-02-15,Rendimento,"1,22"
RBFF11,"0,49000000",2023-01-31,2023-02-15,Rendimento,"0,97"
RBVA11,"0,09500000",2023-01-31,2023-02-15,Rendimento,"0,10"
RCRB11,"0,73000000",2023-02-07,2023-02-15,Rendimento,"0,63"
RVBI11,"0,75000000",2023-02-08,2023-02-15,Rendimento,"1,05"
VRTA11,"1,00000000",2023-01-31,2023-02-15,Rendimento,"1,15"
IRDM11,"0,94785132",2023-02-09,2023-02-16,Rendimento,"1,04"
RBRF11,"0,06300000",2023-02-09,2023-02-16,Rendimento,"0,09"
RBRY11,"1,15000000",2023-02-09,2023-02-16,Rendimento,"1,20"
CPTS11,"0,07500000",2023-02-10,2023-02-17,Rendimento,"0,10"
MCCI11,"0,95000000",2023-02-10,2023-02-17,Rendimento,"1,09"
VGIP11,"0,80000000",2023-02-10,2023-02-17,Rendimento,"0,96"
VGIR11,"0,13000000",2023-02-10,2023-02-17,Rendimento,"1,34"
AFHI11,"1,05000000",2023-02-14,2023-02-23,Rendimento,"1,12"
MANA11,"0,11000000",2023-01-31,2023-02-23,Rendimento,"1,10"
RZAK11,"1,20000000",2023-02-14,2023-02-23,Rendimento,"1,20"
RZAT11,"0,96000000",2023-02-14,2023-02-23,Rendimento,"1,13"
ALZR11,"0,08055600",2023-02-15,2023-02-24,Rendimento,"0,07"
BPML11,"0,27046454",2023-02-15,2023-02-24,Rendimento,"0,46"
BTLG11,"0,74000000",2023-02-15,2023-02-24,Rendimento,"0,79"
MCRE11,"0,14000000",2023-02-15,2023-02-24,Rendimento,"0,13"
RBRX11,"0,10500000",2023-02-14,2023-02-24,Rendimento,"0,12"
SNCI11,"1,00000000",2023-02-15,2023-02-24,Rendimento,"1,03"
SNFF11,"0,65000000",2023-02-15,2023-02-24,Rendimento,"0,75"
XPML11,"0,77000000",2023-02-15,2023-02-24,Rendimento,"0,79"
BCIA11,"0,76000000",2023-01-31,2023-02-28,Rendimento,"0,91"
BTAL11,"0,83000000",2023-02-17,2023-02-28,Rendimento,"0,93"
ARRI11,"0,07000000",2023-02-28,2023-03-07,Rendimento,"0,76"
GARE11,"0,08200000",2023-02-28,2023-03-07,Rendimento,"0,97"
HSAF11,"0,90000000",2023-02-28,2023-03-07,Rendimento,"1,15"
HSML11,"0,74000000",2023-02-28,2023-03-07,Rendimento,"0,94"
HTMX11,"0,62669814",2023-02-28,2023-03-07,Rendimento,"0,59"
LIFE11,"0,13500000",2023-02-28,2023-03-07,Rendimento,"1,31"
LVBI11,"0,72000000",2023-02-28,2023-03-07,Rendimento,"0,76"
PORD11,"0,10500000",2023-02-28,2023-03-07,Rendimento,"0,12"
PVBI11,"0,61000000",2023-02-28,2023-03-07,Rendimento,"0,71"
RZTR11,"0,85000000",2023-02-28,2023-03-07,Rendimento,"1,01"
VGHF11,"0,10000000",2023-02-28,2023-03-07,Rendimento,"1,09"
AIEC11,"0,75000000",2023-02-28,2023-03-08,Rendimento,"1,20"
CACR11,"1,42000000",2023-02-28,2023-03-08,Rendimento,"1,34"
GGRC11,"0,09500000",2023-03-01,2023-03-08,Rendimento,"0,09"
PATL11,"0,60000000",2023-02-28,2023-03-08,Rendimento,"0,96"
HABT11,"1,20000000",2023-02-28,2023-03-10,Rendimento,"1,40"
KCRE11,"0,08700000",2023-02-28,2023-03-13,Rendimento,"0,09"
KNCR11,"1,00000000",2023-02-28,2023-03-13,Rendimento,"1,01"
KNHY11,"1,08000000",2023-02-28,2023-03-13,Rendimento,"1,10"
KNIP11,"0,91000000",2023-02-28,2023-03-13,Rendimento,"1,00"
KNSC11,"0,08700000",2023-02-28,2023-03-13,Rendimento,"0,10"
VCJR11,"0,95000000",2023-02-28,2023-03-13,Rendimento,"1,07"
BLMG11,"0,78000000",2023-03-07,2023-03-14,Rendimento,"1,15"
BRCO11,"0,62000000",2023-02-28,2023-03-14,Rendimento,"0,66"
BRCR11,"0,46000000",2023-03-07,2023-03-14,Rendimento,"0,81"
BTCI11,"0,10600000",2023-03-07,2023-03-14,Rendimento,"1,19"
CYCR11,"0,10000000",2023-02-28,2023-03-14,Rendimento,"1,23"
DEVA11,"0,90000000",2023-03-07,2023-03-14,Rendimento,"1,15"
FATN11,"0,74000000",2023-03-06,2023-03-14,Rendimento,"0,79"
GTWR11,"0,79000000",2023-02-28,2023-03-14,Rendimento,"1,06"
HFOF11,"0,06300000",2023-02-28,2023-03-14,Rendimento,"0,10"
HGBS11,"0,14000000",2023-02-28,2023-03-14,Rendimento,"0,08"
HGCR11,"1,20000000",2023-02-28,2023-03-14,Rendimento,"1,18"
HGLG11,"1,10000000",2023-02-28,2023-03-14,Rendimento,"0,68"
HGRE11,"0,78000000",2023-02-28,2023-03-14,Rendimento,"0,69"
HGRU11,"0,85000000",2023-02-28,2023-03-14,Rendimento,"0,74"
HSLG11,"0,72000000",2023-02-28,2023-03-14,Rendimento,"0,89"
JSAF11,"0,09300000",2023-02-28,2023-03-14,Rendimento,"0,12"
JSRE11,"0,46000000",2023-02-28,2023-03-14,Rendimento,"0,68"
KFOF11,"0,72000000",2023-02-28,2023-03-14,Rendimento,"0,92"
KISU11,"0,07500000",2023-02-28,2023-03-14,Rendimento,"0,95"
KIVO11,"1,20000000",2023-02-28,2023-03-14,Rendimento,"1,33"
KNRI11,"0,95000000",2023-02-28,2023-03-14,Rendimento,"0,69"
MFII11,"1,10000000",2023-02-28,2023-03-14,Rendimento,"1,17"
MXRF11,"0,12000000",2023-02-28,2023-03-14,Rendimento,"1,17"
OUJP11,"1,25000000",2023-02-28,2023-03-14,Rendimento,"1,26"
PMLL11,"0,78000000",2023-02-28,2023-03-14,Rendimento,"0,81"
RBRL11,"0,58000000",2023-03-07,2023-03-14,Rendimento,"0,79"
RBRP11,"0,27000000",2023-03-07,2023-03-14,Rendimento,"0,60"
RECR11,"0,91000000",2023-03-07,2023-03-14,Rendimento,"1,09"
SARE11,"0,06300000",2023-02-28,2023-03-14,Rendimento,"0,10"
SPXS11,"0,09100000",2023-03-07,2023-03-14,Rendimento,"0,11"
TEPP11,"0,50000000",2023-02-28,2023-03-14,Rendimento,"0,74"
TGAR11,"1,31000000",2023-02-28,2023-03-14,Rendimento,"1,15"
TRBL11,"0,83000000",2023-02-28,2023-03-14,Rendimento,"0,92"
TRXF11,"0,85000000",2023-02-28,2023-03-14,Rendimento,"0,82"
TVRI11,"0,90000000",2023-02-28,2023-03-14,Rendimento,"1,08"
URPR11,"1,30000000",2023-02-28,2023-03-14,Rendimento,"1,31"
VILG11,"0,53000000",2023-02-28,2023-03-14,Rendimento,"0,61"
VINO11,"0,06200000",2023-02-28,2023-03-14,Rendimento,"0,15"
VISC11,"0,80000000",2023-02-28,2023-03-14,Rendimento,"0,79"
WHGR11,"0,10000000",2023-02-28,2023-03-14,Rendimento,"1,18"
XPCI11,"1,00000000",2023-02-28,2023-03-14,Rendimento,"1,25"
XPLG11,"0,74000000",2023-02-28,2023-03-14,Rendimento,"0,79"
XPSF11,"0,07600000",2023-02-28,2023-03-14,Rendimento,"1,09"
BCRI11,"0,80000000",2023-02-28,2023-03-15,Rendimento,"0,84"
CCME11,"0,08500000",2023-03-08,2023-03-15,Rendimento,"0,00"
CVBI11,"1,00000000",2023-03-08,2023-03-15,Rendimento,"1,11"
HCTR11,"0,70000000",2023-03-08,2023-03-15,Rendimento,"0,90"
RBFF11,"0,49000000",2023-02-28,2023-03-15,Rendimento,"0,98"
RBVA11,"0,09500000",2023-02-28,2023-03-15,Rendimento,"0,10"
RCRB11,"0,74000000",2023-03-07,2023-03-15,Rendimento,"0,64"
RVBI11,"0,75000000",2023-03-08,2023-03-15,Rendimento,"1,07"
VRTA11,"0,95000000",2023-02-28,2023-03-15,Rendimento,"1,06"
IRDM11,"0,92782091",2023-03-09,2023-03-16,Rendimento,"1,05"
RBRF11,"0,06300000",2023-03-09,2023-03-16,Rendimento,"0,10"
RBRR11,"0,95000000",2023-03-09,2023-03-16,Rendimento,"1,12"
RBRY11,"1,20000000",2023-03-09,2023-03-16,Rendimento,"1,24"
CPTS11,"0,07600000",2023-03-10,2023-03-17,Rendimento,"0,10"
MCCI11,"0,95000000",2023-03-10,2023-03-17,Rendimento,"1,12"
VGIP11,"0,87000000",2023-03-10,2023-03-17,Rendimento,"1,05"
VGIR11,"0,12000000",2023-03-10,2023-03-17,Rendimento,"1,23"
AFHI11,"1,06000000",2023-03-14,2023-03-21,Rendimento,"1,13"
MANA11,"0,11000000",2023-02-28,2023-03-21,Rendimento,"1,09"
RZAK11,"1,20000000",2023-03-14,2023-03-21,Rendimento,"1,27"
RZAT11,"1,18000000",2023-03-14,2023-03-21,Rendimento,"1,40"
MCRE11,"0,14000000",2023-03-15,2023-03-22,Rendimento,"0,13"
RBRX11,"0,10500000",2023-03-14,2023-03-22,Rendimento,"0,13"
ALZR11,"0,08157550",2023-03-17,2023-03-24,Rendimento,"0,07"
BTAL11,"0,83000000",2023-03-17,2023-03-24,Rendimento,"0,96"
BTLG11,"0,74000000",2023-03-15,2023-03-24,Rendimento,"0,77"
SNCI11,"1,00000000",2023-03-15,2023-03-24,Rendimento,"1,02"
SNFF11,"0,65000000",2023-03-15,2023-03-24,Rendimento,"0,76"
XPML11,"0,78000000",2023-03-17,2023-03-24,Rendimento,"0,80"
BCIA11,"0,78000000",2023-02-28,2023-03-28,Rendimento,"0,95"
ARRI11,"0,11010000",2023-03-31,2023-04-10,Rendimento,"1,24"
GARE11,"0,08200000",2023-03-31,2023-04-10,Rendimento,"0,99"
HSAF11,"0,95000000",2023-03-31,2023-04-10,Rendimento,"1,21"
HSML11,"0,74000000",2023-03-31,2023-04-10,Rendimento,"0,93"
HTMX11,"0,63244163",2023-03-31,2023-04-10,Rendimento,"0,63"
LIFE11,"0,15000000",2023-03-31,2023-04-10,Rendimento,"1,48"
LVBI11,"0,75000000",2023-03-31,2023-04-10,Rendimento,"0,79"
PORD11,"0,10000000",2023-03-31,2023-04-10,Rendimento,"0,12"
PVBI11,"0,61000000",2023-03-31,2023-04-10,Rendimento,"0,68"
RZTR11,"0,85000000",2023-03-31,2023-04-10,Rendimento,"1,02"
VGHF11,"0,10000000",2023-03-31,2023-04-10,Rendimento,"1,10"
AIEC11,"0,76000000",2023-03-31,2023-04-11,Rendimento,"1,24"
CACR11,"1,44000000",2023-03-31,2023-04-11,Rendimento,"1,36"
GGRC11,"0,10000000",2023-04-03,2023-04-11,Rendimento,"0,10"
PATL11,"0,60000000",2023-03-31,2023-04-11,Rendimento,"0,94"
HABT11,"1,25000000",2023-03-31,2023-04-12,Rendimento,"1,44"
BCRI11,"0,86000000",2023-03-31,2023-04-14,Rendimento,"1,11"
KCRE11,"0,13500000",2023-03-31,2023-04-14,Rendimento,"0,15"
KNCR11,"1,22000000",2023-03-31,2023-04-14,Rendimento,"1,24"
KNHY11,"1,30000000",2023-03-31,2023-04-14,Rendimento,"1,32"
KNIP11,"1,05000000",2023-03-31,2023-04-14,Rendimento,"1,14"
KNSC11,"0,10500000",2023-03-31,2023-04-14,Rendimento,"0,12"
RBFF11,"0,49000000",2023-03-31,2023-04-14,Rendimento,"1,04"
RBVA11,"0,09500000",2023-03-31,2023-04-14,Rendimento,"0,10"
RCRB11,"0,74000000",2023-04-05,2023-04-14,Rendimento,"0,69"
VCJR11,"1,20000000",2023-03-31,2023-04-14,Rendimento,"1,36"
VRTA11,"0,95000000",2023-03-31,2023-04-14,Rendimento,"1,11"
BLMG11,"0,76000000",2023-04-10,2023-04-17,Rendimento,"1,23"
BRCO11,"0,62000000",2023-03-31,2023-04-17,Rendimento,"0,67"
BRCR11,"0,46000000",2023-04-10,2023-04-17,Rendimento,"0,87"
BTCI11,"0,10600000",2023-04-10,2023-04-17,Rendimento,"1,17"
CYCR11,"0,10000000",2023-03-31,2023-04-17,Rendimento,"1,25"
DEVA11,"0,70000000",2023-04-10,2023-04-17,Rendimento,"1,21"
FATN11,"0,83000000",2023-04-06,2023-04-17,Rendimento,"0,88"
GTWR11,"0,79000000",2023-03-31,2023-04-17,Rendimento,"1,06"
HCTR11,"0,50000000",2023-04-10,2023-04-17,Rendimento,"0,86"
HFOF11,"0,06300000",2023-03-31,2023-04-17,Rendimento,"0,10"
HGBS11,"0,14000000",2023-03-31,2023-04-17,Rendimento,"0,08"
HGCR11,"1,20000000",2023-03-31,2023-04-17,Rendimento,"1,16"
HGLG11,"1,10000000",2023-03-31,2023-04-17,Rendimento,"0,69"
HGRE11,"0,78000000",2023-03-31,2023-04-17,Rendimento,"0,70"
HGRU11,"0,85000000",2023-03-31,2023-04-17,Rendimento,"0,74"
HSLG11,"0,72000000",2023-03-31,2023-04-17,Rendimento,"0,95"
JSAF11,"0,09300000",2023-03-31,2023-04-17,Rendimento,"0,12"
JSRE11,"0,46000000",2023-03-31,2023-04-17,Rendimento,"0,75"
KFOF11,"0,72000000",2023-03-31,2023-04-17,Rendimento,"0,92"
KISU11,"0,07000000",2023-03-31,2023-04-17,Rendimento,"0,90"
KIVO11,"1,25000000",2023-03-31,2023-04-17,Rendimento,"1,44"
KNRI11,"0,95000000",2023-03-31,2023-04-17,Rendimento,"0,69"
MFII11,"1,11000000",2023-03-31,2023-04-17,Rendimento,"1,21"
MXRF11,"0,12000000",2023-03-31,2023-04-17,Rendimento,"1,16"
OUJP11,"1,25000000",2023-03-31,2023-04-17,Rendimento,"1,34"
PMLL11,"0,78000000",2023-03-31,2023-04-17,Rendimento,"0,79"
RBRL11,"0,58000000",2023-04-10,2023-04-17,Rendimento,"0,83"
RBRP11,"0,27000000",2023-04-10,2023-04-17,Rendimento,"0,61"
RECR11,"1,25630000",2023-04-10,2023-04-17,Rendimento,"1,61"
SARE11,"0,06200000",2023-03-31,2023-04-17,Rendimento,"0,11"
SPXS11,"0,10000000",2023-04-10,2023-04-17,Rendimento,"0,13"
TEPP11,"0,51000000",2023-03-31,2023-04-17,Rendimento,"0,76"
TGAR11,"1,34000000",2023-03-31,2023-04-17,Rendimento,"1,18"
TRBL11,"0,83000000",2023-03-31,2023-04-17,Rendimento,"0,93"
TRXF11,"0,85000000",2023-03-31,2023-04-17,Rendimento,"0,83"
TVRI11,"0,90000000",2023-03-31,2023-04-17,Rendimento,"1,07"
URPR11,"1,33000000",2023-03-31,2023-04-17,Rendimento,"1,42"
VILG11,"0,65000000",2023-03-31,2023-04-17,Rendimento,"0,73"
VINO11,"0,06200000",2023-03-31,2023-04-17,Rendimento,"0,16"
VISC11,"0,82000000",2023-03-31,2023-04-17,Rendimento,"0,81"
WHGR11,"0,10000000",2023-03-31,2023-04-17,Rendimento,"1,17"
XPCI11,"0,95000000",2023-03-31,2023-04-17,Rendimento,"1,15"
XPLG11,"0,74000000",2023-03-31,2023-04-17,Rendimento,"0,78"
XPSF11,"0,07600000",2023-03-31,2023-04-17,Rendimento,"1,08"
CCME11,"0,08500000",2023-04-11,2023-04-18,Rendimento,"0,00"
CVBI11,"1,05000000",2023-04-11,2023-04-18,Rendimento,"1,21"
RVBI11,"0,75000000",2023-04-11,2023-04-18,Rendimento,"1,06"
IRDM11,"0,91119017",2023-04-12,2023-04-19,Rendimento,"1,14"
RBRF11,"0,06300000",2023-04-12,2023-04-19,Rendimento,"0,09"
RBRR11,"1,00000000",2023-04-12,2023-04-19,Rendimento,"1,16"
RBRY11,"1,25000000",2023-04-12,2023-04-19,Rendimento,"1,33"
CPTS11,"0,07100000",2023-04-13,2023-04-20,Rendimento,"0,09"
MCCI11,"0,95000000",2023-04-13,2023-04-20,Rendimento,"1,08"
VGIP11,"1,10000000",2023-04-13,2023-04-20,Rendimento,"1,38"
VGIR11,"0,12000000",2023-04-13,2023-04-20,Rendimento,"1,27"
AFHI11,"1,10000000",2023-04-17,2023-04-25,Rendimento,"1,18"
ALZR11,"0,08157550",2023-04-17,2023-04-25,Rendimento,"0,07"
BTLG11,"0,74000000",2023-04-14,2023-04-25,Rendimento,"0,78"
MANA11,"0,11000000",2023-03-31,2023-04-25,Rendimento,"1,10"
RZAK11,"1,11000000",2023-04-17,2023-04-25,Rendimento,"1,25"
RZAT11,"1,35000000",2023-04-17,2023-04-25,Rendimento,"1,58"
SNCI11,"1,05000000",2023-04-14,2023-04-25,Rendimento,"1,10"
SNFF11,"0,65000000",2023-04-14,2023-04-25,Rendimento,"0,78"
XPML11,"0,80000000",2023-04-17,2023-04-25,Rendimento,"0,80"
MCRE11,"0,14000000",2023-04-18,2023-04-26,Rendimento,"0,13"
RBRX11,"0,11700000",2023-04-17,2023-04-26,Rendimento,"0,14"
BCIA11,"0,78000000",2023-03-31,2023-04-28,Rendimento,"0,96"
BTAL11,"0,83000000",2023-04-20,2023-04-28,Rendimento,"0,92"
ARRI11,"0,11000000",2023-04-28,2023-05-08,Rendimento,"1,33"
GARE11,"0,08200000",2023-04-28,2023-05-08,Rendimento,"0,97"
HSAF11,"1,10000000",2023-04-28,2023-05-08,Rendimento,"1,37"
HSML11,"0,74000000",2023-04-28,2023-05-08,Rendimento,"0,87"
HTMX11,"1,89602716",2023-04-28,2023-05-08,Rendimento,"1,80"
LIFE11,"0,15000000",2023-04-28,2023-05-08,Rendimento,"1,55"
LVBI11,"0,76000000",2023-04-28,2023-05-08,Rendimento,"0,74"
PORD11,"0,10000000",2023-04-28,2023-05-08,Rendimento,"0,12"
PVBI11,"0,61000000",2023-04-28,2023-05-08,Rendimento,"0,64"
RZTR11,"0,85000000",2023-04-28,2023-05-08,Rendimento,"1,00"
VGHF11,"0,12000000",2023-04-28,2023-05-08,Rendimento,"1,33"
AIEC11,"0,77000000",2023-04-28,2023-05-09,Rendimento,"1,28"
CACR11,"1,51000000",2023-04-28,2023-05-09,Rendimento,"1,44"
GGRC11,"0,10200000",2023-05-02,2023-05-09,Rendimento,"0,09"
PATL11,"0,60000000",2023-04-28,2023-05-09,Rendimento,"0,92"
HABT11,"1,27000000",2023-04-28,2023-05-12,Rendimento,"1,49"
KCRE11,"0,10200000",2023-04-28,2023-05-12,Rendimento,"0,11"
KNCR11,"1,00000000",2023-04-28,2023-05-12,Rendimento,"1,03"
KNHY11,"1,20000000",2023-04-28,2023-05-12,Rendimento,"1,21"
KNIP11,"1,00000000",2023-04-28,2023-05-12,Rendimento,"1,09"
KNSC11,"0,09500000",2023-04-28,2023-05-12,Rendimento,"0,11"
VCJR11,"1,10000000",2023-04-28,2023-05-12,Rendimento,"1,27"
BCRI11,"0,70000000",2023-04-28,2023-05-15,Rendimento,"1,02"
BLMG11,"0,74000000",2023-05-08,2023-05-15,Rendimento,"1,12"
BRCO11,"0,62000000",2023-04-28,2023-05-15,Rendimento,"0,61"
BRCR11,"0,45000000",2023-05-08,2023-05-15,Rendimento,"0,78"
BTCI11,"0,10600000",2023-05-08,2023-05-15,Rendimento,"1,15"
CYCR11,"0,10000000",2023-04-28,2023-05-15,Rendimento,"1,20"
DEVA11,"0,85000000",2023-05-08,2023-05-15,Rendimento,"1,67"
FATN11,"0,82000000",2023-05-05,2023-05-15,Rendimento,"0,88"
GTWR11,"0,79000000",2023-04-28,2023-05-15,Rendimento,"0,99"
HCTR11,"0,50000000",2023-05-08,2023-05-15,Rendimento,"1,04"
HFOF11,"0,06300000",2023-04-28,2023-05-15,Rendimento,"0,09"
HGBS11,"0,14500000",2023-04-28,2023-05-15,Rendimento,"0,07"
HGCR11,"1,20000000",2023-04-28,2023-05-15,Rendimento,"1,16"
HGLG11,"1,10000000",2023-04-28,2023-05-15,Rendimento,"0,68"
HGRE11,"0,78000000",2023-04-28,2023-05-15,Rendimento,"0,62"
HGRU11,"0,85000000",2023-04-28,2023-05-15,Rendimento,"0,69"
HSLG11,"0,73000000",2023-04-28,2023-05-15,Rendimento,"0,88"
JSAF11,"0,09300000",2023-04-28,2023-05-15,Rendimento,"0,11"
JSRE11,"0,46000000",2023-04-28,2023-05-15,Rendimento,"0,68"
KFOF11,"0,75000000",2023-04-28,2023-05-15,Rendimento,"0,96"
KISU11,"0,07000000",2023-04-28,2023-05-15,Rendimento,"0,89"
KIVO11,"1,50000000",2023-04-28,2023-05-15,Rendimento,"1,83"
KNRI11,"0,95000000",2023-04-28,2023-05-15,Rendimento,"0,65"
MFII11,"1,10000000",2023-04-28,2023-05-15,Rendimento,"1,22"
MXRF11,"0,12000000",2023-04-28,2023-05-15,Rendimento,"1,13"
OUJP11,"1,25000000",2023-04-28,2023-05-15,Rendimento,"1,34"
PMLL11,"0,78000000",2023-04-28,2023-05-15,Rendimento,"0,75"
RBFF11,"0,49000000",2023-04-28,2023-05-15,Rendimento,"0,97"
RBRL11,"0,60000000",2023-05-08,2023-05-15,Rendimento,"0,76"
RBRP11,"0,27000000",2023-05-08,2023-05-15,Rendimento,"0,54"
RBVA11,"0,09500000",2023-04-28,2023-05-15,Rendimento,"0,10"
RCRB11,"0,74000000",2023-05-05,2023-05-15,Rendimento,"0,62"
RECR11,"1,00690000",2023-05-08,2023-05-15,Rendimento,"1,20"
SARE11,"0,06200000",2023-04-28,2023-05-15,Rendimento,"0,11"
SPXS11,"0,10500000",2023-05-08,2023-05-15,Rendimento,"0,13"
TEPP11,"0,52000000",2023-04-28,2023-05-15,Rendimento,"0,71"
TGAR11,"1,35000000",2023-04-28,2023-05-15,Rendimento,"1,20"
TRBL11,"0,83000000",2023-04-28,2023-05-15,Rendimento,"0,88"
TRXF11,"0,85000000",2023-04-28,2023-05-15,Rendimento,"0,81"
TVRI11,"0,90000000",2023-04-28,2023-05-15,Rendimento,"1,03"
URPR11,"1,32000000",2023-04-28,2023-05-15,Rendimento,"1,44"
VILG11,"0,67000000",2023-04-28,2023-05-15,Rendimento,"0,71"
VINO11,"0,06200000",2023-04-28,2023-05-15,Rendimento,"0,14"
VISC11,"0,82000000",2023-04-28,2023-05-15,Rendimento,"0,76"
VRTA11,"0,95000000",2023-04-28,2023-05-15,Rendimento,"1,13"
WHGR11,"0,10000000",2023-04-28,2023-05-15,Rendimento,"1,18"
XPCI11,"0,87000000",2023-04-28,2023-05-15,Rendimento,"1,09"
XPLG11,"0,74000000",2023-04-28,2023-05-15,Rendimento,"0,74"
XPSF11,"0,07600000",2023-04-28,2023-05-15,Rendimento,"1,08"
CCME11,"0,09000000",2023-05-09,2023-05-16,Rendimento,"0,00"
CVBI11,"1,05000000",2023-05-09,2023-05-16,Rendimento,"1,18"
RVBI11,"0,75000000",2023-05-09,2023-05-16,Rendimento,"1,00"
IRDM11,"0,91269360",2023-05-10,2023-05-17,Rendimento,"1,07"
RBRF11,"0,06300000",2023-05-10,2023-05-17,Rendimento,"0,09"
RBRR11,"1,00000000",2023-05-10,2023-05-17,Rendimento,"1,12"
RBRY11,"1,25000000",2023-05-10,2023-05-17,Rendimento,"1,29"
CPTS11,"0,08100000",2023-05-11,2023-05-18,Rendimento,"0,10"
MCCI11,"0,95000000",2023-05-11,2023-05-18,Rendimento,"1,10"
VGIP11,"1,20000000",2023-05-11,2023-05-18,Rendimento,"1,40"
VGIR11,"0,12000000",2023-05-11,2023-05-18,Rendimento,"1,27"
AFHI11,"1,10000000",2023-05-15,2023-05-22,Rendimento,"1,16"
MANA11,"0,11000000",2023-04-28,2023-05-22,Rendimento,"1,10"
RZAK11,"1,30000000",2023-05-15,2023-05-22,Rendimento,"1,40"
RZAT11,"1,32000000",2023-05-15,2023-05-22,Rendimento,"1,41"
MCRE11,"0,14000000",2023-05-16,2023-05-23,Rendimento,"0,13"
RBRX11,"0,11700000",2023-05-15,2023-05-23,Rendimento,"0,13"
BROF11,"0,57103675",2023-05-17,2023-05-24,Rendimento,"0,94"
ALZR11,"0,08157550",2023-05-18,2023-05-25,Rendimento,"0,07"
BTAL11,"0,80000000",2023-05-18,2023-05-25,Rendimento,"0,86"
BTLG11,"0,74000000",2023-05-15,2023-05-25,Rendimento,"0,76"
SNCI11,"1,10000000",2023-05-15,2023-05-25,Rendimento,"1,12"
SNFF11,"0,65000000",2023-05-15,2023-05-25,Rendimento,"0,75"
XPML11,"0,81000000",2023-05-18,2023-05-25,Rendimento,"0,79"
BCIA11,"0,78000000",2023-04-28,2023-05-29,Rendimento,"0,91"
BRCO11,"0,62000000",2023-05-11,2023-06-05,Rendimento,"0,61"
ARRI11,"0,11000000",2023-05-31,2023-06-07,Rendimento,"1,26"
GARE11,"0,08200000",2023-05-31,2023-06-07,Rendimento,"0,94"
HSAF11,"1,10000000",2023-05-31,2023-06-07,Rendimento,"1,30"
HSML11,"0,74000000",2023-05-31,2023-06-07,Rendimento,"0,84"
HTMX11,"1,73813245",2023-05-31,2023-06-07,Rendimento,"1,52"
LIFE11,"0,15000000",2023-05-31,2023-06-07,Rendimento,"1,47"
LVBI11,"0,76000000",2023-05-31,2023-06-07,Rendimento,"0,72"
PORD11,"0,10500000",2023-05-31,2023-06-07,Rendimento,"0,12"
PVBI11,"0,61000000",2023-05-31,2023-06-07,Rendimento,"0,65"
RZTR11,"0,85000000",2023-05-31,2023-06-07,Rendimento,"0,94"
VGHF11,"0,11000000",2023-05-31,2023-06-07,Rendimento,"1,16"
AIEC11,"0,78000000",2023-05-31,2023-06-09,Rendimento,"1,21"
CACR11,"1,52000000",2023-05-31,2023-06-09,Rendimento,"1,42"
GGRC11,"0,10500000",2023-06-01,2023-06-09,Rendimento,"0,09"
PATL11,"0,60000000",2023-05-31,2023-06-09,Rendimento,"0,91"
HABT11,"1,30000000",2023-05-31,2023-06-12,Rendimento,"1,40"
KCRE11,"0,14700000",2023-05-31,2023-06-14,Rendimento,"0,15"
KNCR11,"1,24000000",2023-05-31,2023-06-14,Rendimento,"1,30"
KNHY11,"1,25000000",2023-05-31,2023-06-14,Rendimento,"1,24"
KNIP11,"1,00000000",2023-05-31,2023-06-14,Rendimento,"1,05"
KNSC11,"0,10500000",2023-05-31,2023-06-14,Rendimento,"0,12"
VCJR11,"1,25000000",2023-05-31,2023-06-14,Rendimento,"1,35"
BCRI11,"0,80000000",2023-05-31,2023-06-15,Rendimento,"1,00"
BLMG11,"0,72000000",2023-06-07,2023-06-15,Rendimento,"1,06"
BRCO11,"0,78000000",2023-05-31,2023-06-15,Rendimento,"0,69"
BRCR11,"0,45000000",2023-06-07,2023-06-15,Rendimento,"0,76"
BTCI11,"0,10600000",2023-06-07,2023-06-15,Rendimento,"1,13"
CYCR11,"0,10500000",2023-05-31,2023-06-15,Rendimento,"1,20"
DEVA11,"0,65000000",2023-06-07,2023-06-15,Rendimento,"0,96"
FATN11,"0,83000000",2023-06-06,2023-06-15,Rendimento,"0,86"
GTWR11,"0,79000000",2023-05-31,2023-06-15,Rendimento,"0,99"
HCTR11,"0,50000000",2023-06-07,2023-06-15,Rendimento,"0,78"
HFOF11,"0,06300000",2023-05-31,2023-06-15,Rendimento,"0,09"
HGBS11,"0,14500000",2023-05-31,2023-06-15,Rendimento,"0,07"
HGCR11,"1,20000000",2023-05-31,2023-06-15,Rendimento,"1,16"
HGLG11,"1,10000000",2023-05-31,2023-06-15,Rendimento,"0,69"
HGRE11,"0,78000000",2023-05-31,2023-06-15,Rendimento,"0,59"
HGRU11,"0,85000000",2023-05-31,2023-06-15,Rendimento,"0,68"
HSLG11,"0,73000000",2023-05-31,2023-06-15,Rendimento,"0,84"
JSAF11,"0,09300000",2023-05-31,2023-06-15,Rendimento,"0,11"
JSRE11,"0,46000000",2023-05-31,2023-06-15,Rendimento,"0,61"
KFOF11,"0,75000000",2023-05-31,2023-06-15,Rendimento,"0,88"
KISU11,"0,07000000",2023-05-31,2023-06-15,Rendimento,"0,87"
KIVO11,"1,80000000",2023-05-31,2023-06-15,Rendimento,"1,99"
KNRI11,"0,95000000",2023-05-31,2023-06-15,Rendimento,"0,63"
MFII11,"1,10000000",2023-05-31,2023-06-15,Rendimento,"1,17"
MXRF11,"0,12000000",2023-05-31,2023-06-15,Rendimento,"1,12"
OUJP11,"1,25000000",2023-05-31,2023-06-15,Rendimento,"1,26"
PMLL11,"0,78000000",2023-05-31,2023-06-15,Rendimento,"0,71"
RBFF11,"0,51000000",2023-05-31,2023-06-15,Rendimento,"0,93"
RBRL11,"0,67000000",2023-06-07,2023-06-15,Rendimento,"0,77"
RBRP11,"0,27000000",2023-06-07,2023-06-15,Rendimento,"0,50"
RBVA11,"0,09500000",2023-05-31,2023-06-15,Rendimento,"0,10"
RCRB11,"0,74000000",2023-06-06,2023-06-15,Rendimento,"0,56"
RECR11,"1,22540000",2023-06-07,2023-06-15,Rendimento,"1,43"
SARE11,"0,06000000",2023-05-31,2023-06-15,Rendimento,"0,09"
SPXS11,"0,11500000",2023-06-07,2023-06-15,Rendimento,"0,12"
TEPP11,"0,55000000",2023-05-31,2023-06-15,Rendimento,"0,68"
TGAR11,"1,36000000",2023-05-31,2023-06-15,Rendimento,"1,12"
TRBL11,"0,83000000",2023-05-31,2023-06-15,Rendimento,"0,87"
TRXF11,"0,85000000",2023-05-31,2023-06-15,Rendimento,"0,82"
TVRI11,"0,90000000",2023-05-31,2023-06-15,Rendimento,"0,97"
URPR11,"1,33000000",2023-05-31,2023-06-15,Rendimento,"1,37"
VILG11,"0,70000000",2023-05-31,2023-06-15,Rendimento,"0,72"
VINO11,"0,06200000",2023-05-31,2023-06-15,Rendimento,"0,14"
VISC11,"0,82000000",2023-05-31,2023-06-15,Rendimento,"0,69"
VRTA11,"0,95000000",2023-05-31,2023-06-15,Rendimento,"1,06"
WHGR11,"0,10000000",2023-05-31,2023-06-15,Rendimento,"1,09"
XPCI11,"0,93000000",2023-05-31,2023-06-15,Rendimento,"1,11"
XPLG11,"0,75000000",2023-05-31,2023-06-15,Rendimento,"0,71"
XPSF11,"0,07600000",2023-05-31,2023-06-15,Rendimento,"1,02"
CCME11,"0,09000000",2023-06-09,2023-06-16,Rendimento,"0,00"
CVBI11,"1,10000000",2023-06-09,2023-06-16,Rendimento,"1,21"
RVBI11,"0,75000000",2023-06-09,2023-06-16,Rendimento,"0,94"
IRDM11,"0,86751268",2023-06-12,2023-06-19,Rendimento,"0,99"
RBRF11,"0,06300000",2023-06-12,2023-06-19,Rendimento,"0,09"
RBRR11,"1,00000000",2023-06-12,2023-06-19,Rendimento,"1,09"
RBRY11,"1,25000000",2023-06-12,2023-06-19,Rendimento,"1,27"
CPTS11,"0,08500000",2023-06-13,2023-06-20,Rendimento,"0,10"
MCCI11,"0,95000000",2023-06-13,2023-06-20,Rendimento,"1,02"
VGIP11,"1,09000000",2023-06-13,2023-06-20,Rendimento,"1,24"
VGIR11,"0,12000000",2023-06-13,2023-06-20,Rendimento,"1,29"
AFHI11,"1,10000000",2023-06-15,2023-06-22,Rendimento,"1,14"
MANA11,"0,12000000",2023-05-31,2023-06-22,Rendimento,"1,20"
RZAK11,"1,25000000",2023-06-15,2023-06-22,Rendimento,"1,31"
RZAT11,"1,20000000",2023-06-15,2023-06-22,Rendimento,"1,23"
ALZR11,"0,08157550",2023-06-16,2023-06-23,Rendimento,"0,07"
BTLG11,"0,74000000",2023-06-15,2023-06-23,Rendimento,"0,73"
MCRE11,"0,14000000",2023-06-16,2023-06-23,Rendimento,"0,12"
RBRX11,"0,11700000",2023-06-15,2023-06-23,Rendimento,"0,13"
SNCI11,"1,10000000",2023-06-15,2023-06-23,Rendimento,"1,10"
SNFF11,"0,65000000",2023-06-15,2023-06-23,Rendimento,"0,74"
XPML11,"0,81000000",2023-06-16,2023-06-23,Rendimento,"0,78"
BROF11,"0,61000000",2023-06-19,2023-06-26,Rendimento,"0,87"
BTAL11,"0,76000000",2023-06-20,2023-06-27,Rendimento,"0,80"
BCIA11,"0,80000000",2023-05-31,2023-06-29,Rendimento,"0,90"
ARRI11,"0,11000000",2023-06-30,2023-07-07,Rendimento,"1,22"
GARE11,"0,08200000",2023-06-30,2023-07-07,Rendimento,"0,88"
HSAF11,"1,10000000",2023-06-30,2023-07-07,Rendimento,"1,26"
HSML11,"0,74000000",2023-06-30,2023-07-07,Rendimento,"0,79"
HTMX11,"1,88493157",2023-06-30,2023-07-07,Rendimento,"1,47"
LIFE11,"0,14000000",2023-06-30,2023-07-07,Rendimento,"1,37"
LVBI11,"0,78000000",2023-06-30,2023-07-07,Rendimento,"0,67"
PORD11,"0,10800000",2023-06-30,2023-07-07,Rendimento,"0,12"
PVBI11,"0,61000000",2023-06-30,2023-07-07,Rendimento,"0,62"
RZTR11,"0,85000000",2023-06-30,2023-07-07,Rendimento,"0,93"
VGHF11,"0,12000000",2023-06-30,2023-07-07,Rendimento,"1,25"
AIEC11,"0,78000000",2023-06-30,2023-07-10,Rendimento,"1,10"
CACR11,"1,61000000",2023-06-30,2023-07-10,Rendimento,"1,52"
GGRC11,"0,10500000",2023-07-03,2023-07-10,Rendimento,"0,09"
PATL11,"0,54000000",2023-06-30,2023-07-10,Rendimento,"0,71"
HABT11,"1,20000000",2023-06-30,2023-07-12,Rendimento,"1,24"
KNUQ11,"0,65000000",2023-06-30,2023-07-12,Rendimento,"0,00"
KCRE11,"0,11000000",2023-06-30,2023-07-13,Rendimento,"0,11"
KNCR11,"1,15000000",2023-06-30,2023-07-13,Rendimento,"1,18"
KNHY11,"1,05000000",2023-06-30,2023-07-13,Rendimento,"1,06"
KNIP11,"0,80000000",2023-06-30,2023-07-13,Rendimento,"0,85"
KNSC11,"0,08000000",2023-06-30,2023-07-13,Rendimento,"0,09"
VCJR11,"1,00000000",2023-06-30,2023-07-13,Rendimento,"1,10"
BCRI11,"0,73000000",2023-06-30,2023-07-14,Rendimento,"0,92"
BLMG11,"0,71000000",2023-07-07,2023-07-14,Rendimento,"1,04"
BRCO11,"0,87000000",2023-06-30,2023-07-14,Rendimento,"0,75"
BRCR11,"0,45000000",2023-07-07,2023-07-14,Rendimento,"0,64"
BTCI11,"0,10100000",2023-07-07,2023-07-14,Rendimento,"1,05"
CYCR11,"0,11000000",2023-06-30,2023-07-14,Rendimento,"1,22"
DEVA11,"0,60000000",2023-07-07,2023-07-14,Rendimento,"0,96"
FATN11,"0,84000000",2023-07-06,2023-07-14,Rendimento,"0,87"
GTWR11,"0,79000000",2023-06-30,2023-07-14,Rendimento,"0,98"
HCTR11,"0,50000000",2023-07-07,2023-07-14,Rendimento,"0,83"
HFOF11,"0,06300000",2023-06-30,2023-07-14,Rendimento,"0,08"
HGBS11,"0,14500000",2023-06-30,2023-07-14,Rendimento,"0,07"
HGCR11,"1,20000000",2023-06-30,2023-07-14,Rendimento,"1,15"
HGLG11,"1,50000000",2023-06-30,2023-07-14,Rendimento,"0,89"
HGRE11,"1,40000000",2023-06-30,2023-07-14,Rendimento,"0,99"
HGRU11,"1,40000000",2023-06-30,2023-07-14,Rendimento,"1,06"
HSLG11,"0,73000000",2023-06-30,2023-07-14,Rendimento,"0,77"
JSAF11,"0,09300000",2023-06-30,2023-07-14,Rendimento,"0,10"
JSRE11,"0,46000000",2023-06-30,2023-07-14,Rendimento,"0,57"
KFOF11,"1,00000000",2023-06-30,2023-07-14,Rendimento,"1,08"
KISU11,"0,08000000",2023-06-30,2023-07-14,Rendimento,"0,94"
KIVO11,"1,50000000",2023-06-30,2023-07-14,Rendimento,"1,59"
KNRI11,"1,51000000",2023-06-30,2023-07-14,Rendimento,"0,94"
MFII11,"1,11000000",2023-06-30,2023-07-14,Rendimento,"1,18"
MXRF11,"0,12000000",2023-06-30,2023-07-14,Rendimento,"1,10"
OUJP11,"1,25000000",2023-06-30,2023-07-14,Rendimento,"1,22"
PMLL11,"0,80000000",2023-06-30,2023-07-14,Rendimento,"0,68"
RBFF11,"0,53000000",2023-06-30,2023-07-14,Rendimento,"0,90"
RBRL11,"0,67000000",2023-07-07,2023-07-14,Rendimento,"0,71"
RBRP11,"0,27000000",2023-07-07,2023-07-14,Rendimento,"0,43"
RBVA11,"0,10000000",2023-06-30,2023-07-14,Rendimento,"0,09"
RCRB11,"0,75000000",2023-07-06,2023-07-14,Rendimento,"0,51"
RECR11,"0,90790000",2023-07-07,2023-07-14,Rendimento,"0,98"
SARE11,"0,05900000",2023-06-30,2023-07-14,Rendimento,"0,09"
SPXS11,"0,12000000",2023-07-07,2023-07-14,Rendimento,"0,13"
TEPP11,"0,81000000",2023-06-30,2023-07-14,Rendimento,"0,92"
TGAR11,"1,38000000",2023-06-30,2023-07-14,Rendimento,"1,13"
TRBL11,"0,83000000",2023-06-30,2023-07-14,Rendimento,"0,85"
TRXF11,"0,90000000",2023-06-30,2023-07-14,Rendimento,"0,82"
TVRI11,"0,90000000",2023-06-30,2023-07-14,Rendimento,"0,91"
URPR11,"1,34000000",2023-06-30,2023-07-14,Rendimento,"1,36"
VILG11,"0,70000000",2023-06-30,2023-07-14,Rendimento,"0,62"
VINO11,"0,06200000",2023-06-30,2023-07-14,Rendimento,"0,13"
VISC11,"0,85000000",2023-06-30,2023-07-14,Rendimento,"0,71"
VRTA11,"0,92000000",2023-06-30,2023-07-14,Rendimento,"1,00"
WHGR11,"0,11000000",2023-06-30,2023-07-14,Rendimento,"1,18"
XPCI11,"0,91000000",2023-06-30,2023-07-14,Rendimento,"1,04"
XPLG11,"0,79000000",2023-06-30,2023-07-14,Rendimento,"0,69"
XPSF11,"0,08000000",2023-06-30,2023-07-14,Rendimento,"1,00"
CCME11,"0,10934201",2023-07-10,2023-07-17,Rendimento,"0,00"
CVBI11,"1,05000000",2023-07-10,2023-07-17,Rendimento,"1,13"
RVBI11,"0,75000000",2023-07-10,2023-07-17,Rendimento,"0,91"
IRDM11,"0,87493427",2023-07-11,2023-07-18,Rendimento,"0,98"
RBRF11,"0,06300000",2023-07-11,2023-07-18,Rendimento,"0,08"
RBRR11,"0,80000000",2023-07-11,2023-07-18,Rendimento,"0,89"
RBRY11,"1,25000000",2023-07-11,2023-07-18,Rendimento,"1,25"
CPTS11,"0,08800000",2023-07-13,2023-07-19,Rendimento,"0,10"
MCCI11,"0,95000000",2023-07-12,2023-07-19,Rendimento,"1,01"
VGIP11,"1,00000000",2023-07-12,2023-07-19,Rendimento,"1,09"
VGIR11,"0,13000000",2023-07-12,2023-07-19,Rendimento,"1,34"
AFHI11,"1,10000000",2023-07-14,2023-07-21,Rendimento,"1,11"
MANA11,"0,12000000",2023-06-30,2023-07-21,Rendimento,"1,21"
RZAK11,"1,20000000",2023-07-14,2023-07-21,Rendimento,"1,26"
RZAT11,"0,90000000",2023-07-14,2023-07-21,Rendimento,"0,94"
MCRE11,"0,14000000",2023-07-17,2023-07-24,Rendimento,"0,13"
RBRX11,"0,11700000",2023-07-14,2023-07-24,Rendimento,"0,12"
ALZR11,"0,08250000",2023-07-18,2023-07-25,Rendimento,"0,07"
BROF11,"0,71951182",2023-07-18,2023-07-25,Rendimento,"1,03"
BTLG11,"0,76000000",2023-07-14,2023-07-25,Rendimento,"0,73"
CPSH11,"0,11000000",2023-07-18,2023-07-25,Rendimento,"0,10"
SNCI11,"1,10000000",2023-07-14,2023-07-25,Rendimento,"1,09"
SNFF11,"0,65000000",2023-07-14,2023-07-25,Rendimento,"0,74"
XPML11,"0,83000000",2023-07-18,2023-07-25,Rendimento,"0,80"
BTAL11,"0,73000000",2023-07-19,2023-07-26,Rendimento,"0,75"
BCIA11,"0,80000000",2023-06-30,2023-07-28,Rendimento,"0,82"
ARRI11,"0,10000000",2023-07-31,2023-08-07,Rendimento,"1,08"
GARE11,"0,08200000",2023-07-31,2023-08-07,Rendimento,"0,89"
HSAF11,"0,80000000",2023-07-31,2023-08-07,Rendimento,"0,90"
HSML11,"0,74000000",2023-07-31,2023-08-07,Rendimento,"0,78"
HTMX11,"1,87232066",2023-07-31,2023-08-07,Rendimento,"1,42"
LIFE11,"0,12000000",2023-07-31,2023-08-07,Rendimento,"1,15"
LVBI11,"0,79000000",2023-07-31,2023-08-07,Rendimento,"0,67"
PORD11,"0,10000000",2023-07-31,2023-08-07,Rendimento,"0,11"
PVBI11,"0,72000000",2023-07-31,2023-08-07,Rendimento,"0,69"
RZTR11,"0,85000000",2023-07-31,2023-08-07,Rendimento,"0,90"
VGHF11,"0,12000000",2023-07-31,2023-08-07,Rendimento,"1,24"
AIEC11,"0,76000000",2023-07-31,2023-08-08,Rendimento,"1,06"
CACR11,"1,42000000",2023-07-31,2023-08-08,Rendimento,"1,31"
GGRC11,"0,09500000",2023-08-01,2023-08-08,Rendimento,"0,08"
PATL11,"0,60000000",2023-07-31,2023-08-08,Rendimento,"0,82"
KNUQ11,"1,02000000",2023-07-31,2023-08-10,Rendimento,"0,00"
HABT11,"1,20000000",2023-07-31,2023-08-11,Rendimento,"1,25"
KCRE11,"0,09000000",2023-07-31,2023-08-11,Rendimento,"0,09"
KNCR11,"1,15000000",2023-07-31,2023-08-11,Rendimento,"1,16"
KNHY11,"0,85000000",2023-07-31,2023-08-11,Rendimento,"0,86"
KNIP11,"0,52000000",2023-07-31,2023-08-11,Rendimento,"0,57"
KNSC11,"0,07000000",2023-07-31,2023-08-11,Rendimento,"0,08"
VCJR11,"0,70000000",2023-07-31,2023-08-11,Rendimento,"0,78"
BLMG11,"0,70000000",2023-08-07,2023-08-14,Rendimento,"1,03"
BRCO11,"0,87000000",2023-07-31,2023-08-14,Rendimento,"0,72"
BRCR11,"0,45000000",2023-08-07,2023-08-14,Rendimento,"0,67"
BTCI11,"0,10100000",2023-08-07,2023-08-14,Rendimento,"1,07"
CYCR11,"0,10000000",2023-07-31,2023-08-14,Rendimento,"1,10"
DEVA11,"0,50000000",2023-08-07,2023-08-14,Rendimento,"0,91"
FATN11,"0,84000000",2023-08-04,2023-08-14,Rendimento,"0,86"
GTWR11,"0,79000000",2023-07-31,2023-08-14,Rendimento,"0,94"
HFOF11,"0,06300000",2023-07-31,2023-08-14,Rendimento,"0,08"
HGBS11,"0,15500000",2023-07-31,2023-08-14,Rendimento,"0,07"
HGCR11,"1,10000000",2023-07-31,2023-08-14,Rendimento,"1,04"
HGLG11,"1,10000000",2023-07-31,2023-08-14,Rendimento,"0,67"
HGRE11,"0,78000000",2023-07-31,2023-08-14,Rendimento,"0,55"
HGRU11,"0,85000000",2023-07-31,2023-08-14,Rendimento,"0,64"
HSLG11,"0,73000000",2023-07-31,2023-08-14,Rendimento,"0,76"
JSAF11,"0,09300000",2023-07-31,2023-08-14,Rendimento,"0,10"
JSRE11,"0,46000000",2023-07-31,2023-08-14,Rendimento,"0,57"
KFOF11,"0,75000000",2023-07-31,2023-08-14,Rendimento,"0,77"
KISU11,"0,07000000",2023-07-31,2023-08-14,Rendimento,"0,79"
KIVO11,"1,20000000",2023-07-31,2023-08-14,Rendimento,"1,27"
KNRI11,"0,95000000",2023-07-31,2023-08-14,Rendimento,"0,59"
MFII11,"1,07000000",2023-07-31,2023-08-14,Rendimento,"1,12"
MXRF11,"0,12000000",2023-07-31,2023-08-14,Rendimento,"1,12"
OUJP11,"1,20000000",2023-07-31,2023-08-14,Rendimento,"1,18"
PMLL11,"0,80000000",2023-07-31,2023-08-14,Rendimento,"0,69"
RBRL11,"0,65000000",2023-08-07,2023-08-14,Rendimento,"0,68"
RBRP11,"0,27000000",2023-08-07,2023-08-14,Rendimento,"0,43"
RECR11,"0,71320000",2023-08-07,2023-08-14,Rendimento,"0,81"
SARE11,"0,05000000",2023-07-31,2023-08-14,Rendimento,"0,08"
SPXS11,"0,12200000",2023-08-07,2023-08-14,Rendimento,"0,13"
TEPP11,"0,58000000",2023-07-31,2023-08-14,Rendimento,"0,66"
TGAR11,"1,40000000",2023-07-31,2023-08-14,Rendimento,"1,14"
TRBL11,"0,75000000",2023-07-31,2023-08-14,Rendimento,"0,76"
TRXF11,"0,90000000",2023-07-31,2023-08-14,Rendimento,"0,80"
TVRI11,"0,90000000",2023-07-31,2023-08-14,Rendimento,"0,91"
URPR11,"1,13000000",2023-07-31,2023-08-14,Rendimento,"1,12"
VILG11,"0,70000000",2023-07-31,2023-08-14,Rendimento,"0,64"
VINO11,"0,06200000",2023-07-31,2023-08-14,Rendimento,"0,13"
VISC11,"0,85000000",2023-07-31,2023-08-14,Rendimento,"0,71"
WHGR11,"0,11000000",2023-07-31,2023-08-14,Rendimento,"1,17"
XPCI11,"1,00000000",2023-07-31,2023-08-14,Rendimento,"1,15"
XPLG11,"0,78000000",2023-07-31,2023-08-14,Rendimento,"0,68"
XPSF11,"0,07500000",2023-07-31,2023-08-14,Rendimento,"0,89"
BCRI11,"0,69000000",2023-07-31,2023-08-15,Rendimento,"0,91"
CCME11,"0,09000000",2023-08-08,2023-08-15,Rendimento,"0,00"
CVBI11,"0,85000000",2023-08-08,2023-08-15,Rendimento,"0,89"
RBFF11,"0,50000000",2023-07-31,2023-08-15,Rendimento,"0,82"
RBVA11,"0,10000000",2023-07-31,2023-08-15,Rendimento,"0,09"
RCRB11,"0,76000000",2023-08-07,2023-08-15,Rendimento,"0,51"
RVBI11,"0,75000000",2023-08-08,2023-08-15,Rendimento,"0,86"
VRTA11,"0,70000000",2023-07-31,2023-08-15,Rendimento,"0,75"
HCTR11,"0,50000000",2023-08-09,2023-08-16,Rendimento,"1,06"
IRDM11,"0,80871633",2023-08-09,2023-08-16,Rendimento,"0,93"
RBRF11,"0,06300000",2023-08-09,2023-08-16,Rendimento,"0,07"
RBRR11,"0,70000000",2023-08-09,2023-08-16,Rendimento,"0,77"
RBRY11,"1,20000000",2023-08-09,2023-08-16,Rendimento,"1,18"
CPTS11,"0,08900000",2023-08-10,2023-08-17,Rendimento,"0,10"
MCCI11,"0,90000000",2023-08-10,2023-08-17,Rendimento,"0,95"
VGIP11,"0,85000000",2023-08-10,2023-08-17,Rendimento,"0,94"
VGIR11,"0,12000000",2023-08-10,2023-08-17,Rendimento,"1,22"
AFHI11,"1,05000000",2023-08-14,2023-08-21,Rendimento,"1,07"
MANA11,"0,11000000",2023-07-31,2023-08-21,Rendimento,"1,10"
RZAK11,"1,16000000",2023-08-14,2023-08-21,Rendimento,"1,24"
RZAT11,"0,75000000",2023-08-14,2023-08-21,Rendimento,"0,81"
MCRE11,"0,13000000",2023-08-15,2023-08-22,Rendimento,"0,12"
RBRX11,"0,11000000",2023-08-14,2023-08-22,Rendimento,"0,12"
BROF11,"0,53000000",2023-08-16,2023-08-23,Rendimento,"0,76"
CPSH11,"0,11000000",2023-08-16,2023-08-23,Rendimento,"0,09"
BTAL11,"0,73000000",2023-08-17,2023-08-24,Rendimento,"0,80"
ALZR11,"0,08250000",2023-08-18,2023-08-25,Rendimento,"0,07"
BTLG11,"0,76000000",2023-08-15,2023-08-25,Rendimento,"0,74"
SNCI11,"1,00000000",2023-08-15,2023-08-25,Rendimento,"0,99"
SNFF11,"0,65000000",2023-08-15,2023-08-25,Rendimento,"0,72"
XPML11,"0,84000000",2023-08-18,2023-08-25,Rendimento,"0,77"
BCIA11,"0,82000000",2023-07-31,2023-08-28,Rendimento,"0,77"
ARRI11,"0,10000000",2023-08-31,2023-09-08,Rendimento,"1,12"
GARE11,"0,08400000",2023-08-31,2023-09-08,Rendimento,"0,92"
HSAF11,"0,75000000",2023-08-31,2023-09-08,Rendimento,"0,87"
HSML11,"0,74000000",2023-08-31,2023-09-08,Rendimento,"0,77"
HTMX11,"2,01852611",2023-08-31,2023-09-08,Rendimento,"1,44"
LIFE11,"0,12200000",2023-08-31,2023-09-08,Rendimento,"1,18"
LVBI11,"0,79000000",2023-08-31,2023-09-08,Rendimento,"0,68"
PORD11,"0,10300000",2023-08-31,2023-09-08,Rendimento,"0,11"
PVBI11,"0,67000000",2023-08-31,2023-09-08,Rendimento,"0,64"
RZTR11,"0,85000000",2023-08-31,2023-09-08,Rendimento,"0,86"
VGHF11,"0,12000000",2023-08-31,2023-09-08,Rendimento,"1,24"
AIEC11,"0,76000000",2023-08-31,2023-09-11,Rendimento,"1,11"
CACR11,"1,43000000",2023-08-31,2023-09-11,Rendimento,"1,34"
GGRC11,"0,09500000",2023-09-01,2023-09-11,Rendimento,"0,08"
PATL11,"0,60000000",2023-08-31,2023-09-11,Rendimento,"0,82"
HABT11,"1,00000000",2023-08-31,2023-09-12,Rendimento,"1,02"
KNHF11,"1,00000000",2023-08-31,2023-09-13,Rendimento,"0,96"
KNUQ11,"0,90000000",2023-08-31,2023-09-13,Rendimento,"0,00"
KCRE11,"0,08000000",2023-08-31,2023-09-14,Rendimento,"0,08"
KNCR11,"1,20000000",2023-08-31,2023-09-14,Rendimento,"1,20"
KNHY11,"0,90000000",2023-08-31,2023-09-14,Rendimento,"0,88"
KNIP11,"0,50000000",2023-08-31,2023-09-14,Rendimento,"0,54"
KNSC11,"0,08000000",2023-08-31,2023-09-14,Rendimento,"0,09"
VCJR11,"0,55000000",2023-08-31,2023-09-14,Rendimento,"0,60"
BCRI11,"0,80000000",2023-08-31,2023-09-15,Rendimento,"1,13"
BLMG11,"0,70000000",2023-09-08,2023-09-15,Rendimento,"1,15"
BRCO11,"0,87000000",2023-08-31,2023-09-15,Rendimento,"0,69"
BRCR11,"0,41000000",2023-09-08,2023-09-15,Rendimento,"0,65"
BTCI11,"0,10100000",2023-09-08,2023-09-15,Rendimento,"1,04"
CYCR11,"0,10000000",2023-08-31,2023-09-15,Rendimento,"1,06"
DEVA11,"0,47000000",2023-09-08,2023-09-15,Rendimento,"0,95"
FATN11,"0,85000000",2023-09-06,2023-09-15,Rendimento,"0,90"
GTWR11,"0,79000000",2023-08-31,2023-09-15,Rendimento,"0,91"
HCTR11,"0,17050000",2023-09-08,2023-09-15,Rendimento,"0,37"
HFOF11,"0,06300000",2023-08-31,2023-09-15,Rendimento,"0,08"
HGBS11,"0,20000000",2023-08-31,2023-09-15,Rendimento,"0,09"
HGCR11,"1,10000000",2023-08-31,2023-09-15,Rendimento,"1,02"
HGLG11,"1,10000000",2023-08-31,2023-09-15,Rendimento,"0,68"
HGRE11,"0,78000000",2023-08-31,2023-09-15,Rendimento,"0,57"
HGRU11,"0,85000000",2023-08-31,2023-09-15,Rendimento,"0,64"
HSLG11,"0,73000000",2023-08-31,2023-09-15,Rendimento,"0,77"
JSAF11,"0,09300000",2023-08-31,2023-09-15,Rendimento,"0,09"
JSRE11,"0,46000000",2023-08-31,2023-09-15,Rendimento,"0,59"
KFOF11,"0,75000000",2023-08-31,2023-09-15,Rendimento,"0,77"
KISU11,"0,07000000",2023-08-31,2023-09-15,Rendimento,"0,81"
KIVO11,"1,15000000",2023-08-31,2023-09-15,Rendimento,"1,23"
KNRI11,"0,95000000",2023-08-31,2023-09-15,Rendimento,"0,59"
MFII11,"1,07000000",2023-08-31,2023-09-15,Rendimento,"1,12"
MXRF11,"0,11000000",2023-08-31,2023-09-15,Rendimento,"1,00"
OUJP11,"1,10000000",2023-08-31,2023-09-15,Rendimento,"1,08"
PMLL11,"0,85000000",2023-08-31,2023-09-15,Rendimento,"0,72"
RBFF11,"0,50000000",2023-08-31,2023-09-15,Rendimento,"0,81"
RBRL11,"0,72000000",2023-09-08,2023-09-15,Rendimento,"0,80"
RBRP11,"0,25000000",2023-09-08,2023-09-15,Rendimento,"0,42"
RBVA11,"0,10000000",2023-08-31,2023-09-15,Rendimento,"0,09"
RCRB11,"0,77000000",2023-09-06,2023-09-15,Rendimento,"0,51"
RECR11,"0,59700000",2023-09-08,2023-09-15,Rendimento,"0,67"
SARE11,"0,04800000",2023-08-31,2023-09-15,Rendimento,"0,09"
SPXS11,"0,12300000",2023-09-08,2023-09-15,Rendimento,"0,12"
TEPP11,"0,58000000",2023-08-31,2023-09-15,Rendimento,"0,65"
TGAR11,"1,42000000",2023-08-31,2023-09-15,Rendimento,"1,16"
TRBL11,"0,72000000",2023-08-31,2023-09-15,Rendimento,"0,71"
TRXF11,"0,90000000",2023-08-31,2023-09-15,Rendimento,"0,80"
TVRI11,"0,90000000",2023-08-31,2023-09-15,Rendimento,"0,92"
URPR11,"1,16000000",2023-08-31,2023-09-15,Rendimento,"1,19"
VILG11,"0,70000000",2023-08-31,2023-09-15,Rendimento,"0,67"
VINO11,"0,06000000",2023-08-31,2023-09-15,Rendimento,"0,65"
VISC11,"0,92000000",2023-08-31,2023-09-15,Rendimento,"0,76"
VRTA11,"0,70000000",2023-08-31,2023-09-15,Rendimento,"0,76"
WHGR11,"0,10000000",2023-08-31,2023-09-15,Rendimento,"1,03"
XPCI11,"0,90000000",2023-08-31,2023-09-15,Rendimento,"1,03"
XPLG11,"0,78000000",2023-08-31,2023-09-15,Rendimento,"0,69"
XPSF11,"0,07500000",2023-08-31,2023-09-15,Rendimento,"0,86"
CCME11,"0,09000000",2023-09-11,2023-09-18,Rendimento,"0,08"
CVBI11,"0,90000000",2023-09-11,2023-09-18,Rendimento,"0,96"
RVBI11,"0,75000000",2023-09-11,2023-09-18,Rendimento,"0,89"
IRDM11,"0,73975331",2023-09-12,2023-09-19,Rendimento,"0,89"
RBRF11,"0,05500000",2023-09-12,2023-09-19,Rendimento,"0,07"
RBRR11,"0,65000000",2023-09-12,2023-09-19,Rendimento,"0,72"
RBRY11,"1,20000000",2023-09-12,2023-09-19,Rendimento,"1,18"
CPTS11,"0,07900000",2023-09-13,2023-09-20,Rendimento,"0,09"
MCCI11,"0,90000000",2023-09-13,2023-09-20,Rendimento,"0,96"
VGIP11,"0,64000000",2023-09-13,2023-09-20,Rendimento,"0,69"
VGIR11,"0,13000000",2023-09-13,2023-09-20,Rendimento,"1,33"
AFHI11,"1,05000000",2023-09-15,2023-09-22,Rendimento,"1,07"
MANA11,"0,11000000",2023-08-31,2023-09-22,Rendimento,"1,11"
RZAK11,"1,16000000",2023-09-15,2023-09-22,Rendimento,"1,22"
RZAT11,"0,73000000",2023-09-15,2023-09-22,Rendimento,"0,82"
ALZR11,"0,08250000",2023-09-18,2023-09-25,Rendimento,"0,07"
BTLG11,"0,76000000",2023-09-15,2023-09-25,Rendimento,"0,73"
MCRE11,"0,13000000",2023-09-18,2023-09-25,Rendimento,"0,12"
RBRX11,"0,11000000",2023-09-15,2023-09-25,Rendimento,"0,12"
SNCI11,"1,00000000",2023-09-15,2023-09-25,Rendimento,"1,00"
SNFF11,"0,65000000",2023-09-15,2023-09-25,Rendimento,"0,68"
XPML11,"0,85000000",2023-09-18,2023-09-25,Rendimento,"0,75"
BROF11,"0,54000000",2023-09-19,2023-09-26,Rendimento,"0,79"
CPSH11,"0,11000000",2023-09-19,2023-09-26,Rendimento,"0,09"
BTAL11,"0,71000000",2023-09-20,2023-09-27,Rendimento,"0,79"
BCIA11,"0,83000000",2023-08-31,2023-09-29,Rendimento,"0,80"
ARRI11,"0,10000000",2023-09-29,2023-10-06,Rendimento,"1,12"
GARE11,"0,08400000",2023-09-29,2023-10-06,Rendimento,"0,90"
HSAF11,"0,70000000",2023-09-29,2023-10-06,Rendimento,"0,82"
HSML11,"0,74000000",2023-09-29,2023-10-06,Rendimento,"0,78"
HTMX11,"2,85000000",2023-09-29,2023-10-06,Rendimento,"1,94"
LIFE11,"0,12000000",2023-09-29,2023-10-06,Rendimento,"1,19"
LVBI11,"0,79000000",2023-09-29,2023-10-06,Rendimento,"0,67"
PORD11,"0,10000000",2023-09-29,2023-10-06,Rendimento,"0,11"
PVBI11,"0,70000000",2023-09-29,2023-10-06,Rendimento,"0,65"
RZTR11,"1,10000000",2023-09-29,2023-10-06,Rendimento,"1,09"
VGHF11,"0,10000000",2023-09-29,2023-10-06,Rendimento,"1,03"
AIEC11,"0,76000000",2023-09-29,2023-10-09,Rendimento,"1,16"
CACR11,"1,42000000",2023-09-29,2023-10-09,Rendimento,"1,33"
GGRC11,"0,09500000",2023-10-02,2023-10-09,Rendimento,"0,08"
PATL11,"0,60000000",2023-09-29,2023-10-09,Rendimento,"0,82"
HABT11,"1,00000000",2023-09-29,2023-10-11,Rendimento,"1,07"
KNHF11,"0,84000000",2023-09-29,2023-10-11,Rendimento,"0,79"
KNUQ11,"0,77000000",2023-09-29,2023-10-11,Rendimento,"0,00"
BCRI11,"0,70000000",2023-09-29,2023-10-13,Rendimento,"0,99"
BRCO11,"0,87000000",2023-09-29,2023-10-13,Rendimento,"0,70"
KCRE11,"0,05700000",2023-09-29,2023-10-13,Rendimento,"0,06"
KNCR11,"1,10000000",2023-09-29,2023-10-13,Rendimento,"1,09"
KNHY11,"0,90000000",2023-09-29,2023-10-13,Rendimento,"0,88"
KNIP11,"0,60000000",2023-09-29,2023-10-13,Rendimento,"0,64"
KNSC11,"0,07500000",2023-09-29,2023-10-13,Rendimento,"0,08"
RBFF11,"0,51000000",2023-09-29,2023-10-13,Rendimento,"0,83"
RBVA11,"0,10000000",2023-09-29,2023-10-13,Rendimento,"0,09"
RCRB11,"0,78000000",2023-10-04,2023-10-13,Rendimento,"0,51"
VCJR11,"0,65000000",2023-09-29,2023-10-13,Rendimento,"0,71"
VRTA11,"0,70000000",2023-09-29,2023-10-13,Rendimento,"0,78"
BLMG11,"0,68000000",2023-10-06,2023-10-16,Rendimento,"1,16"
BRCR11,"0,41000000",2023-10-06,2023-10-16,Rendimento,"0,70"
BTCI11,"0,10100000",2023-10-06,2023-10-16,Rendimento,"1,02"
CYCR11,"0,10000000",2023-09-29,2023-10-16,Rendimento,"1,05"
DEVA11,"0,49000000",2023-10-06,2023-10-16,Rendimento,"1,22"
FATN11,"0,85000000",2023-10-05,2023-10-16,Rendimento,"0,92"
GTWR11,"0,79000000",2023-09-29,2023-10-16,Rendimento,"0,94"
HCTR11,"0,27000000",2023-10-06,2023-10-16,Rendimento,"0,89"
HFOF11,"0,06300000",2023-09-29,2023-10-16,Rendimento,"0,08"
HGBS11,"0,20000000",2023-09-29,2023-10-16,Rendimento,"0,09"
HGCR11,"1,10000000",2023-09-29,2023-10-16,Rendimento,"1,01"
HGLG11,"1,10000000",2023-09-29,2023-10-16,Rendimento,"0,68"
HGRE11,"0,78000000",2023-09-29,2023-10-16,Rendimento,"0,58"
HGRU11,"0,85000000",2023-09-29,2023-10-16,Rendimento,"0,61"
HSLG11,"0,74000000",2023-09-29,2023-10-16,Rendimento,"0,77"
JSAF11,"0,10000000",2023-09-29,2023-10-16,Rendimento,"0,10"
JSRE11,"0,46000000",2023-09-29,2023-10-16,Rendimento,"0,61"
KFOF11,"0,80000000",2023-09-29,2023-10-16,Rendimento,"0,81"
KISU11,"0,07500000",2023-09-29,2023-10-16,Rendimento,"0,86"
KIVO11,"1,02000000",2023-09-29,2023-10-16,Rendimento,"1,09"
KNRI11,"1,00000000",2023-09-29,2023-10-16,Rendimento,"0,61"
MFII11,"1,08000000",2023-09-29,2023-10-16,Rendimento,"1,14"
MXRF11,"0,11000000",2023-09-29,2023-10-16,Rendimento,"0,99"
OUJP11,"1,00000000",2023-09-29,2023-10-16,Rendimento,"1,00"
PMLL11,"0,85000000",2023-09-29,2023-10-16,Rendimento,"0,72"
RBRL11,"0,72000000",2023-10-06,2023-10-16,Rendimento,"0,81"
RBRP11,"0,25000000",2023-10-06,2023-10-16,Rendimento,"0,46"
RECR11,"0,74930000",2023-10-06,2023-10-16,Rendimento,"0,86"
SARE11,"0,04500000",2023-09-29,2023-10-16,Rendimento,"0,09"
SPXS11,"0,11700000",2023-10-06,2023-10-16,Rendimento,"0,12"
TEPP11,"0,58000000",2023-09-29,2023-10-16,Rendimento,"0,63"
TGAR11,"1,43000000",2023-09-29,2023-10-16,Rendimento,"1,12"
TRBL11,"0,72000000",2023-09-29,2023-10-16,Rendimento,"0,73"
TRXF11,"0,90000000",2023-09-29,2023-10-16,Rendimento,"0,80"
TVRI11,"0,90000000",2023-09-29,2023-10-16,Rendimento,"0,93"
URPR11,"1,17000000",2023-09-29,2023-10-16,Rendimento,"1,25"
VILG11,"0,70000000",2023-09-29,2023-10-16,Rendimento,"0,65"
VINO11,"0,06000000",2023-09-29,2023-10-16,Rendimento,"0,71"
VISC11,"0,92000000",2023-09-29,2023-10-16,Rendimento,"0,77"
WHGR11,"0,10000000",2023-09-29,2023-10-16,Rendimento,"1,02"
XPCI11,"0,95000000",2023-09-29,2023-10-16,Rendimento,"1,08"
XPLG11,"0,78000000",2023-09-29,2023-10-16,Rendimento,"0,69"
XPSF11,"0,07500000",2023-09-29,2023-10-16,Rendimento,"0,90"
CCME11,"0,09000000",2023-10-09,2023-10-17,Rendimento,"0,08"
CVBI11,"0,70000000",2023-10-09,2023-10-17,Rendimento,"0,75"
RVBI11,"0,75000000",2023-10-09,2023-10-17,Rendimento,"0,90"
IRDM11,"0,80067316",2023-10-10,2023-10-18,Rendimento,"1,00"
RBRF11,"0,05500000",2023-10-10,2023-10-18,Rendimento,"0,07"
RBRR11,"0,65000000",2023-10-10,2023-10-18,Rendimento,"0,72"
RBRY11,"1,20000000",2023-10-10,2023-10-18,Rendimento,"1,19"
CPTS11,"0,05400000",2023-10-11,2023-10-19,Rendimento,"0,63"
MCCI11,"0,90000000",2023-10-11,2023-10-19,Rendimento,"0,96"
VGIP11,"0,80000000",2023-10-11,2023-10-19,Rendimento,"0,89"
VGIR11,"0,12000000",2023-10-11,2023-10-19,Rendimento,"1,20"
AFHI11,"1,05000000",2023-10-16,2023-10-23,Rendimento,"1,07"
MANA11,"0,10000000",2023-09-29,2023-10-23,Rendimento,"1,01"
RZAK11,"1,30000000",2023-10-16,2023-10-23,Rendimento,"1,38"
RZAT11,"0,79000000",2023-10-16,2023-10-23,Rendimento,"0,88"
MCRE11,"0,13000000",2023-10-17,2023-10-24,Rendimento,"0,12"
RBRX11,"0,10500000",2023-10-16,2023-10-24,Rendimento,"0,11"
ALZR11,"0,08250000",2023-10-18,2023-10-25,Rendimento,"0,07"
BROF11,"0,54000000",2023-10-18,2023-10-25,Rendimento,"0,83"
BTLG11,"0,76000000",2023-10-13,2023-10-25,Rendimento,"0,75"
CPSH11,"0,07400000",2023-10-18,2023-10-25,Rendimento,"0,07"
SNCI11,"1,00000000",2023-10-13,2023-10-25,Rendimento,"1,00"
SNFF11,"0,65000000",2023-10-13,2023-10-25,Rendimento,"0,73"
XPML11,"0,85000000",2023-10-18,2023-10-25,Rendimento,"0,76"
BTAL11,"0,71000000",2023-10-19,2023-10-26,Rendimento,"0,84"
BCIA11,"0,85000000",2023-09-29,2023-10-30,Rendimento,"0,82"
ARRI11,"0,09000000",2023-10-31,2023-11-08,Rendimento,"1,01"
GARE11,"0,08400000",2023-10-31,2023-11-08,Rendimento,"0,91"
HSAF11,"0,80000000",2023-10-31,2023-11-08,Rendimento,"0,96"
HSML11,"0,74000000",2023-10-31,2023-11-08,Rendimento,"0,81"
HTMX11,"3,70000000",2023-10-31,2023-11-08,Rendimento,"2,30"
LIFE11,"0,12500000",2023-10-31,2023-11-08,Rendimento,"1,23"
LVBI11,"0,87000000",2023-10-31,2023-11-08,Rendimento,"0,74"
PORD11,"0,10300000",2023-10-31,2023-11-08,Rendimento,"0,11"
PVBI11,"0,70000000",2023-10-31,2023-11-08,Rendimento,"0,68"
RZTR11,"1,40000000",2023-10-31,2023-11-08,Rendimento,"1,37"
VGHF11,"0,10000000",2023-10-31,2023-11-08,Rendimento,"1,05"
AIEC11,"0,76000000",2023-10-31,2023-11-09,Rendimento,"1,31"
CACR11,"1,40000000",2023-10-31,2023-11-09,Rendimento,"1,33"
GGRC11,"0,09300000",2023-11-01,2023-11-09,Rendimento,"0,08"
PATL11,"0,60000000",2023-10-31,2023-11-09,Rendimento,"0,90"
HABT11,"1,00000000",2023-10-31,2023-11-10,Rendimento,"1,11"
KNHF11,"1,05000000",2023-10-31,2023-11-13,Rendimento,"1,02"
KNUQ11,"0,97000000",2023-10-31,2023-11-13,Rendimento,"0,94"
KCRE11,"0,08500000",2023-10-31,2023-11-14,Rendimento,"0,09"
KNCR11,"1,11000000",2023-10-31,2023-11-14,Rendimento,"1,08"
KNHY11,"1,00000000",2023-10-31,2023-11-14,Rendimento,"0,99"
KNIP11,"0,70000000",2023-10-31,2023-11-14,Rendimento,"0,76"
KNSC11,"0,08000000",2023-10-31,2023-11-14,Rendimento,"0,09"
RBFF11,"0,51000000",2023-10-31,2023-11-14,Rendimento,"0,85"
RBVA11,"0,10000000",2023-10-31,2023-11-14,Rendimento,"0,09"
RCRB11,"0,79000000",2023-11-07,2023-11-14,Rendimento,"0,53"
VCJR11,"0,75000000",2023-10-31,2023-11-14,Rendimento,"0,82"
VRTA11,"0,70000000",2023-10-31,2023-11-14,Rendimento,"0,79"
BCRI11,"0,75000000",2023-10-31,2023-11-16,Rendimento,"1,10"
BLMG11,"0,66000000",2023-11-08,2023-11-16,Rendimento,"1,19"
BRCO11,"0,90000000",2023-10-31,2023-11-16,Rendimento,"0,73"
BRCR11,"0,41000000",2023-11-08,2023-11-16,Rendimento,"0,75"
BTCI11,"0,09700000",2023-11-08,2023-11-16,Rendimento,"0,98"
CYCR11,"0,10000000",2023-10-31,2023-11-16,Rendimento,"1,07"
DEVA11,"0,52000000",2023-11-08,2023-11-16,Rendimento,"1,20"
FATN11,"0,85000000",2023-11-07,2023-11-16,Rendimento,"0,91"
GTWR11,"0,79000000",2023-10-31,2023-11-16,Rendimento,"0,98"
HCTR11,"0,34000000",2023-11-08,2023-11-16,Rendimento,"0,90"
HFOF11,"0,06300000",2023-10-31,2023-11-16,Rendimento,"0,08"
HGBS11,"0,20000000",2023-10-31,2023-11-16,Rendimento,"0,09"
HGCR11,"1,00000000",2023-10-31,2023-11-16,Rendimento,"0,94"
HGLG11,"1,10000000",2023-10-31,2023-11-16,Rendimento,"0,70"
HGRE11,"0,78000000",2023-10-31,2023-11-16,Rendimento,"0,63"
HGRU11,"0,85000000",2023-10-31,2023-11-16,Rendimento,"0,66"
HSLG11,"0,74000000",2023-10-31,2023-11-16,Rendimento,"0,81"
JSAF11,"0,10000000",2023-10-31,2023-11-16,Rendimento,"0,10"
JSRE11,"0,46000000",2023-10-31,2023-11-16,Rendimento,"0,66"
KFOF11,"0,80000000",2023-10-31,2023-11-16,Rendimento,"0,83"
KISU11,"0,07500000",2023-10-31,2023-11-16,Rendimento,"0,90"
KIVO11,"1,18000000",2023-10-31,2023-11-16,Rendimento,"1,31"
KNRI11,"1,00000000",2023-10-31,2023-11-16,Rendimento,"0,62"
MFII11,"1,07000000",2023-10-31,2023-11-16,Rendimento,"1,15"
MXRF11,"0,11000000",2023-10-31,2023-11-16,Rendimento,"1,02"
OUJP11,"1,00000000",2023-10-31,2023-11-16,Rendimento,"1,05"
PMLL11,"0,85000000",2023-10-31,2023-11-16,Rendimento,"0,73"
RBRL11,"0,72000000",2023-11-08,2023-11-16,Rendimento,"0,84"
RBRP11,"0,28000000",2023-11-08,2023-11-16,Rendimento,"0,54"
RECR11,"0,78030000",2023-11-08,2023-11-16,Rendimento,"0,91"
SARE11,"0,04500000",2023-10-31,2023-11-16,Rendimento,"0,09"
SPXS11,"0,09000000",2023-11-08,2023-11-16,Rendimento,"0,96"
TEPP11,"0,64000000",2023-10-31,2023-11-16,Rendimento,"0,71"
TGAR11,"1,45000000",2023-10-31,2023-11-16,Rendimento,"1,21"
TRBL11,"0,72000000",2023-10-31,2023-11-16,Rendimento,"0,73"
TRXF11,"0,90000000",2023-10-31,2023-11-16,Rendimento,"0,83"
TVRI11,"0,91000000",2023-10-31,2023-11-16,Rendimento,"0,98"
URPR11,"1,18000000",2023-10-31,2023-11-16,Rendimento,"1,31"
VILG11,"0,68000000",2023-10-31,2023-11-16,Rendimento,"0,67"
VINO11,"0,06000000",2023-10-31,2023-11-16,Rendimento,"0,79"
VISC11,"1,00000000",2023-10-31,2023-11-16,Rendimento,"0,85"
WHGR11,"0,10000000",2023-10-31,2023-11-16,Rendimento,"1,04"
XPCI11,"0,95000000",2023-10-31,2023-11-16,Rendimento,"1,09"
XPLG11,"0,78000000",2023-10-31,2023-11-16,Rendimento,"0,71"
XPSF11,"0,07500000",2023-10-31,2023-11-16,Rendimento,"0,94"
CCME11,"0,09000000",2023-11-09,2023-11-17,Rendimento,"0,00"
CLIN11,"1,06900000",2023-11-09,2023-11-17,Rendimento,"1,08"
CVBI11,"0,75000000",2023-11-09,2023-11-17,Rendimento,"0,82"
RVBI11,"0,75000000",2023-11-09,2023-11-17,Rendimento,"0,92"
IRDM11,"0,71212798",2023-11-10,2023-11-20,Rendimento,"0,90"
RBRF11,"0,05500000",2023-11-10,2023-11-20,Rendimento,"0,07"
RBRR11,"0,65000000",2023-11-10,2023-11-20,Rendimento,"0,72"
RBRY11,"1,00000000",2023-11-10,2023-11-20,Rendimento,"0,99"
CPTS11,"0,06100000",2023-11-13,2023-11-21,Rendimento,"0,76"
MCCI11,"0,90000000",2023-11-13,2023-11-21,Rendimento,"0,96"
VGIP11,"0,80000000",2023-11-13,2023-11-21,Rendimento,"0,91"
VGIR11,"0,12000000",2023-11-13,2023-11-21,Rendimento,"1,22"
AFHI11,"1,02000000",2023-11-16,2023-11-23,Rendimento,"1,05"
MANA11,"0,10000000",2023-10-31,2023-11-23,Rendimento,"1,02"
RZAK11,"1,20000000",2023-11-16,2023-11-23,Rendimento,"1,36"
RZAT11,"1,02000000",2023-11-16,2023-11-23,Rendimento,"1,15"
ALZR11,"0,08250000",2023-11-17,2023-11-24,Rendimento,"0,07"
BTLG11,"0,76000000",2023-11-14,2023-11-24,Rendimento,"0,76"
MCRE11,"0,13000000",2023-11-17,2023-11-24,Rendimento,"0,12"
RBRX11,"0,10000000",2023-11-16,2023-11-24,Rendimento,"0,11"
SNCI11,"1,00000000",2023-11-14,2023-11-24,Rendimento,"1,00"
SNEL11,"0,10000000",2023-11-14,2023-11-24,Rendimento,"0,00"
SNFF11,"0,65000000",2023-11-14,2023-11-24,Rendimento,"0,74"
XPML11,"0,85000000",2023-11-17,2023-11-24,Rendimento,"0,75"
BROF11,"0,55000000",2023-11-20,2023-11-27,Rendimento,"0,89"
CPSH11,"0,10000000",2023-11-20,2023-11-27,Rendimento,"0,09"
BTAL11,"0,68000000",2023-11-21,2023-11-28,Rendimento,"0,84"
BCIA11,"0,85000000",2023-10-31,2023-11-30,Rendimento,"0,85"
BCRI11,"1,21989130",2023-10-30,2023-12-06,Dividendo,"1,81"
ARRI11,"0,10000000",2023-11-30,2023-12-07,Rendimento,"1,10"
GARE11,"0,08400000",2023-11-30,2023-12-07,Rendimento,"0,90"
GZIT11,"0,32301670",2023-11-30,2023-12-07,Rendimento,"0,00"
HSAF11,"0,80000000",2023-11-30,2023-12-07,Rendimento,"0,94"
HSML11,"0,74000000",2023-11-30,2023-12-07,Rendimento,"0,79"
HTMX11,"3,70000000",2023-11-30,2023-12-07,Rendimento,"2,10"
LIFE11,"0,12500000",2023-11-30,2023-12-07,Rendimento,"1,27"
LVBI11,"0,90000000",2023-11-30,2023-12-07,Rendimento,"0,79"
PORD11,"0,09800000",2023-11-30,2023-12-07,Rendimento,"0,11"
PVBI11,"0,70000000",2023-11-30,2023-12-07,Rendimento,"0,69"
RZTR11,"1,40000000",2023-11-30,2023-12-07,Rendimento,"1,37"
VGHF11,"0,11000000",2023-11-30,2023-12-07,Rendimento,"1,19"
AIEC11,"0,78000000",2023-11-30,2023-12-08,Rendimento,"1,39"
CACR11,"1,42000000",2023-11-30,2023-12-08,Rendimento,"1,39"
GGRC11,"0,09200000",2023-12-01,2023-12-08,Rendimento,"0,08"
PATL11,"0,60000000",2023-11-30,2023-12-08,Rendimento,"0,95"
HABT11,"1,00000000",2023-11-30,2023-12-12,Rendimento,"1,14"
KNHF11,"1,05000000",2023-11-30,2023-12-12,Rendimento,"1,02"
KNUQ11,"1,06000000",2023-11-30,2023-12-12,Rendimento,"1,04"
KCRE11,"0,08500000",2023-11-30,2023-12-13,Rendimento,"0,09"
KNCR11,"1,01000000",2023-11-30,2023-12-13,Rendimento,"0,99"
KNHY11,"1,05000000",2023-11-30,2023-12-13,Rendimento,"1,03"
KNIP11,"0,70000000",2023-11-30,2023-12-13,Rendimento,"0,76"
KNSC11,"0,07000000",2023-11-30,2023-12-13,Rendimento,"0,79"
VCJR11,"0,90000000",2023-11-30,2023-12-13,Rendimento,"1,00"
BLMG11,"0,30000000",2023-12-07,2023-12-14,Rendimento,"0,60"
BRCO11,"0,95000000",2023-11-30,2023-12-14,Rendimento,"0,80"
BRCR11,"0,41000000",2023-12-07,2023-12-14,Rendimento,"0,68"
BTCI11,"0,09700000",2023-12-07,2023-12-14,Rendimento,"1,00"
CYCR11,"0,10000000",2023-11-30,2023-12-14,Rendimento,"1,07"
DEVA11,"0,47000000",2023-12-07,2023-12-14,Rendimento,"1,06"
FATN11,"0,85000000",2023-12-06,2023-12-14,Rendimento,"0,92"
GTWR11,"0,79000000",2023-11-30,2023-12-14,Rendimento,"0,96"
HCTR11,"0,34000000",2023-12-07,2023-12-14,Rendimento,"0,93"
HFOF11,"0,06300000",2023-11-30,2023-12-14,Rendimento,"0,09"
HGBS11,"0,20000000",2023-11-30,2023-12-14,Rendimento,"0,09"
HGCR11,"1,00000000",2023-11-30,2023-12-14,Rendimento,"0,96"
HGLG11,"1,10000000",2023-11-30,2023-12-14,Rendimento,"0,68"
HGRE11,"0,78000000",2023-11-30,2023-12-14,Rendimento,"0,60"
HGRU11,"0,85000000",2023-11-30,2023-12-14,Rendimento,"0,63"
HSLG11,"0,74000000",2023-11-30,2023-12-14,Rendimento,"0,81"
JSAF11,"0,10000000",2023-11-30,2023-12-14,Rendimento,"0,10"
JSRE11,"0,46000000",2023-11-30,2023-12-14,Rendimento,"0,63"
KFOF11,"0,80000000",2023-11-30,2023-12-14,Rendimento,"0,85"
KISU11,"0,07500000",2023-11-30,2023-12-14,Rendimento,"0,91"
KIVO11,"1,25000000",2023-11-30,2023-12-14,Rendimento,"1,40"
KNRI11,"1,00000000",2023-11-30,2023-12-14,Rendimento,"0,63"
MFII11,"1,08000000",2023-11-30,2023-12-14,Rendimento,"1,18"
MXRF11,"0,11000000",2023-11-30,2023-12-14,Rendimento,"1,03"
OUJP11,"1,00000000",2023-11-30,2023-12-14,Rendimento,"1,02"
PMLL11,"0,80000000",2023-11-30,2023-12-14,Rendimento,"0,69"
RBRL11,"0,72000000",2023-12-07,2023-12-14,Rendimento,"0,83"
RBRP11,"0,28000000",2023-12-07,2023-12-14,Rendimento,"0,54"
RECR11,"0,77550000",2023-12-07,2023-12-14,Rendimento,"0,91"
SARE11,"0,04500000",2023-11-30,2023-12-14,Rendimento,"0,09"
SPXS11,"0,09000000",2023-12-07,2023-12-14,Rendimento,"1,01"
TEPP11,"0,64000000",2023-11-30,2023-12-14,Rendimento,"0,71"
TGAR11,"1,43000000",2023-11-30,2023-12-14,Rendimento,"1,18"
TRBL11,"0,72000000",2023-11-30,2023-12-14,Rendimento,"0,74"
TRXF11,"0,90000000",2023-11-30,2023-12-14,Rendimento,"0,83"
TVRI11,"0,91000000",2023-11-30,2023-12-14,Rendimento,"0,97"
URPR11,"1,10000000",2023-11-30,2023-12-14,Rendimento,"1,29"
VILG11,"0,65000000",2023-11-30,2023-12-14,Rendimento,"0,67"
VINO11,"0,05800000",2023-11-30,2023-12-14,Rendimento,"0,76"
VISC11,"1,00000000",2023-11-30,2023-12-14,Rendimento,"0,84"
WHGR11,"0,10000000",2023-11-30,2023-12-14,Rendimento,"1,04"
XPCI11,"0,80000000",2023-11-30,2023-12-14,Rendimento,"0,93"
XPLG11,"0,78000000",2023-11-30,2023-12-14,Rendimento,"0,73"
XPSF11,"0,07500000",2023-11-30,2023-12-14,Rendimento,"0,95"
BCRI11,"0,75000000",2023-11-30,2023-12-15,Rendimento,"1,08"
CCME11,"0,09000000",2023-12-08,2023-12-15,Rendimento,"0,08"
CLIN11,"1,10000000",2023-12-08,2023-12-15,Rendimento,"1,12"
CVBI11,"0,80000000",2023-12-08,2023-12-15,Rendimento,"0,90"
RBFF11,"0,51000000",2023-11-30,2023-12-15,Rendimento,"0,85"
RBVA11,"0,10000000",2023-11-30,2023-12-15,Rendimento,"0,09"
RCRB11,"0,80000000",2023-12-07,2023-12-15,Rendimento,"0,53"
RVBI11,"0,65000000",2023-12-08,2023-12-15,Rendimento,"0,80"
VRTA11,"0,70000000",2023-11-30,2023-12-15,Rendimento,"0,79"
VRTM11,"0,03000000",2023-11-30,2023-12-15,Rendimento,"0,29"
IRDM11,"0,77000000",2023-12-11,2023-12-18,Rendimento,"1,02"
RBRF11,"0,05500000",2023-12-11,2023-12-18,Rendimento,"0,07"
RBRR11,"0,65000000",2023-12-11,2023-12-18,Rendimento,"0,75"
RBRY11,"1,00000000",2023-12-11,2023-12-18,Rendimento,"1,01"
CPTS11,"0,06100000",2023-12-12,2023-12-19,Rendimento,"0,77"
MCCI11,"0,90000000",2023-12-12,2023-12-19,Rendimento,"0,98"
VGIP11,"0,70000000",2023-12-12,2023-12-19,Rendimento,"0,82"
VGIR11,"0,11000000",2023-12-12,2023-12-19,Rendimento,"1,12"
AFHI11,"1,00000000",2023-12-14,2023-12-21,Rendimento,"1,03"
AJFI11,"0,07000000",2023-12-07,2023-12-21,Rendimento,"0,73"
MANA11,"0,10000000",2023-11-30,2023-12-21,Rendimento,"1,05"
PMIS11,"0,05487700",2023-12-15,2023-12-21,Rendimento,"0,00"
RZAK11,"1,20000000",2023-12-14,2023-12-21,Rendimento,"1,37"
RZAT11,"1,20000000",2023-12-14,2023-12-21,Rendimento,"1,30"
ALZR11,"0,08250000",2023-12-15,2023-12-22,Rendimento,"0,07"
BTLG11,"0,76000000",2023-12-15,2023-12-22,Rendimento,"0,75"
MCRE11,"0,13000000",2023-12-15,2023-12-22,Rendimento,"0,12"
RBRX11,"0,10000000",2023-12-14,2023-12-22,Rendimento,"1,08"
SNCI11,"1,00000000",2023-12-15,2023-12-22,Rendimento,"1,00"
SNEL11,"0,10333333",2023-12-15,2023-12-22,Rendimento,"0,08"
SNFF11,"1,30000000",2023-12-15,2023-12-22,Rendimento,"1,49"
XPML11,"0,90000000",2023-12-15,2023-12-22,Rendimento,"0,79"
BROF11,"0,56000000",2023-12-18,2023-12-26,Rendimento,"0,98"
CPSH11,"0,10000000",2023-12-18,2023-12-26,Rendimento,"0,09"
BTAL11,"0,64000000",2023-12-19,2023-12-27,Rendimento,"0,87"
BCIA11,"0,85000000",2023-11-30,2023-12-28,Rendimento,"0,85"
ARRI11,"0,10000000",2023-12-28,2024-01-08,Rendimento,"1,10"
GARE11,"0,08400000",2023-12-28,2024-01-08,Rendimento,"0,91"
HSAF11,"0,75000000",2023-12-28,2024-01-08,Rendimento,"0,87"
HSML11,"0,76000000",2023-12-28,2024-01-08,Rendimento,"0,79"
HTMX11,"3,25426175",2023-12-28,2024-01-08,Rendimento,"1,64"
LIFE11,"0,12500000",2023-12-28,2024-01-08,Rendimento,"1,23"
LVBI11,"0,90000000",2023-12-28,2024-01-08,Rendimento,"0,76"
PORD11,"0,10100000",2023-12-28,2024-01-08,Rendimento,"0,11"
PVBI11,"0,70000000",2023-12-28,2024-01-08,Rendimento,"0,68"
RZTR11,"1,10000000",2023-12-28,2024-01-08,Rendimento,"1,01"
VGHF11,"0,10000000",2023-12-28,2024-01-08,Rendimento,"1,05"
AIEC11,"1,33000000",2024-01-02,2024-01-09,Rendimento,"2,37"
CACR11,"1,48000000",2023-12-28,2024-01-09,Rendimento,"1,44"
GGRC11,"0,09000000",2024-01-02,2024-01-09,Rendimento,"0,08"
PATL11,"0,60000000",2023-12-28,2024-01-09,Rendimento,"0,87"
KNHF11,"1,00000000",2023-12-28,2024-01-11,Rendimento,"0,94"
KNUQ11,"1,14000000",2023-12-28,2024-01-11,Rendimento,"1,11"
HABT11,"0,98000000",2023-12-28,2024-01-12,Rendimento,"1,08"
KCRE11,"0,08100000",2023-12-28,2024-01-12,Rendimento,"0,08"
KNCR11,"1,01000000",2023-12-28,2024-01-12,Rendimento,"0,97"
KNHY11,"1,05000000",2023-12-28,2024-01-12,Rendimento,"1,02"
KNIP11,"0,75000000",2023-12-28,2024-01-12,Rendimento,"0,78"
KNSC11,"0,07000000",2023-12-28,2024-01-12,Rendimento,"0,77"
VCJR11,"0,90000000",2023-12-28,2024-01-12,Rendimento,"0,95"
VILG11,"0,64000000",2023-12-28,2024-01-12,Rendimento,"0,65"
VINO11,"0,05800000",2023-12-28,2024-01-12,Rendimento,"0,76"
VISC11,"1,00000000",2023-12-28,2024-01-12,Rendimento,"0,81"
BCRI11,"0,78000000",2023-12-28,2024-01-15,Rendimento,"1,04"
BLMG11,"0,44000000",2024-01-08,2024-01-15,Rendimento,"1,05"
BRCO11,"0,99000000",2023-12-28,2024-01-15,Rendimento,"0,80"
BRCR11,"0,41000000",2024-01-08,2024-01-15,Rendimento,"0,67"
BTCI11,"0,09400000",2024-01-08,2024-01-15,Rendimento,"0,94"
CYCR11,"0,11000000",2023-12-28,2024-01-15,Rendimento,"1,12"
DEVA11,"0,42000000",2024-01-08,2024-01-15,Rendimento,"0,98"
FATN11,"0,85000000",2024-01-05,2024-01-15,Rendimento,"0,92"
GTWR11,"0,79000000",2023-12-28,2024-01-15,Rendimento,"0,91"
HCTR11,"0,35000000",2024-01-08,2024-01-15,Rendimento,"0,90"
HFOF11,"0,06300000",2023-12-28,2024-01-15,Rendimento,"0,08"
HGBS11,"0,20000000",2023-12-28,2024-01-15,Rendimento,"0,09"
HGCR11,"1,00000000",2023-12-28,2024-01-15,Rendimento,"0,95"
HGLG11,"1,10000000",2023-12-28,2024-01-15,Rendimento,"0,68"
HGRE11,"1,20000000",2023-12-28,2024-01-15,Rendimento,"0,90"
HGRU11,"2,30000000",2023-12-28,2024-01-15,Rendimento,"1,64"
HSLG11,"0,74000000",2023-12-28,2024-01-15,Rendimento,"0,77"
JSAF11,"0,10000000",2023-12-28,2024-01-15,Rendimento,"0,10"
JSRE11,"0,46000000",2023-12-28,2024-01-15,Rendimento,"0,61"
KFOF11,"1,03000000",2023-12-28,2024-01-15,Rendimento,"1,05"
KISU11,"0,08000000",2023-12-28,2024-01-15,Rendimento,"0,92"
KIVO11,"1,25000000",2023-12-28,2024-01-15,Rendimento,"1,38"
KNRI11,"1,00000000",2023-12-28,2024-01-15,Rendimento,"0,60"
KORE11,"0,69000000",2023-12-28,2024-01-15,Rendimento,"0,64"
MFII11,"1,08000000",2023-12-28,2024-01-15,Rendimento,"1,14"
MXRF11,"0,11000000",2023-12-28,2024-01-15,Rendimento,"1,04"
OUJP11,"0,90000000",2023-12-28,2024-01-15,Rendimento,"0,91"
PMLL11,"0,80000000",2023-12-28,2024-01-15,Rendimento,"0,67"
RBFF11,"0,52000000",2023-12-28,2024-01-15,Rendimento,"0,85"
RBRL11,"0,72000000",2024-01-08,2024-01-15,Rendimento,"0,80"
RBRP11,"0,28000000",2024-01-08,2024-01-15,Rendimento,"0,50"
RBVA11,"0,10000000",2023-12-28,2024-01-15,Rendimento,"0,09"
RCRB11,"0,93000000",2024-01-08,2024-01-15,Rendimento,"0,58"
RECR11,"0,75980000",2024-01-08,2024-01-15,Rendimento,"0,86"
SARE11,"0,04500000",2023-12-28,2024-01-15,Rendimento,"0,09"
SPXS11,"0,09100000",2024-01-08,2024-01-15,Rendimento,"0,97"
TEPP11,"0,90000000",2023-12-28,2024-01-15,Rendimento,"0,97"
TGAR11,"1,32000000",2023-12-28,2024-01-15,Rendimento,"1,08"
TRBL11,"0,72000000",2023-12-28,2024-01-15,Rendimento,"0,74"
TRXF11,"1,70000000",2023-12-28,2024-01-15,Rendimento,"1,52"
TVRI11,"0,91000000",2023-12-28,2024-01-15,Rendimento,"0,93"
URPR11,"1,11000000",2023-12-28,2024-01-15,Rendimento,"1,27"
VRTA11,"0,75000000",2023-12-28,2024-01-15,Rendimento,"0,84"
VRTM11,"0,09000000",2023-12-28,2024-01-15,Rendimento,"0,83"
WHGR11,"0,10000000",2023-12-28,2024-01-15,Rendimento,"1,02"
XPCI11,"0,76000000",2023-12-28,2024-01-15,Rendimento,"0,87"
XPLG11,"0,78000000",2023-12-28,2024-01-15,Rendimento,"0,72"
XPSF11,"0,07500000",2023-12-28,2024-01-15,Rendimento,"0,90"
CCME11,"0,09000000",2024-01-09,2024-01-16,Rendimento,"0,08"
CLIN11,"1,01000000",2024-01-09,2024-01-16,Rendimento,"1,05"
CVBI11,"0,85000000",2024-01-09,2024-01-16,Rendimento,"0,90"
RVBI11,"0,75000000",2024-01-09,2024-01-16,Rendimento,"0,89"
IRDM11,"0,70000000",2024-01-10,2024-01-17,Rendimento,"0,86"
RBRF11,"0,05500000",2024-01-10,2024-01-17,Rendimento,"0,07"
RBRR11,"0,68000000",2024-01-10,2024-01-17,Rendimento,"0,75"
RBRY11,"1,00000000",2024-01-10,2024-01-17,Rendimento,"1,00"
CPTS11,"0,06500000",2024-01-11,2024-01-18,Rendimento,"0,76"
MCCI11,"0,90000000",2024-01-11,2024-01-18,Rendimento,"0,94"
VGIP11,"0,76000000",2024-01-11,2024-01-18,Rendimento,"0,85"
VGIR11,"0,11000000",2024-01-11,2024-01-18,Rendimento,"1,11"
AFHI11,"1,00000000",2024-01-15,2024-01-22,Rendimento,"1,00"
AJFI11,"0,07000000",2024-01-08,2024-01-22,Rendimento,"0,72"
MANA11,"0,11000000",2023-12-28,2024-01-22,Rendimento,"1,16"
PMIS11,"0,06440180",2024-01-02,2024-01-22,Rendimento,"0,00"
RZAK11,"1,12000000",2024-01-15,2024-01-22,Rendimento,"1,26"
RZAT11,"1,10000000",2024-01-15,2024-01-22,Rendimento,"1,14"
MCRE11,"0,13000000",2024-01-16,2024-01-23,Rendimento,"1,07"
RBRX11,"0,09000000",2024-01-15,2024-01-23,Rendimento,"0,98"
BROF11,"0,57000000",2024-01-17,2024-01-24,Rendimento,"1,00"
CPSH11,"0,11000000",2024-01-17,2024-01-24,Rendimento,"0,10"
ALZR11,"0,07975550",2024-01-18,2024-01-25,Rendimento,"0,07"
BPML11,"0,87000000",2024-01-18,2024-01-25,Rendimento,"0,91"
BTAL11,"0,65000000",2024-01-18,2024-01-25,Rendimento,"0,85"
BTLG11,"0,81000000",2024-01-15,2024-01-25,Rendimento,"0,78"
SNCI11,"1,00000000",2024-01-15,2024-01-25,Rendimento,"1,00"
SNEL11,"0,10333333",2024-01-15,2024-01-25,Rendimento,"0,08"
SNFF11,"0,65000000",2024-01-15,2024-01-25,Rendimento,"0,73"
XPML11,"0,92000000",2024-01-18,2024-01-25,Rendimento,"0,79"
BCIA11,"0,85000000",2023-12-28,2024-01-29,Rendimento,"0,82"
GZIT11,"0,63250955",2024-01-24,2024-01-31,Rendimento,"0,00"
ARRI11,"0,10000000",2024-01-31,2024-02-07,Rendimento,"1,10"
GARE11,"0,08400000",2024-01-31,2024-02-07,Rendimento,"0,92"
HSAF11,"0,85000000",2024-01-31,2024-02-07,Rendimento,"0,95"
HSML11,"0,76000000",2024-01-31,2024-02-07,Rendimento,"0,79"
HTMX11,"0,86256093",2024-01-31,2024-02-07,Rendimento,"0,51"
LIFE11,"0,12000000",2024-01-31,2024-02-07,Rendimento,"1,19"
LVBI11,"1,05000000",2024-01-31,2024-02-07,Rendimento,"0,88"
PORD11,"0,09900000",2024-01-31,2024-02-07,Rendimento,"0,11"
PVBI11,"0,70000000",2024-01-31,2024-02-07,Rendimento,"0,68"
RZTR11,"0,85000000",2024-01-31,2024-02-07,Rendimento,"0,82"
VGHF11,"0,10000000",2024-01-31,2024-02-07,Rendimento,"1,05"
AIEC11,"0,17000000",2024-01-31,2024-02-08,Rendimento,"0,31"
CACR11,"1,35000000",2024-01-31,2024-02-08,Rendimento,"1,29"
GGRC11,"0,09000000",2024-02-01,2024-02-08,Rendimento,"0,08"
PATL11,"0,60000000",2024-01-31,2024-02-08,Rendimento,"0,88"
HABT11,"1,00000000",2024-01-31,2024-02-09,Rendimento,"1,10"
KNHF11,"0,85000000",2024-01-31,2024-02-14,Rendimento,"0,80"
KNUQ11,"1,16000000",2024-01-31,2024-02-14,Rendimento,"1,11"
BCRI11,"0,79000000",2024-01-31,2024-02-15,Rendimento,"1,05"
KCRE11,"0,09000000",2024-01-31,2024-02-15,Rendimento,"0,09"
KNCR11,"1,07000000",2024-01-31,2024-02-15,Rendimento,"1,03"
KNHY11,"1,20000000",2024-01-31,2024-02-15,Rendimento,"1,14"
KNIP11,"0,86000000",2024-01-31,2024-02-15,Rendimento,"0,89"
KNSC11,"0,08000000",2024-01-31,2024-02-15,Rendimento,"0,88"
RBFF11,"0,50000000",2024-01-31,2024-02-15,Rendimento,"0,81"
RBVA11,"0,10000000",2024-01-31,2024-02-15,Rendimento,"0,09"
RCRB11,"0,93000000",2024-02-06,2024-02-15,Rendimento,"0,56"
TRBL11,"0,85000000",2024-01-31,2024-02-15,Rendimento,"0,85"
VCJR11,"0,97000000",2024-01-31,2024-02-15,Rendimento,"1,02"
VRTA11,"0,80000000",2024-01-31,2024-02-15,Rendimento,"0,91"
VRTM11,"0,08000000",2024-01-31,2024-02-15,Rendimento,"0,74"
BLMG11,"0,44000000",2024-02-07,2024-02-16,Rendimento,"1,12"
BRCO11,"0,87000000",2024-01-31,2024-02-16,Rendimento,"0,70"
BRCR11,"0,41000000",2024-02-07,2024-02-16,Rendimento,"0,69"
BTCI11,"0,09200000",2024-02-07,2024-02-16,Rendimento,"0,89"
CYCR11,"0,10000000",2024-01-31,2024-02-16,Rendimento,"1,01"
DEVA11,"0,62000000",2024-02-07,2024-02-16,Rendimento,"1,42"
FATN11,"0,85000000",2024-02-06,2024-02-16,Rendimento,"0,92"
GTWR11,"0,79000000",2024-01-31,2024-02-16,Rendimento,"0,90"
HFOF11,"0,06300000",2024-01-31,2024-02-16,Rendimento,"0,08"
HGBS11,"0,17500000",2024-01-31,2024-02-16,Rendimento,"0,08"
HGCR11,"0,95000000",2024-01-31,2024-02-16,Rendimento,"0,90"
HGLG11,"1,10000000",2024-01-31,2024-02-16,Rendimento,"0,67"
HGRE11,"0,78000000",2024-01-31,2024-02-16,Rendimento,"0,58"
HGRU11,"0,85000000",2024-01-31,2024-02-16,Rendimento,"0,61"
HSLG11,"0,74000000",2024-01-31,2024-02-16,Rendimento,"0,76"
JSAF11,"0,10000000",2024-01-31,2024-02-16,Rendimento,"0,10"
JSRE11,"0,46000000",2024-01-31,2024-02-16,Rendimento,"0,61"
KFOF11,"0,80000000",2024-01-31,2024-02-16,Rendimento,"0,79"
KISU11,"0,07500000",2024-01-31,2024-02-16,Rendimento,"0,88"
KIVO11,"1,05000000",2024-01-31,2024-02-16,Rendimento,"1,11"
KNRI11,"1,00000000",2024-01-31,2024-02-16,Rendimento,"0,61"
KORE11,"1,25000000",2024-01-31,2024-02-16,Rendimento,"1,14"
MFII11,"1,20000000",2024-01-31,2024-02-16,Rendimento,"1,14"
MXRF11,"0,10000000",2024-01-31,2024-02-16,Rendimento,"0,93"
OUJP11,"0,91000000",2024-01-31,2024-02-16,Rendimento,"0,90"
PMIS11,"0,10000000",2024-01-31,2024-02-16,Rendimento,"0,00"
PMLL11,"0,92000000",2024-01-31,2024-02-16,Rendimento,"0,78"
RBRL11,"0,65000000",2024-02-07,2024-02-16,Rendimento,"0,74"
RBRP11,"0,33000000",2024-02-07,2024-02-16,Rendimento,"0,58"
RBRR11,"0,80000000",2024-02-07,2024-02-16,Rendimento,"0,88"
RECR11,"0,81000000",2024-02-07,2024-02-16,Rendimento,"0,95"
SARE11,"0,04000000",2024-01-31,2024-02-16,Rendimento,"0,09"
SPXS11,"0,09300000",2024-02-07,2024-02-16,Rendimento,"0,98"
TEPP11,"0,64000000",2024-01-31,2024-02-16,Rendimento,"0,69"
TGAR11,"1,32000000",2024-01-31,2024-02-16,Rendimento,"1,07"
TRXF11,"0,90000000",2024-01-31,2024-02-16,Rendimento,"0,81"
TVRI11,"0,97000000",2024-01-31,2024-02-16,Rendimento,"0,93"
URPR11,"1,10000000",2024-01-31,2024-02-16,Rendimento,"1,21"
VILG11,"0,60000000",2024-01-31,2024-02-16,Rendimento,"0,65"
VINO11,"0,05500000",2024-01-31,2024-02-16,Rendimento,"0,72"
VISC11,"1,00000000",2024-01-31,2024-02-16,Rendimento,"0,83"
WHGR11,"0,10000000",2024-01-31,2024-02-16,Rendimento,"1,01"
XPCI11,"0,90000000",2024-01-31,2024-02-16,Rendimento,"1,01"
XPLG11,"0,78000000",2024-01-31,2024-02-16,Rendimento,"0,71"
XPSF11,"0,07500000",2024-01-31,2024-02-16,Rendimento,"0,88"
CCME11,"0,09000000",2024-02-08,2024-02-19,Rendimento,"0,08"
CLIN11,"1,01000000",2024-02-08,2024-02-19,Rendimento,"1,08"
CVBI11,"1,05000000",2024-02-08,2024-02-19,Rendimento,"1,12"
RVBI11,"0,75000000",2024-02-08,2024-02-19,Rendimento,"0,90"
HCTR11,"0,34000000",2024-02-09,2024-02-20,Rendimento,"0,92"
IRDM11,"0,75000000",2024-02-09,2024-02-20,Rendimento,"0,96"
RBRF11,"0,05500000",2024-02-09,2024-02-20,Rendimento,"0,68"
RBRY11,"1,05000000",2024-02-09,2024-02-20,Rendimento,"1,04"
CPTS11,"0,07000000",2024-02-14,2024-02-21,Rendimento,"0,82"
MCCI11,"0,80000000",2024-02-14,2024-02-21,Rendimento,"0,84"
VGIP11,"0,80000000",2024-02-14,2024-02-21,Rendimento,"0,86"
VGIR11,"0,11000000",2024-02-14,2024-02-21,Rendimento,"1,13"
AFHI11,"0,95000000",2024-02-16,2024-02-23,Rendimento,"0,96"
AJFI11,"0,08200000",2024-02-07,2024-02-23,Rendimento,"0,83"
ALZR11,"0,07975550",2024-02-16,2024-02-23,Rendimento,"0,07"
BPML11,"0,91000000",2024-02-16,2024-02-23,Rendimento,"0,98"
BTLG11,"0,78000000",2024-02-15,2024-02-23,Rendimento,"0,76"
MANA11,"0,10000000",2024-01-31,2024-02-23,Rendimento,"1,05"
RZAK11,"1,15000000",2024-02-16,2024-02-23,Rendimento,"1,28"
RZAT11,"1,12000000",2024-02-16,2024-02-23,Rendimento,"1,16"
SNCI11,"0,90000000",2024-02-15,2024-02-23,Rendimento,"0,90"
SNEL11,"0,10333333",2024-02-15,2024-02-23,Rendimento,"0,08"
SNFF11,"0,69000000",2024-02-15,2024-02-23,Rendimento,"0,80"
XPML11,"0,90000000",2024-02-16,2024-02-23,Rendimento,"0,76"
MCRE11,"0,11000000",2024-02-19,2024-02-26,Rendimento,"0,88"
RBRX11,"0,09000000",2024-02-16,2024-02-26,Rendimento,"0,96"
BROF11,"0,54000000",2024-02-20,2024-02-27,Rendimento,"0,92"
CPSH11,"0,10000000",2024-02-20,2024-02-27,Rendimento,"0,09"
BTAL11,"0,65000000",2024-02-21,2024-02-28,Rendimento,"0,89"
BCIA11,"0,85000000",2024-01-31,2024-02-29,Rendimento,"0,78"
GZIT11,"0,78000000",2024-02-22,2024-02-29,Rendimento,"1,08"
ARRI11,"0,10000000",2024-02-29,2024-03-07,Rendimento,"1,08"
GARE11,"0,08600000",2024-02-29,2024-03-07,Rendimento,"0,94"
HSAF11,"0,90000000",2024-02-29,2024-03-07,Rendimento,"1,02"
HSML11,"0,80000000",2024-02-29,2024-03-07,Rendimento,"0,83"
HTMX11,"2,60000000",2024-02-29,2024-03-07,Rendimento,"1,68"
LIFE11,"0,12000000",2024-02-29,2024-03-07,Rendimento,"1,20"
LVBI11,"0,90000000",2024-02-29,2024-03-07,Rendimento,"0,76"
PORD11,"0,09300000",2024-02-29,2024-03-07,Rendimento,"0,10"
PVBI11,"0,65000000",2024-02-29,2024-03-07,Rendimento,"0,63"
RZTR11,"0,85000000",2024-02-29,2024-03-07,Rendimento,"0,87"
VGHF11,"0,10000000",2024-02-29,2024-03-07,Rendimento,"1,07"
AIEC11,"0,71000000",2024-02-29,2024-03-08,Rendimento,"1,42"
CACR11,"1,35000000",2024-02-29,2024-03-08,Rendimento,"1,31"
GGRC11,"0,09000000",2024-03-01,2024-03-08,Rendimento,"0,08"
PATL11,"0,60000000",2024-02-29,2024-03-08,Rendimento,"0,86"
HABT11,"1,05000000",2024-02-29,2024-03-12,Rendimento,"1,14"
ICRI11,"0,63000000",2024-02-29,2024-03-12,Rendimento,"0,68"
KNHF11,"0,86000000",2024-02-29,2024-03-12,Rendimento,"0,83"
KNUQ11,"1,06000000",2024-02-29,2024-03-12,Rendimento,"1,01"
KCRE11,"0,09000000",2024-02-29,2024-03-13,Rendimento,"0,09"
KNCR11,"0,95000000",2024-02-29,2024-03-13,Rendimento,"0,91"
KNHY11,"1,15000000",2024-02-29,2024-03-13,Rendimento,"1,08"
KNIP11,"0,95000000",2024-02-29,2024-03-13,Rendimento,"0,97"
KNSC11,"0,08000000",2024-02-29,2024-03-13,Rendimento,"0,87"
MCRE11,"0,11000000",2024-03-06,2024-03-13,Rendimento,"0,98"
VCJR11,"1,00000000",2024-02-29,2024-03-13,Rendimento,"1,05"
BLMG11,"0,44000000",2024-03-07,2024-03-14,Rendimento,"1,11"
BRCO11,"0,87000000",2024-02-29,2024-03-14,Rendimento,"0,71"
BRCR11,"0,41000000",2024-03-07,2024-03-14,Rendimento,"0,68"
BTCI11,"0,09200000",2024-03-07,2024-03-14,Rendimento,"0,90"
CYCR11,"0,10000000",2024-02-29,2024-03-14,Rendimento,"1,04"
DEVA11,"0,60000000",2024-03-07,2024-03-14,Rendimento,"1,44"
FATN11,"0,85000000",2024-03-06,2024-03-14,Rendimento,"0,89"
GTWR11,"0,79000000",2024-02-29,2024-03-14,Rendimento,"0,92"
HCTR11,"0,38800000",2024-03-07,2024-03-14,Rendimento,"1,26"
HFOF11,"0,06300000",2024-02-29,2024-03-14,Rendimento,"0,08"
HGBS11,"0,17500000",2024-02-29,2024-03-14,Rendimento,"0,08"
HGCR11,"0,95000000",2024-02-29,2024-03-14,Rendimento,"0,89"
HGLG11,"1,10000000",2024-02-29,2024-03-14,Rendimento,"0,65"
HGRE11,"0,78000000",2024-02-29,2024-03-14,Rendimento,"0,60"
HGRU11,"0,85000000",2024-02-29,2024-03-14,Rendimento,"0,62"
HSLG11,"0,74000000",2024-02-29,2024-03-14,Rendimento,"0,77"
JSAF11,"0,10000000",2024-02-29,2024-03-14,Rendimento,"0,10"
JSRE11,"0,46000000",2024-02-29,2024-03-14,Rendimento,"0,61"
KFOF11,"0,80000000",2024-02-29,2024-03-14,Rendimento,"0,79"
KISU11,"0,07500000",2024-02-29,2024-03-14,Rendimento,"0,89"
KIVO11,"1,05000000",2024-02-29,2024-03-14,Rendimento,"1,14"
KNRI11,"1,00000000",2024-02-29,2024-03-14,Rendimento,"0,60"
KORE11,"1,25000000",2024-02-29,2024-03-14,Rendimento,"1,13"
MFII11,"1,21000000",2024-02-29,2024-03-14,Rendimento,"1,15"
MXRF11,"0,10000000",2024-02-29,2024-03-14,Rendimento,"0,97"
OUJP11,"0,91000000",2024-02-29,2024-03-14,Rendimento,"0,96"
PMIS11,"0,10000000",2024-02-29,2024-03-14,Rendimento,"1,09"
PMLL11,"0,92000000",2024-02-29,2024-03-14,Rendimento,"0,77"
RBRL11,"0,65000000",2024-03-07,2024-03-14,Rendimento,"0,77"
RBRP11,"0,35000000",2024-03-07,2024-03-14,Rendimento,"0,58"
RECR11,"0,88000000",2024-03-07,2024-03-14,Rendimento,"1,01"
SARE11,"0,03600000",2024-02-29,2024-03-14,Rendimento,"0,08"
SPXS11,"0,09400000",2024-03-07,2024-03-14,Rendimento,"0,99"
TEPP11,"0,64000000",2024-02-29,2024-03-14,Rendimento,"0,69"
TGAR11,"1,33000000",2024-02-29,2024-03-14,Rendimento,"1,06"
TRBL11,"0,85000000",2024-02-29,2024-03-14,Rendimento,"0,85"
TRXF11,"0,90000000",2024-02-29,2024-03-14,Rendimento,"0,79"
TVRI11,"0,97000000",2024-02-29,2024-03-14,Rendimento,"0,94"
URPR11,"1,13000000",2024-02-29,2024-03-14,Rendimento,"1,25"
VILG11,"0,56000000",2024-02-29,2024-03-14,Rendimento,"0,61"
VINO11,"0,05500000",2024-02-29,2024-03-14,Rendimento,"0,74"
VISC11,"1,00000000",2024-02-29,2024-03-14,Rendimento,"0,83"
WHGR11,"0,10000000",2024-02-29,2024-03-14,Rendimento,"1,03"
XPCI11,"0,90000000",2024-02-29,2024-03-14,Rendimento,"1,01"
XPLG11,"0,78000000",2024-02-29,2024-03-14,Rendimento,"0,70"
XPSF11,"0,07500000",2024-02-29,2024-03-14,Rendimento,"0,89"
BCRI11,"0,72000000",2024-02-29,2024-03-15,Rendimento,"0,96"
CCME11,"0,09000000",2024-03-08,2024-03-15,Rendimento,"0,82"
CLIN11,"1,00000000",2024-03-08,2024-03-15,Rendimento,"1,04"
CVBI11,"0,95000000",2024-03-08,2024-03-15,Rendimento,"0,99"
RBFF11,"0,50000000",2024-02-29,2024-03-15,Rendimento,"0,81"
RBVA11,"0,10000000",2024-02-29,2024-03-15,Rendimento,"0,09"
RCRB11,"0,93000000",2024-03-07,2024-03-15,Rendimento,"0,59"
RVBI11,"0,75000000",2024-03-08,2024-03-15,Rendimento,"0,87"
VRTA11,"0,85000000",2024-02-29,2024-03-15,Rendimento,"0,96"
VRTM11,"0,08000000",2024-02-29,2024-03-15,Rendimento,"0,73"
IRDM11,"0,78000000",2024-03-11,2024-03-18,Rendimento,"1,03"
RBRF11,"0,05500000",2024-03-11,2024-03-18,Rendimento,"0,65"
RBRR11,"0,84000000",2024-03-11,2024-03-18,Rendimento,"0,92"
RBRY11,"1,01000000",2024-03-11,2024-03-18,Rendimento,"1,01"
CPTS11,"0,07600000",2024-03-12,2024-03-19,Rendimento,"0,90"
MCCI11,"0,80000000",2024-03-12,2024-03-19,Rendimento,"0,85"
VGIP11,"0,83000000",2024-03-12,2024-03-19,Rendimento,"0,89"
VGIR11,"0,11000000",2024-03-12,2024-03-19,Rendimento,"1,12"
AFHI11,"0,95000000",2024-03-14,2024-03-21,Rendimento,"0,97"
AJFI11,"0,08000000",2024-03-07,2024-03-21,Rendimento,"0,82"
MANA11,"0,10000000",2024-02-29,2024-03-21,Rendimento,"1,05"
RZAK11,"1,16000000",2024-03-14,2024-03-21,Rendimento,"1,29"
RZAT11,"1,08000000",2024-03-14,2024-03-21,Rendimento,"1,10"
RBRX11,"0,10000000",2024-03-14,2024-03-22,Rendimento,"1,03"
ALZR11,"0,07975550",2024-03-18,2024-03-25,Rendimento,"0,07"
BPML11,"1,02000000",2024-03-18,2024-03-25,Rendimento,"1,10"
BROF11,"0,54000000",2024-03-18,2024-03-25,Rendimento,"0,93"
BTLG11,"0,76000000",2024-03-15,2024-03-25,Rendimento,"0,73"
CPSH11,"0,10000000",2024-03-18,2024-03-25,Rendimento,"0,09"
SNCI11,"0,87000000",2024-03-15,2024-03-25,Rendimento,"0,87"
SNEL11,"0,10333333",2024-03-15,2024-03-25,Rendimento,"0,07"
SNFF11,"0,72000000",2024-03-15,2024-03-25,Rendimento,"0,84"
XPML11,"0,90000000",2024-03-18,2024-03-25,Rendimento,"0,76"
BTAL11,"0,65000000",2024-03-19,2024-03-26,Rendimento,"0,90"
BCIA11,"0,87000000",2024-02-29,2024-03-28,Rendimento,"0,80"
GZIT11,"0,78000000",2024-03-21,2024-03-28,Rendimento,"1,17"
ARRI11,"0,10000000",2024-03-28,2024-04-05,Rendimento,"1,08"
GARE11,"0,08700000",2024-03-28,2024-04-05,Rendimento,"0,95"
HSAF11,"1,00000000",2024-03-28,2024-04-05,Rendimento,"1,11"
HSML11,"0,80000000",2024-03-28,2024-04-05,Rendimento,"0,82"
HTMX11,"1,66171075",2024-03-28,2024-04-05,Rendimento,"0,92"
LIFE11,"0,12000000",2024-03-28,2024-04-05,Rendimento,"1,20"
LVBI11,"0,90000000",2024-03-28,2024-04-05,Rendimento,"0,75"
PORD11,"0,09300000",2024-03-28,2024-04-05,Rendimento,"0,10"
PVBI11,"0,65000000",2024-03-28,2024-04-05,Rendimento,"0,64"
RZTR11,"0,90000000",2024-03-28,2024-04-05,Rendimento,"0,94"
VGHF11,"0,08000000",2024-03-28,2024-04-05,Rendimento,"0,84"
VGRI11,"0,12000000",2024-03-28,2024-04-05,Rendimento,"0,00"
AIEC11,"0,71000000",2024-03-28,2024-04-08,Rendimento,"1,35"
CACR11,"1,37000000",2024-03-28,2024-04-08,Rendimento,"1,31"
GGRC11,"0,09000000",2024-04-01,2024-04-08,Rendimento,"0,77"
PATL11,"0,60000000",2024-03-28,2024-04-08,Rendimento,"0,87"
ICRI11,"0,92000000",2024-03-28,2024-04-10,Rendimento,"0,98"
KNHF11,"0,90000000",2024-03-28,2024-04-10,Rendimento,"0,88"
KNUQ11,"1,14000000",2024-03-28,2024-04-10,Rendimento,"1,10"
KCRE11,"0,10000000",2024-03-28,2024-04-11,Rendimento,"0,10"
KNCR11,"0,95000000",2024-03-28,2024-04-11,Rendimento,"0,92"
KNHY11,"1,24000000",2024-03-28,2024-04-11,Rendimento,"1,16"
KNIP11,"1,05000000",2024-03-28,2024-04-11,Rendimento,"1,07"
KNSC11,"0,09000000",2024-03-28,2024-04-11,Rendimento,"0,97"
VCJR11,"1,03000000",2024-03-28,2024-04-11,Rendimento,"1,08"
BLMG11,"0,44000000",2024-04-05,2024-04-12,Rendimento,"1,11"
BRCO11,"0,87000000",2024-03-28,2024-04-12,Rendimento,"0,71"
BRCR11,"0,50000000",2024-04-05,2024-04-12,Rendimento,"0,88"
BTCI11,"0,09200000",2024-04-05,2024-04-12,Rendimento,"0,89"
CYCR11,"0,11000000",2024-03-28,2024-04-12,Rendimento,"1,15"
DEVA11,"0,68000000",2024-04-05,2024-04-12,Rendimento,"1,47"
FATN11,"0,85000000",2024-04-04,2024-04-12,Rendimento,"0,88"
GTWR11,"0,79000000",2024-03-28,2024-04-12,Rendimento,"0,94"
HABT11,"1,10000000",2024-03-28,2024-04-12,Rendimento,"1,17"
HCTR11,"0,32000000",2024-04-05,2024-04-12,Rendimento,"0,92"
HFOF11,"0,06300000",2024-03-28,2024-04-12,Rendimento,"0,08"
HGBS11,"0,17500000",2024-03-28,2024-04-12,Rendimento,"0,08"
HGCR11,"0,95000000",2024-03-28,2024-04-12,Rendimento,"0,89"
HGLG11,"1,10000000",2024-03-28,2024-04-12,Rendimento,"0,65"
HGRE11,"0,78000000",2024-03-28,2024-04-12,Rendimento,"0,60"
HGRU11,"0,85000000",2024-03-28,2024-04-12,Rendimento,"0,62"
HSLG11,"0,74000000",2024-03-28,2024-04-12,Rendimento,"0,75"
JSAF11,"0,10000000",2024-03-28,2024-04-12,Rendimento,"0,10"
JSRE11,"0,48000000",2024-03-28,2024-04-12,Rendimento,"0,65"
KFOF11,"0,80000000",2024-03-28,2024-04-12,Rendimento,"0,80"
KISU11,"0,07500000",2024-03-28,2024-04-12,Rendimento,"0,89"
KIVO11,"1,05000000",2024-03-28,2024-04-12,Rendimento,"1,16"
KNRI11,"1,00000000",2024-03-28,2024-04-12,Rendimento,"0,60"
KORE11,"1,25000000",2024-03-28,2024-04-12,Rendimento,"1,13"
MFII11,"1,21000000",2024-03-28,2024-04-12,Rendimento,"1,15"
MXRF11,"0,10000000",2024-03-28,2024-04-12,Rendimento,"0,95"
OUJP11,"0,91000000",2024-03-28,2024-04-12,Rendimento,"0,94"
PMIS11,"0,10000000",2024-03-28,2024-04-12,Rendimento,"1,11"
PMLL11,"0,92000000",2024-03-28,2024-04-12,Rendimento,"0,77"
RBRL11,"0,65000000",2024-04-05,2024-04-12,Rendimento,"0,77"
RBRP11,"0,35000000",2024-04-05,2024-04-12,Rendimento,"0,58"
RECR11,"0,94000000",2024-04-05,2024-04-12,Rendimento,"1,05"
SARE11,"0,03600000",2024-03-28,2024-04-12,Rendimento,"0,08"
SPXS11,"0,09500000",2024-04-05,2024-04-12,Rendimento,"1,00"
TEPP11,"1,00000000",2024-03-28,2024-04-12,Rendimento,"1,02"
TGAR11,"1,33000000",2024-03-28,2024-04-12,Rendimento,"1,04"
TRBL11,"0,85000000",2024-03-28,2024-04-12,Rendimento,"0,85"
TRXF11,"0,90000000",2024-03-28,2024-04-12,Rendimento,"0,80"
TVRI11,"0,97000000",2024-03-28,2024-04-12,Rendimento,"0,91"
URPR11,"1,05000000",2024-03-28,2024-04-12,Rendimento,"1,17"
VILG11,"0,58000000",2024-03-28,2024-04-12,Rendimento,"0,62"
VINO11,"0,05500000",2024-03-28,2024-04-12,Rendimento,"0,71"
VISC11,"1,00000000",2024-03-28,2024-04-12,Rendimento,"0,82"
WHGR11,"0,10000000",2024-03-28,2024-04-12,Rendimento,"1,00"
XPCI11,"0,90000000",2024-03-28,2024-04-12,Rendimento,"0,99"
XPLG11,"0,78000000",2024-03-28,2024-04-12,Rendimento,"0,71"
XPSF11,"0,07500000",2024-03-28,2024-04-12,Rendimento,"0,89"
BCRI11,"0,72000000",2024-03-28,2024-04-15,Rendimento,"0,97"
CCME11,"0,09000000",2024-04-08,2024-04-15,Rendimento,"0,82"
CLIN11,"1,02000000",2024-04-08,2024-04-15,Rendimento,"1,04"
CVBI11,"1,08000000",2024-04-08,2024-04-15,Rendimento,"1,11"
RBFF11,"0,50000000",2024-03-28,2024-04-15,Rendimento,"0,79"
RBVA11,"0,10000000",2024-03-28,2024-04-15,Rendimento,"0,09"
RCRB11,"0,93000000",2024-04-05,2024-04-15,Rendimento,"0,58"
RVBI11,"0,75000000",2024-04-08,2024-04-15,Rendimento,"0,94"
VRTA11,"0,90000000",2024-03-28,2024-04-15,Rendimento,"1,00"
VRTM11,"0,08000000",2024-03-28,2024-04-15,Rendimento,"0,73"
IRDM11,"0,80000000",2024-04-09,2024-04-16,Rendimento,"1,01"
RBRF11,"0,05500000",2024-04-09,2024-04-16,Rendimento,"0,67"
RBRR11,"0,85000000",2024-04-09,2024-04-16,Rendimento,"0,91"
RBRY11,"1,00000000",2024-04-09,2024-04-16,Rendimento,"1,00"
CPTS11,"0,07900000",2024-04-10,2024-04-17,Rendimento,"0,91"
MCCI11,"0,80000000",2024-04-10,2024-04-17,Rendimento,"0,86"
VGIP11,"0,88000000",2024-04-10,2024-04-17,Rendimento,"0,94"
VGIR11,"0,10000000",2024-04-10,2024-04-17,Rendimento,"1,01"
AFHI11,"0,95000000",2024-04-12,2024-04-19,Rendimento,"0,96"
AJFI11,"0,07150000",2024-04-05,2024-04-19,Rendimento,"0,73"
MANA11,"0,11000000",2024-03-28,2024-04-19,Rendimento,"1,15"
RZAK11,"1,11000000",2024-04-12,2024-04-19,Rendimento,"1,25"
RZAT11,"1,10000000",2024-04-12,2024-04-19,Rendimento,"1,08"
MCRE11,"0,11000000",2024-04-15,2024-04-22,Rendimento,"1,09"
RBRX11,"0,10000000",2024-04-12,2024-04-22,Rendimento,"1,03"
BROF11,"0,54000000",2024-04-16,2024-04-23,Rendimento,"0,91"
CPSH11,"0,10000000",2024-04-16,2024-04-23,Rendimento,"0,93"
BTAL11,"0,65000000",2024-04-17,2024-04-24,Rendimento,"0,93"
ALZR11,"0,07709790",2024-04-18,2024-04-25,Rendimento,"0,07"
BPML11,"1,02000000",2024-04-18,2024-04-25,Rendimento,"1,02"
BTLG11,"0,76000000",2024-04-15,2024-04-25,Rendimento,"0,72"
SNCI11,"0,93000000",2024-04-15,2024-04-25,Rendimento,"0,95"
SNEL11,"0,10333333",2024-04-15,2024-04-25,Rendimento,"0,08"
SNFF11,"1,00000000",2024-04-15,2024-04-25,Rendimento,"1,08"
XPML11,"0,91000000",2024-04-18,2024-04-25,Rendimento,"0,78"
BCIA11,"0,87000000",2024-03-28,2024-04-26,Rendimento,"0,82"
GZIT11,"0,78000000",2024-04-23,2024-04-30,Rendimento,"1,18"
ARRI11,"0,10000000",2024-04-30,2024-05-08,Rendimento,"1,09"
GARE11,"0,08700000",2024-04-30,2024-05-08,Rendimento,"0,96"
HSAF11,"1,05000000",2024-04-30,2024-05-08,Rendimento,"1,24"
HSML11,"0,80000000",2024-04-30,2024-05-08,Rendimento,"0,83"
HTMX11,"2,18651887",2024-04-30,2024-05-08,Rendimento,"1,24"
LIFE11,"0,12000000",2024-04-30,2024-05-08,Rendimento,"1,18"
LVBI11,"0,90000000",2024-04-30,2024-05-08,Rendimento,"0,78"
PORD11,"0,09400000",2024-04-30,2024-05-08,Rendimento,"1,01"
PVBI11,"0,65000000",2024-04-30,2024-05-08,Rendimento,"0,65"
RZTR11,"0,90000000",2024-04-30,2024-05-08,Rendimento,"0,95"
VGHF11,"0,09000000",2024-04-30,2024-05-08,Rendimento,"1,01"
VGRI11,"0,15000000",2024-04-30,2024-05-08,Rendimento,"1,60"
AIEC11,"0,71000000",2024-04-30,2024-05-09,Rendimento,"1,34"
CACR11,"1,39000000",2024-04-30,2024-05-09,Rendimento,"1,30"
GGRC11,"0,09000000",2024-05-02,2024-05-09,Rendimento,"0,80"
PATL11,"0,60000000",2024-04-30,2024-05-09,Rendimento,"0,96"
HABT11,"1,13000000",2024-04-30,2024-05-12,Rendimento,"1,23"
ICRI11,"0,99000000",2024-04-30,2024-05-13,Rendimento,"1,03"
ITRI11,"0,54000000",2024-04-30,2024-05-13,Rendimento,"0,53"
KNHF11,"0,90000000",2024-04-30,2024-05-13,Rendimento,"0,89"
KNUQ11,"1,15000000",2024-04-30,2024-05-13,Rendimento,"1,10"
KCRE11,"0,11600000",2024-04-30,2024-05-14,Rendimento,"0,12"
KNCR11,"1,00000000",2024-04-30,2024-05-14,Rendimento,"0,95"
KNHY11,"1,16000000",2024-04-30,2024-05-14,Rendimento,"1,09"
KNIP11,"1,05000000",2024-04-30,2024-05-14,Rendimento,"1,08"
KNSC11,"0,09000000",2024-04-30,2024-05-14,Rendimento,"0,98"
VCJR11,"1,20000000",2024-04-30,2024-05-14,Rendimento,"1,28"
BCRI11,"0,80000000",2024-04-30,2024-05-15,Rendimento,"1,14"
BLMG11,"0,45000000",2024-05-08,2024-05-15,Rendimento,"1,15"
BRCO11,"0,87000000",2024-04-30,2024-05-15,Rendimento,"0,73"
BRCR11,"0,50000000",2024-05-08,2024-05-15,Rendimento,"0,89"
BTCI11,"0,09200000",2024-05-08,2024-05-15,Rendimento,"0,90"
CYCR11,"0,11000000",2024-04-30,2024-05-15,Rendimento,"1,15"
DEVA11,"0,65000000",2024-05-08,2024-05-15,Rendimento,"1,34"
FATN11,"0,85000000",2024-05-07,2024-05-15,Rendimento,"0,90"
GTWR11,"0,79000000",2024-04-30,2024-05-15,Rendimento,"0,94"
HCTR11,"0,38000000",2024-05-08,2024-05-15,Rendimento,"1,19"
HFOF11,"0,06300000",2024-04-30,2024-05-15,Rendimento,"0,08"
HGBS11,"0,17500000",2024-04-30,2024-05-15,Rendimento,"0,08"
HGCR11,"0,95000000",2024-04-30,2024-05-15,Rendimento,"0,91"
HGLG11,"1,10000000",2024-04-30,2024-05-15,Rendimento,"0,66"
HGRE11,"0,78000000",2024-04-30,2024-05-15,Rendimento,"0,63"
HGRU11,"0,85000000",2024-04-30,2024-05-15,Rendimento,"0,63"
HSLG11,"0,74000000",2024-04-30,2024-05-15,Rendimento,"0,82"
JSAF11,"0,10000000",2024-04-30,2024-05-15,Rendimento,"0,10"
JSRE11,"0,48000000",2024-04-30,2024-05-15,Rendimento,"0,69"
KFOF11,"0,80000000",2024-04-30,2024-05-15,Rendimento,"0,83"
KISU11,"0,07500000",2024-04-30,2024-05-15,Rendimento,"0,89"
KIVO11,"1,05000000",2024-04-30,2024-05-15,Rendimento,"1,16"
KNRI11,"1,00000000",2024-04-30,2024-05-15,Rendimento,"0,61"
KORE11,"1,25000000",2024-04-30,2024-05-15,Rendimento,"1,14"
MFII11,"1,21000000",2024-04-30,2024-05-15,Rendimento,"1,16"
MXRF11,"0,10000000",2024-04-30,2024-05-15,Rendimento,"0,96"
OUJP11,"0,91000000",2024-04-30,2024-05-15,Rendimento,"0,98"
PMIS11,"0,10000000",2024-04-30,2024-05-15,Rendimento,"1,12"
PMLL11,"0,90000000",2024-04-30,2024-05-15,Rendimento,"0,79"
RBFF11,"0,51000000",2024-04-30,2024-05-15,Rendimento,"0,83"
RBRL11,"0,65000000",2024-05-08,2024-05-15,Rendimento,"0,81"
RBRP11,"0,66000000",2024-05-08,2024-05-15,Rendimento,"1,04"
RBVA11,"0,10000000",2024-04-30,2024-05-15,Rendimento,"0,09"
RCRB11,"0,93000000",2024-05-07,2024-05-15,Rendimento,"0,58"
RECR11,"1,29000000",2024-05-08,2024-05-15,Rendimento,"1,45"
SARE11,"0,03600000",2024-04-30,2024-05-15,Rendimento,"0,08"
SPXS11,"0,09600000",2024-05-08,2024-05-15,Rendimento,"0,99"
TEPP11,"1,05000000",2024-04-30,2024-05-15,Rendimento,"1,10"
TGAR11,"1,34000000",2024-04-30,2024-05-15,Rendimento,"1,06"
TRBL11,"0,85000000",2024-04-30,2024-05-15,Rendimento,"0,84"
TRXF11,"0,90000000",2024-04-30,2024-05-15,Rendimento,"0,81"
TVRI11,"0,97000000",2024-04-30,2024-05-15,Rendimento,"0,94"
URPR11,"1,10000000",2024-04-30,2024-05-15,Rendimento,"1,27"
VILG11,"0,60000000",2024-04-30,2024-05-15,Rendimento,"0,65"
VINO11,"0,07000000",2024-04-30,2024-05-15,Rendimento,"0,90"
VISC11,"1,00000000",2024-04-30,2024-05-15,Rendimento,"0,83"
VRTA11,"0,90000000",2024-04-30,2024-05-15,Rendimento,"1,01"
VRTM11,"0,10000000",2024-04-30,2024-05-15,Rendimento,"1,01"
WHGR11,"0,10000000",2024-04-30,2024-05-15,Rendimento,"1,01"
XPCI11,"0,90000000",2024-04-30,2024-05-15,Rendimento,"1,01"
XPLG11,"0,78000000",2024-04-30,2024-05-15,Rendimento,"0,74"
XPSF11,"0,07500000",2024-04-30,2024-05-15,Rendimento,"0,91"
CCME11,"0,09000000",2024-05-09,2024-05-16,Rendimento,"0,79"
CLIN11,"1,00000000",2024-05-09,2024-05-16,Rendimento,"1,03"
CVBI11,"1,11000000",2024-05-09,2024-05-16,Rendimento,"1,16"
RVBI11,"0,75000000",2024-05-09,2024-05-16,Rendimento,"0,95"
IRDM11,"0,81000000",2024-05-10,2024-05-17,Rendimento,"1,04"
RBRF11,"0,05500000",2024-05-10,2024-05-17,Rendimento,"0,68"
RBRR11,"0,85000000",2024-05-10,2024-05-17,Rendimento,"0,91"
RBRY11,"0,95000000",2024-05-10,2024-05-17,Rendimento,"0,94"
CPTS11,"0,08000000",2024-05-13,2024-05-20,Rendimento,"0,94"
MCCI11,"0,80000000",2024-05-13,2024-05-20,Rendimento,"0,88"
VGIP11,"1,08000000",2024-05-13,2024-05-20,Rendimento,"1,18"
VGIR11,"0,11000000",2024-05-13,2024-05-20,Rendimento,"1,13"
AFHI11,"0,95000000",2024-05-15,2024-05-22,Rendimento,"0,97"
AJFI11,"0,07000000",2024-05-08,2024-05-22,Rendimento,"0,75"
MANA11,"0,11000000",2024-04-30,2024-05-22,Rendimento,"1,17"
RZAK11,"1,05000000",2024-05-15,2024-05-22,Rendimento,"1,20"
RZAT11,"1,05000000",2024-05-15,2024-05-22,Rendimento,"1,04"
SNEL11,"0,10333333",2024-05-15,2024-05-22,Rendimento,"0,08"
MCRE11,"0,11000000",2024-05-16,2024-05-23,Rendimento,"1,15"
RBRX11,"0,11000000",2024-05-15,2024-05-23,Rendimento,"1,13"
ALZR11,"0,07339870",2024-05-17,2024-05-24,Rendimento,"0,07"
BPML11,"1,00000000",2024-05-17,2024-05-24,Rendimento,"1,04"
BROF11,"0,54000000",2024-05-17,2024-05-24,Rendimento,"0,95"
BTLG11,"0,76000000",2024-05-15,2024-05-24,Rendimento,"0,74"
CPSH11,"0,09500000",2024-05-17,2024-05-24,Rendimento,"0,92"
SNCI11,"0,90000000",2024-05-15,2024-05-24,Rendimento,"0,93"
SNFF11,"1,00000000",2024-05-15,2024-05-24,Rendimento,"1,11"
XPML11,"0,92000000",2024-05-17,2024-05-24,Rendimento,"0,78"
BTAL11,"0,84000000",2024-05-20,2024-05-27,Rendimento,"1,15"
BCIA11,"0,87000000",2024-04-30,2024-05-29,Rendimento,"0,85"
GZIT11,"0,78000000",2024-05-23,2024-05-31,Rendimento,"1,22"
ARRI11,"0,10500000",2024-05-31,2024-06-07,Rendimento,"1,16"
GARE11,"0,08700000",2024-05-31,2024-06-07,Rendimento,"0,96"
HSAF11,"1,00000000",2024-05-31,2024-06-07,Rendimento,"1,16"
HSML11,"0,80000000",2024-05-31,2024-06-07,Rendimento,"0,83"
HTMX11,"1,97585877",2024-05-31,2024-06-07,Rendimento,"1,05"
LIFE11,"0,12000000",2024-05-31,2024-06-07,Rendimento,"1,17"
LVBI11,"0,90000000",2024-05-31,2024-06-07,Rendimento,"0,77"
PORD11,"0,09100000",2024-05-31,2024-06-07,Rendimento,"0,99"
PVBI11,"0,65000000",2024-05-31,2024-06-07,Rendimento,"0,68"
RZTR11,"0,90000000",2024-05-31,2024-06-07,Rendimento,"0,92"
VGHF11,"0,09000000",2024-05-31,2024-06-07,Rendimento,"1,01"
VGRI11,"0,15000000",2024-05-31,2024-06-07,Rendimento,"1,56"
AIEC11,"0,73000000",2024-05-31,2024-06-10,Rendimento,"1,33"
CACR11,"1,41000000",2024-05-31,2024-06-10,Rendimento,"1,35"
GGRC11,"0,09000000",2024-06-03,2024-06-10,Rendimento,"0,80"
PATL11,"0,57000000",2024-05-31,2024-06-10,Rendimento,"0,92"
HABT11,"1,05000000",2024-05-31,2024-06-12,Rendimento,"1,14"
ICRI11,"0,86000000",2024-05-31,2024-06-12,Rendimento,"0,89"
ITRI11,"0,70000000",2024-05-31,2024-06-12,Rendimento,"0,74"
KNHF11,"0,90000000",2024-05-31,2024-06-12,Rendimento,"0,92"
KNUQ11,"1,08000000",2024-05-31,2024-06-12,Rendimento,"1,02"
KCRE11,"0,11000000",2024-05-31,2024-06-13,Rendimento,"0,11"
KNCR11,"1,00000000",2024-05-31,2024-06-13,Rendimento,"0,96"
KNHY11,"1,05000000",2024-05-31,2024-06-13,Rendimento,"0,99"
KNIP11,"0,80000000",2024-05-31,2024-06-13,Rendimento,"0,83"
KNSC11,"0,08000000",2024-05-31,2024-06-13,Rendimento,"0,87"
VCJR11,"0,80000000",2024-05-31,2024-06-13,Rendimento,"0,87"
BBIG11,"0,08000000",2024-05-31,2024-06-14,Rendimento,"0,81"
BCRI11,"0,76000000",2024-05-31,2024-06-14,Rendimento,"1,10"
BLMG11,"0,45000000",2024-06-07,2024-06-14,Rendimento,"1,17"
BRCO11,"0,87000000",2024-05-31,2024-06-14,Rendimento,"0,75"
BRCR11,"0,50000000",2024-06-07,2024-06-14,Rendimento,"0,91"
BTCI11,"0,09300000",2024-06-07,2024-06-14,Rendimento,"0,92"
CYCR11,"0,11000000",2024-05-31,2024-06-14,Rendimento,"1,14"
DEVA11,"0,48000000",2024-06-07,2024-06-14,Rendimento,"1,02"
FATN11,"0,85000000",2024-06-06,2024-06-14,Rendimento,"0,87"
GTWR11,"0,79000000",2024-05-31,2024-06-14,Rendimento,"0,94"
HCTR11,"0,32000000",2024-06-07,2024-06-14,Rendimento,"1,07"
HFOF11,"0,06300000",2024-05-31,2024-06-14,Rendimento,"0,08"
HGBS11,"0,17500000",2024-05-31,2024-06-14,Rendimento,"0,08"
HGCR11,"0,95000000",2024-05-31,2024-06-14,Rendimento,"0,90"
HGLG11,"1,10000000",2024-05-31,2024-06-14,Rendimento,"0,67"
HGRE11,"0,78000000",2024-05-31,2024-06-14,Rendimento,"0,66"
HGRU11,"0,85000000",2024-05-31,2024-06-14,Rendimento,"0,65"
HSLG11,"0,74000000",2024-05-31,2024-06-14,Rendimento,"0,80"
JSAF11,"0,10000000",2024-05-31,2024-06-14,Rendimento,"0,10"
JSRE11,"0,48000000",2024-05-31,2024-06-14,Rendimento,"0,69"
KFOF11,"0,80000000",2024-05-31,2024-06-14,Rendimento,"0,86"
KISU11,"0,07500000",2024-05-31,2024-06-14,Rendimento,"0,87"
KIVO11,"0,95000000",2024-05-31,2024-06-14,Rendimento,"1,09"
KNRI11,"1,00000000",2024-05-31,2024-06-14,Rendimento,"0,63"
KORE11,"1,25000000",2024-05-31,2024-06-14,Rendimento,"1,16"
MFII11,"1,20000000",2024-05-31,2024-06-14,Rendimento,"1,15"
MXRF11,"0,10000000",2024-05-31,2024-06-14,Rendimento,"0,97"
OUJP11,"0,91000000",2024-05-31,2024-06-14,Rendimento,"1,01"
PMIS11,"0,10000000",2024-05-31,2024-06-14,Rendimento,"1,06"
PMLL11,"0,87000000",2024-05-31,2024-06-14,Rendimento,"0,77"
RBFF11,"0,51000000",2024-05-31,2024-06-14,Rendimento,"0,81"
RBRL11,"0,65000000",2024-06-07,2024-06-14,Rendimento,"0,80"
RBRP11,"0,66000000",2024-06-07,2024-06-14,Rendimento,"1,14"
RBVA11,"0,10000000",2024-05-31,2024-06-14,Rendimento,"0,09"
RCRB11,"0,93000000",2024-06-06,2024-06-14,Rendimento,"0,61"
RECR11,"0,76000000",2024-06-07,2024-06-14,Rendimento,"0,88"
SARE11,"0,03300000",2024-05-31,2024-06-14,Rendimento,"0,07"
SPXS11,"0,09700000",2024-06-07,2024-06-14,Rendimento,"0,99"
TEPP11,"1,18000000",2024-05-31,2024-06-14,Rendimento,"1,24"
TGAR11,"1,35000000",2024-05-31,2024-06-14,Rendimento,"1,07"
TRBL11,"0,85000000",2024-05-31,2024-06-14,Rendimento,"0,84"
TRXF11,"0,90000000",2024-05-31,2024-06-14,Rendimento,"0,83"
TVRI11,"0,97000000",2024-05-31,2024-06-14,Rendimento,"0,94"
URPR11,"1,02000000",2024-05-31,2024-06-14,Rendimento,"1,17"
VILG11,"0,60000000",2024-05-31,2024-06-14,Rendimento,"0,68"
VINO11,"0,06000000",2024-05-31,2024-06-14,Rendimento,"0,77"
VISC11,"1,00000000",2024-05-31,2024-06-14,Rendimento,"0,82"
VRTA11,"0,90000000",2024-05-31,2024-06-14,Rendimento,"1,03"
VRTM11,"0,10000000",2024-05-31,2024-06-14,Rendimento,"0,97"
WHGR11,"0,10000000",2024-05-31,2024-06-14,Rendimento,"1,02"
XPCI11,"0,87000000",2024-05-31,2024-06-14,Rendimento,"0,97"
XPLG11,"0,78000000",2024-05-31,2024-06-14,Rendimento,"0,75"
XPSF11,"0,07500000",2024-05-31,2024-06-14,Rendimento,"0,93"
CCME11,"0,08000000",2024-06-10,2024-06-17,Rendimento,"0,65"
CLIN11,"0,95000000",2024-06-10,2024-06-17,Rendimento,"0,98"
CVBI11,"0,85000000",2024-06-10,2024-06-17,Rendimento,"0,90"
RVBI11,"0,75000000",2024-06-10,2024-06-17,Rendimento,"1,00"
IRDM11,"0,74000000",2024-06-11,2024-06-18,Rendimento,"1,00"
RBRF11,"0,05500000",2024-06-11,2024-06-18,Rendimento,"0,72"
RBRR11,"0,85000000",2024-06-11,2024-06-18,Rendimento,"0,93"
RBRY11,"0,95000000",2024-06-11,2024-06-18,Rendimento,"0,97"
CPTS11,"0,07800000",2024-06-12,2024-06-19,Rendimento,"0,93"
MCCI11,"0,80000000",2024-06-12,2024-06-19,Rendimento,"0,90"
VGIP11,"0,72000000",2024-06-12,2024-06-19,Rendimento,"0,80"
VGIR11,"0,11000000",2024-06-12,2024-06-19,Rendimento,"1,12"
AFHI11,"0,96000000",2024-06-14,2024-06-21,Rendimento,"0,99"
AJFI11,"0,06000000",2024-06-07,2024-06-21,Rendimento,"0,67"
MANA11,"0,11000000",2024-05-31,2024-06-21,Rendimento,"1,12"
RZAK11,"1,00000000",2024-06-14,2024-06-21,Rendimento,"1,19"
RZAT11,"1,10000000",2024-06-14,2024-06-21,Rendimento,"1,17"
MCRE11,"0,11000000",2024-06-17,2024-06-24,Rendimento,"1,16"
RBRX11,"0,11000000",2024-06-14,2024-06-24,Rendimento,"1,19"
ALZR11,"0,07323677",2024-06-18,2024-06-25,Rendimento,"0,07"
BPML11,"1,07000000",2024-06-18,2024-06-25,Rendimento,"1,18"
BROF11,"0,54000000",2024-06-18,2024-06-25,Rendimento,"0,98"
BTLG11,"0,76000000",2024-06-14,2024-06-25,Rendimento,"0,77"
CPSH11,"0,09500000",2024-06-18,2024-06-25,Rendimento,"0,93"
SNCI11,"0,95000000",2024-06-14,2024-06-25,Rendimento,"1,01"
SNEL11,"0,10333333",2024-06-14,2024-06-25,Rendimento,"0,08"
SNFF11,"1,00000000",2024-06-14,2024-06-25,Rendimento,"1,14"
XPML11,"0,92000000",2024-06-18,2024-06-25,Rendimento,"0,83"
BTAL11,"0,84000000",2024-06-19,2024-06-26,Rendimento,"1,13"
BCIA11,"0,87000000",2024-05-31,2024-06-28,Rendimento,"0,82"
GZIT11,"0,78000000",2024-06-21,2024-06-28,Rendimento,"1,32"
ARRI11,"0,10500000",2024-06-28,2024-07-05,Rendimento,"1,15"
GARE11,"0,08700000",2024-06-28,2024-07-05,Rendimento,"0,96"
HSAF11,"0,90000000",2024-06-28,2024-07-05,Rendimento,"1,05"
HSML11,"0,80000000",2024-06-28,2024-07-05,Rendimento,"0,82"
HTMX11,"1,41100686",2024-06-28,2024-07-05,Rendimento,"0,77"
LIFE11,"0,18000000",2024-06-28,2024-07-05,Rendimento,"1,74"
LVBI11,"0,90000000",2024-06-28,2024-07-05,Rendimento,"0,81"
PORD11,"0,09100000",2024-06-28,2024-07-05,Rendimento,"1,00"
PVBI11,"0,65000000",2024-06-28,2024-07-05,Rendimento,"0,71"
RZTR11,"0,90000000",2024-06-28,2024-07-05,Rendimento,"0,95"
VGHF11,"0,09000000",2024-06-28,2024-07-05,Rendimento,"1,00"
VGRI11,"0,15000000",2024-06-28,2024-07-05,Rendimento,"1,53"
AIEC11,"0,73000000",2024-06-28,2024-07-08,Rendimento,"1,34"
CACR11,"1,46000000",2024-06-28,2024-07-08,Rendimento,"1,39"
GGRC11,"0,09300000",2024-07-01,2024-07-08,Rendimento,"0,85"
PATL11,"0,57000000",2024-06-28,2024-07-08,Rendimento,"0,94"
ICRI11,"0,86000000",2024-06-28,2024-07-10,Rendimento,"0,89"
ITRI11,"0,81000000",2024-06-28,2024-07-10,Rendimento,"0,88"
KNHF11,"0,90000000",2024-06-28,2024-07-10,Rendimento,"0,92"
KNUQ11,"0,82000000",2024-06-28,2024-07-10,Rendimento,"0,78"
KNCR11,"1,00000000",2024-06-28,2024-07-11,Rendimento,"0,94"
KNHY11,"1,05000000",2024-06-28,2024-07-11,Rendimento,"1,00"
KNIP11,"0,85000000",2024-06-28,2024-07-11,Rendimento,"0,88"
VCJR11,"0,90000000",2024-06-28,2024-07-11,Rendimento,"0,97"
BBIG11,"0,08000000",2024-06-28,2024-07-12,Rendimento,"0,86"
BRCO11,"0,87000000",2024-06-28,2024-07-12,Rendimento,"0,77"
BRCR11,"0,50000000",2024-07-05,2024-07-12,Rendimento,"0,99"
BTCI11,"0,09400000",2024-07-05,2024-07-12,Rendimento,"0,95"
CYCR11,"0,12000000",2024-06-28,2024-07-12,Rendimento,"1,22"
DEVA11,"0,43000000",2024-07-05,2024-07-12,Rendimento,"1,08"
FATN11,"0,85000000",2024-07-04,2024-07-12,Rendimento,"0,92"
GTWR11,"0,79000000",2024-06-28,2024-07-12,Rendimento,"0,94"
HABT11,"1,00000000",2024-06-28,2024-07-12,Rendimento,"1,11"
HCTR11,"0,53000000",2024-07-05,2024-07-12,Rendimento,"1,77"
HFOF11,"0,06300000",2024-06-28,2024-07-12,Rendimento,"0,09"
HGBS11,"0,17500000",2024-06-28,2024-07-12,Rendimento,"0,08"
HGCR11,"0,95000000",2024-06-28,2024-07-12,Rendimento,"0,91"
HGLG11,"1,10000000",2024-06-28,2024-07-12,Rendimento,"0,68"
HGRE11,"1,50000000",2024-06-28,2024-07-12,Rendimento,"1,26"
HGRU11,"1,25000000",2024-06-28,2024-07-12,Rendimento,"0,96"
HSLG11,"0,74000000",2024-06-28,2024-07-12,Rendimento,"0,84"
JSAF11,"0,10000000",2024-06-28,2024-07-12,Rendimento,"0,10"
JSRE11,"0,48000000",2024-06-28,2024-07-12,Rendimento,"0,72"
KCRE11,"0,09000000",2024-06-28,2024-07-12,Rendimento,"0,93"
KFOF11,"0,75000000",2024-06-28,2024-07-12,Rendimento,"0,79"
KISU11,"0,07500000",2024-06-28,2024-07-12,Rendimento,"0,89"
KIVO11,"1,10000000",2024-06-28,2024-07-12,Rendimento,"1,30"
KNRI11,"1,00000000",2024-06-28,2024-07-12,Rendimento,"0,63"
KNSC11,"0,09000000",2024-06-28,2024-07-12,Rendimento,"0,98"
KORE11,"1,25000000",2024-06-28,2024-07-12,Rendimento,"1,19"
MFII11,"1,20000000",2024-06-28,2024-07-12,Rendimento,"1,17"
MXRF11,"0,10000000",2024-06-28,2024-07-12,Rendimento,"0,98"
OUJP11,"0,82000000",2024-06-28,2024-07-12,Rendimento,"0,98"
PMIS11,"0,10000000",2024-06-28,2024-07-12,Rendimento,"1,09"
PMLL11,"0,80000000",2024-06-28,2024-07-12,Rendimento,"0,72"
RBRL11,"0,65000000",2024-07-05,2024-07-12,Rendimento,"0,84"
RBRP11,"0,67000000",2024-07-05,2024-07-12,Rendimento,"1,15"
RECR11,"0,81000000",2024-07-05,2024-07-12,Rendimento,"0,95"
SARE11,"0,03000000",2024-06-28,2024-07-12,Rendimento,"0,07"
SPXS11,"0,09800000",2024-07-05,2024-07-12,Rendimento,"1,04"
TEPP11,"1,18000000",2024-06-28,2024-07-12,Rendimento,"1,27"
TGAR11,"1,33000000",2024-06-28,2024-07-12,Rendimento,"1,09"
TRBL11,"0,85000000",2024-06-28,2024-07-12,Rendimento,"0,85"
TRXF11,"1,05000000",2024-06-28,2024-07-12,Rendimento,"1,00"
TVRI11,"0,97000000",2024-06-28,2024-07-12,Rendimento,"0,93"
URPR11,"1,03000000",2024-06-28,2024-07-12,Rendimento,"1,24"
VILG11,"0,65000000",2024-06-28,2024-07-12,Rendimento,"0,77"
VINO11,"0,06000000",2024-06-28,2024-07-12,Rendimento,"0,86"
VISC11,"0,85000000",2024-06-28,2024-07-12,Rendimento,"0,73"
WHGR11,"0,10000000",2024-06-28,2024-07-12,Rendimento,"1,02"
XPCI11,"1,00000000",2024-06-28,2024-07-12,Rendimento,"1,15"
XPLG11,"0,78000000",2024-06-28,2024-07-12,Rendimento,"0,78"
XPSF11,"0,07000000",2024-06-28,2024-07-12,Rendimento,"0,88"
BCRI11,"0,75000000",2024-06-28,2024-07-15,Rendimento,"1,12"
CCME11,"0,08000000",2024-07-08,2024-07-15,Rendimento,"0,68"
CLIN11,"1,00000000",2024-07-08,2024-07-15,Rendimento,"1,03"
CVBI11,"0,88000000",2024-07-08,2024-07-15,Rendimento,"0,95"
RBFF11,"0,51000000",2024-06-28,2024-07-15,Rendimento,"0,85"
RBVA11,"0,10000000",2024-06-28,2024-07-15,Rendimento,"0,09"
RCRB11,"0,99000000",2024-07-05,2024-07-15,Rendimento,"0,71"
RVBI11,"0,75000000",2024-07-08,2024-07-15,Rendimento,"1,01"
VRTA11,"0,90000000",2024-06-28,2024-07-15,Rendimento,"1,01"
VRTM11,"0,10000000",2024-06-28,2024-07-15,Rendimento,"0,83"
IRDM11,"0,74000000",2024-07-09,2024-07-16,Rendimento,"1,00"
RBRF11,"0,06820000",2024-07-09,2024-07-16,Rendimento,"0,88"
RBRR11,"0,96100000",2024-07-09,2024-07-16,Rendimento,"1,04"
RBRY11,"1,00000000",2024-07-09,2024-07-16,Rendimento,"1,03"
CPTS11,"0,07700000",2024-07-10,2024-07-17,Rendimento,"0,92"
MCCI11,"0,80000000",2024-07-10,2024-07-17,Rendimento,"0,87"
VGIP11,"0,95000000",2024-07-10,2024-07-17,Rendimento,"1,04"
VGIR11,"0,10000000",2024-07-10,2024-07-17,Rendimento,"1,00"
AFHI11,"0,95000000",2024-07-12,2024-07-19,Rendimento,"0,98"
AJFI11,"0,06000000",2024-07-05,2024-07-19,Rendimento,"0,73"
MANA11,"0,10000000",2024-06-28,2024-07-19,Rendimento,"1,00"
RZAK11,"1,00000000",2024-07-12,2024-07-19,Rendimento,"1,19"
RZAT11,"1,15000000",2024-07-12,2024-07-19,Rendimento,"1,15"
MCRE11,"0,11000000",2024-07-15,2024-07-22,Rendimento,"1,13"
RBRX11,"0,11000000",2024-07-12,2024-07-22,Rendimento,"1,19"
BROF11,"0,43468829",2024-07-16,2024-07-23,Rendimento,"0,86"
CPSH11,"0,09500000",2024-07-16,2024-07-23,Rendimento,"0,85"
BTAL11,"0,84000000",2024-07-17,2024-07-24,Rendimento,"1,06"
ALZR11,"0,07107849",2024-07-18,2024-07-25,Rendimento,"0,07"
BPML11,"1,07000000",2024-07-18,2024-07-25,Rendimento,"1,17"
BTLG11,"0,76000000",2024-07-15,2024-07-25,Rendimento,"0,74"
SNCI11,"1,00000000",2024-07-15,2024-07-25,Rendimento,"1,03"
SNEL11,"0,10000000",2024-07-15,2024-07-25,Rendimento,"1,05"
SNFF11,"1,10000000",2024-07-15,2024-07-25,Rendimento,"1,24"
XPML11,"0,92000000",2024-07-18,2024-07-25,Rendimento,"0,81"
BCIA11,"0,87000000",2024-06-28,2024-07-26,Rendimento,"0,84"
BLMG11,"0,45000000",2024-07-17,2024-07-31,Amortização,"1,16"
GZIT11,"0,78000000",2024-07-24,2024-07-31,Rendimento,"1,39"
ARRI11,"0,10000000",2024-07-31,2024-08-07,Rendimento,"1,09"
GARE11,"0,08700000",2024-07-31,2024-08-07,Rendimento,"0,96"
HSAF11,"0,80000000",2024-07-31,2024-08-07,Rendimento,"0,95"
HSML11,"0,80000000",2024-07-31,2024-08-07,Rendimento,"0,83"
HTMX11,"2,30000000",2024-07-31,2024-08-07,Rendimento,"1,28"
LIFE11,"0,13500000",2024-07-31,2024-08-07,Rendimento,"1,28"
LVBI11,"0,90000000",2024-07-31,2024-08-07,Rendimento,"0,78"
PORD11,"0,08900000",2024-07-31,2024-08-07,Rendimento,"0,98"
PVBI11,"0,65000000",2024-07-31,2024-08-07,Rendimento,"0,69"
RZTR11,"0,90000000",2024-07-31,2024-08-07,Rendimento,"0,96"
VGHF11,"0,09000000",2024-07-31,2024-08-07,Rendimento,"1,02"
VGRI11,"0,15000000",2024-07-31,2024-08-07,Rendimento,"1,63"
AIEC11,"0,73000000",2024-07-31,2024-08-08,Rendimento,"1,33"
CACR11,"1,30000000",2024-07-31,2024-08-08,Rendimento,"1,23"
GGRC11,"0,09100000",2024-08-01,2024-08-08,Rendimento,"0,82"
PATL11,"0,57000000",2024-07-31,2024-08-08,Rendimento,"0,94"
HABT11,"1,00000000",2024-07-31,2024-08-12,Rendimento,"1,12"
ICRI11,"1,00000000",2024-07-31,2024-08-12,Rendimento,"1,03"
ITRI11,"0,85000000",2024-07-31,2024-08-12,Rendimento,"0,90"
KNHF11,"0,90000000",2024-07-31,2024-08-12,Rendimento,"0,93"
KNUQ11,"1,07000000",2024-07-31,2024-08-12,Rendimento,"1,02"
KCRE11,"0,10000000",2024-07-31,2024-08-13,Rendimento,"1,04"
KNCR11,"0,95000000",2024-07-31,2024-08-13,Rendimento,"0,90"
KNHY11,"1,12000000",2024-07-31,2024-08-13,Rendimento,"1,05"
KNIP11,"0,87000000",2024-07-31,2024-08-13,Rendimento,"0,91"
KNSC11,"0,09000000",2024-07-31,2024-08-13,Rendimento,"0,97"
VCJR11,"1,00000000",2024-07-31,2024-08-13,Rendimento,"1,08"
AZPL11,"0,06000000",2024-07-31,2024-08-14,Rendimento,"0,00"
BLMG11,"0,50000000",2024-08-07,2024-08-14,Rendimento,"1,29"
BRCO11,"0,87000000",2024-07-31,2024-08-14,Rendimento,"0,75"
BRCR11,"0,50000000",2024-08-07,2024-08-14,Rendimento,"0,98"
BTCI11,"0,09400000",2024-08-07,2024-08-14,Rendimento,"0,95"
CYCR11,"0,12000000",2024-07-31,2024-08-14,Rendimento,"1,23"
DEVA11,"0,46000000",2024-08-07,2024-08-14,Rendimento,"1,18"
FATN11,"0,85000000",2024-08-06,2024-08-14,Rendimento,"0,92"
GTWR11,"0,79000000",2024-07-31,2024-08-14,Rendimento,"0,96"
HCTR11,"0,36000000",2024-08-07,2024-08-14,Rendimento,"1,19"
HFOF11,"0,06300000",2024-07-31,2024-08-14,Rendimento,"0,09"
HGBS11,"0,16000000",2024-07-31,2024-08-14,Rendimento,"0,07"
HGCR11,"0,95000000",2024-07-31,2024-08-14,Rendimento,"0,91"
HGLG11,"1,10000000",2024-07-31,2024-08-14,Rendimento,"0,69"
HGRE11,"0,78000000",2024-07-31,2024-08-14,Rendimento,"0,67"
HGRU11,"0,85000000",2024-07-31,2024-08-14,Rendimento,"0,67"
HSLG11,"0,74000000",2024-07-31,2024-08-14,Rendimento,"0,85"
JSAF11,"0,10000000",2024-07-31,2024-08-14,Rendimento,"0,11"
JSCR11,"0,67000000",2024-07-31,2024-08-14,Rendimento,"0,00"
JSRE11,"0,48000000",2024-07-31,2024-08-14,Rendimento,"0,74"
KFOF11,"0,75000000",2024-07-31,2024-08-14,Rendimento,"0,84"
KISU11,"0,07000000",2024-07-31,2024-08-14,Rendimento,"0,85"
KIVO11,"0,95000000",2024-07-31,2024-08-14,Rendimento,"1,14"
KNRI11,"1,00000000",2024-07-31,2024-08-14,Rendimento,"0,65"
KORE11,"1,25000000",2024-07-31,2024-08-14,Rendimento,"1,20"
MFII11,"1,18000000",2024-07-31,2024-08-14,Rendimento,"1,16"
MXRF11,"0,10000000",2024-07-31,2024-08-14,Rendimento,"0,98"
OUJP11,"0,82000000",2024-07-31,2024-08-14,Rendimento,"1,02"
PMIS11,"0,10000000",2024-07-31,2024-08-14,Rendimento,"0,99"
PMLL11,"0,80000000",2024-07-31,2024-08-14,Rendimento,"0,72"
RBRL11,"0,65000000",2024-08-07,2024-08-14,Rendimento,"0,79"
RBRP11,"0,55000000",2024-08-07,2024-08-14,Rendimento,"0,98"
RECR11,"0,85000000",2024-08-07,2024-08-14,Rendimento,"1,01"
SARE11,"0,02500000",2024-07-31,2024-08-14,Rendimento,"0,06"
SPXS11,"0,09900000",2024-08-07,2024-08-14,Rendimento,"1,06"
TEPP11,"0,78000000",2024-07-31,2024-08-14,Rendimento,"0,86"
TGAR11,"1,22000000",2024-07-31,2024-08-14,Rendimento,"1,01"
TRBL11,"0,85000000",2024-07-31,2024-08-14,Rendimento,"0,86"
TRXF11,"0,93000000",2024-07-31,2024-08-14,Rendimento,"0,87"
TVRI11,"0,98000000",2024-07-31,2024-08-14,Rendimento,"0,95"
URPR11,"1,00000000",2024-07-31,2024-08-14,Rendimento,"1,20"
VILG11,"0,65000000",2024-07-31,2024-08-14,Rendimento,"0,74"
VINO11,"0,05200000",2024-07-31,2024-08-14,Rendimento,"0,84"
VISC11,"0,85000000",2024-07-31,2024-08-14,Rendimento,"0,75"
WHGR11,"0,09500000",2024-07-31,2024-08-14,Rendimento,"0,97"
XPCI11,"0,87000000",2024-07-31,2024-08-14,Rendimento,"1,00"
XPLG11,"0,78000000",2024-07-31,2024-08-14,Rendimento,"0,75"
XPSF11,"0,07000000",2024-07-31,2024-08-14,Rendimento,"0,92"
BBIG11,"0,08000000",2024-07-31,2024-08-15,Rendimento,"0,86"
BCRI11,"0,81000000",2024-07-31,2024-08-15,Rendimento,"1,20"
CCME11,"0,08000000",2024-08-08,2024-08-15,Rendimento,"0,78"
CLIN11,"0,98000000",2024-08-08,2024-08-15,Rendimento,"1,03"
CVBI11,"0,97000000",2024-08-08,2024-08-15,Rendimento,"1,05"
RBFF11,"0,51000000",2024-07-31,2024-08-15,Rendimento,"0,84"
RBVA11,"0,10000000",2024-07-31,2024-08-15,Rendimento,"0,09"
RCRB11,"0,91000000",2024-08-07,2024-08-15,Rendimento,"0,66"
RVBI11,"0,75000000",2024-08-08,2024-08-15,Rendimento,"1,00"
VRTA11,"0,90000000",2024-07-31,2024-08-15,Rendimento,"1,00"
VRTM11,"0,10000000",2024-07-31,2024-08-15,Rendimento,"0,91"
IRDM11,"0,74000000",2024-08-09,2024-08-16,Rendimento,"1,03"
RBRF11,"0,05500000",2024-08-09,2024-08-16,Rendimento,"0,73"
RBRR11,"0,85000000",2024-08-09,2024-08-16,Rendimento,"0,94"
RBRY11,"1,00000000",2024-08-09,2024-08-16,Rendimento,"1,04"
CPTS11,"0,08100000",2024-08-12,2024-08-19,Rendimento,"0,99"
MCCI11,"0,80000000",2024-08-12,2024-08-19,Rendimento,"0,89"
VGIP11,"0,88000000",2024-08-12,2024-08-19,Rendimento,"0,97"
VGIR11,"0,10000000",2024-08-12,2024-08-19,Rendimento,"1,01"
AFHI11,"0,95000000",2024-08-14,2024-08-21,Rendimento,"0,98"
AJFI11,"0,06811000",2024-08-07,2024-08-21,Rendimento,"0,80"
MANA11,"0,10000000",2024-07-31,2024-08-21,Rendimento,"1,04"
RZAK11,"0,95000000",2024-08-14,2024-08-21,Rendimento,"1,14"
RZAT11,"1,10000000",2024-08-14,2024-08-21,Rendimento,"1,11"
MCRE11,"0,10000000",2024-08-15,2024-08-22,Rendimento,"1,05"
RBRX11,"0,09000000",2024-08-14,2024-08-22,Rendimento,"0,99"
ALZR11,"0,07575000",2024-08-16,2024-08-23,Rendimento,"0,07"
BPML11,"1,07000000",2024-08-16,2024-08-23,Rendimento,"1,24"
BROF11,"0,42000000",2024-08-16,2024-08-23,Rendimento,"0,88"
BTLG11,"0,76000000",2024-08-15,2024-08-23,Rendimento,"0,74"
CPSH11,"0,10000000",2024-08-16,2024-08-23,Rendimento,"0,94"
SNCI11,"1,00000000",2024-08-15,2024-08-23,Rendimento,"1,03"
SNEL11,"0,10000000",2024-08-15,2024-08-23,Rendimento,"1,07"
SNFF11,"1,00000000",2024-08-15,2024-08-23,Rendimento,"1,11"
XPML11,"0,92000000",2024-08-16,2024-08-23,Rendimento,"0,81"
BTAL11,"0,84000000",2024-08-19,2024-08-26,Rendimento,"1,05"
BCIA11,"0,87000000",2024-07-31,2024-08-28,Rendimento,"0,84"
GZIT11,"0,78000000",2024-08-23,2024-08-30,Rendimento,"1,36"
ARRI11,"0,10000000",2024-08-30,2024-09-06,Rendimento,"1,10"
GARE11,"0,08700000",2024-08-30,2024-09-06,Rendimento,"0,95"
HSAF11,"0,80000000",2024-08-30,2024-09-06,Rendimento,"0,94"
HSML11,"0,80000000",2024-08-30,2024-09-06,Rendimento,"0,83"
HTMX11,"2,13283640",2024-08-30,2024-09-06,Rendimento,"1,12"
LIFE11,"0,13500000",2024-08-30,2024-09-06,Rendimento,"1,28"
LVBI11,"0,90000000",2024-08-30,2024-09-06,Rendimento,"0,81"
PORD11,"0,08900000",2024-08-30,2024-09-06,Rendimento,"1,01"
PVBI11,"0,65000000",2024-08-30,2024-09-06,Rendimento,"0,69"
RZTR11,"0,90000000",2024-08-30,2024-09-06,Rendimento,"0,95"
VGHF11,"0,09000000",2024-08-30,2024-09-06,Rendimento,"1,00"
VGRI11,"0,15000000",2024-08-30,2024-09-06,Rendimento,"1,66"
AIEC11,"0,73000000",2024-08-30,2024-09-09,Rendimento,"1,31"
CACR11,"1,31000000",2024-08-30,2024-09-09,Rendimento,"1,22"
GGRC11,"0,09100000",2024-09-02,2024-09-09,Rendimento,"0,83"
PATL11,"0,57000000",2024-08-30,2024-09-09,Rendimento,"0,92"
ICRI11,"0,97000000",2024-08-30,2024-09-11,Rendimento,"0,99"
ITRI11,"0,88000000",2024-08-30,2024-09-11,Rendimento,"0,95"
KNHF11,"0,90000000",2024-08-30,2024-09-11,Rendimento,"0,92"
KNUQ11,"1,03000000",2024-08-30,2024-09-11,Rendimento,"0,97"
HABT11,"0,95000000",2024-08-30,2024-09-12,Rendimento,"1,07"
KCRE11,"0,09000000",2024-08-30,2024-09-12,Rendimento,"0,90"
KNCR11,"0,95000000",2024-08-30,2024-09-12,Rendimento,"0,90"
KNHY11,"1,03000000",2024-08-30,2024-09-12,Rendimento,"0,97"
KNIP11,"0,76000000",2024-08-30,2024-09-12,Rendimento,"0,79"
KNSC11,"0,09000000",2024-08-30,2024-09-12,Rendimento,"0,97"
VCJR11,"0,80000000",2024-08-30,2024-09-12,Rendimento,"0,86"
AZPL11,"0,07000000",2024-08-30,2024-09-13,Rendimento,"0,00"
BBIG11,"0,08000000",2024-08-30,2024-09-13,Rendimento,"0,85"
BCRI11,"0,81000000",2024-08-30,2024-09-13,Rendimento,"1,15"
BLMG11,"0,50000000",2024-09-06,2024-09-13,Rendimento,"1,18"
BRCO11,"0,87000000",2024-08-30,2024-09-13,Rendimento,"0,75"
BRCR11,"0,50000000",2024-09-06,2024-09-13,Rendimento,"1,00"
BTCI11,"0,09200000",2024-09-06,2024-09-13,Rendimento,"0,92"
CYCR11,"0,10000000",2024-08-30,2024-09-13,Rendimento,"1,01"
DEVA11,"0,45000000",2024-09-06,2024-09-13,Rendimento,"1,16"
FATN11,"0,85000000",2024-09-05,2024-09-13,Rendimento,"0,92"
GTWR11,"0,79000000",2024-08-30,2024-09-13,Rendimento,"0,96"
HCTR11,"0,39000000",2024-09-06,2024-09-13,Rendimento,"1,28"
HFOF11,"0,06300000",2024-08-30,2024-09-13,Rendimento,"0,09"
HGBS11,"0,16000000",2024-08-30,2024-09-13,Rendimento,"0,08"
HGCR11,"0,95000000",2024-08-30,2024-09-13,Rendimento,"0,92"
HGLG11,"1,10000000",2024-08-30,2024-09-13,Rendimento,"0,68"
HGRE11,"0,78000000",2024-08-30,2024-09-13,Rendimento,"0,69"
HGRU11,"0,85000000",2024-08-30,2024-09-13,Rendimento,"0,67"
HSLG11,"0,74000000",2024-08-30,2024-09-13,Rendimento,"0,86"
JSAF11,"0,09100000",2024-08-30,2024-09-13,Rendimento,"0,09"
JSCR11,"0,83000000",2024-08-30,2024-09-13,Rendimento,"0,84"
JSRE11,"0,48000000",2024-08-30,2024-09-13,Rendimento,"0,75"
KFOF11,"0,75000000",2024-08-30,2024-09-13,Rendimento,"0,86"
KISU11,"0,07000000",2024-08-30,2024-09-13,Rendimento,"0,85"
KIVO11,"0,95000000",2024-08-30,2024-09-13,Rendimento,"1,17"
KNRI11,"1,00000000",2024-08-30,2024-09-13,Rendimento,"0,65"
KORE11,"1,25000000",2024-08-30,2024-09-13,Rendimento,"1,19"
MFII11,"1,18000000",2024-08-30,2024-09-13,Rendimento,"1,13"
MXRF11,"0,09000000",2024-08-30,2024-09-13,Rendimento,"0,89"
OUJP11,"0,85000000",2024-08-30,2024-09-13,Rendimento,"1,06"
PMIS11,"0,10000000",2024-08-30,2024-09-13,Rendimento,"1,08"
PMLL11,"0,78000000",2024-08-30,2024-09-13,Rendimento,"0,70"
RBFF11,"0,51000000",2024-08-30,2024-09-13,Rendimento,"0,83"
RBRL11,"0,72000000",2024-09-06,2024-09-13,Rendimento,"0,89"
RBRP11,"0,54000000",2024-09-06,2024-09-13,Rendimento,"0,95"
RBVA11,"0,10000000",2024-08-30,2024-09-13,Rendimento,"0,09"
RCRB11,"0,91000000",2024-09-05,2024-09-13,Rendimento,"0,69"
RECR11,"0,75000000",2024-09-06,2024-09-13,Rendimento,"0,89"
SARE11,"0,02000000",2024-08-30,2024-09-13,Rendimento,"0,05"
SPXS11,"0,10000000",2024-09-06,2024-09-13,Rendimento,"1,07"
TEPP11,"0,78000000",2024-08-30,2024-09-13,Rendimento,"0,87"
TGAR11,"1,12000000",2024-08-30,2024-09-13,Rendimento,"0,93"
TRBL11,"0,85000000",2024-08-30,2024-09-13,Rendimento,"0,88"
TRXF11,"0,93000000",2024-08-30,2024-09-13,Rendimento,"0,88"
TVRI11,"0,98000000",2024-08-30,2024-09-13,Rendimento,"0,95"
URPR11,"1,00000000",2024-08-30,2024-09-13,Rendimento,"1,20"
VILG11,"0,64000000",2024-08-30,2024-09-13,Rendimento,"0,73"
VINO11,"0,05000000",2024-08-30,2024-09-13,Rendimento,"0,82"
VISC11,"0,83000000",2024-08-30,2024-09-13,Rendimento,"0,74"
VRTA11,"0,80000000",2024-08-30,2024-09-13,Rendimento,"0,89"
VRTM11,"0,09000000",2024-08-30,2024-09-13,Rendimento,"1,02"
WHGR11,"0,10000000",2024-08-30,2024-09-13,Rendimento,"1,02"
XPCI11,"0,80000000",2024-08-30,2024-09-13,Rendimento,"0,91"
XPLG11,"0,78000000",2024-08-30,2024-09-13,Rendimento,"0,76"
XPSF11,"0,07000000",2024-08-30,2024-09-13,Rendimento,"0,93"
CCME11,"0,08000000",2024-09-09,2024-09-16,Rendimento,"0,80"
CLIN11,"0,95000000",2024-09-09,2024-09-16,Rendimento,"0,99"
CVBI11,"0,86000000",2024-09-09,2024-09-16,Rendimento,"0,91"
RVBI11,"0,75000000",2024-09-09,2024-09-16,Rendimento,"1,01"
IRDM11,"0,70000000",2024-09-10,2024-09-17,Rendimento,"0,98"
RBRF11,"0,05500000",2024-09-10,2024-09-17,Rendimento,"0,73"
RBRR11,"0,85000000",2024-09-10,2024-09-17,Rendimento,"0,93"
RBRY11,"0,95000000",2024-09-10,2024-09-17,Rendimento,"0,98"
CPTS11,"0,08100000",2024-09-11,2024-09-18,Rendimento,"0,98"
MCCI11,"0,80000000",2024-09-11,2024-09-18,Rendimento,"0,91"
VGIP11,"0,89000000",2024-09-11,2024-09-18,Rendimento,"1,02"
VGIR11,"0,10000000",2024-09-11,2024-09-18,Rendimento,"1,00"
AFHI11,"0,93000000",2024-09-13,2024-09-20,Rendimento,"0,96"
AJFI11,"0,06827000",2024-09-06,2024-09-20,Rendimento,"0,83"
MANA11,"0,10000000",2024-08-30,2024-09-20,Rendimento,"1,08"
RZAK11,"0,92000000",2024-09-13,2024-09-20,Rendimento,"1,11"
RZAT11,"1,05000000",2024-09-13,2024-09-20,Rendimento,"1,05"
MCRE11,"0,10000000",2024-09-16,2024-09-23,Rendimento,"1,07"
RBRX11,"0,08000000",2024-09-13,2024-09-23,Rendimento,"0,89"
BROF11,"0,43000000",2024-09-17,2024-09-24,Rendimento,"0,90"
CPSH11,"0,10000000",2024-09-17,2024-09-24,Rendimento,"0,95"
ALZR11,"0,07457100",2024-09-18,2024-09-25,Rendimento,"0,07"
BPML11,"1,07000000",2024-09-18,2024-09-25,Rendimento,"1,15"
BTAL11,"0,84000000",2024-09-18,2024-09-25,Rendimento,"1,07"
BTLG11,"0,78000000",2024-09-13,2024-09-25,Rendimento,"0,77"
SNCI11,"1,00000000",2024-09-13,2024-09-25,Rendimento,"1,06"
SNEL11,"0,10000000",2024-09-13,2024-09-25,Rendimento,"1,09"
SNFF11,"1,00000000",2024-09-13,2024-09-25,Rendimento,"1,12"
XPML11,"0,92000000",2024-09-18,2024-09-25,Rendimento,"0,82"
BCIA11,"0,87000000",2024-08-30,2024-09-27,Rendimento,"0,84"
GZIT11,"0,78000000",2024-09-23,2024-09-30,Rendimento,"1,37"
ARRI11,"0,09000000",2024-09-30,2024-10-07,Rendimento,"1,02"
GARE11,"0,09000000",2024-09-30,2024-10-07,Rendimento,"0,99"
HSAF11,"0,80000000",2024-09-30,2024-10-07,Rendimento,"0,98"
HSML11,"0,80000000",2024-09-30,2024-10-07,Rendimento,"0,87"
HTMX11,"2,15000000",2024-09-30,2024-10-07,Rendimento,"1,05"
LIFE11,"0,13500000",2024-09-30,2024-10-07,Rendimento,"1,30"
LVBI11,"0,83000000",2024-09-30,2024-10-07,Rendimento,"0,77"
PORD11,"0,08900000",2024-09-30,2024-10-07,Rendimento,"1,02"
PVBI11,"0,55000000",2024-09-30,2024-10-07,Rendimento,"0,66"
RZTR11,"0,90000000",2024-09-30,2024-10-07,Rendimento,"0,99"
VGHF11,"0,08000000",2024-09-30,2024-10-07,Rendimento,"0,95"
VGRI11,"0,15000000",2024-09-30,2024-10-07,Rendimento,"1,67"
AIEC11,"0,73000000",2024-09-30,2024-10-08,Rendimento,"1,37"
CACR11,"1,32000000",2024-09-30,2024-10-08,Rendimento,"1,24"
GGRC11,"0,10000000",2024-10-01,2024-10-08,Rendimento,"0,94"
PATL11,"0,57000000",2024-09-30,2024-10-08,Rendimento,"0,96"
ICRI11,"0,93000000",2024-09-30,2024-10-10,Rendimento,"0,96"
ITRI11,"0,90000000",2024-09-30,2024-10-10,Rendimento,"1,03"
KNHF11,"0,90000000",2024-09-30,2024-10-10,Rendimento,"0,95"
KNUQ11,"1,00000000",2024-09-30,2024-10-10,Rendimento,"0,94"
HABT11,"1,00000000",2024-09-30,2024-10-11,Rendimento,"1,15"
KCRE11,"0,08000000",2024-09-30,2024-10-11,Rendimento,"0,84"
KNCR11,"0,95000000",2024-09-30,2024-10-11,Rendimento,"0,89"
KNHY11,"1,00000000",2024-09-30,2024-10-11,Rendimento,"0,94"
KNIP11,"0,75000000",2024-09-30,2024-10-11,Rendimento,"0,80"
KNSC11,"0,09000000",2024-09-30,2024-10-11,Rendimento,"0,97"
VCJR11,"0,80000000",2024-09-30,2024-10-11,Rendimento,"0,90"
AZPL11,"0,07500000",2024-09-30,2024-10-14,Rendimento,"0,93"
BLMG11,"0,50000000",2024-10-07,2024-10-14,Rendimento,"1,28"
BRCO11,"0,87000000",2024-09-30,2024-10-14,Rendimento,"0,78"
BRCR11,"0,50000000",2024-10-07,2024-10-14,Rendimento,"1,11"
BTCI11,"0,09000000",2024-10-07,2024-10-14,Rendimento,"0,94"
CYCR11,"0,08000000",2024-09-30,2024-10-14,Rendimento,"0,82"
DEVA11,"0,45000000",2024-10-07,2024-10-14,Rendimento,"1,22"
FATN11,"0,85000000",2024-10-04,2024-10-14,Rendimento,"0,93"
GTWR11,"0,79000000",2024-09-30,2024-10-14,Rendimento,"1,00"
HCTR11,"0,39000000",2024-10-07,2024-10-14,Rendimento,"1,31"
HFOF11,"0,06000000",2024-09-30,2024-10-14,Rendimento,"0,09"
HGBS11,"0,16000000",2024-09-30,2024-10-14,Rendimento,"0,08"
HGCR11,"0,95000000",2024-09-30,2024-10-14,Rendimento,"0,93"
HGLG11,"1,10000000",2024-09-30,2024-10-14,Rendimento,"0,69"
HGRE11,"0,78000000",2024-09-30,2024-10-14,Rendimento,"0,74"
HGRU11,"0,85000000",2024-09-30,2024-10-14,Rendimento,"0,70"
HSLG11,"0,74000000",2024-09-30,2024-10-14,Rendimento,"0,86"
JSAF11,"0,09100000",2024-09-30,2024-10-14,Rendimento,"0,10"
JSCR11,"0,85000000",2024-09-30,2024-10-14,Rendimento,"0,92"
JSRE11,"0,48000000",2024-09-30,2024-10-14,Rendimento,"0,76"
KFOF11,"0,75000000",2024-09-30,2024-10-14,Rendimento,"0,88"
KISU11,"0,06800000",2024-09-30,2024-10-14,Rendimento,"0,86"
KIVO11,"0,82000000",2024-09-30,2024-10-14,Rendimento,"1,06"
KNRI11,"1,00000000",2024-09-30,2024-10-14,Rendimento,"0,72"
KORE11,"1,25000000",2024-09-30,2024-10-14,Rendimento,"1,25"
MFII11,"1,19000000",2024-09-30,2024-10-14,Rendimento,"1,18"
MXRF11,"0,09000000",2024-09-30,2024-10-14,Rendimento,"0,90"
OUJP11,"0,85000000",2024-09-30,2024-10-14,Rendimento,"1,08"
PMIS11,"0,10000000",2024-09-30,2024-10-14,Rendimento,"1,06"
PMLL11,"0,78000000",2024-09-30,2024-10-14,Rendimento,"0,76"
RBRL11,"0,77000000",2024-10-07,2024-10-14,Rendimento,"1,00"
RBRP11,"0,52000000",2024-10-07,2024-10-14,Rendimento,"0,98"
RECR11,"0,71280000",2024-10-07,2024-10-14,Rendimento,"0,90"
SARE11,"0,02000000",2024-09-30,2024-10-14,Rendimento,"0,05"
SPXS11,"0,10100000",2024-10-07,2024-10-14,Rendimento,"1,10"
TEPP11,"0,78000000",2024-09-30,2024-10-14,Rendimento,"0,89"
TGAR11,"1,14000000",2024-09-30,2024-10-14,Rendimento,"1,01"
TRBL11,"0,85000000",2024-09-30,2024-10-14,Rendimento,"0,91"
TRXF11,"0,93000000",2024-09-30,2024-10-14,Rendimento,"0,88"
TVRI11,"0,98000000",2024-09-30,2024-10-14,Rendimento,"0,98"
URPR11,"0,95000000",2024-09-30,2024-10-14,Rendimento,"1,19"
VILG11,"0,60000000",2024-09-30,2024-10-14,Rendimento,"0,71"
VINO11,"0,05000000",2024-09-30,2024-10-14,Rendimento,"0,98"
VISC11,"0,80000000",2024-09-30,2024-10-14,Rendimento,"0,73"
WHGR11,"0,10000000",2024-09-30,2024-10-14,Rendimento,"1,06"
XPCI11,"0,80000000",2024-09-30,2024-10-14,Rendimento,"0,92"
XPLG11,"0,78000000",2024-09-30,2024-10-14,Rendimento,"0,78"
XPSF11,"0,07000000",2024-09-30,2024-10-14,Rendimento,"0,97"
BBIG11,"0,08000000",2024-09-30,2024-10-15,Rendimento,"0,85"
BCRI11,"0,76000000",2024-09-30,2024-10-15,Rendimento,"1,13"
CCME11,"0,08000000",2024-10-08,2024-10-15,Rendimento,"0,89"
CLIN11,"0,95000000",2024-10-08,2024-10-15,Rendimento,"1,02"
CVBI11,"0,78000000",2024-10-08,2024-10-15,Rendimento,"0,88"
RBFF11,"0,51000000",2024-09-30,2024-10-15,Rendimento,"0,86"
RBVA11,"0,10000000",2024-09-30,2024-10-15,Rendimento,"0,10"
RCRB11,"1,00000000",2024-10-07,2024-10-15,Rendimento,"0,77"
RVBI11,"0,75000000",2024-10-08,2024-10-15,Rendimento,"1,06"
VRTA11,"0,80000000",2024-09-30,2024-10-15,Rendimento,"0,91"
VRTM11,"0,08000000",2024-09-30,2024-10-15,Rendimento,"0,96"
IRDM11,"0,80000000",2024-10-09,2024-10-16,Rendimento,"1,22"
RBRF11,"0,05500000",2024-10-09,2024-10-16,Rendimento,"0,80"
RBRR11,"0,80000000",2024-10-09,2024-10-16,Rendimento,"0,94"
RBRY11,"0,90000000",2024-10-09,2024-10-16,Rendimento,"0,96"
CPTS11,"0,07200000",2024-10-10,2024-10-17,Rendimento,"0,95"
MCCI11,"0,80000000",2024-10-10,2024-10-17,Rendimento,"0,94"
VGIP11,"0,80000000",2024-10-10,2024-10-17,Rendimento,"0,94"
VGIR11,"0,10000000",2024-10-10,2024-10-17,Rendimento,"1,01"
TOPP11,"0,02000000",2024-10-11,2024-10-18,Rendimento,"0,02"
AFHI11,"0,93000000",2024-10-14,2024-10-21,Rendimento,"0,97"
AJFI11,"0,07000000",2024-10-07,2024-10-21,Rendimento,"0,91"
MANA11,"0,10000000",2024-09-30,2024-10-21,Rendimento,"1,11"
RZAK11,"1,05000000",2024-10-14,2024-10-21,Rendimento,"1,34"
RZAT11,"0,92000000",2024-10-14,2024-10-21,Rendimento,"0,94"
MCRE11,"0,10000000",2024-10-15,2024-10-22,Rendimento,"1,18"
RBRX11,"0,08000000",2024-10-14,2024-10-22,Rendimento,"0,97"
BROF11,"0,44000000",2024-10-16,2024-10-23,Rendimento,"0,95"
CPSH11,"0,10000000",2024-10-16,2024-10-23,Rendimento,"1,02"
BTAL11,"0,84000000",2024-10-17,2024-10-24,Rendimento,"1,15"
ALZR11,"0,07319985",2024-10-18,2024-10-25,Rendimento,"0,07"
BPML11,"1,07000000",2024-10-18,2024-10-25,Rendimento,"1,32"
BTLG11,"0,78000000",2024-10-15,2024-10-25,Rendimento,"0,80"
SNCI11,"1,00000000",2024-10-15,2024-10-25,Rendimento,"1,10"
SNEL11,"0,10000000",2024-10-15,2024-10-25,Rendimento,"1,07"
SNFF11,"0,72000000",2024-10-15,2024-10-25,Rendimento,"0,83"
XPML11,"0,92000000",2024-10-18,2024-10-25,Rendimento,"0,86"
BCIA11,"0,87000000",2024-09-30,2024-10-28,Rendimento,"0,93"
GZIT11,"0,78000000",2024-10-24,2024-10-31,Rendimento,"1,59"
ARRI11,"0,09000000",2024-10-31,2024-11-07,Rendimento,"1,06"
GARE11,"0,09200000",2024-10-31,2024-11-07,Rendimento,"1,01"
HSAF11,"0,80000000",2024-10-31,2024-11-07,Rendimento,"1,01"
HSML11,"0,80000000",2024-10-31,2024-11-07,Rendimento,"0,92"
HTMX11,"2,36565820",2024-10-31,2024-11-07,Rendimento,"1,25"
LIFE11,"0,13500000",2024-10-31,2024-11-07,Rendimento,"1,36"
LVBI11,"0,83000000",2024-10-31,2024-11-07,Rendimento,"0,81"
PORD11,"0,09100000",2024-10-31,2024-11-07,Rendimento,"1,12"
PVBI11,"0,55000000",2024-10-31,2024-11-07,Rendimento,"0,69"
RZTR11,"0,90000000",2024-10-31,2024-11-07,Rendimento,"1,04"
VGHF11,"0,09000000",2024-10-31,2024-11-07,Rendimento,"1,15"
VGRI11,"0,15000000",2024-10-31,2024-11-07,Rendimento,"1,71"
AIEC11,"0,62000000",2024-10-31,2024-11-08,Rendimento,"1,34"
CACR11,"1,32000000",2024-10-31,2024-11-08,Rendimento,"1,31"
GGRC11,"0,10000000",2024-11-01,2024-11-08,Rendimento,"0,97"
PATL11,"0,57000000",2024-10-31,2024-11-08,Rendimento,"1,08"
HABT11,"0,90000000",2024-10-31,2024-11-12,Rendimento,"1,10"
ICRI11,"1,45000000",2024-10-31,2024-11-12,Rendimento,"1,49"
ITRI11,"0,85000000",2024-10-31,2024-11-12,Rendimento,"1,02"
KNHF11,"0,90000000",2024-10-31,2024-11-12,Rendimento,"1,01"
KNUQ11,"1,10000000",2024-10-31,2024-11-12,Rendimento,"1,06"
KCRE11,"0,08000000",2024-10-31,2024-11-13,Rendimento,"0,90"
KNCR11,"1,02000000",2024-10-31,2024-11-13,Rendimento,"0,98"
KNHY11,"1,00000000",2024-10-31,2024-11-13,Rendimento,"0,97"
KNIP11,"0,70000000",2024-10-31,2024-11-13,Rendimento,"0,76"
KNSC11,"0,08000000",2024-10-31,2024-11-13,Rendimento,"0,90"
VCJR11,"0,70000000",2024-10-31,2024-11-13,Rendimento,"0,83"
AZPL11,"0,08200000",2024-10-31,2024-11-14,Rendimento,"1,10"
BBIG11,"0,08500000",2024-10-31,2024-11-14,Rendimento,"0,92"
BCRI11,"0,84000000",2024-10-31,2024-11-14,Rendimento,"1,30"
BLMG11,"0,50000000",2024-11-07,2024-11-14,Rendimento,"1,46"
BRCO11,"0,87000000",2024-10-31,2024-11-14,Rendimento,"0,81"
BRCR11,"0,50000000",2024-11-07,2024-11-14,Rendimento,"1,14"
BTCI11,"0,09100000",2024-11-07,2024-11-14,Rendimento,"0,99"
BTHF11,"0,09200000",2024-11-07,2024-11-14,Rendimento,"0,00"
CYCR11,"0,09000000",2024-10-31,2024-11-14,Rendimento,"1,03"
DEVA11,"0,45000000",2024-11-07,2024-11-14,Rendimento,"1,35"
FATN11,"0,85000000",2024-11-06,2024-11-14,Rendimento,"0,97"
GTWR11,"0,79000000",2024-10-31,2024-11-14,Rendimento,"1,05"
HCTR11,"0,37000000",2024-11-07,2024-11-14,Rendimento,"1,31"
HFOF11,"0,05800000",2024-10-31,2024-11-14,Rendimento,"0,09"
HGBS11,"0,16000000",2024-10-31,2024-11-14,Rendimento,"0,08"
HGCR11,"0,95000000",2024-10-31,2024-11-14,Rendimento,"0,97"
HGLG11,"1,10000000",2024-10-31,2024-11-14,Rendimento,"0,71"
HGRE11,"0,78000000",2024-10-31,2024-11-14,Rendimento,"0,73"
HGRU11,"0,90000000",2024-10-31,2024-11-14,Rendimento,"0,74"
HSLG11,"0,74000000",2024-10-31,2024-11-14,Rendimento,"0,89"
JSAF11,"0,09100000",2024-10-31,2024-11-14,Rendimento,"0,11"
JSCR11,"0,92000000",2024-10-31,2024-11-14,Rendimento,"1,02"
JSRE11,"0,48000000",2024-10-31,2024-11-14,Rendimento,"0,77"
KFOF11,"0,75000000",2024-10-31,2024-11-14,Rendimento,"0,98"
KISU11,"0,06600000",2024-10-31,2024-11-14,Rendimento,"0,89"
KIVO11,"0,90000000",2024-10-31,2024-11-14,Rendimento,"1,17"
KNRI11,"1,00000000",2024-10-31,2024-11-14,Rendimento,"0,72"
KORE11,"1,25000000",2024-10-31,2024-11-14,Rendimento,"1,37"
MFII11,"1,17000000",2024-10-31,2024-11-14,Rendimento,"1,16"
MXRF11,"0,09000000",2024-10-31,2024-11-14,Rendimento,"0,93"
OUJP11,"0,90000000",2024-10-31,2024-11-14,Rendimento,"1,14"
PMIS11,"0,10000000",2024-10-31,2024-11-14,Rendimento,"1,09"
PMLL11,"0,78000000",2024-10-31,2024-11-14,Rendimento,"0,77"
RBFF11,"0,51000000",2024-10-31,2024-11-14,Rendimento,"0,97"
RBRL11,"0,77000000",2024-11-07,2024-11-14,Rendimento,"1,05"
RBRP11,"0,54000000",2024-11-07,2024-11-14,Rendimento,"1,00"
RBVA11,"0,10000000",2024-10-31,2024-11-14,Rendimento,"0,10"
RCRB11,"1,05000000",2024-11-06,2024-11-14,Rendimento,"0,81"
RECR11,"1,08060000",2024-11-07,2024-11-14,Rendimento,"1,37"
SARE11,"0,02000000",2024-10-31,2024-11-14,Rendimento,"0,51"
SPXS11,"0,10000000",2024-11-07,2024-11-14,Rendimento,"1,10"
TEPP11,"0,78000000",2024-10-31,2024-11-14,Rendimento,"0,89"
TGAR11,"1,15000000",2024-10-31,2024-11-14,Rendimento,"1,13"
TRBL11,"0,62000000",2024-10-31,2024-11-14,Rendimento,"0,89"
TRXF11,"0,93000000",2024-10-31,2024-11-14,Rendimento,"0,92"
TVRI11,"0,98000000",2024-10-31,2024-11-14,Rendimento,"1,03"
URPR11,"0,87000000",2024-10-31,2024-11-14,Rendimento,"1,28"
VILG11,"0,61000000",2024-10-31,2024-11-14,Rendimento,"0,75"
VINO11,"0,05000000",2024-10-31,2024-11-14,Rendimento,"0,98"
VISC11,"0,80000000",2024-10-31,2024-11-14,Rendimento,"0,76"
VRTA11,"0,80000000",2024-10-31,2024-11-14,Rendimento,"0,97"
VRTM11,"0,08500000",2024-10-31,2024-11-14,Rendimento,"1,11"
WHGR11,"0,10000000",2024-10-31,2024-11-14,Rendimento,"1,13"
XPCI11,"0,80000000",2024-10-31,2024-11-14,Rendimento,"1,01"
XPLG11,"0,78000000",2024-10-31,2024-11-14,Rendimento,"0,80"
XPSF11,"0,07000000",2024-10-31,2024-11-14,Rendimento,"1,03"
CCME11,"0,08000000",2024-11-08,2024-11-18,Rendimento,"0,86"
CLIN11,"0,95000000",2024-11-08,2024-11-18,Rendimento,"1,01"
CVBI11,"0,90000000",2024-11-08,2024-11-18,Rendimento,"1,05"
RVBI11,"0,75000000",2024-11-08,2024-11-18,Rendimento,"1,09"
IRDM11,"0,75000000",2024-11-11,2024-11-19,Rendimento,"1,11"
RBRF11,"0,09000000",2024-11-11,2024-11-19,Rendimento,"1,33"
RBRR11,"0,80000000",2024-11-11,2024-11-19,Rendimento,"0,95"
RBRY11,"0,90000000",2024-11-11,2024-11-19,Rendimento,"0,95"
CPTS11,"0,06200000",2024-11-12,2024-11-21,Rendimento,"0,86"
MCCI11,"0,80000000",2024-11-12,2024-11-21,Rendimento,"0,96"
VGIP11,"0,72000000",2024-11-12,2024-11-21,Rendimento,"0,90"
VGIR11,"0,11000000",2024-11-12,2024-11-21,Rendimento,"1,15"
TOPP11,"0,68000000",2024-11-13,2024-11-22,Rendimento,"0,82"
AFHI11,"0,93000000",2024-11-14,2024-11-25,Rendimento,"0,98"
AJFI11,"0,07000000",2024-11-08,2024-11-25,Rendimento,"0,94"
ALZR11,"0,07750000",2024-11-14,2024-11-25,Rendimento,"0,08"
BPML11,"1,07000000",2024-11-14,2024-11-25,Rendimento,"1,34"
BTLG11,"0,78000000",2024-11-14,2024-11-25,Rendimento,"0,80"
MANA11,"0,10000000",2024-10-31,2024-11-25,Rendimento,"1,17"
RBRX11,"0,08000000",2024-11-14,2024-11-25,Rendimento,"0,97"
RZAK11,"1,07000000",2024-11-14,2024-11-25,Rendimento,"1,35"
RZAT11,"0,98000000",2024-11-14,2024-11-25,Rendimento,"1,13"
SNCI11,"1,00000000",2024-11-14,2024-11-25,Rendimento,"1,11"
SNEL11,"0,10000000",2024-11-14,2024-11-25,Rendimento,"1,12"
SNFF11,"0,72000000",2024-11-14,2024-11-25,Rendimento,"0,87"
XPML11,"0,92000000",2024-11-14,2024-11-25,Rendimento,"0,88"
MCRE11,"0,10000000",2024-11-18,2024-11-26,Rendimento,"1,21"
BROF11,"0,46000000",2024-11-19,2024-11-27,Rendimento,"0,97"
CPSH11,"0,11000000",2024-11-19,2024-11-27,Rendimento,"1,17"
BTAL11,"0,84000000",2024-11-21,2024-11-28,Rendimento,"1,18"
BCIA11,"0,84000000",2024-10-31,2024-11-29,Rendimento,"0,93"
GZIT11,"0,78000000",2024-11-22,2024-11-29,Rendimento,"1,67"
ARRI11,"0,09000000",2024-11-29,2024-12-06,Rendimento,"1,04"
GARE11,"0,09200000",2024-11-29,2024-12-06,Rendimento,"1,04"
HSAF11,"0,80000000",2024-11-29,2024-12-06,Rendimento,"1,05"
HSML11,"0,80000000",2024-11-29,2024-12-06,Rendimento,"0,96"
HTMX11,"3,41553791",2024-11-29,2024-12-06,Rendimento,"2,22"
LIFE11,"0,13500000",2024-11-29,2024-12-06,Rendimento,"1,45"
LVBI11,"0,83000000",2024-11-29,2024-12-06,Rendimento,"0,85"
PORD11,"0,08900000",2024-11-29,2024-12-06,Rendimento,"1,10"
PVBI11,"0,55000000",2024-11-29,2024-12-06,Rendimento,"0,74"
RZTR11,"1,15000000",2024-11-29,2024-12-06,Rendimento,"1,30"
VGHF11,"0,09000000",2024-11-29,2024-12-06,Rendimento,"1,15"
VGRI11,"0,15000000",2024-11-29,2024-12-06,Rendimento,"1,89"
AIEC11,"0,62000000",2024-11-29,2024-12-09,Rendimento,"1,38"
CACR11,"1,32000000",2024-11-29,2024-12-09,Rendimento,"1,38"
GGRC11,"0,10000000",2024-12-02,2024-12-09,Rendimento,"1,00"
PATL11,"0,57000000",2024-11-29,2024-12-09,Rendimento,"1,21"
HABT11,"1,02000000",2024-11-29,2024-12-11,Rendimento,"1,36"
ICRI11,"1,45000000",2024-11-29,2024-12-11,Rendimento,"1,53"
ITRI11,"0,80000000",2024-11-29,2024-12-11,Rendimento,"1,00"
KNHF11,"0,90000000",2024-11-29,2024-12-11,Rendimento,"1,06"
KNUQ11,"1,00000000",2024-11-29,2024-12-11,Rendimento,"0,96"
KCRE11,"0,08000000",2024-11-29,2024-12-12,Rendimento,"0,90"
KNCR11,"0,95000000",2024-11-29,2024-12-12,Rendimento,"0,92"
KNHY11,"1,05000000",2024-11-29,2024-12-12,Rendimento,"1,03"
KNIP11,"0,90000000",2024-11-29,2024-12-12,Rendimento,"0,99"
KNSC11,"0,08000000",2024-11-29,2024-12-12,Rendimento,"0,94"
VCJR11,"0,90000000",2024-11-29,2024-12-12,Rendimento,"1,11"
AZPL11,"0,08200000",2024-11-29,2024-12-13,Rendimento,"1,17"
BBIG11,"0,09000000",2024-11-29,2024-12-13,Rendimento,"1,26"
BCRI11,"0,75000000",2024-11-29,2024-12-13,Rendimento,"1,20"
BRCO11,"0,87000000",2024-11-29,2024-12-13,Rendimento,"0,87"
BRCR11,"0,50000000",2024-12-06,2024-12-13,Rendimento,"1,22"
BTCI11,"0,09100000",2024-12-06,2024-12-13,Rendimento,"1,11"
CYCR11,"0,09500000",2024-11-29,2024-12-13,Rendimento,"1,13"
DEVA11,"0,43000000",2024-12-06,2024-12-13,Rendimento,"1,40"
FATN11,"0,85000000",2024-12-05,2024-12-13,Rendimento,"1,05"
GTWR11,"0,79000000",2024-11-29,2024-12-13,Rendimento,"1,08"
HFOF11,"0,05600000",2024-11-29,2024-12-13,Rendimento,"0,10"
HGBS11,"0,16000000",2024-11-29,2024-12-13,Rendimento,"0,08"
HGCR11,"0,95000000",2024-11-29,2024-12-13,Rendimento,"0,98"
HGLG11,"1,10000000",2024-11-29,2024-12-13,Rendimento,"0,72"
HGRE11,"0,78000000",2024-11-29,2024-12-13,Rendimento,"0,77"
HGRU11,"0,90000000",2024-11-29,2024-12-13,Rendimento,"0,78"
HSLG11,"0,74000000",2024-11-29,2024-12-13,Rendimento,"0,90"
JSAF11,"0,09100000",2024-11-29,2024-12-13,Rendimento,"0,11"
JSCR11,"1,00000000",2024-11-29,2024-12-13,Rendimento,"1,30"
JSRE11,"0,48000000",2024-11-29,2024-12-13,Rendimento,"0,82"
KFOF11,"0,75000000",2024-11-29,2024-12-13,Rendimento,"0,99"
KISU11,"0,06700000",2024-11-29,2024-12-13,Rendimento,"0,94"
KIVO11,"0,90000000",2024-11-29,2024-12-13,Rendimento,"1,23"
KNRI11,"1,00000000",2024-11-29,2024-12-13,Rendimento,"0,75"
KORE11,"1,25000000",2024-11-29,2024-12-13,Rendimento,"1,49"
MFII11,"1,17000000",2024-11-29,2024-12-13,Rendimento,"1,23"
MXRF11,"0,10000000",2024-11-29,2024-12-13,Rendimento,"1,07"
OUJP11,"0,90000000",2024-11-29,2024-12-13,Rendimento,"1,17"
PMIS11,"0,10000000",2024-11-29,2024-12-13,Rendimento,"1,25"
PMLL11,"0,78000000",2024-11-29,2024-12-13,Rendimento,"0,81"
RBFF11,"0,51000000",2024-11-29,2024-12-13,Rendimento,"0,99"
RBRL11,"0,77000000",2024-12-06,2024-12-13,Rendimento,"1,14"
RBRP11,"0,54000000",2024-12-06,2024-12-13,Rendimento,"1,07"
RBVA11,"0,09000000",2024-11-29,2024-12-13,Rendimento,"0,10"
RCRB11,"1,11000000",2024-12-05,2024-12-13,Rendimento,"0,96"
RECR11,"0,96140000",2024-12-06,2024-12-13,Rendimento,"1,33"
SARE11,"0,02000000",2024-11-29,2024-12-13,Rendimento,"0,55"
SPXS11,"0,10000000",2024-12-06,2024-12-13,Rendimento,"1,18"
TEPP11,"0,78000000",2024-11-30,2024-12-13,Rendimento,"0,00"
TGAR11,"1,15000000",2024-11-29,2024-12-13,Rendimento,"1,17"
TRBL11,"0,62000000",2024-11-30,2024-12-13,Rendimento,"0,00"
TRXF11,"0,93000000",2024-11-29,2024-12-13,Rendimento,"0,91"
TVRI11,"0,98000000",2024-11-29,2024-12-13,Rendimento,"1,09"
URPR11,"0,88000000",2024-11-29,2024-12-13,Rendimento,"1,44"
VILG11,"0,62000000",2024-11-29,2024-12-13,Rendimento,"0,80"
VINO11,"0,05000000",2024-11-29,2024-12-13,Rendimento,"0,99"
VISC11,"0,80000000",2024-11-29,2024-12-13,Rendimento,"0,82"
VRTA11,"0,80000000",2024-11-29,2024-12-13,Rendimento,"0,99"
VRTM11,"0,09000000",2024-11-29,2024-12-13,Rendimento,"1,25"
WHGR11,"0,10000000",2024-11-29,2024-12-13,Rendimento,"1,12"
XPCI11,"0,81000000",2024-11-29,2024-12-13,Rendimento,"1,04"
XPLG11,"0,78000000",2024-11-29,2024-12-13,Rendimento,"0,83"
XPSF11,"0,07000000",2024-11-29,2024-12-13,Rendimento,"1,08"
CCME11,"0,08000000",2024-12-09,2024-12-16,Rendimento,"0,98"
CLIN11,"1,00000000",2024-12-09,2024-12-16,Rendimento,"1,19"
CVBI11,"0,90000000",2024-12-09,2024-12-16,Rendimento,"1,14"
RVBI11,"0,75000000",2024-12-09,2024-12-16,Rendimento,"1,24"
IRDM11,"0,77000000",2024-12-10,2024-12-17,Rendimento,"1,22"
RBRF11,"0,10000000",2024-12-10,2024-12-17,Rendimento,"1,61"
RBRR11,"0,80000000",2024-12-10,2024-12-17,Rendimento,"1,00"
RBRY11,"0,95000000",2024-12-10,2024-12-17,Rendimento,"1,18"
CPTS11,"0,07500000",2024-12-11,2024-12-18,Rendimento,"1,16"
MCCI11,"0,80000000",2024-12-11,2024-12-18,Rendimento,"1,04"
VGIP11,"0,82000000",2024-12-11,2024-12-18,Rendimento,"1,13"
VGIR11,"0,11000000",2024-12-11,2024-12-18,Rendimento,"1,26"
TOPP11,"0,84000000",2024-12-12,2024-12-19,Rendimento,"1,21"
AFHI11,"0,95000000",2024-12-13,2024-12-20,Rendimento,"1,08"
AJFI11,"0,07000000",2024-12-06,2024-12-20,Rendimento,"0,96"
MANA11,"0,11000000",2024-11-29,2024-12-20,Rendimento,"1,31"
RZAK11,"1,13000000",2024-12-13,2024-12-20,Rendimento,"1,55"
RZAT11,"1,00000000",2024-12-13,2024-12-20,Rendimento,"1,22"
ALZR11,"0,08055000",2024-12-16,2024-12-23,Rendimento,"0,08"
BPML11,"1,07000000",2024-12-16,2024-12-23,Rendimento,"1,57"
BTLG11,"0,78000000",2024-12-13,2024-12-23,Rendimento,"0,85"
MCRE11,"0,10000000",2024-12-16,2024-12-23,Rendimento,"1,39"
RBRX11,"0,08000000",2024-12-13,2024-12-23,Rendimento,"1,11"
SNCI11,"1,00000000",2024-12-13,2024-12-23,Rendimento,"1,22"
SNEL11,"0,10000000",2024-12-13,2024-12-23,Rendimento,"1,14"
SNFF11,"0,72000000",2024-12-13,2024-12-23,Rendimento,"0,94"
XPML11,"0,92000000",2024-12-16,2024-12-23,Rendimento,"0,94"
BROF11,"0,50000000",2024-12-17,2024-12-26,Rendimento,"1,20"
CPSH11,"0,11000000",2024-12-17,2024-12-26,Rendimento,"1,24"
BTAL11,"0,84000000",2024-12-18,2024-12-27,Rendimento,"1,28"
BTHF11,"0,09700000",2024-12-18,2024-12-27,Rendimento,"1,21"
BCIA11,"0,84000000",2024-11-29,2024-12-30,Rendimento,"0,99"
GZIT11,"0,78000000",2024-12-19,2024-12-30,Rendimento,"1,95"
ARRI11,"0,09000000",2024-12-30,2025-01-08,Rendimento,"1,12"
BLMG11,"0,90000000",2024-12-23,2025-01-08,Amortização,"3,48"
GARE11,"0,09200000",2024-12-30,2025-01-08,Rendimento,"1,08"
HSAF11,"1,20000000",2024-12-30,2025-01-08,Rendimento,"1,67"
HSML11,"0,80000000",2024-12-30,2025-01-08,Rendimento,"1,10"
HTMX11,"3,93724963",2024-12-30,2025-01-08,Rendimento,"2,48"
LIFE11,"0,14000000",2024-12-30,2025-01-08,Rendimento,"1,62"
LVBI11,"0,83000000",2024-12-30,2025-01-08,Rendimento,"0,85"
PORD11,"0,08900000",2024-12-30,2025-01-08,Rendimento,"1,13"
PVBI11,"0,55000000",2024-12-30,2025-01-08,Rendimento,"0,72"
RZTR11,"1,10000000",2024-12-30,2025-01-08,Rendimento,"1,28"
VGHF11,"0,09000000",2024-12-30,2025-01-08,Rendimento,"1,18"
VGRI11,"0,15000000",2024-12-30,2025-01-08,Rendimento,"1,97"
AIEC11,"1,22000000",2024-12-30,2025-01-09,Rendimento,"2,56"
CACR11,"1,34000000",2024-12-30,2025-01-09,Rendimento,"1,55"
GGRC11,"0,09500000",2025-01-02,2025-01-09,Rendimento,"0,95"
PATL11,"0,57000000",2024-12-30,2025-01-09,Rendimento,"1,16"
HABT11,"1,05000000",2024-12-30,2025-01-10,Rendimento,"1,34"
ICRI11,"1,45000000",2024-12-30,2025-01-13,Rendimento,"1,67"
ITRI11,"0,70000000",2024-12-30,2025-01-13,Rendimento,"0,97"
KNHF11,"0,90000000",2024-12-30,2025-01-13,Rendimento,"1,08"
KNUQ11,"1,10000000",2024-12-30,2025-01-13,Rendimento,"1,07"
KCRE11,"0,09000000",2024-12-30,2025-01-14,Rendimento,"1,07"
KNCR11,"1,00000000",2024-12-30,2025-01-14,Rendimento,"0,97"
KNHY11,"1,10000000",2024-12-30,2025-01-14,Rendimento,"1,08"
KNIP11,"1,00000000",2024-12-30,2025-01-14,Rendimento,"1,11"
KNSC11,"0,09000000",2024-12-30,2025-01-14,Rendimento,"1,02"
MXRF11,"0,10000000",2024-12-30,2025-01-14,Rendimento,"1,07"
VCJR11,"0,95000000",2024-12-30,2025-01-14,Rendimento,"1,24"
XPLG11,"0,78000000",2024-12-30,2025-01-14,Rendimento,"0,83"
AZPL11,"0,09000000",2024-12-30,2025-01-15,Rendimento,"1,34"
BBIG11,"0,09900000",2024-12-30,2025-01-15,Rendimento,"1,19"
BCRI11,"0,78000000",2024-12-30,2025-01-15,Rendimento,"1,31"
BRCO11,"0,87000000",2024-12-30,2025-01-15,Rendimento,"0,85"
BRCR11,"0,50000000",2025-01-08,2025-01-15,Rendimento,"1,22"
BTCI11,"0,09200000",2025-01-08,2025-01-15,Rendimento,"1,02"
BTHF11,"0,09734730",2025-01-08,2025-01-15,Rendimento,"1,28"
CYCR11,"0,09500000",2024-12-30,2025-01-15,Rendimento,"1,12"
DEVA11,"0,44000000",2025-01-08,2025-01-15,Rendimento,"1,49"
FATN11,"0,85000000",2025-01-07,2025-01-15,Rendimento,"1,07"
GTWR11,"0,83000000",2024-12-30,2025-01-15,Rendimento,"1,16"
HCTR11,"0,69000000",2025-01-08,2025-01-15,Rendimento,"3,87"
HFOF11,"0,05600000",2024-12-30,2025-01-15,Rendimento,"0,10"
HGBS11,"0,16000000",2024-12-30,2025-01-15,Rendimento,"0,09"
HGCR11,"0,95000000",2024-12-30,2025-01-15,Rendimento,"0,98"
HGLG11,"1,10000000",2024-12-30,2025-01-15,Rendimento,"0,70"
HGRE11,"0,78000000",2024-12-30,2025-01-15,Rendimento,"0,75"
HGRU11,"1,90000000",2024-12-30,2025-01-15,Rendimento,"1,61"
HSLG11,"0,74000000",2024-12-30,2025-01-15,Rendimento,"0,97"
JSAF11,"0,09100000",2024-12-30,2025-01-15,Rendimento,"1,17"
JSCR11,"1,00000000",2024-12-30,2025-01-15,Rendimento,"1,19"
JSRE11,"0,48000000",2024-12-30,2025-01-15,Rendimento,"0,83"
KFOF11,"0,75000000",2024-12-30,2025-01-15,Rendimento,"1,06"
KISU11,"0,06700000",2024-12-30,2025-01-15,Rendimento,"0,94"
KIVO11,"0,95000000",2024-12-30,2025-01-15,Rendimento,"1,56"
KNRI11,"1,00000000",2024-12-30,2025-01-15,Rendimento,"0,73"
KORE11,"1,25000000",2024-12-30,2025-01-15,Rendimento,"1,50"
MFII11,"1,18000000",2024-12-30,2025-01-15,Rendimento,"1,27"
OUJP11,"1,24000000",2024-12-30,2025-01-15,Rendimento,"1,68"
PMIS11,"0,09000000",2024-12-30,2025-01-15,Rendimento,"1,14"
PMLL11,"0,78000000",2024-12-30,2025-01-15,Rendimento,"0,82"
RBFF11,"0,52000000",2024-12-30,2025-01-15,Rendimento,"1,02"
RBRL11,"0,77000000",2025-01-08,2025-01-15,Rendimento,"1,10"
RBRP11,"0,54000000",2025-01-08,2025-01-15,Rendimento,"1,08"
RBVA11,"0,09000000",2024-12-30,2025-01-15,Rendimento,"0,10"
RCRB11,"0,85000000",2025-01-07,2025-01-15,Rendimento,"0,67"
RECR11,"1,03580000",2025-01-08,2025-01-15,Rendimento,"1,38"
SARE11,"0,02000000",2024-12-30,2025-01-15,Rendimento,"0,55"
SPXS11,"0,10000000",2025-01-08,2025-01-15,Rendimento,"1,20"
TEPP11,"0,78000000",2024-12-30,2025-01-15,Rendimento,"0,97"
TGAR11,"1,10000000",2024-12-30,2025-01-15,Rendimento,"1,25"
TRBL11,"0,62000000",2024-12-30,2025-01-15,Rendimento,"0,89"
TRXF11,"2,50000000",2024-12-30,2025-01-15,Rendimento,"2,43"
TVRI11,"0,98000000",2024-12-30,2025-01-15,Rendimento,"1,13"
URPR11,"0,88000000",2024-12-30,2025-01-15,Rendimento,"1,48"
VILG11,"0,63000000",2024-12-30,2025-01-15,Rendimento,"0,84"
VINO11,"0,05000000",2024-12-30,2025-01-15,Rendimento,"1,00"
VISC11,"0,80000000",2024-12-30,2025-01-15,Rendimento,"0,82"
VRTA11,"0,85000000",2024-12-30,2025-01-15,Rendimento,"1,07"
VRTM11,"0,09000000",2024-12-30,2025-01-15,Rendimento,"1,31"
WHGR11,"0,10000000",2024-12-30,2025-01-15,Rendimento,"1,15"
XPCI11,"0,83000000",2024-12-30,2025-01-15,Rendimento,"1,06"
XPSF11,"0,07600000",2024-12-30,2025-01-15,Rendimento,"1,19"
CCME11,"0,08000000",2025-01-09,2025-01-16,Rendimento,"0,93"
CLIN11,"1,00000000",2025-01-09,2025-01-16,Rendimento,"1,20"
CVBI11,"1,05000000",2025-01-09,2025-01-16,Rendimento,"1,27"
RVBI11,"0,75000000",2025-01-09,2025-01-16,Rendimento,"1,23"
IRDM11,"0,93000000",2025-01-10,2025-01-17,Rendimento,"1,45"
RBRF11,"0,11100000",2025-01-10,2025-01-17,Rendimento,"1,71"
RBRR11,"0,82000000",2025-01-10,2025-01-17,Rendimento,"1,00"
RBRY11,"0,97000000",2025-01-10,2025-01-17,Rendimento,"1,11"
CPTS11,"0,07500000",2025-01-13,2025-01-20,Rendimento,"1,14"
MCCI11,"0,80000000",2025-01-13,2025-01-20,Rendimento,"1,02"
VGIP11,"0,92000000",2025-01-13,2025-01-20,Rendimento,"1,20"
VGIR11,"0,10958377",2025-01-13,2025-01-20,Rendimento,"1,17"
TOPP11,"0,84000000",2025-01-14,2025-01-21,Rendimento,"1,11"
AFHI11,"0,95000000",2025-01-15,2025-01-22,Rendimento,"1,04"
AJFI11,"0,07000000",2025-01-08,2025-01-22,Rendimento,"0,99"
BTLG11,"0,86819102",2025-01-15,2025-01-22,Rendimento,"0,91"
MANA11,"0,11000000",2024-12-30,2025-01-22,Rendimento,"1,40"
RZAK11,"1,77405283",2025-01-15,2025-01-22,Rendimento,"2,22"
RZAT11,"1,00000000",2025-01-15,2025-01-22,Rendimento,"1,18"
MCRE11,"0,10000000",2025-01-16,2025-01-23,Rendimento,"1,31"
RBRX11,"0,08000000",2025-01-15,2025-01-23,Rendimento,"1,05"
ALZR11,"0,08055000",2025-01-17,2025-01-24,Rendimento,"0,08"
BPML11,"1,07000000",2025-01-17,2025-01-24,Rendimento,"1,48"
BROF11,"0,57000000",2025-01-17,2025-01-24,Rendimento,"1,21"
CPSH11,"0,10000000",2025-01-17,2025-01-24,Rendimento,"1,11"
SNCI11,"1,00000000",2025-01-15,2025-01-24,Rendimento,"1,15"
SNEL11,"0,10000000",2025-01-15,2025-01-24,Rendimento,"1,14"
SNFF11,"0,72000000",2025-01-15,2025-01-24,Rendimento,"0,94"
XPML11,"0,92000000",2025-01-17,2025-01-24,Rendimento,"0,96"
BTAL11,"0,84000000",2025-01-20,2025-01-27,Rendimento,"1,22"
BCIA11,"0,95000000",2024-12-30,2025-01-29,Rendimento,"1,09"
GZIT11,"0,78000000",2025-01-24,2025-01-31,Rendimento,"1,95"
ARRI11,"0,09000000",2025-01-31,2025-02-07,Rendimento,"1,18"
GARE11,"0,08300000",2025-01-31,2025-02-07,Rendimento,"1,05"
HSAF11,"0,95000000",2025-01-31,2025-02-07,Rendimento,"1,34"
HSML11,"0,65000000",2025-01-31,2025-02-07,Rendimento,"0,89"
HTMX11,"1,23020015",2025-01-31,2025-02-07,Rendimento,"0,78"
LIFE11,"0,12000000",2025-01-31,2025-02-07,Rendimento,"1,39"
LVBI11,"0,83000000",2025-01-31,2025-02-07,Rendimento,"0,90"
PORD11,"0,08200000",2025-01-31,2025-02-07,Rendimento,"1,09"
PVBI11,"0,55000000",2025-01-31,2025-02-07,Rendimento,"0,77"
RZTR11,"1,05000000",2025-01-31,2025-02-07,Rendimento,"1,26"
VGHF11,"0,09000000",2025-01-31,2025-02-07,Rendimento,"1,26"
VGRI11,"0,15000000",2025-01-31,2025-02-07,Rendimento,"2,07"
AIEC11,"0,17000000",2025-01-31,2025-02-10,Rendimento,"0,36"
CACR11,"1,30000000",2025-01-31,2025-02-10,Rendimento,"1,47"
GGRC11,"0,09500000",2025-02-03,2025-02-10,Rendimento,"1,03"
PATL11,"0,57000000",2025-01-31,2025-02-10,Rendimento,"1,29"
ICRI11,"1,01000000",2025-01-31,2025-02-12,Rendimento,"1,23"
ITRI11,"0,75000000",2025-01-31,2025-02-12,Rendimento,"1,10"
KNHF11,"0,90000000",2025-01-31,2025-02-12,Rendimento,"1,17"
KNUQ11,"1,25000000",2025-01-31,2025-02-12,Rendimento,"1,26"
KCRE11,"0,11000000",2025-01-31,2025-02-13,Rendimento,"1,39"
KNCR11,"1,07000000",2025-01-31,2025-02-13,Rendimento,"1,05"
KNHY11,"1,20000000",2025-01-31,2025-02-13,Rendimento,"1,27"
KNIP11,"0,95000000",2025-01-31,2025-02-13,Rendimento,"1,11"
KNSC11,"0,10000000",2025-01-31,2025-02-13,Rendimento,"1,23"
VCJR11,"0,95000000",2025-01-31,2025-02-13,Rendimento,"1,30"
AZPL11,"0,09000000",2025-01-31,2025-02-14,Rendimento,"1,42"
BBIG11,"0,08500000",2025-01-31,2025-02-14,Rendimento,"1,23"
BCRI11,"0,84000000",2025-01-31,2025-02-14,Rendimento,"1,40"
BLMG11,"0,35000000",2025-02-07,2025-02-14,Rendimento,"1,22"
BRCO11,"0,87000000",2025-01-31,2025-02-14,Rendimento,"0,91"
BRCR11,"0,48000000",2025-02-07,2025-02-14,Rendimento,"1,21"
BTCI11,"0,09200000",2025-02-07,2025-02-14,Rendimento,"1,10"
BTHF11,"0,09700000",2025-02-07,2025-02-14,Rendimento,"1,37"
CYCR11,"0,10000000",2025-01-31,2025-02-14,Rendimento,"1,29"
DEVA11,"0,41000000",2025-02-07,2025-02-14,Rendimento,"1,40"
FATN11,"0,80000000",2025-02-06,2025-02-14,Rendimento,"1,04"
GTWR11,"0,83000000",2025-01-31,2025-02-14,Rendimento,"1,19"
HABT11,"1,10000000",2025-01-31,2025-02-14,Rendimento,"1,53"
HCTR11,"0,32000000",2025-02-07,2025-02-14,Rendimento,"1,45"
HFOF11,"0,05600000",2025-01-31,2025-02-14,Rendimento,"0,10"
HGBS11,"0,16000000",2025-01-31,2025-02-14,Rendimento,"0,09"
HGCR11,"1,05000000",2025-01-31,2025-02-14,Rendimento,"1,17"
HGLG11,"1,10000000",2025-01-31,2025-02-14,Rendimento,"0,72"
HGRE11,"0,85000000",2025-01-31,2025-02-14,Rendimento,"0,86"
HGRU11,"0,90000000",2025-01-31,2025-02-14,Rendimento,"0,81"
HSLG11,"0,65000000",2025-01-31,2025-02-14,Rendimento,"0,90"
JSAF11,"0,09100000",2025-01-31,2025-02-14,Rendimento,"1,38"
JSCR11,"0,09500000",2025-01-31,2025-02-14,Rendimento,"1,33"
JSRE11,"0,48000000",2025-01-31,2025-02-14,Rendimento,"0,89"
KFOF11,"0,75000000",2025-01-31,2025-02-14,Rendimento,"1,10"
KISU11,"0,07000000",2025-01-31,2025-02-14,Rendimento,"1,06"
KIVO11,"0,90000000",2025-01-31,2025-02-14,Rendimento,"1,54"
KNRI11,"1,00000000",2025-01-31,2025-02-14,Rendimento,"0,76"
KORE11,"1,25000000",2025-01-31,2025-02-14,Rendimento,"1,67"
MFII11,"1,12000000",2025-01-31,2025-02-14,Rendimento,"1,35"
MXRF11,"0,09000000",2025-01-31,2025-02-14,Rendimento,"0,98"
OUJP11,"0,91000000",2025-01-31,2025-02-14,Rendimento,"1,34"
PMIS11,"0,09000000",2025-01-31,2025-02-14,Rendimento,"1,26"
PMLL11,"0,83000000",2025-01-31,2025-02-14,Rendimento,"0,89"
RBFF11,"0,51000000",2025-01-31,2025-02-14,Rendimento,"1,12"
RBRL11,"0,71000000",2025-02-07,2025-02-14,Rendimento,"1,16"
RBRP11,"0,41000000",2025-02-07,2025-02-14,Rendimento,"0,98"
RBRR11,"0,90000000",2025-02-07,2025-02-14,Rendimento,"1,18"
RBVA11,"0,09000000",2025-01-31,2025-02-14,Rendimento,"0,11"
RCRB11,"0,85000000",2025-02-06,2025-02-14,Rendimento,"0,73"
RECR11,"1,02710000",2025-02-07,2025-02-14,Rendimento,"1,42"
SARE11,"0,02300000",2025-01-31,2025-02-14,Rendimento,"0,62"
SPXS11,"0,10000000",2025-02-07,2025-02-14,Rendimento,"1,29"
TEPP11,"0,80000000",2025-01-31,2025-02-14,Rendimento,"1,06"
TGAR11,"1,00000000",2025-01-31,2025-02-14,Rendimento,"1,23"
TRBL11,"0,62000000",2025-01-31,2025-02-14,Rendimento,"1,00"
TRXF11,"0,93000000",2025-01-31,2025-02-14,Rendimento,"0,93"
TVRI11,"1,03000000",2025-01-31,2025-02-14,Rendimento,"1,22"
URPR11,"0,81000000",2025-01-31,2025-02-14,Rendimento,"1,38"
VILG11,"0,65000000",2025-01-31,2025-02-14,Rendimento,"0,90"
VINO11,"0,05000000",2025-01-31,2025-02-14,Rendimento,"1,05"
VISC11,"0,80000000",2025-01-31,2025-02-14,Rendimento,"0,83"
VRTA11,"0,85000000",2025-01-31,2025-02-14,Rendimento,"1,09"
VRTM11,"0,09000000",2025-01-31,2025-02-14,Rendimento,"1,41"
WHGR11,"0,10000000",2025-01-31,2025-02-14,Rendimento,"1,23"
XPCI11,"0,83000000",2025-01-31,2025-02-14,Rendimento,"1,15"
XPLG11,"0,82000000",2025-01-31,2025-02-14,Rendimento,"0,90"
XPSF11,"0,06000000",2025-01-31,2025-02-14,Rendimento,"1,04"
CCME11,"0,08000000",2025-02-10,2025-02-17,Rendimento,"1,05"
CLIN11,"1,00000000",2025-02-10,2025-02-17,Rendimento,"1,29"
CVBI11,"1,05000000",2025-02-10,2025-02-17,Rendimento,"1,36"
RVBI11,"0,70000000",2025-02-10,2025-02-17,Rendimento,"1,21"
IRDM11,"0,75000000",2025-02-11,2025-02-18,Rendimento,"1,20"
RBRF11,"0,06000000",2025-02-11,2025-02-18,Rendimento,"0,94"
RBRY11,"1,05000000",2025-02-11,2025-02-18,Rendimento,"1,24"
CPTS11,"0,07500000",2025-02-12,2025-02-19,Rendimento,"1,19"
MCCI11,"0,90000000",2025-02-12,2025-02-19,Rendimento,"1,19"
VGIP11,"0,83000000",2025-02-12,2025-02-19,Rendimento,"1,08"
VGIR11,"0,11000000",2025-02-12,2025-02-19,Rendimento,"1,20"
TOPP11,"0,84000000",2025-02-13,2025-02-20,Rendimento,"1,23"
AFHI11,"0,97000000",2025-02-14,2025-02-21,Rendimento,"1,10"
AJFI11,"0,07000000",2025-02-07,2025-02-21,Rendimento,"1,02"
MANA11,"0,10000000",2025-01-31,2025-02-21,Rendimento,"1,27"
RBRX11,"0,08000000",2025-02-14,2025-02-21,Rendimento,"1,10"
RZAK11,"1,20000000",2025-02-14,2025-02-21,Rendimento,"1,55"
RZAT11,"1,00000000",2025-02-14,2025-02-21,Rendimento,"1,25"
MCRE11,"0,11000000",2025-02-17,2025-02-24,Rendimento,"1,39"
ALZR11,"0,08055000",2025-02-18,2025-02-25,Rendimento,"0,08"
BPML11,"1,07000000",2025-02-18,2025-02-25,Rendimento,"1,50"
BROF11,"0,57000000",2025-02-18,2025-02-25,Rendimento,"1,14"
BTLG11,"0,78000000",2025-02-14,2025-02-25,Rendimento,"0,82"
CPSH11,"0,10000000",2025-02-18,2025-02-25,Rendimento,"1,12"
SNCI11,"1,00000000",2025-02-14,2025-02-25,Rendimento,"1,19"
SNEL11,"0,10000000",2025-02-14,2025-02-25,Rendimento,"1,13"
SNFF11,"0,72000000",2025-02-14,2025-02-25,Rendimento,"1,05"
XPML11,"0,92000000",2025-02-18,2025-02-25,Rendimento,"0,93"
BTAL11,"0,84000000",2025-02-19,2025-02-26,Rendimento,"1,19"
BCIA11,"0,84000000",2025-01-31,2025-02-28,Rendimento,"1,07"
GZIT11,"0,78000000",2025-02-21,2025-02-28,Rendimento,"1,79"
ARRI11,"0,09000000",2025-02-28,2025-03-11,Rendimento,"1,13"
GARE11,"0,08300000",2025-02-28,2025-03-11,Rendimento,"1,04"
HSAF11,"0,95000000",2025-02-28,2025-03-11,Rendimento,"1,20"
HSML11,"0,65000000",2025-02-28,2025-03-11,Rendimento,"0,84"
HTMX11,"0,98170000",2025-02-28,2025-03-11,Rendimento,"0,66"
LIFE11,"0,12000000",2025-02-28,2025-03-11,Rendimento,"1,40"
LVBI11,"0,83000000",2025-02-28,2025-03-11,Rendimento,"0,85"
PORD11,"0,09000000",2025-02-28,2025-03-11,Rendimento,"1,16"
PVBI11,"0,50000000",2025-02-28,2025-03-11,Rendimento,"0,65"
RZTR11,"1,05000000",2025-02-28,2025-03-11,Rendimento,"1,23"
VGHF11,"0,09000000",2025-02-28,2025-03-11,Rendimento,"1,23"
VGRI11,"0,15000000",2025-02-28,2025-03-11,Rendimento,"2,12"
AIEC11,"0,32000000",2025-02-28,2025-03-12,Rendimento,"0,73"
CACR11,"1,31000000",2025-02-28,2025-03-12,Rendimento,"1,45"
GGRC11,"0,10000000",2025-03-05,2025-03-12,Rendimento,"1,05"
HABT11,"1,08000000",2025-02-28,2025-03-12,Rendimento,"1,40"
PATL11,"0,57000000",2025-02-28,2025-03-12,Rendimento,"1,26"
BBIG11,"0,08000000",2025-02-28,2025-03-14,Rendimento,"1,18"
BCRI11,"0,77000000",2025-02-28,2025-03-14,Rendimento,"1,23"
ICRI11,"1,00000000",2025-02-28,2025-03-14,Rendimento,"1,13"
ITRI11,"0,72000000",2025-02-28,2025-03-14,Rendimento,"1,00"
KNHF11,"0,90000000",2025-02-28,2025-03-14,Rendimento,"1,05"
KNUQ11,"1,22000000",2025-02-28,2025-03-14,Rendimento,"1,19"
RBFF11,"0,51000000",2025-02-28,2025-03-14,Rendimento,"1,09"
RBVA11,"0,09000000",2025-02-28,2025-03-14,Rendimento,"0,12"
RCRB11,"0,85000000",2025-03-06,2025-03-14,Rendimento,"0,71"
VRTA11,"0,85000000",2025-02-28,2025-03-14,Rendimento,"1,08"
VRTM11,"0,09000000",2025-02-28,2025-03-14,Rendimento,"1,35"
KCRE11,"0,10000000",2025-02-28,2025-03-17,Rendimento,"1,17"
KNCR11,"1,07000000",2025-02-28,2025-03-17,Rendimento,"1,04"
KNHY11,"1,10000000",2025-02-28,2025-03-17,Rendimento,"1,11"
KNIP11,"0,90000000",2025-02-28,2025-03-17,Rendimento,"1,03"
KNSC11,"0,09000000",2025-02-28,2025-03-17,Rendimento,"1,05"
VCJR11,"0,95000000",2025-02-28,2025-03-17,Rendimento,"1,19"
AZPL11,"0,09000000",2025-02-28,2025-03-18,Rendimento,"1,42"
BLMG11,"0,35000000",2025-03-11,2025-03-18,Rendimento,"1,21"
BRCO11,"0,87000000",2025-02-28,2025-03-18,Rendimento,"0,86"
BRCR11,"0,45000000",2025-03-11,2025-03-18,Rendimento,"1,12"
BTCI11,"0,09300000",2025-03-11,2025-03-18,Rendimento,"1,08"
BTHF11,"0,09200000",2025-03-11,2025-03-18,Rendimento,"1,22"
CYCR11,"0,10000000",2025-02-28,2025-03-18,Rendimento,"1,17"
DEVA11,"0,43000000",2025-03-11,2025-03-18,Rendimento,"1,48"
FATN11,"0,80000000",2025-03-10,2025-03-18,Rendimento,"1,06"
GTWR11,"0,83000000",2025-02-28,2025-03-18,Rendimento,"1,23"
HCTR11,"0,32000000",2025-03-11,2025-03-18,Rendimento,"1,55"
HFOF11,"0,05600000",2025-02-28,2025-03-18,Rendimento,"0,10"
HGBS11,"0,16000000",2025-02-28,2025-03-18,Rendimento,"0,09"
HGCR11,"1,05000000",2025-02-28,2025-03-18,Rendimento,"1,09"
HGLG11,"1,10000000",2025-02-28,2025-03-18,Rendimento,"0,73"
HGRE11,"0,85000000",2025-02-28,2025-03-18,Rendimento,"0,84"
HGRU11,"0,90000000",2025-02-28,2025-03-18,Rendimento,"0,78"
HSLG11,"0,65000000",2025-02-28,2025-03-18,Rendimento,"0,90"
JSAF11,"0,09100000",2025-02-28,2025-03-18,Rendimento,"1,28"
JSCR11,"0,09500000",2025-02-28,2025-03-18,Rendimento,"1,26"
JSRE11,"0,48000000",2025-02-28,2025-03-18,Rendimento,"0,85"
KFOF11,"0,75000000",2025-02-28,2025-03-18,Rendimento,"1,04"
KISU11,"0,07000000",2025-02-28,2025-03-18,Rendimento,"0,99"
KIVO11,"0,90000000",2025-02-28,2025-03-18,Rendimento,"1,48"
KNRI11,"1,00000000",2025-02-28,2025-03-18,Rendimento,"0,75"
KORE11,"1,25000000",2025-02-28,2025-03-18,Rendimento,"1,62"
MFII11,"1,11000000",2025-02-28,2025-03-18,Rendimento,"1,33"
MXRF11,"0,09000000",2025-02-28,2025-03-18,Rendimento,"0,99"
OUJP11,"0,93000000",2025-02-28,2025-03-18,Rendimento,"1,30"
PMIS11,"0,09000000",2025-02-28,2025-03-18,Rendimento,"1,16"
PMLL11,"0,85000000",2025-02-28,2025-03-18,Rendimento,"0,89"
RBRL11,"0,75000000",2025-03-11,2025-03-18,Rendimento,"1,13"
RBRP11,"0,41000000",2025-03-11,2025-03-18,Rendimento,"0,99"
RECR11,"0,94690000",2025-03-11,2025-03-18,Rendimento,"1,25"
SARE11,"0,02600000",2025-02-28,2025-03-18,Rendimento,"0,68"
SPXS11,"0,09100000",2025-03-11,2025-03-18,Rendimento,"1,08"
TEPP11,"0,95000000",2025-02-28,2025-03-18,Rendimento,"1,18"
TGAR11,"1,00000000",2025-02-28,2025-03-18,Rendimento,"1,24"
TRBL11,"0,62000000",2025-02-28,2025-03-18,Rendimento,"1,00"
TRXF11,"0,93000000",2025-02-28,2025-03-18,Rendimento,"0,91"
TVRI11,"1,03000000",2025-02-28,2025-03-18,Rendimento,"1,18"
URPR11,"0,82000000",2025-02-28,2025-03-18,Rendimento,"1,52"
VILG11,"0,66000000",2025-02-28,2025-03-18,Rendimento,"0,85"
VINO11,"0,05000000",2025-02-28,2025-03-18,Rendimento,"1,04"
VISC11,"0,80000000",2025-02-28,2025-03-18,Rendimento,"0,81"
WHGR11,"0,10000000",2025-02-28,2025-03-18,Rendimento,"1,16"
XPCI11,"0,84000000",2025-02-28,2025-03-18,Rendimento,"1,12"
XPLG11,"0,82000000",2025-02-28,2025-03-18,Rendimento,"0,89"
XPSF11,"0,06000000",2025-02-28,2025-03-18,Rendimento,"1,02"
CCME11,"0,08000000",2025-03-12,2025-03-19,Rendimento,"0,96"
CLIN11,"1,01000000",2025-03-12,2025-03-19,Rendimento,"1,19"
CVBI11,"1,05000000",2025-03-13,2025-03-19,Rendimento,"1,23"
RVBI11,"0,70000000",2025-03-12,2025-03-19,Rendimento,"1,13"
IRDM11,"0,80000000",2025-03-13,2025-03-20,Rendimento,"1,19"
RBRF11,"0,06000000",2025-03-13,2025-03-20,Rendimento,"0,92"
RBRR11,"0,95000000",2025-03-13,2025-03-20,Rendimento,"1,14"
RBRY11,"1,05000000",2025-03-13,2025-03-20,Rendimento,"1,16"
CPTS11,"0,08000000",2025-03-14,2025-03-21,Rendimento,"1,14"
MCCI11,"0,90000000",2025-03-14,2025-03-21,Rendimento,"1,08"
VGIP11,"0,91000000",2025-03-14,2025-03-21,Rendimento,"1,12"
VGIR11,"0,11000000",2025-03-14,2025-03-21,Rendimento,"1,17"
TOPP11,"0,84000000",2025-03-17,2025-03-24,Rendimento,"1,19"
AFHI11,"0,98000000",2025-03-18,2025-03-25,Rendimento,"1,04"
AJFI11,"0,07000000",2025-03-11,2025-03-25,Rendimento,"1,01"
ALZR11,"0,08055000",2025-03-18,2025-03-25,Rendimento,"0,08"
BPML11,"1,07000000",2025-03-18,2025-03-25,Rendimento,"1,34"
BTLG11,"0,78000000",2025-03-14,2025-03-25,Rendimento,"0,81"
MANA11,"0,10000000",2025-02-28,2025-03-25,Rendimento,"1,22"
RBRX11,"0,08000000",2025-03-18,2025-03-25,Rendimento,"1,01"
RZAK11,"1,30000000",2025-03-18,2025-03-25,Rendimento,"1,59"
RZAT11,"1,10000000",2025-03-18,2025-03-25,Rendimento,"1,27"
SNCI11,"1,00000000",2025-03-14,2025-03-25,Rendimento,"1,13"
SNEL11,"0,10000000",2025-03-14,2025-03-25,Rendimento,"1,13"
SNFF11,"0,72000000",2025-03-14,2025-03-25,Rendimento,"0,97"
XPML11,"0,92000000",2025-03-18,2025-03-25,Rendimento,"0,94"
MCRE11,"0,11000000",2025-03-19,2025-03-26,Rendimento,"1,26"
BROF11,"0,57000000",2025-03-20,2025-03-27,Rendimento,"1,19"
CPSH11,"0,10000000",2025-03-20,2025-03-27,Rendimento,"1,10"
BTAL11,"0,84000000",2025-03-21,2025-03-28,Rendimento,"1,13"
BCIA11,"0,84000000",2025-02-28,2025-03-31,Rendimento,"1,00"
GZIT11,"0,78000000",2025-03-24,2025-03-31,Rendimento,"1,61"
ARRI11,"0,09000000",2025-03-31,2025-04-07,Rendimento,"1,18"
GARE11,"0,08300000",2025-03-31,2025-04-07,Rendimento,"0,96"
HSAF11,"0,95000000",2025-03-31,2025-04-07,Rendimento,"1,20"
HSML11,"0,65000000",2025-03-31,2025-04-07,Rendimento,"0,77"
HTMX11,"0,79821137",2025-03-31,2025-04-07,Rendimento,"0,56"
LIFE11,"0,12000000",2025-03-31,2025-04-07,Rendimento,"1,33"
LVBI11,"0,75000000",2025-03-31,2025-04-07,Rendimento,"0,72"
PORD11,"0,08800000",2025-03-31,2025-04-07,Rendimento,"1,10"
PVBI11,"0,50000000",2025-03-31,2025-04-07,Rendimento,"0,64"
RZTR11,"1,05000000",2025-03-31,2025-04-07,Rendimento,"1,17"
VGHF11,"0,09000000",2025-03-31,2025-04-07,Rendimento,"1,16"
VGRI11,"0,12000000",2025-03-31,2025-04-07,Rendimento,"1,47"
AIEC11,"0,32000000",2025-03-31,2025-04-08,Rendimento,"0,69"
CACR11,"1,33000000",2025-03-31,2025-04-08,Rendimento,"1,36"
GGRC11,"0,10000000",2025-04-01,2025-04-08,Rendimento,"1,01"
PATL11,"0,57000000",2025-03-31,2025-04-08,Rendimento,"1,19"
ICRI11,"1,15000000",2025-03-31,2025-04-10,Rendimento,"1,24"
ITRI11,"0,75000000",2025-03-31,2025-04-10,Rendimento,"0,99"
KNHF11,"0,90000000",2025-03-31,2025-04-10,Rendimento,"1,02"
KNUQ11,"1,18000000",2025-03-31,2025-04-10,Rendimento,"1,14"
HABT11,"1,00000000",2025-03-31,2025-04-11,Rendimento,"1,21"
KCRE11,"0,10000000",2025-03-31,2025-04-11,Rendimento,"1,14"
KNCR11,"1,04000000",2025-03-31,2025-04-11,Rendimento,"1,00"
KNHY11,"1,23000000",2025-03-31,2025-04-11,Rendimento,"1,22"
KNIP11,"1,10000000",2025-03-31,2025-04-11,Rendimento,"1,22"
KNSC11,"0,10000000",2025-03-31,2025-04-11,Rendimento,"1,16"
VCJR11,"1,10000000",2025-03-31,2025-04-11,Rendimento,"1,32"
AZPL11,"0,09000000",2025-03-31,2025-04-14,Rendimento,"1,23"
BLMG11,"0,35000000",2025-04-07,2025-04-14,Rendimento,"1,12"
BRCO11,"0,87000000",2025-03-31,2025-04-14,Rendimento,"0,82"
BRCR11,"0,45000000",2025-04-07,2025-04-14,Rendimento,"1,11"
BTCI11,"0,09400000",2025-04-07,2025-04-14,Rendimento,"1,07"
BTHF11,"0,09200000",2025-04-07,2025-04-14,Rendimento,"1,21"
CYCR11,"0,10600000",2025-03-31,2025-04-14,Rendimento,"1,22"
DEVA11,"0,41000000",2025-04-07,2025-04-14,Rendimento,"1,35"
FATN11,"0,80000000",2025-04-04,2025-04-14,Rendimento,"1,06"
GTWR11,"0,83000000",2025-03-31,2025-04-14,Rendimento,"1,18"
HCTR11,"0,30000000",2025-04-07,2025-04-14,Rendimento,"1,44"
HFOF11,"0,05600000",2025-03-31,2025-04-14,Rendimento,"0,10"
HGBS11,"0,16000000",2025-03-31,2025-04-14,Rendimento,"0,08"
HGCR11,"1,05000000",2025-03-31,2025-04-14,Rendimento,"1,09"
HGLG11,"1,10000000",2025-03-31,2025-04-14,Rendimento,"0,72"
HGRE11,"0,85000000",2025-03-31,2025-04-14,Rendimento,"0,76"
HGRU11,"0,90000000",2025-03-31,2025-04-14,Rendimento,"0,75"
HSLG11,"0,65000000",2025-03-31,2025-04-14,Rendimento,"0,78"
JSAF11,"0,09100000",2025-03-31,2025-04-14,Rendimento,"1,18"
JSCR11,"0,09500000",2025-03-31,2025-04-14,Rendimento,"1,14"
JSRE11,"0,48000000",2025-03-31,2025-04-14,Rendimento,"0,80"
KFOF11,"0,75000000",2025-03-31,2025-04-14,Rendimento,"1,00"
KISU11,"0,07000000",2025-03-31,2025-04-14,Rendimento,"0,98"
KIVO11,"0,90000000",2025-03-31,2025-04-14,Rendimento,"1,31"
KNRI11,"1,00000000",2025-03-31,2025-04-14,Rendimento,"0,74"
KORE11,"1,25000000",2025-03-31,2025-04-14,Rendimento,"1,47"
MFII11,"1,11000000",2025-03-31,2025-04-14,Rendimento,"1,34"
MXRF11,"0,09000000",2025-03-31,2025-04-14,Rendimento,"0,98"
OUJP11,"0,95000000",2025-03-31,2025-04-14,Rendimento,"1,19"
PMIS11,"0,09000000",2025-03-31,2025-04-14,Rendimento,"1,14"
PMLL11,"0,85000000",2025-03-31,2025-04-14,Rendimento,"0,84"
RBRL11,"0,76000000",2025-04-07,2025-04-14,Rendimento,"1,03"
RBRP11,"0,40000000",2025-04-07,2025-04-14,Rendimento,"0,89"
RECR11,"1,15040000",2025-04-07,2025-04-14,Rendimento,"1,41"
SARE11,"0,02600000",2025-03-31,2025-04-14,Rendimento,"0,57"
SPXS11,"0,09500000",2025-04-07,2025-04-14,Rendimento,"1,13"
TEPP11,"0,95000000",2025-03-31,2025-04-14,Rendimento,"1,14"
TGAR11,"1,00000000",2025-03-31,2025-04-14,Rendimento,"1,09"
TRBL11,"0,58000000",2025-03-31,2025-04-14,Rendimento,"0,92"
TRXF11,"0,93000000",2025-03-31,2025-04-14,Rendimento,"0,93"
TVRI11,"1,03000000",2025-03-31,2025-04-14,Rendimento,"1,15"
URPR11,"0,80000000",2025-03-31,2025-04-14,Rendimento,"1,31"
VILG11,"0,67000000",2025-03-31,2025-04-14,Rendimento,"0,81"
VINO11,"0,05000000",2025-03-31,2025-04-14,Rendimento,"0,95"
VISC11,"0,80000000",2025-03-31,2025-04-14,Rendimento,"0,78"
WHGR11,"0,10000000",2025-03-31,2025-04-14,Rendimento,"1,14"
XPCI11,"0,85000000",2025-03-31,2025-04-14,Rendimento,"1,05"
XPLG11,"0,82000000",2025-03-31,2025-04-14,Rendimento,"0,84"
XPSF11,"0,06000000",2025-03-31,2025-04-14,Rendimento,"1,00"
BBIG11,"0,08000000",2025-03-31,2025-04-15,Rendimento,"1,15"
BCRI11,"0,76000000",2025-03-31,2025-04-15,Rendimento,"1,13"
CCME11,"0,08400000",2025-04-08,2025-04-15,Rendimento,"0,97"
CLIN11,"1,10000000",2025-04-08,2025-04-15,Rendimento,"1,28"
CVBI11,"1,05000000",2025-04-08,2025-04-15,Rendimento,"1,27"
RBFF11,"0,51000000",2025-03-31,2025-04-15,Rendimento,"0,98"
RBVA11,"0,09000000",2025-03-31,2025-04-15,Rendimento,"0,11"
RCRB11,"0,88000000",2025-04-07,2025-04-15,Rendimento,"0,72"
RVBI11,"0,70000000",2025-04-08,2025-04-15,Rendimento,"1,12"
VRTA11,"0,85000000",2025-03-31,2025-04-15,Rendimento,"1,02"
VRTM11,"0,09000000",2025-03-31,2025-04-15,Rendimento,"1,29"
IRDM11,"0,72000000",2025-04-09,2025-04-16,Rendimento,"1,05"
RBRF11,"0,06000000",2025-04-09,2025-04-16,Rendimento,"0,93"
RBRR11,"0,95000000",2025-04-09,2025-04-16,Rendimento,"1,15"
RBRY11,"1,05000000",2025-04-09,2025-04-16,Rendimento,"1,14"
AJFI11,"0,07000000",2025-04-07,2025-04-17,Rendimento,"0,96"
CPTS11,"0,08200000",2025-04-10,2025-04-17,Rendimento,"1,14"
MCCI11,"0,90000000",2025-04-10,2025-04-17,Rendimento,"1,08"
VGIP11,"0,72000000",2025-04-10,2025-04-17,Rendimento,"0,93"
VGIR11,"0,12000000",2025-04-10,2025-04-17,Rendimento,"1,26"
TOPP11,"0,84000000",2025-04-11,2025-04-22,Rendimento,"1,18"
AFHI11,"0,99000000",2025-04-14,2025-04-23,Rendimento,"1,07"
MANA11,"0,11000000",2025-03-31,2025-04-23,Rendimento,"1,30"
RZAK11,"1,15000000",2025-04-14,2025-04-23,Rendimento,"1,39"
RZAT11,"1,10000000",2025-04-14,2025-04-23,Rendimento,"1,22"
MCRE11,"0,11000000",2025-04-15,2025-04-24,Rendimento,"1,27"
RBRX11,"0,08000000",2025-04-14,2025-04-24,Rendimento,"1,00"
ALZR11,"0,08155000",2025-04-16,2025-04-25,Rendimento,"0,08"
BPML11,"1,07000000",2025-04-16,2025-04-25,Rendimento,"1,34"
BROF11,"0,59000000",2025-04-16,2025-04-25,Rendimento,"1,22"
BTLG11,"0,78000000",2025-04-15,2025-04-25,Rendimento,"0,79"
CPSH11,"0,10000000",2025-04-16,2025-04-25,Rendimento,"1,10"
SNCI11,"1,00000000",2025-04-15,2025-04-25,Rendimento,"1,12"
SNEL11,"0,10000000",2025-04-15,2025-04-25,Rendimento,"1,15"
SNFF11,"0,72000000",2025-04-15,2025-04-25,Rendimento,"1,04"
XPML11,"0,92000000",2025-04-16,2025-04-25,Rendimento,"0,88"
BTAL11,"0,84000000",2025-04-17,2025-04-28,Rendimento,"1,11"
BCIA11,"0,84000000",2025-03-31,2025-04-30,Rendimento,"1,02"
GZIT11,"0,78000000",2025-04-23,2025-04-30,Rendimento,"1,58"
ARRI11,"0,09000000",2025-04-30,2025-05-08,Rendimento,"1,20"
GARE11,"0,08300000",2025-04-30,2025-05-08,Rendimento,"0,93"
HSAF11,"0,95000000",2025-04-30,2025-05-08,Rendimento,"1,19"
HSML11,"0,65000000",2025-04-30,2025-05-08,Rendimento,"0,76"
HTMX11,"0,80000000",2025-04-30,2025-05-08,Rendimento,"0,56"
LIFE11,"0,12000000",2025-04-30,2025-05-08,Rendimento,"1,35"
LVBI11,"0,75000000",2025-04-30,2025-05-08,Rendimento,"0,73"
PORD11,"0,09200000",2025-04-30,2025-05-08,Rendimento,"1,08"
PVBI11,"0,50000000",2025-04-30,2025-05-08,Rendimento,"0,62"
RZTR11,"1,05000000",2025-04-30,2025-05-08,Rendimento,"1,15"
VGHF11,"0,09000000",2025-04-30,2025-05-08,Rendimento,"1,16"
VGRI11,"0,12000000",2025-04-30,2025-05-08,Rendimento,"1,49"
AIEC11,"0,32000000",2025-04-30,2025-05-09,Rendimento,"0,69"
CACR11,"1,37000000",2025-04-30,2025-05-09,Rendimento,"1,41"
GGRC11,"0,10000000",2025-05-02,2025-05-09,Rendimento,"0,99"
PATL11,"0,57000000",2025-04-30,2025-05-09,Rendimento,"1,17"
HABT11,"1,15000000",2025-04-30,2025-05-12,Rendimento,"1,37"
ICRI11,"1,10000000",2025-04-30,2025-05-13,Rendimento,"1,15"
ITRI11,"0,80000000",2025-04-30,2025-05-13,Rendimento,"0,98"
KNHF11,"0,95000000",2025-04-30,2025-05-13,Rendimento,"1,04"
KNUQ11,"1,30000000",2025-04-30,2025-05-13,Rendimento,"1,26"
KCRE11,"0,11000000",2025-04-30,2025-05-14,Rendimento,"1,25"
KNCR11,"1,16000000",2025-04-30,2025-05-14,Rendimento,"1,12"
KNHY11,"1,40000000",2025-04-30,2025-05-14,Rendimento,"1,38"
KNIP11,"1,25000000",2025-04-30,2025-05-14,Rendimento,"1,37"
KNSC11,"0,11000000",2025-04-30,2025-05-14,Rendimento,"1,27"
VCJR11,"1,50000000",2025-04-30,2025-05-14,Rendimento,"1,74"
AZPL11,"0,09000000",2025-04-30,2025-05-15,Rendimento,"1,23"
BBIG11,"0,08300000",2025-04-30,2025-05-15,Rendimento,"1,16"
BCRI11,"0,81000000",2025-04-30,2025-05-15,Rendimento,"1,18"
BLMG11,"0,35000000",2025-05-08,2025-05-15,Rendimento,"1,06"
BRCO11,"0,87000000",2025-04-30,2025-05-15,Rendimento,"0,77"
BRCR11,"0,45000000",2025-05-08,2025-05-15,Rendimento,"1,05"
BTCI11,"0,09600000",2025-05-08,2025-05-15,Rendimento,"1,04"
BTHF11,"0,09200000",2025-05-08,2025-05-15,Rendimento,"1,08"
CYCR11,"0,11000000",2025-04-30,2025-05-15,Rendimento,"1,25"
DEVA11,"0,46000000",2025-05-08,2025-05-15,Rendimento,"1,52"
FATN11,"0,80000000",2025-05-07,2025-05-15,Rendimento,"1,02"
GTWR11,"0,83000000",2025-04-30,2025-05-15,Rendimento,"1,17"
HCTR11,"0,32000000",2025-05-08,2025-05-15,Rendimento,"1,44"
HFOF11,"0,05600000",2025-04-30,2025-05-15,Rendimento,"0,09"
HGBS11,"0,16000000",2025-04-30,2025-05-15,Rendimento,"0,08"
HGCR11,"1,05000000",2025-04-30,2025-05-15,Rendimento,"1,09"
HGLG11,"1,10000000",2025-04-30,2025-05-15,Rendimento,"0,68"
HGRE11,"0,85000000",2025-04-30,2025-05-15,Rendimento,"0,72"
HGRU11,"0,90000000",2025-04-30,2025-05-15,Rendimento,"0,72"
HSLG11,"0,65000000",2025-04-30,2025-05-15,Rendimento,"0,78"
JSAF11,"0,09100000",2025-04-30,2025-05-15,Rendimento,"1,14"
JSCR11,"0,09500000",2025-04-30,2025-05-15,Rendimento,"1,15"
JSRE11,"0,48000000",2025-04-30,2025-05-15,Rendimento,"0,75"
KFOF11,"0,75000000",2025-04-30,2025-05-15,Rendimento,"0,91"
KISU11,"0,07000000",2025-04-30,2025-05-15,Rendimento,"0,98"
KIVO11,"1,00000000",2025-04-30,2025-05-15,Rendimento,"1,49"
KNRI11,"1,00000000",2025-04-30,2025-05-15,Rendimento,"0,67"
KORE11,"1,25000000",2025-04-30,2025-05-15,Rendimento,"1,45"
MFII11,"1,10000000",2025-04-30,2025-05-15,Rendimento,"1,26"
MXRF11,"0,10000000",2025-04-30,2025-05-15,Rendimento,"1,07"
OUJP11,"1,05000000",2025-04-30,2025-05-15,Rendimento,"1,33"
PMIS11,"0,09000000",2025-04-30,2025-05-15,Rendimento,"1,15"
PMLL11,"0,85000000",2025-04-30,2025-05-15,Rendimento,"0,83"
RBFF11,"0,51000000",2025-04-30,2025-05-15,Rendimento,"1,00"
RBRL11,"0,76000000",2025-05-08,2025-05-15,Rendimento,"0,96"
RBRP11,"0,40000000",2025-05-08,2025-05-15,Rendimento,"0,80"
RBVA11,"0,09000000",2025-04-30,2025-05-15,Rendimento,"0,10"
RCRB11,"0,88000000",2025-05-07,2025-05-15,Rendimento,"0,70"
RECR11,"1,36080000",2025-05-08,2025-05-15,Rendimento,"1,61"
SARE11,"0,02600000",2025-04-30,2025-05-15,Rendimento,"0,55"
SPXS11,"0,10000000",2025-05-08,2025-05-15,Rendimento,"1,14"
TEPP11,"0,95000000",2025-04-30,2025-05-15,Rendimento,"1,07"
TGAR11,"1,00000000",2025-04-30,2025-05-15,Rendimento,"1,11"
TRBL11,"0,58000000",2025-04-30,2025-05-15,Rendimento,"0,89"
TRXF11,"0,93000000",2025-04-30,2025-05-15,Rendimento,"0,89"
TVRI11,"1,03000000",2025-04-30,2025-05-15,Rendimento,"1,15"
URPR11,"0,69000000",2025-04-30,2025-05-15,Rendimento,"1,27"
VILG11,"0,68000000",2025-04-30,2025-05-15,Rendimento,"0,77"
VINO11,"0,05000000",2025-04-30,2025-05-15,Rendimento,"0,96"
VISC11,"0,80000000",2025-04-30,2025-05-15,Rendimento,"0,75"
VRTA11,"0,85000000",2025-04-30,2025-05-15,Rendimento,"1,01"
VRTM11,"0,09000000",2025-04-30,2025-05-15,Rendimento,"1,24"
WHGR11,"0,10000000",2025-04-30,2025-05-15,Rendimento,"1,15"
XPCI11,"0,90000000",2025-04-30,2025-05-15,Rendimento,"1,12"
XPLG11,"0,82000000",2025-04-30,2025-05-15,Rendimento,"0,81"
XPSF11,"0,06000000",2025-04-30,2025-05-15,Rendimento,"0,94"
CCME11,"0,08400000",2025-05-09,2025-05-16,Rendimento,"0,92"
CLIN11,"1,15000000",2025-05-09,2025-05-16,Rendimento,"1,27"
CVBI11,"1,05000000",2025-05-09,2025-05-16,Rendimento,"1,22"
RVBI11,"0,70000000",2025-05-09,2025-05-16,Rendimento,"1,04"
IRDM11,"0,83000000",2025-05-12,2025-05-19,Rendimento,"1,19"
RBRF11,"0,06000000",2025-05-12,2025-05-19,Rendimento,"0,85"
RBRR11,"1,00000000",2025-05-12,2025-05-19,Rendimento,"1,17"
RBRY11,"1,10000000",2025-05-12,2025-05-19,Rendimento,"1,16"
CPTS11,"0,08500000",2025-05-13,2025-05-20,Rendimento,"1,13"
MCCI11,"0,90000000",2025-05-13,2025-05-20,Rendimento,"1,06"
VGIP11,"1,13000000",2025-05-13,2025-05-20,Rendimento,"1,34"
VGIR11,"0,12000000",2025-05-13,2025-05-20,Rendimento,"1,23"
TOPP11,"0,84000000",2025-05-14,2025-05-21,Rendimento,"1,12"
AFHI11,"1,00000000",2025-05-15,2025-05-22,Rendimento,"1,07"
AJFI11,"0,07000000",2025-05-08,2025-05-22,Rendimento,"0,96"
MANA11,"0,11000000",2025-04-30,2025-05-22,Rendimento,"1,24"
RZAK11,"1,05000000",2025-05-15,2025-05-22,Rendimento,"1,29"
RZAT11,"1,15000000",2025-05-15,2025-05-22,Rendimento,"1,26"
ALZR11,"0,08155000",2025-05-16,2025-05-23,Rendimento,"0,80"
BPML11,"1,07000000",2025-05-16,2025-05-23,Rendimento,"1,34"
BTLG11,"0,78000000",2025-05-15,2025-05-23,Rendimento,"0,77"
MCRE11,"0,11000000",2025-05-16,2025-05-23,Rendimento,"1,22"
RBRX11,"0,09000000",2025-05-15,2025-05-23,Rendimento,"1,10"
SNCI11,"1,00000000",2025-05-15,2025-05-23,Rendimento,"1,08"
SNEL11,"0,10000000",2025-05-15,2025-05-23,Rendimento,"1,16"
SNFF11,"0,72000000",2025-05-15,2025-05-23,Rendimento,"0,97"
XPML11,"0,92000000",2025-05-19,2025-05-23,Rendimento,"0,87"
BROF11,"0,60000000",2025-05-19,2025-05-26,Rendimento,"1,19"
CPSH11,"0,10000000",2025-05-19,2025-05-26,Rendimento,"1,03"
BTAL11,"0,90000000",2025-05-20,2025-05-27,Rendimento,"1,14"
BCIA11,"0,84000000",2025-04-30,2025-05-29,Rendimento,"0,95"
GZIT11,"0,78000000",2025-05-23,2025-05-30,Rendimento,"1,61"
ARRI11,"0,09000000",2025-05-30,2025-06-06,Rendimento,"1,22"
GARE11,"0,08300000",2025-05-30,2025-06-06,Rendimento,"0,94"
HSAF11,"0,95000000",2025-05-30,2025-06-06,Rendimento,"1,15"
HSML11,"0,65000000",2025-05-30,2025-06-06,Rendimento,"0,76"
HTMX11,"1,54000000",2025-05-30,2025-06-06,Rendimento,"1,08"
LIFE11,"0,12000000",2025-05-30,2025-06-06,Rendimento,"1,36"
LVBI11,"0,75000000",2025-05-30,2025-06-06,Rendimento,"0,74"
PORD11,"0,09300000",2025-05-30,2025-06-06,Rendimento,"1,10"
PVBI11,"0,50000000",2025-05-30,2025-06-06,Rendimento,"0,63"
RZTR11,"1,05000000",2025-05-30,2025-06-06,Rendimento,"1,12"
VGHF11,"0,09000000",2025-05-30,2025-06-06,Rendimento,"1,16"
VGRI11,"0,12000000",2025-05-30,2025-06-06,Rendimento,"1,46"
AIEC11,"0,32000000",2025-05-30,2025-06-09,Rendimento,"0,70"
CACR11,"1,41000000",2025-05-30,2025-06-09,Rendimento,"1,44"
GGRC11,"0,10000000",2025-06-02,2025-06-09,Rendimento,"0,99"
PATL11,"0,57000000",2025-05-30,2025-06-09,Rendimento,"1,14"
ICRI11,"1,05000000",2025-05-30,2025-06-11,Rendimento,"1,06"
ITRI11,"0,82000000",2025-05-30,2025-06-11,Rendimento,"0,99"
KNHF11,"1,00000000",2025-05-30,2025-06-11,Rendimento,"1,10"
KNUQ11,"1,35000000",2025-05-30,2025-06-11,Rendimento,"1,29"
HABT11,"1,15000000",2025-05-30,2025-06-12,Rendimento,"1,35"
KCRE11,"0,14000000",2025-05-30,2025-06-12,Rendimento,"1,54"
KNCR11,"1,20000000",2025-05-30,2025-06-12,Rendimento,"1,15"
KNHY11,"1,35000000",2025-05-30,2025-06-12,Rendimento,"1,31"
KNIP11,"1,04000000",2025-05-30,2025-06-12,Rendimento,"1,14"
KNSC11,"0,10000000",2025-05-30,2025-06-12,Rendimento,"1,11"
VCJR11,"1,05000000",2025-05-30,2025-06-12,Rendimento,"1,22"
AZPL11,"0,09000000",2025-05-30,2025-06-13,Rendimento,"1,23"
BBIG11,"0,08000000",2025-05-30,2025-06-13,Rendimento,"1,08"
BCRI11,"0,88000000",2025-05-30,2025-06-13,Rendimento,"1,28"
BLMG11,"0,35000000",2025-06-06,2025-06-13,Rendimento,"0,88"
BRCO11,"0,87000000",2025-05-30,2025-06-13,Rendimento,"0,80"
BRCR11,"0,41000000",2025-06-06,2025-06-13,Rendimento,"0,89"
BTCI11,"0,09800000",2025-06-06,2025-06-13,Rendimento,"1,07"
BTHF11,"0,09200000",2025-06-06,2025-06-13,Rendimento,"1,05"
CYCR11,"0,11500000",2025-05-30,2025-06-13,Rendimento,"1,27"
DEVA11,"0,45000000",2025-06-06,2025-06-13,Rendimento,"1,34"
FATN11,"0,80000000",2025-06-05,2025-06-13,Rendimento,"1,03"
GTWR11,"0,87000000",2025-05-30,2025-06-13,Rendimento,"1,13"
HCTR11,"0,28000000",2025-06-06,2025-06-13,Rendimento,"1,15"
HFOF11,"0,05600000",2025-05-30,2025-06-13,Rendimento,"0,93"
HGBS11,"0,16000000",2025-05-30,2025-06-13,Rendimento,"0,80"
HGCR11,"1,05000000",2025-05-30,2025-06-13,Rendimento,"1,09"
HGLG11,"1,10000000",2025-05-30,2025-06-13,Rendimento,"0,68"
HGRE11,"0,85000000",2025-05-30,2025-06-13,Rendimento,"0,74"
HGRU11,"0,90000000",2025-05-30,2025-06-13,Rendimento,"0,73"
HSLG11,"0,65000000",2025-05-30,2025-06-13,Rendimento,"0,76"
JSAF11,"0,09100000",2025-05-30,2025-06-13,Rendimento,"1,13"
JSCR11,"0,09500000",2025-05-30,2025-06-13,Rendimento,"1,12"
JSRE11,"0,48000000",2025-05-30,2025-06-13,Rendimento,"0,74"
KFOF11,"0,75000000",2025-05-30,2025-06-13,Rendimento,"0,90"
KISU11,"0,07000000",2025-05-30,2025-06-13,Rendimento,"0,98"
KIVO11,"1,00000000",2025-05-30,2025-06-13,Rendimento,"1,47"
KNRI11,"1,00000000",2025-05-30,2025-06-13,Rendimento,"0,68"
KORE11,"1,25000000",2025-05-30,2025-06-13,Rendimento,"1,39"
MFII11,"1,10000000",2025-05-30,2025-06-13,Rendimento,"1,31"
MXRF11,"0,10000000",2025-05-30,2025-06-13,Rendimento,"1,05"
OUJP11,"1,15000000",2025-05-30,2025-06-13,Rendimento,"1,41"
PMIS11,"0,09000000",2025-05-30,2025-06-13,Rendimento,"1,11"
PMLL11,"0,85000000",2025-05-30,2025-06-13,Rendimento,"0,84"
RBFF11,"0,51000000",2025-05-30,2025-06-13,Rendimento,"0,96"
RBRL11,"0,75000000",2025-06-06,2025-06-13,Rendimento,"0,93"
RBRP11,"0,40000000",2025-06-06,2025-06-13,Rendimento,"0,80"
RBVA11,"0,09000000",2025-05-30,2025-06-13,Rendimento,"1,03"
RCRB11,"0,44000000",2025-06-05,2025-06-13,Rendimento,"0,34"
RECR11,"1,05430000",2025-06-06,2025-06-13,Rendimento,"1,24"
SARE11,"0,02600000",2025-05-30,2025-06-13,Rendimento,"0,55"
SPXS11,"0,10100000",2025-06-06,2025-06-13,Rendimento,"1,16"
TEPP11,"0,95000000",2025-05-30,2025-06-13,Rendimento,"1,14"
TGAR11,"1,00000000",2025-05-30,2025-06-13,Rendimento,"1,11"
TRBL11,"0,58000000",2025-05-30,2025-06-13,Rendimento,"0,89"
TRXF11,"0,93000000",2025-05-30,2025-06-13,Rendimento,"0,91"
TVRI11,"1,03000000",2025-05-30,2025-06-13,Rendimento,"1,11"
URPR11,"0,45000000",2025-05-30,2025-06-13,Rendimento,"0,92"
VILG11,"0,69000000",2025-05-30,2025-06-13,Rendimento,"0,79"
VINO11,"0,05000000",2025-05-30,2025-06-13,Rendimento,"0,96"
VISC11,"0,80000000",2025-05-30,2025-06-13,Rendimento,"0,77"
VRTA11,"0,85000000",2025-05-30,2025-06-13,Rendimento,"1,05"
VRTM11,"0,09000000",2025-05-30,2025-06-13,Rendimento,"1,26"
WHGR11,"0,10000000",2025-05-30,2025-06-13,Rendimento,"1,11"
XPCI11,"0,95000000",2025-05-30,2025-06-13,Rendimento,"1,19"
XPLG11,"0,82000000",2025-05-30,2025-06-13,Rendimento,"0,81"
XPSF11,"0,06000000",2025-05-30,2025-06-13,Rendimento,"0,95"
CCME11,"0,08400000",2025-06-09,2025-06-16,Rendimento,"0,95"
CLIN11,"1,15000000",2025-06-09,2025-06-16,Rendimento,"1,25"
CVBI11,"1,05000000",2025-06-09,2025-06-16,Rendimento,"1,22"
RVBI11,"0,70000000",2025-06-09,2025-06-16,Rendimento,"1,06"
IRDM11,"0,82000000",2025-06-10,2025-06-17,Rendimento,"1,20"
RBRF11,"0,06000000",2025-06-10,2025-06-17,Rendimento,"0,85"
RBRR11,"0,90000000",2025-06-10,2025-06-17,Rendimento,"1,03"
RBRY11,"1,10000000",2025-06-10,2025-06-17,Rendimento,"1,20"
CPTS11,"0,08700000",2025-06-11,2025-06-18,Rendimento,"1,20"
MCCI11,"0,90000000",2025-06-11,2025-06-18,Rendimento,"1,05"
VGIP11,"1,98000000",2025-06-11,2025-06-18,Rendimento,"2,37"
VGIR11,"0,12000000",2025-06-11,2025-06-18,Rendimento,"1,26"
TOPP11,"0,84000000",2025-06-12,2025-06-20,Rendimento,"1,18"
AFHI11,"1,01000000",2025-06-13,2025-06-23,Rendimento,"1,10"
AJFI11,"0,06000000",2025-06-06,2025-06-23,Rendimento,"0,81"
BTLG11,"0,78000000",2025-06-13,2025-06-23,Rendimento,"0,77"
MANA11,"0,11000000",2025-05-30,2025-06-23,Rendimento,"1,24"
RZAK11,"1,15000000",2025-06-13,2025-06-23,Rendimento,"1,42"
RZAT11,"1,15000000",2025-06-13,2025-06-23,Rendimento,"1,26"
BPML11,"1,06000000",2025-06-16,2025-06-24,Rendimento,"1,30"
MCRE11,"0,11000000",2025-06-16,2025-06-24,Rendimento,"1,28"
RBRX11,"0,09000000",2025-06-13,2025-06-24,Rendimento,"1,11"
ALZR11,"0,08155000",2025-06-17,2025-06-25,Rendimento,"0,80"
BPML11,"0,92000000",2025-06-17,2025-06-25,Rendimento,"1,15"
BROF11,"0,60000000",2025-06-17,2025-06-25,Rendimento,"1,15"
CPSH11,"0,10000000",2025-06-17,2025-06-25,Rendimento,"1,04"
SNCI11,"1,00000000",2025-06-13,2025-06-25,Rendimento,"1,09"
SNEL11,"0,10000000",2025-06-13,2025-06-25,Rendimento,"1,17"
SNFF11,"0,72000000",2025-06-13,2025-06-25,Rendimento,"0,99"
XPML11,"0,92000000",2025-06-17,2025-06-25,Rendimento,"0,89"
BTAL11,"0,90000000",2025-06-18,2025-06-26,Rendimento,"1,10"
BCIA11,"0,84000000",2025-05-30,2025-06-30,Rendimento,"0,97"
GZIT11,"0,78000000",2025-06-23,2025-06-30,Rendimento,"1,65"
ARRI11,"0,09000000",2025-06-30,2025-07-07,Rendimento,"1,26"
GARE11,"0,08300000",2025-06-30,2025-07-07,Rendimento,"0,93"
HSAF11,"0,95000000",2025-06-30,2025-07-07,Rendimento,"1,19"
HSML11,"0,65000000",2025-06-30,2025-07-07,Rendimento,"0,76"
HTMX11,"1,50000000",2025-06-30,2025-07-07,Rendimento,"1,03"
LIFE11,"0,12000000",2025-06-30,2025-07-07,Rendimento,"1,34"
LVBI11,"0,75000000",2025-06-30,2025-07-07,Rendimento,"0,73"
PORD11,"0,09500000",2025-06-30,2025-07-07,Rendimento,"1,11"
PVBI11,"0,50000000",2025-06-30,2025-07-07,Rendimento,"0,66"
RZTR11,"1,05000000",2025-06-30,2025-07-07,Rendimento,"1,11"
VGHF11,"0,10000000",2025-06-30,2025-07-07,Rendimento,"1,29"
VGRI11,"0,12000000",2025-06-30,2025-07-07,Rendimento,"1,41"
AIEC11,"0,32000000",2025-06-30,2025-07-08,Rendimento,"0,70"
CACR11,"1,45000000",2025-06-30,2025-07-08,Rendimento,"1,43"
GGRC11,"0,10500000",2025-07-01,2025-07-08,Rendimento,"1,04"
PATL11,"0,70000000",2025-06-30,2025-07-08,Rendimento,"1,33"
KNHF11,"1,00000000",2025-06-30,2025-07-10,Rendimento,"1,06"
KNUQ11,"1,40000000",2025-06-30,2025-07-10,Rendimento,"1,34"
HABT11,"1,15000000",2025-06-30,2025-07-11,Rendimento,"1,39"
ICRI11,"1,10000000",2025-06-30,2025-07-11,Rendimento,"1,14"
ITRI11,"0,87000000",2025-06-30,2025-07-11,Rendimento,"1,07"
KNCR11,"1,20000000",2025-06-30,2025-07-11,Rendimento,"1,14"
KNHY11,"1,30000000",2025-06-30,2025-07-11,Rendimento,"1,27"
KNIP11,"0,80000000",2025-06-30,2025-07-11,Rendimento,"0,88"
VCJR11,"0,95000000",2025-06-30,2025-07-11,Rendimento,"1,16"
AZPL11,"0,09000000",2025-06-30,2025-07-14,Rendimento,"1,22"
BLMG11,"0,35000000",2025-07-07,2025-07-14,Rendimento,"0,91"
BRCO11,"1,05000000",2025-06-30,2025-07-14,Rendimento,"0,95"
BRCR11,"0,41000000",2025-07-07,2025-07-14,Rendimento,"0,95"
BTCI11,"0,10000000",2025-07-07,2025-07-14,Rendimento,"1,08"
BTHF11,"0,09200000",2025-07-07,2025-07-14,Rendimento,"1,04"
CYCR11,"0,11600000",2025-06-30,2025-07-14,Rendimento,"1,29"
DEVA11,"0,46000000",2025-07-07,2025-07-14,Rendimento,"1,34"
FATN11,"0,80000000",2025-07-04,2025-07-14,Rendimento,"1,04"
GTWR11,"0,87000000",2025-06-30,2025-07-14,Rendimento,"1,11"
HCTR11,"0,37590000",2025-07-07,2025-07-14,Rendimento,"1,53"
HFOF11,"0,05600000",2025-06-30,2025-07-14,Rendimento,"0,94"
HGBS11,"0,16000000",2025-06-30,2025-07-14,Rendimento,"0,80"
HGCR11,"1,05000000",2025-06-30,2025-07-14,Rendimento,"1,11"
HGLG11,"1,10000000",2025-06-30,2025-07-14,Rendimento,"0,69"
HGRE11,"2,55000000",2025-06-30,2025-07-14,Rendimento,"2,13"
HGRU11,"1,55000000",2025-06-30,2025-07-14,Rendimento,"1,24"
HSLG11,"0,65000000",2025-06-30,2025-07-14,Rendimento,"0,79"
JSAF11,"0,09100000",2025-06-30,2025-07-14,Rendimento,"1,15"
JSCR11,"0,09500000",2025-06-30,2025-07-14,Rendimento,"1,13"
JSRE11,"0,48000000",2025-06-30,2025-07-14,Rendimento,"0,72"
KCRE11,"0,11000000",2025-06-30,2025-07-14,Rendimento,"1,22"
KFOF11,"0,75000000",2025-06-30,2025-07-14,Rendimento,"0,92"
KISU11,"0,07000000",2025-06-30,2025-07-14,Rendimento,"1,01"
KIVO11,"1,20000000",2025-06-30,2025-07-14,Rendimento,"1,70"
KNRI11,"1,00000000",2025-06-30,2025-07-14,Rendimento,"0,69"
KNSC11,"0,09000000",2025-06-30,2025-07-14,Rendimento,"1,01"
KORE11,"1,25000000",2025-06-30,2025-07-14,Rendimento,"1,50"
MFII11,"1,11000000",2025-06-30,2025-07-14,Rendimento,"1,35"
MXRF11,"0,10000000",2025-06-30,2025-07-14,Rendimento,"1,05"
OUJP11,"1,34000000",2025-06-30,2025-07-14,Rendimento,"1,63"
PMIS11,"0,11000000",2025-06-30,2025-07-14,Rendimento,"1,35"
PMLL11,"0,86000000",2025-06-30,2025-07-14,Rendimento,"0,85"
RBRL11,"0,75000000",2025-07-07,2025-07-14,Rendimento,"0,89"
RBRP11,"0,40000000",2025-07-07,2025-07-14,Rendimento,"0,80"
RECR11,"1,01410000",2025-07-07,2025-07-14,Rendimento,"1,18"
SARE11,"0,02600000",2025-06-30,2025-07-14,Rendimento,"0,56"
SPXS11,"0,10200000",2025-07-07,2025-07-14,Rendimento,"1,18"
TEPP11,"1,10000000",2025-06-30,2025-07-14,Rendimento,"1,30"
TGAR11,"1,00000000",2025-06-30,2025-07-14,Rendimento,"1,09"
TRBL11,"0,56000000",2025-06-30,2025-07-14,Rendimento,"0,93"
TRXF11,"1,51000000",2025-06-30,2025-07-14,Rendimento,"1,47"
TVRI11,"1,03000000",2025-06-30,2025-07-14,Rendimento,"1,09"
URPR11,"0,45000000",2025-06-30,2025-07-14,Rendimento,"1,12"
VILG11,"0,70000000",2025-06-30,2025-07-14,Rendimento,"0,82"
VINO11,"0,08500000",2025-06-30,2025-07-14,Rendimento,"1,66"
VISC11,"0,81000000",2025-06-30,2025-07-14,Rendimento,"0,78"
WHGR11,"0,10000000",2025-06-30,2025-07-14,Rendimento,"1,13"
XPCI11,"1,00000000",2025-06-30,2025-07-14,Rendimento,"1,23"
XPLG11,"0,82000000",2025-06-30,2025-07-14,Rendimento,"0,82"
XPSF11,"0,06000000",2025-06-30,2025-07-14,Rendimento,"0,98"
BBIG11,"0,08000000",2025-06-30,2025-07-15,Rendimento,"1,08"
BCRI11,"0,85000000",2025-06-30,2025-07-15,Rendimento,"1,28"
CCME11,"0,08600000",2025-07-08,2025-07-15,Rendimento,"0,95"
CLIN11,"1,10000000",2025-07-08,2025-07-15,Rendimento,"1,19"
CVBI11,"1,05000000",2025-07-08,2025-07-15,Rendimento,"1,22"
RBFF11,"0,51000000",2025-06-30,2025-07-15,Rendimento,"0,98"
RBVA11,"0,09000000",2025-06-30,2025-07-15,Rendimento,"1,06"
RCRB11,"0,45000000",2025-06-30,2025-07-15,Rendimento,"0,33"
RVBI11,"0,70000000",2025-07-08,2025-07-15,Rendimento,"1,07"
VRTA11,"0,85000000",2025-06-30,2025-07-15,Rendimento,"1,04"
VRTM11,"0,09000000",2025-06-30,2025-07-15,Rendimento,"1,27"
IRDM11,"0,84000000",2025-07-09,2025-07-16,Rendimento,"1,24"
RBRF11,"0,06100000",2025-07-09,2025-07-16,Rendimento,"0,86"
RBRR11,"1,00000000",2025-07-09,2025-07-16,Rendimento,"1,11"
RBRY11,"1,15000000",2025-07-09,2025-07-16,Rendimento,"1,22"
CPTS11,"0,08800000",2025-07-10,2025-07-17,Rendimento,"1,18"
MCCI11,"0,90000000",2025-07-10,2025-07-17,Rendimento,"1,03"
VGIP11,"1,25000000",2025-07-10,2025-07-17,Rendimento,"1,48"
VGIR11,"0,12000000",2025-07-10,2025-07-17,Rendimento,"1,26"
TOPP11,"0,84000000",2025-07-11,2025-07-18,Rendimento,"1,18"
AFHI11,"1,09000000",2025-07-14,2025-07-21,Rendimento,"1,17"
AJFI11,"0,06000000",2025-07-07,2025-07-21,Rendimento,"0,82"
MANA11,"0,11000000",2025-06-30,2025-07-21,Rendimento,"1,24"
RZAK11,"1,15000000",2025-07-14,2025-07-21,Rendimento,"1,39"
RZAT11,"1,05000000",2025-07-14,2025-07-21,Rendimento,"1,15"
MCRE11,"0,11000000",2025-07-15,2025-07-22,Rendimento,"1,27"
RBRX11,"0,09616888",2025-07-14,2025-07-22,Rendimento,"1,19"
BROF11,"0,62000000",2025-07-16,2025-07-23,Rendimento,"1,16"
CPSH11,"0,10000000",2025-07-16,2025-07-23,Rendimento,"1,01"
BPML11,"1,06000000",2025-07-17,2025-07-24,Rendimento,"1,30"
BTAL11,"0,90000000",2025-07-17,2025-07-24,Rendimento,"1,07"
ALZR11,"0,09370000",2025-07-18,2025-07-25,Rendimento,"0,92"
BPML11,"0,92000000",2025-07-18,2025-07-25,Rendimento,"1,16"
BTLG11,"0,78010000",2025-07-15,2025-07-25,Rendimento,"0,77"
SNCI11,"1,00000000",2025-07-15,2025-07-25,Rendimento,"1,11"
SNEL11,"0,10000000",2025-07-15,2025-07-25,Rendimento,"1,16"
SNFF11,"0,72000000",2025-07-15,2025-07-25,Rendimento,"0,98"
XPML11,"0,92000000",2025-07-18,2025-07-25,Rendimento,"0,89"
BCIA11,"0,84000000",2025-06-30,2025-07-28,Rendimento,"0,97"
GZIT11,"0,78000000",2025-07-24,2025-07-31,Rendimento,"1,68"
WHGR11,"0,03500000",2025-07-24,2025-07-31,Rendimento,"0,40"
ARRI11,"0,09000000",2025-07-31,2025-08-07,Rendimento,"1,30"
GARE11,"0,08300000",2025-07-31,2025-08-07,Rendimento,"0,92"
HSAF11,"0,95000000",2025-07-31,2025-08-07,Rendimento,"1,21"
HSML11,"0,66000000",2025-07-31,2025-08-07,Rendimento,"0,83"
HTMX11,"1,22000000",2025-07-31,2025-08-07,Rendimento,"0,85"
LIFE11,"0,12000000",2025-07-31,2025-08-07,Rendimento,"1,34"
LVBI11,"0,75000000",2025-07-31,2025-08-07,Rendimento,"0,73"
PORD11,"0,09200000",2025-07-31,2025-08-07,Rendimento,"1,10"
PVBI11,"0,50000000",2025-07-31,2025-08-07,Rendimento,"0,67"
RZTR11,"1,00000000",2025-07-31,2025-08-07,Rendimento,"1,10"
VGHF11,"0,09000000",2025-07-31,2025-08-07,Rendimento,"1,17"
VGRI11,"0,12000000",2025-07-31,2025-08-07,Rendimento,"1,37"
AIEC11,"0,34000000",2025-07-31,2025-08-08,Rendimento,"0,74"
CACR11,"1,35000000",2025-07-31,2025-08-08,Rendimento,"1,40"
GGRC11,"0,10000000",2025-08-01,2025-08-08,Rendimento,"1,02"
PATL11,"0,57000000",2025-07-31,2025-08-08,Rendimento,"1,01"
HABT11,"1,05000000",2025-07-31,2025-08-12,Rendimento,"1,27"
ICRI11,"1,10000000",2025-07-31,2025-08-12,Rendimento,"1,17"
ITRI11,"0,82000000",2025-07-31,2025-08-12,Rendimento,"1,03"
KNHF11,"1,00000000",2025-07-31,2025-08-12,Rendimento,"1,10"
KNUQ11,"1,50000000",2025-07-31,2025-08-12,Rendimento,"1,43"
KCRE11,"0,11000000",2025-07-31,2025-08-13,Rendimento,"1,26"
KNCR11,"1,35000000",2025-07-31,2025-08-13,Rendimento,"1,29"
KNHY11,"1,30000000",2025-07-31,2025-08-13,Rendimento,"1,28"
KNIP11,"0,80000000",2025-07-31,2025-08-13,Rendimento,"0,92"
KNSC11,"0,10000000",2025-07-31,2025-08-13,Rendimento,"1,13"
VCJR11,"0,95000000",2025-07-31,2025-08-13,Rendimento,"1,17"
AZPL11,"0,08000000",2025-07-31,2025-08-14,Rendimento,"1,06"
BLMG11,"0,36000000",2025-08-07,2025-08-14,Rendimento,"1,07"
BRCO11,"0,87000000",2025-07-31,2025-08-14,Rendimento,"0,79"
BRCR11,"0,41000000",2025-08-07,2025-08-14,Rendimento,"0,99"
BTCI11,"0,10000000",2025-08-07,2025-08-14,Rendimento,"1,09"
BTHF11,"0,09200000",2025-08-07,2025-08-14,Rendimento,"1,12"
CYCR11,"0,10600000",2025-07-31,2025-08-14,Rendimento,"1,23"
DEVA11,"0,34000000",2025-08-07,2025-08-14,Rendimento,"1,09"
FATN11,"0,80000000",2025-08-06,2025-08-14,Rendimento,"0,97"
GTWR11,"0,90000000",2025-07-31,2025-08-14,Rendimento,"1,19"
HCTR11,"0,30000000",2025-08-07,2025-08-14,Rendimento,"1,31"
HFOF11,"0,05600000",2025-07-31,2025-08-14,Rendimento,"0,95"
HGBS11,"0,15000000",2025-07-31,2025-08-14,Rendimento,"0,81"
HGCR11,"1,05000000",2025-07-31,2025-08-14,Rendimento,"1,10"
HGLG11,"1,10000000",2025-07-31,2025-08-14,Rendimento,"0,71"
HGRE11,"0,85000000",2025-07-31,2025-08-14,Rendimento,"0,76"
HGRU11,"0,95000000",2025-07-31,2025-08-14,Rendimento,"0,77"
HSLG11,"0,66000000",2025-07-31,2025-08-14,Rendimento,"0,82"
JSAF11,"0,09100000",2025-07-31,2025-08-14,Rendimento,"1,23"
JSCR11,"0,09500000",2025-07-31,2025-08-14,Rendimento,"1,14"
JSRE11,"0,48000000",2025-07-31,2025-08-14,Rendimento,"0,76"
KFOF11,"0,75000000",2025-07-31,2025-08-14,Rendimento,"0,96"
KISU11,"0,07000000",2025-07-31,2025-08-14,Rendimento,"1,02"
KIVO11,"0,95000000",2025-07-31,2025-08-14,Rendimento,"1,39"
KNRI11,"1,00000000",2025-07-31,2025-08-14,Rendimento,"0,70"
KORE11,"1,25000000",2025-07-31,2025-08-14,Rendimento,"1,71"
MFII11,"1,06000000",2025-07-31,2025-08-14,Rendimento,"1,30"
MXRF11,"0,10000000",2025-07-31,2025-08-14,Rendimento,"1,04"
OUJP11,"1,00000000",2025-07-31,2025-08-14,Rendimento,"1,28"
PMIS11,"0,09200000",2025-07-31,2025-08-14,Rendimento,"1,16"
PMLL11,"0,86000000",2025-07-31,2025-08-14,Rendimento,"0,89"
RBRL11,"0,75000000",2025-08-07,2025-08-14,Rendimento,"0,89"
RBRP11,"0,40000000",2025-08-07,2025-08-14,Rendimento,"0,81"
RECR11,"0,95100000",2025-08-07,2025-08-14,Rendimento,"1,14"
SPXS11,"0,10400000",2025-08-07,2025-08-14,Rendimento,"1,24"
TEPP11,"0,91154734",2025-07-31,2025-08-14,Rendimento,"1,10"
TGAR11,"1,00000000",2025-07-31,2025-08-14,Rendimento,"1,21"
TRBL11,"0,60000000",2025-07-31,2025-08-14,Rendimento,"1,12"
TRXF11,"0,93000000",2025-07-31,2025-08-14,Rendimento,"0,94"
TVRI11,"1,05000000",2025-07-31,2025-08-14,Rendimento,"1,14"
URPR11,"0,40000000",2025-07-31,2025-08-14,Rendimento,"1,04"
VILG11,"0,72000000",2025-07-31,2025-08-14,Rendimento,"0,88"
VINO11,"0,05000000",2025-07-31,2025-08-14,Rendimento,"0,98"
VISC11,"0,81000000",2025-07-31,2025-08-14,Rendimento,"0,78"
WHGR11,"0,10000000",2025-07-31,2025-08-14,Rendimento,"1,15"
XPCI11,"0,96000000",2025-07-31,2025-08-14,Rendimento,"1,19"
XPLG11,"0,82000000",2025-07-31,2025-08-14,Rendimento,"0,83"
XPSF11,"0,06500000",2025-07-31,2025-08-14,Rendimento,"1,07"
BBIG11,"0,08000000",2025-07-31,2025-08-15,Rendimento,"1,14"
BCRI11,"0,91000000",2025-07-31,2025-08-15,Rendimento,"1,40"
CCME11,"0,08400000",2025-08-08,2025-08-15,Rendimento,"0,96"
CLIN11,"1,00000000",2025-08-08,2025-08-15,Rendimento,"1,12"
CVBI11,"1,05000000",2025-08-08,2025-08-15,Rendimento,"1,22"
RBFF11,"0,51000000",2025-07-31,2025-08-15,Rendimento,"1,00"
RBVA11,"0,09000000",2025-07-31,2025-08-15,Rendimento,"1,07"
RCRB11,"0,92000000",2025-07-31,2025-08-15,Rendimento,"0,72"
RVBI11,"0,70000000",2025-08-08,2025-08-15,Rendimento,"1,11"
VRTA11,"0,85000000",2025-07-31,2025-08-15,Rendimento,"1,10"
VRTM11,"0,09000000",2025-07-31,2025-08-15,Rendimento,"1,28"
IRDM11,"0,78000000",2025-08-11,2025-08-18,Rendimento,"1,25"
RBRF11,"0,06000000",2025-08-11,2025-08-18,Rendimento,"0,91"
RBRR11,"0,95000000",2025-08-11,2025-08-18,Rendimento,"1,08"
RBRY11,"1,17500000",2025-08-11,2025-08-18,Rendimento,"1,28"
CPTS11,"0,08600000",2025-08-12,2025-08-19,Rendimento,"1,18"
MCCI11,"1,00000000",2025-08-12,2025-08-19,Rendimento,"1,16"
VGIP11,"0,76000000",2025-08-12,2025-08-19,Rendimento,"0,93"
VGIR11,"0,14000000",2025-08-12,2025-08-19,Rendimento,"1,46"
TOPP11,"0,84000000",2025-08-13,2025-08-20,Rendimento,"1,21"
AFHI11,"1,01000000",2025-08-14,2025-08-21,Rendimento,"1,10"
AJFI11,"0,06000000",2025-08-07,2025-08-21,Rendimento,"0,83"
MANA11,"0,11000000",2025-07-31,2025-08-21,Rendimento,"1,26"
RZAK11,"1,15000000",2025-08-14,2025-08-21,Rendimento,"1,40"
RZAT11,"1,05000000",2025-08-14,2025-08-21,Rendimento,"1,16"
BPML11,"1,06000000",2025-08-15,2025-08-22,Rendimento,"1,33"
MCRE11,"0,11000000",2025-08-15,2025-08-22,Rendimento,"1,28"
RBRX11,"0,09000000",2025-08-14,2025-08-22,Rendimento,"1,15"
ALZR11,"0,08255000",2025-08-18,2025-08-25,Rendimento,"0,82"
BPML11,"0,92000000",2025-08-18,2025-08-25,Rendimento,"1,16"
BROF11,"0,42000000",2025-08-18,2025-08-25,Rendimento,"0,76"
BTLG11,"0,78000000",2025-08-15,2025-08-25,Rendimento,"0,79"
CPSH11,"0,10000000",2025-08-18,2025-08-25,Rendimento,"1,05"
SNCI11,"1,00000000",2025-08-15,2025-08-25,Rendimento,"1,15"
SNEL11,"0,10000000",2025-08-15,2025-08-25,Rendimento,"1,18"
SNFF11,"0,72000000",2025-08-15,2025-08-25,Rendimento,"1,04"
XPML11,"0,92000000",2025-08-18,2025-08-25,Rendimento,"0,92"
BTAL11,"0,90000000",2025-08-19,2025-08-26,Rendimento,"1,13"
BCIA11,"0,84000000",2025-07-31,2025-08-28,Rendimento,"1,00"
GZIT11,"0,78000000",2025-08-22,2025-08-29,Rendimento,"1,78"
ARRI11,"0,09000000",2025-08-29,2025-09-05,Rendimento,"1,34"
GARE11,"0,08300000",2025-08-29,2025-09-05,Rendimento,"0,92"
HSAF11,"0,95000000",2025-08-29,2025-09-05,Rendimento,"1,21"
HSML11,"0,67000000",2025-08-29,2025-09-05,Rendimento,"0,81"
HTMX11,"1,05000000",2025-08-29,2025-09-05,Rendimento,"0,75"
LIFE11,"0,12000000",2025-08-29,2025-09-05,Rendimento,"1,40"
LVBI11,"0,75000000",2025-08-29,2025-09-05,Rendimento,"0,73"
PORD11,"0,09500000",2025-08-29,2025-09-05,Rendimento,"1,20"
PVBI11,"0,45000000",2025-08-29,2025-09-05,Rendimento,"0,59"
RZTR11,"1,00000000",2025-08-29,2025-09-05,Rendimento,"1,09"
VGHF11,"0,09000000",2025-08-29,2025-09-05,Rendimento,"1,16"
VGRI11,"0,12000000",2025-08-29,2025-09-05,Rendimento,"1,36"
CACR11,"1,35000000",2025-08-29,2025-09-08,Rendimento,"1,63"
GGRC11,"0,10000000",2025-09-01,2025-09-08,Rendimento,"1,01"
PATL11,"0,57000000",2025-08-29,2025-09-08,Rendimento,"0,96"
AIEC11,"0,34000000",2025-08-29,2025-09-09,Rendimento,"0,72"
ICRI11,"0,95000000",2025-08-29,2025-09-10,Rendimento,"1,04"
ITRI11,"0,82000000",2025-08-29,2025-09-10,Rendimento,"1,08"
KNHF11,"1,00000000",2025-08-29,2025-09-10,Rendimento,"1,09"
KNUQ11,"1,40000000",2025-08-29,2025-09-10,Rendimento,"1,33"
KCRE11,"0,09000000",2025-08-29,2025-09-11,Rendimento,"1,05"
KNCR11,"1,35000000",2025-08-29,2025-09-11,Rendimento,"1,28"
KNHY11,"1,30000000",2025-08-29,2025-09-11,Rendimento,"1,27"
KNIP11,"0,70000000",2025-08-29,2025-09-11,Rendimento,"0,81"
KNSC11,"0,09000000",2025-08-29,2025-09-11,Rendimento,"1,02"
VCJR11,"0,90000000",2025-08-29,2025-09-11,Rendimento,"1,14"
AZPL11,"0,07000000",2025-08-29,2025-09-12,Rendimento,"0,92"
BRCO11,"0,87000000",2025-08-29,2025-09-12,Rendimento,"0,78"
CYCR11,"0,10600000",2025-08-29,2025-09-12,Rendimento,"1,23"
FATN11,"0,80000000",2025-09-04,2025-09-12,Rendimento,"0,97"
GTWR11,"0,90000000",2025-08-29,2025-09-12,Rendimento,"1,18"
HABT11,"1,05000000",2025-08-29,2025-09-12,Rendimento,"1,33"
HFOF11,"0,05600000",2025-08-29,2025-09-12,Rendimento,"0,95"
HGBS11,"0,15000000",2025-08-29,2025-09-12,Rendimento,"0,78"
HGCR11,"1,05000000",2025-08-29,2025-09-12,Rendimento,"1,14"
HGLG11,"1,10000000",2025-08-29,2025-09-12,Rendimento,"0,71"
HGRE11,"0,85000000",2025-08-29,2025-09-12,Rendimento,"0,75"
HGRU11,"0,95000000",2025-08-29,2025-09-12,Rendimento,"0,76"
HSLG11,"0,67000000",2025-08-29,2025-09-12,Rendimento,"0,85"
JSAF11,"0,08500000",2025-08-29,2025-09-12,Rendimento,"1,15"
JSCR11,"0,09500000",2025-08-29,2025-09-12,Rendimento,"1,18"
JSRE11,"0,48000000",2025-08-29,2025-09-12,Rendimento,"0,77"
KFOF11,"0,80000000",2025-08-29,2025-09-12,Rendimento,"1,01"
KISU11,"0,07000000",2025-08-29,2025-09-12,Rendimento,"1,04"
KIVO11,"0,71000000",2025-08-29,2025-09-12,Rendimento,"1,10"
KNRI11,"1,00000000",2025-08-29,2025-09-12,Rendimento,"0,71"
KORE11,"1,25000000",2025-08-29,2025-09-12,Rendimento,"1,78"
MFII11,"1,06000000",2025-08-29,2025-09-12,Rendimento,"1,32"
MXRF11,"0,10000000",2025-08-29,2025-09-12,Rendimento,"1,04"
OUJP11,"1,00000000",2025-08-29,2025-09-12,Rendimento,"1,28"
PMIS11,"0,09200000",2025-08-29,2025-09-12,Rendimento,"1,19"
PMLL11,"0,86000000",2025-08-29,2025-09-12,Rendimento,"0,86"
TEPP11,"0,74000000",2025-08-29,2025-09-12,Rendimento,"0,93"
TGAR11,"1,00000000",2025-08-29,2025-09-12,Rendimento,"1,19"
TRBL11,"0,60000000",2025-08-29,2025-09-12,Rendimento,"0,96"
TRXF11,"0,93000000",2025-08-29,2025-09-12,Rendimento,"0,95"
TVRI11,"1,05000000",2025-08-29,2025-09-12,Rendimento,"1,13"
URPR11,"0,40000000",2025-08-29,2025-09-12,Rendimento,"1,13"
VILG11,"0,72000000",2025-08-29,2025-09-12,Rendimento,"0,86"
VINO11,"0,05000000",2025-08-29,2025-09-12,Rendimento,"1,01"
VISC11,"0,81000000",2025-08-29,2025-09-12,Rendimento,"0,78"
WHGR11,"0,10000000",2025-08-29,2025-09-12,Rendimento,"1,14"
XPCI11,"0,95000000",2025-08-29,2025-09-12,Rendimento,"1,15"
XPLG11,"0,82000000",2025-08-29,2025-09-12,Rendimento,"0,82"
XPSF11,"0,06500000",2025-08-29,2025-09-12,Rendimento,"1,07"
BBIG11,"0,08000000",2025-08-29,2025-09-15,Rendimento,"1,15"
BCRI11,"0,83000000",2025-08-29,2025-09-15,Rendimento,"1,27"
RBFF11,"0,51000000",2025-08-29,2025-09-15,Rendimento,"1,07"
RBVA11,"0,09000000",2025-08-29,2025-09-15,Rendimento,"1,03"
RCRB11,"0,92000000",2025-08-29,2025-09-15,Rendimento,"0,70"
VRTA11,"0,85000000",2025-08-29,2025-09-15,Rendimento,"1,12"
VRTM11,"0,09000000",2025-08-29,2025-09-15,Rendimento,"1,31"
MANA11,"0,11000000",2025-08-29,2025-09-19,Rendimento,"1,27"
BCIA11,"0,84000000",2025-08-29,2025-09-26,Rendimento,"1,00"
