open,high,low,close,volume,adjclose,dividends,splits,Ativo,Data
14.892560958862305,17.42148780822754,14.644627571105957,15.016528129577637,153566908,10.852749824523926,0.014255,0.0,BBDC3,01-10-2020
15.016528129577637,19.18181800842285,15.016528129577637,17.892560958862305,138000379,12.943681716918945,0.014255,0.0,BBDC3,01-11-2020
18.107437133789062,20.785123825073242,18.099172592163086,20.0,127334592,14.481637001037598,0.014255,0.0,BBDC3,01-12-2020
20.0,20.785123825073242,17.48760223388672,17.884296417236328,137223680,13.15771770477295,0.312001,0.0,BBDC3,01-01-2021
18.20661163330078,19.14049530029297,16.842975616455078,17.01652717590332,147883054,12.52844524383545,0.014255,0.0,BBDC3,01-02-2021
17.11570167541504,19.917354583740234,15.785122871398926,19.429752349853516,190512080,14.329047203063965,0.014255,0.0,BBDC3,01-03-2021
19.471073150634766,19.672727584838867,18.198347091674805,18.790908813476562,125485657,13.869921684265137,0.016394,1.1,BBDC3,01-04-2021
19.09090805053711,20.945453643798828,18.3454532623291,20.781818389892578,153581670,15.351112365722656,0.014255,0.0,BBDC3,01-05-2021
20.936363220214844,22.336362838745117,19.77272605895996,19.872726440429688,217259350,14.69150447845459,0.014255,0.0,BBDC3,01-06-2021
19.818180084228516,19.990909576416016,18.64545440673828,18.77272605895996,142547900,13.888590812683105,0.015681,0.0,BBDC3,01-07-2021
18.96363639831543,19.454544067382812,17.563636779785156,18.12727165222168,152037050,13.727799415588379,0.015681,0.0,BBDC3,01-08-2021
18.172727584838867,18.399999618530273,14.954545021057129,16.23636245727539,160638390,12.306005477905273,0.015681,0.0,BBDC3,01-09-2021
16.318180084228516,16.918180465698242,15.245453834533691,15.454545021057129,175334060,11.723579406738281,0.445461,0.0,BBDC3,01-10-2021
15.618181228637695,16.718181610107422,14.981818199157715,15.472726821899414,181416950,11.748478889465332,0.015681,0.0,BBDC3,01-11-2021
15.67272663116455,16.80908966064453,14.600000381469727,14.718180656433105,172222160,11.186545372009277,0.015681,0.0,BBDC3,01-12-2021
14.800000190734863,17.227272033691406,14.800000190734863,17.09090805053711,167685870,13.175660133361816,0.015681,0.0,BBDC3,01-01-2022
17.045454025268555,17.290908813476562,15.0,15.509090423583984,212095840,11.96868896484375,0.015681,0.0,BBDC3,01-02-2022
15.509090423583984,17.027271270751953,14.690909385681152,16.60909080505371,248017220,12.829351425170898,0.015681,0.0,BBDC3,01-03-2022
16.718181610107422,16.763635635375977,14.800000190734863,14.90999984741211,143834380,11.528580665588379,0.196595,1.1,BBDC3,01-04-2022
14.90999984741211,16.920000076293945,14.430000305175781,16.8799991607666,207893000,13.06421947479248,0.015681,0.0,BBDC3,01-05-2022
16.75,16.850000381469727,14.300000190734863,14.380000114440918,125804000,11.142356872558594,0.015681,0.0,BBDC3,01-06-2022
14.319999694824219,14.670000076293945,13.529999732971191,14.470000267028809,125339100,11.352910995483398,0.015681,0.0,BBDC3,01-07-2022
14.470000267028809,16.5,14.329999923706055,15.84000015258789,151565500,12.442684173583984,0.015681,0.0,BBDC3,01-08-2022
15.84000015258789,16.920000076293945,15.4399995803833,16.309999465942383,149859800,12.827203750610352,0.017249,0.0,BBDC3,01-09-2022
16.5,17.719999313354492,15.770000457763672,16.639999389648438,154413600,13.100998878479004,0.017249,0.0,BBDC3,01-10-2022
16.649999618530273,17.110000610351562,12.6899995803833,13.760000228881836,236113300,10.844274520874023,0.178723,0.0,BBDC3,01-11-2022
13.569999694824219,13.739999771118164,12.029999732971191,13.470000267028809,262714400,10.62669563293457,0.017249,0.0,BBDC3,01-12-2022
13.470000267028809,13.470000267028809,12.180000305175781,12.619999885559082,189431400,9.968931198120117,0.017249,0.0,BBDC3,01-01-2023
12.619999885559082,12.819999694824219,11.430000305175781,11.640000343322754,156371300,9.585675239562988,0.017249,0.0,BBDC3,01-02-2023
11.710000038146973,12.300000190734863,11.149999618530273,11.850000381469727,173561100,9.772138595581055,0.017249,0.0,BBDC3,01-03-2023
11.890000343322754,12.520000457763672,11.520000457763672,12.420000076293945,94508400,10.257420539855957,0.017249,0.0,BBDC3,01-04-2023
12.420000076293945,14.020000457763672,11.960000038146973,13.270000457763672,163918000,10.975768089294434,0.01725,0.0,BBDC3,01-05-2023
13.279999732971191,15.039999961853027,13.1899995803833,14.640000343322754,132861000,12.12619400024414,0.01725,0.0,BBDC3,01-06-2023
14.75,15.180000305175781,14.119999885559082,14.850000381469727,74939700,12.468250274658203,0.530369,0.0,BBDC3,01-07-2023
14.770000457763672,15.050000190734863,13.079999923706055,13.239999771118164,129524500,11.129420280456543,0.01725,0.0,BBDC3,01-08-2023
13.260000228881836,13.399999618530273,12.170000076293945,12.65999984741211,125414400,10.654294967651367,0.01725,0.0,BBDC3,01-09-2023
12.6899995803833,12.90999984741211,12.210000038146973,12.289999961853027,127982000,10.356440544128418,0.01725,0.0,BBDC3,01-10-2023
12.289999961853027,14.59000015258789,12.270000457763672,14.279999732971191,142108500,12.050039291381836,0.01725,0.0,BBDC3,01-11-2023
14.229999542236328,15.770000457763672,14.119999885559082,15.279999732971191,121126400,12.911751747131348,0.01725,0.0,BBDC3,01-12-2023
15.279999732971191,15.279999732971191,13.600000381469727,13.680000305175781,105583900,11.918487548828125,0.178997,0.0,BBDC3,01-01-2024
13.770000457763672,14.600000381469727,12.09000015258789,12.300000190734863,216954000,10.72843074798584,0.01725,0.0,BBDC3,01-02-2024
12.319999694824219,12.930000305175781,12.140000343322754,12.739999771118164,175202700,11.126180648803711,0.01725,0.0,BBDC3,01-03-2024
12.760000228881836,13.34000015258789,11.9399995803833,12.359999656677246,122872100,10.80935001373291,0.01725,0.0,BBDC3,01-04-2024
12.569999694824219,12.600000381469727,11.40999984741211,11.449999809265137,153463000,10.027278900146484,0.01725,0.0,BBDC3,01-05-2024
11.5,11.640000343322754,10.869999885559082,11.1899995803833,157614300,9.813246726989746,0.01725,0.0,BBDC3,01-06-2024
11.229999542236328,11.720000267028809,11.029999732971191,11.229999542236328,120976800,10.183411598205566,0.01725,0.0,BBDC3,01-07-2024
11.260000228881836,14.329999923706055,11.229999542236328,14.140000343322754,187641900,12.84215259552002,0.447314,0.0,BBDC3,01-08-2024
14.029999732971191,14.5,12.819999694824219,13.09000015258789,111592400,11.906623840332031,0.01725,0.0,BBDC3,01-09-2024
13.0600004196167,13.5600004196167,12.550000190734863,12.739999771118164,138242700,11.6025390625,0.01725,0.0,BBDC3,01-10-2024
12.760000228881836,12.770000457763672,10.90999984741211,11.130000114440918,186087600,10.290946960449219,0.01725,0.0,BBDC3,01-11-2024
11.130000114440918,11.720000267028809,10.420000076293945,10.640000343322754,242864600,9.851459503173828,0.01725,0.0,BBDC3,01-12-2024
10.640000343322754,11.239999771118164,10.199999809265137,11.020000457763672,193780900,10.219351768493652,0.01725,0.0,BBDC3,01-01-2025
11.0,11.319999694824219,10.279999732971191,10.359999656677246,180312300,9.871079444885254,0.01725,0.0,BBDC3,01-02-2025
10.359999656677246,11.930000305175781,10.359999656677246,11.350000381469727,146097600,10.831329345703125,0.359141,0.0,BBDC3,01-03-2025
11.170000076293945,12.289999961853027,10.59000015258789,12.229999542236328,157889800,11.690580368041992,0.01725,0.0,BBDC3,01-04-2025
12.149999618530273,14.170000076293945,11.65999984741211,13.979999542236328,203788000,13.632719039916992,0.01725,0.0,BBDC3,01-05-2025
14.069999694824219,14.550000190734863,13.380000114440918,14.510000228881836,218106600,14.169856071472168,0.01725,0.0,BBDC3,01-06-2025
14.300000190734863,14.479999542236328,13.140000343322754,13.399999618530273,160795200,13.101996421813965,0.179571,0.0,BBDC3,01-07-2025
13.529999732971191,14.510000228881836,13.359999656677246,14.4399995803833,137072600,14.404034614562988,0.01725,0.0,BBDC3,01-08-2025
14.40999984741211,14.899999618530273,13.930000305175781,14.420000076293945,59206700,14.402653694152832,0.01725,0.0,BBDC3,01-09-2025
14.529999732971191,14.710000038146973,14.449999809265137,14.579999923706055,2852600,14.579999923706055,0.01725,0.0,BBDC3,11-09-2025
16.07438087463379,19.42148780822754,15.884297370910645,16.661157608032227,1301938946,12.162036895751953,0.015681,0.0,BBDC4,01-10-2020
16.661157608032227,21.446279525756836,16.661157608032227,20.082643508911133,1429617904,14.67387580871582,0.015681,0.0,BBDC4,01-11-2020
20.48760223388672,23.355371475219727,20.438016891479492,22.429752349853516,955143508,16.40377426147461,0.015681,0.0,BBDC4,01-12-2020
22.429752349853516,23.479337692260742,19.917354583740234,20.446279525756836,1063470694,15.189608573913574,0.343201,0.0,BBDC4,01-01-2021
20.809917449951172,21.942148208618164,18.933883666992188,19.008264541625977,956548076,14.131449699401855,0.015681,0.0,BBDC4,01-02-2021
19.338842391967773,22.710742950439453,17.727272033691406,22.123966217041016,1487394436,16.474409103393555,0.015681,0.0,BBDC4,01-03-2021
22.223140716552734,22.46363639831543,20.710742950439453,21.68181800842285,799251354,16.158950805664062,0.018034,1.1,BBDC4,01-04-2021
21.96363639831543,24.245454788208008,21.03636360168457,24.07272720336914,921698360,17.954063415527344,0.015681,0.0,BBDC4,01-05-2021
24.299999237060547,26.209089279174805,23.336362838745117,23.39090919494629,823723010,17.459020614624023,0.015681,0.0,BBDC4,01-06-2021
23.39090919494629,23.636362075805664,21.600000381469727,22.045454025268555,844790650,16.466310501098633,0.017249,0.0,BBDC4,01-07-2021
22.372726440429688,22.836362838745117,20.381818771362305,21.045454025268555,944514780,16.064159393310547,0.017249,0.0,BBDC4,01-08-2021
21.16363525390625,21.363636016845703,17.409090042114258,18.936363220214844,1201537920,14.465519905090332,0.017249,0.0,BBDC4,01-09-2021
19.009090423583984,19.872726440429688,17.918180465698242,18.09090805053711,960025770,13.831029891967773,0.490007,0.0,BBDC4,01-10-2021
18.399999618530273,19.545454025268555,17.318180084228516,18.100000381469727,1050804810,13.85029125213623,0.017249,0.0,BBDC4,01-11-2021
18.372726440429688,19.77272605895996,17.218181610107422,17.46363639831543,790740060,13.375665664672852,0.017249,0.0,BBDC4,01-12-2021
17.64545440673828,20.909090042114258,17.59090805053711,20.727272033691406,1213891030,16.08770751953125,0.017249,0.0,BBDC4,01-01-2022
20.690908432006836,21.01818084716797,17.954544067382812,18.5,1063621570,14.372828483581543,0.017249,0.0,BBDC4,01-02-2022
18.5,20.66363525390625,17.5,20.200000762939453,1025577080,15.7066011428833,0.017249,0.0,BBDC4,01-03-2022
20.30908966064453,20.399999618530273,17.979999542236328,17.979999542236328,762941570,13.993478775024414,0.216254,1.1,BBDC4,01-04-2022
18.0,20.68000030517578,17.530000686645508,20.5,961571000,15.96852970123291,0.017249,0.0,BBDC4,01-05-2022
20.530000686645508,20.530000686645508,17.1299991607666,17.200000762939453,685944800,13.412145614624023,0.017249,0.0,BBDC4,01-06-2022
17.200000762939453,17.719999313354492,16.18000030517578,17.43000030517578,579302600,13.746783256530762,0.017249,0.0,BBDC4,01-07-2022
17.450000762939453,19.920000076293945,17.280000686645508,18.959999084472656,703264800,14.969858169555664,0.017249,0.0,BBDC4,01-08-2022
18.969999313354492,20.600000381469727,18.65999984741211,19.84000015258789,655447300,15.681768417358398,0.018974,0.0,BBDC4,01-09-2022
20.239999771118164,21.639999389648438,18.75,19.860000610351562,829672800,15.713177680969238,0.018974,0.0,BBDC4,01-10-2022
20.100000381469727,20.559999465942383,14.699999809265137,15.579999923706055,1661415500,12.337888717651367,0.196595,0.0,BBDC4,01-11-2022
15.460000038146973,15.75,13.4399995803833,15.149999618530273,1034316800,12.008779525756836,0.018974,0.0,BBDC4,01-12-2022
14.899999618530273,15.430000305175781,13.489999771118164,14.020000457763672,1554915800,11.126785278320312,0.018974,0.0,BBDC4,01-01-2023
14.020000457763672,14.430000305175781,12.600000381469727,13.079999923706055,1112299800,10.81302261352539,0.018974,0.0,BBDC4,01-02-2023
13.180000305175781,14.15999984741211,12.390000343322754,13.170000076293945,1151125600,10.902470588684082,0.018974,0.0,BBDC4,01-03-2023
13.180000305175781,14.199999809265137,12.779999732971191,13.850000381469727,854091900,11.482177734375,0.018974,0.0,BBDC4,01-04-2023
13.850000381469727,16.5,13.359999656677246,15.510000228881836,1177748400,12.877410888671875,0.018975,0.0,BBDC4,01-05-2023
15.550000190734863,17.5,15.529999732971191,16.450000762939453,747721100,13.676872253417969,0.018975,0.0,BBDC4,01-06-2023
16.600000381469727,17.15999984741211,15.899999618530273,16.65999984741211,611020600,14.035527229309082,0.583406,0.0,BBDC4,01-07-2023
16.579999923706055,17.020000457763672,14.739999771118164,14.949999809265137,888188000,12.609270095825195,0.018975,0.0,BBDC4,01-08-2023
15.050000190734863,15.170000076293945,13.84000015258789,14.300000190734863,622116800,12.0748291015625,0.018975,0.0,BBDC4,01-09-2023
14.319999694824219,14.739999771118164,13.869999885559082,13.989999771118164,674275900,11.828038215637207,0.018975,0.0,BBDC4,01-10-2023
14.0,16.649999618530273,13.960000038146973,16.270000457763672,888561600,13.77423095703125,0.018975,0.0,BBDC4,01-11-2023
16.299999237060547,17.739999771118164,16.049999237060547,17.09000015258789,785826900,14.487919807434082,0.018975,0.0,BBDC4,01-12-2023
17.09000015258789,17.09000015258789,15.220000267028809,15.350000381469727,738258900,13.410063743591309,0.196897,0.0,BBDC4,01-01-2024
15.399999618530273,16.639999389648438,13.180000305175781,13.75,1339883000,12.025895118713379,0.018975,0.0,BBDC4,01-02-2024
13.789999961853027,14.479999542236328,13.579999923706055,14.260000228881836,573127500,12.48741340637207,0.018975,0.0,BBDC4,01-03-2024
14.359999656677246,14.880000114440918,13.470000267028809,14.0,682896900,12.276611328125,0.018975,0.0,BBDC4,01-04-2024
14.319999694824219,14.319999694824219,12.649999618530273,12.670000076293945,768685000,11.125276565551758,0.018975,0.0,BBDC4,01-05-2024
12.720000267028809,13.109999656677246,12.140000343322754,12.380000114440918,820917000,10.885557174682617,0.018975,0.0,BBDC4,01-06-2024
12.430000305175781,12.800000190734863,12.199999809265137,12.430000305175781,613302400,11.28968620300293,0.018975,0.0,BBDC4,01-07-2024
12.460000038146973,15.9399995803833,12.449999809265137,15.640000343322754,1029373900,14.227205276489258,0.492046,0.0,BBDC4,01-08-2024
15.5,16.149999618530273,14.260000228881836,14.699999809265137,704452500,13.392298698425293,0.018975,0.0,BBDC4,01-09-2024
14.619999885559082,15.4399995803833,14.25,14.369999885559082,753241500,13.1076021194458,0.018975,0.0,BBDC4,01-10-2024
14.460000038146973,14.470000267028809,12.319999694824219,12.630000114440918,857922400,11.692475318908691,0.018975,0.0,BBDC4,01-11-2024
12.600000381469727,12.880000114440918,11.359999656677246,11.5600004196167,760820800,10.71631145477295,0.018975,0.0,BBDC4,01-12-2024
11.5600004196167,12.449999809265137,11.0600004196167,12.09000015258789,843651500,11.224861145019531,0.018975,0.0,BBDC4,01-01-2025
12.09000015258789,12.579999923706055,11.210000038146973,11.239999771118164,967317200,10.725848197937012,0.018975,0.0,BBDC4,01-02-2025
11.239999771118164,13.289999961853027,11.239999771118164,12.670000076293945,747270600,12.10947322845459,0.395055,0.0,BBDC4,01-03-2025
12.449999809265137,13.75,11.819999694824219,13.729999542236328,680033900,13.144767761230469,0.018975,0.0,BBDC4,01-04-2025
13.670000076293945,16.350000381469727,12.949999809265137,16.200000762939453,980034700,15.8175630569458,0.018975,0.0,BBDC4,01-05-2025
16.31999969482422,16.950000762939453,15.550000190734863,16.829999923706055,650803700,16.455923080444336,0.018975,0.0,BBDC4,01-06-2025
16.579999923706055,16.8799991607666,15.270000457763672,15.529999732971191,624598600,15.202582359313965,0.197528,0.0,BBDC4,01-07-2025
15.710000038146973,16.93000030517578,15.510000228881836,16.829999923706055,617690600,16.7903995513916,0.018975,0.0,BBDC4,01-08-2025
16.84000015258789,17.459999084472656,16.280000686645508,16.8700008392334,182455500,16.850854873657227,0.018975,0.0,BBDC4,01-09-2025
16.969999313354492,17.209999084472656,16.920000076293945,17.049999237060547,36338300,17.049999237060547,0.018975,0.0,BBDC4,11-09-2025
6.920694828033447,7.898194789886475,6.850315093994141,7.108375072479248,811961970,5.069025993347168,0.0,0.0,ITSA4,01-10-2020
7.108375072479248,8.66455364227295,7.108375072479248,8.273554801940918,1067760972,5.899925708770752,0.0,0.0,ITSA4,01-11-2020
8.406495094299316,9.337074279785156,8.367395401000977,9.17285442352295,606939731,6.54122257232666,0.015571,0.0,ITSA4,01-12-2020
9.17285442352295,9.657693862915039,8.164074897766113,8.297015190124512,702635694,5.980439186096191,0.079142,0.0,ITSA4,01-01-2021
8.437774658203125,8.617633819580078,7.601035118103027,7.780895233154297,868456380,5.6191182136535645,0.016194,0.0,ITSA4,01-02-2021
7.898194789886475,8.28919506072998,7.288235187530518,8.070235252380371,932796955,5.828073024749756,0.015571,0.0,ITSA4,01-03-2021
8.085874557495117,8.156254768371582,7.827815055847168,7.866915225982666,686756402,5.711936950683594,0.012034,0.0,ITSA4,01-04-2021
7.929474830627441,8.578534126281738,7.726154804229736,8.492514610290527,790172319,6.1792120933532715,0.014855,0.0,ITSA4,01-05-2021
8.515974998474121,9.634234428405762,8.50815486907959,8.719293594360352,1000646097,6.354938983917236,0.016591,0.0,ITSA4,01-06-2021
8.719293594360352,9.102474212646484,8.531615257263184,8.734933853149414,619278739,6.378030300140381,0.014326,0.0,ITSA4,01-07-2021
8.89133358001709,9.180673599243164,8.62545394897461,9.03991413116455,796415032,6.60072135925293,0.015571,0.0,ITSA4,01-08-2021
9.03209400177002,9.165034294128418,8.257914543151855,8.711474418640137,1173411673,6.381514549255371,0.029072,0.0,ITSA4,01-09-2021
8.789673805236816,8.977354049682617,7.952935218811035,8.015495300292969,861944611,5.88181209564209,0.015571,0.0,ITSA4,01-10-2021
8.06241512298584,8.398674964904785,7.47591495513916,7.561934947967529,744858354,5.548985958099365,0.120461,0.0,ITSA4,01-11-2021
7.624495029449463,7.890375137329102,7.266729831695557,7.332417964935303,622824078,5.465262413024902,0.018319,1.05,ITSA4,01-12-2021
7.406317234039307,8.424481391906738,7.324206829071045,8.36700439453125,730770237,6.266897678375244,0.018319,0.0,ITSA4,01-01-2022
8.350582122802734,8.777552604675293,7.9810872077941895,8.2274169921875,612814867,6.248126983642578,0.109006,0.0,ITSA4,01-02-2022
8.2274169921875,9.03209400177002,7.734756946563721,8.82681941986084,656468161,6.703328609466553,0.09268,0.0,ITSA4,01-03-2022
8.87608528137207,8.941773414611816,7.554114818572998,7.562325954437256,527566125,5.8030195236206055,0.0,0.0,ITSA4,01-04-2022
7.562325954437256,7.915399074554443,7.1435651779174805,7.8743438720703125,764175933,6.042448997497559,0.0,0.0,ITSA4,01-05-2022
7.866133213043213,7.890766143798828,6.823337078094482,6.847969055175781,495920386,5.2548508644104,0.019235,0.0,ITSA4,01-06-2022
6.806914806365967,7.192831039428711,6.535952091217041,7.086088180541992,437225796,5.450890064239502,0.0,0.0,ITSA4,01-07-2022
7.10250997543335,7.849710941314697,6.938290119171143,7.513060092926025,566301381,5.779333114624023,0.048805,0.0,ITSA4,01-08-2022
7.521271228790283,8.252050399780273,7.357050895690918,7.989297866821289,580372390,6.184365749359131,0.019235,0.0,ITSA4,01-09-2022
8.128885269165039,8.982828140258789,8.112462997436523,8.818608283996582,618813286,6.843841075897217,0.0,0.0,ITSA4,01-10-2022
8.78576374053955,9.015671730041504,7.722439765930176,8.020500183105469,771378203,6.224455833435059,0.046348,1.1,ITSA4,01-11-2022
7.894050121307373,8.002434730529785,6.972776889801025,7.686312198638916,586732876,5.9996562004089355,0.021159,0.0,ITSA4,01-12-2022
7.623086929321289,7.957274913787842,7.334060192108154,7.704376220703125,461079853,6.165712356567383,0.166811,0.0,ITSA4,01-01-2023
7.695343971252441,8.074691772460938,7.306963920593262,7.433413028717041,444088779,5.948862552642822,0.0,0.0,ITSA4,01-02-2023
7.433413028717041,7.550830841064453,6.909552097320557,7.424380779266357,643383739,5.9416351318359375,0.021159,0.0,ITSA4,01-03-2023
7.379220962524414,7.894050121307373,7.234706878662109,7.839858055114746,377097341,6.354910373687744,0.069512,0.0,ITSA4,01-04-2023
7.839858055114746,8.273398399353027,7.505670070648193,7.930179119110107,521285490,6.428123474121094,0.0,0.0,ITSA4,01-05-2023
7.939210891723633,8.986933708190918,7.894050121307373,8.706938743591309,532188383,7.057756423950195,0.021159,0.0,ITSA4,01-06-2023
8.761131286621094,9.113383293151855,8.553393363952637,8.86951732635498,489507809,7.293806552886963,0.102875,0.0,ITSA4,01-07-2023
8.824356079101562,9.05015754699707,8.344671249389648,8.380951881408691,653929172,6.927918434143066,0.046312,0.0,ITSA4,01-08-2023
8.371882438659668,8.598638534545898,7.98185920715332,8.208616256713867,422503018,6.802522659301758,0.021248,0.0,ITSA4,01-09-2023
8.199545860290527,8.308389663696289,7.791382789611816,7.836733818054199,472803148,6.577265739440918,0.105206,0.0,ITSA4,01-10-2023
7.854875087738037,9.333333015441895,7.818593978881836,9.285714149475098,491864414,7.839048385620117,0.046507,1.05,ITSA4,01-11-2023
9.266666412353516,9.90476131439209,9.152379989624023,9.876190185546875,412708275,8.337533950805664,0.022311,0.0,ITSA4,01-12-2023
9.876190185546875,9.876190185546875,9.36190414428711,9.523809432983398,420176400,8.122742652893066,0.075288,0.0,ITSA4,01-01-2024
9.523809432983398,10.419047355651855,9.35237979888916,9.80952262878418,456439305,8.366421699523926,0.284937,0.0,ITSA4,01-02-2024
9.80952262878418,10.276189804077148,9.723809242248535,10.0,343635915,8.773042678833008,0.022311,0.0,ITSA4,01-03-2024
10.0,10.047618865966797,8.980952262878418,9.104761123657227,418767930,8.058939933776855,0.066375,0.0,ITSA4,01-04-2024
9.104761123657227,9.876190185546875,9.104761123657227,9.266666412353516,526937565,8.202247619628906,0.0,0.0,ITSA4,01-05-2024
9.276189804077148,9.523809432983398,9.05714225769043,9.35237979888916,482985930,8.278116226196289,0.022311,0.0,ITSA4,01-06-2024
9.333333015441895,9.923809051513672,9.257142066955566,9.685713768005371,446135025,8.677247047424316,0.089701,0.0,ITSA4,01-07-2024
9.685713768005371,10.638094902038574,9.180952072143555,10.438095092773438,563047695,9.351292610168457,0.0,0.0,ITSA4,01-08-2024
10.457141876220703,10.771428108215332,10.314285278320312,10.54285717010498,556372005,9.445146560668945,0.022311,0.0,ITSA4,01-09-2024
10.561903953552246,10.600000381469727,9.923809051513672,10.104761123657227,491712165,9.111468315124512,0.045893,0.0,ITSA4,01-10-2024
10.123808860778809,10.580951690673828,9.123808860778809,9.285714149475098,522894330,8.372933387756348,0.0,0.0,ITSA4,01-11-2024
9.276189804077148,9.680000305175781,8.6899995803833,8.829999923706055,669653940,7.9620161056518555,0.022311,1.05,ITSA4,01-12-2024
8.829999923706055,9.640000343322754,8.520000457763672,9.529999732971191,570037900,8.666341781616211,0.057846,0.0,ITSA4,01-01-2025
9.449999809265137,9.946242332458496,8.779999732971191,8.789999961853027,622536859,7.993403434753418,0.60149,0.0,ITSA4,01-02-2025
8.789999961853027,9.850000381469727,8.779999732971191,9.449999809265137,702080700,9.152689933776855,0.047059,0.0,ITSA4,01-03-2025
9.460000038146973,10.739999771118164,9.15999984741211,10.699999809265137,648752800,10.419143676757812,0.0,0.0,ITSA4,01-04-2025
10.699999809265137,11.430000305175781,10.359999656677246,11.069999694824219,701660800,10.779431343078613,0.0,0.0,ITSA4,01-05-2025
11.119999885559082,11.149999618530273,10.569999694824219,10.949999809265137,519126700,10.662581443786621,0.02353,0.0,ITSA4,01-06-2025
10.970000267028809,11.149999618530273,10.15999984741211,10.350000381469727,458551300,10.155319213867188,0.0591,0.0,ITSA4,01-07-2025
10.449999809265137,11.359999656677246,10.239999771118164,11.220000267028809,498056900,11.008954048156738,0.1859,0.0,ITSA4,01-08-2025
11.229999542236328,11.359999656677246,10.880000114440918,11.079999923706055,139800900,11.056763648986816,0.02353,0.0,ITSA4,01-09-2025
11.100000381469727,11.329999923706055,11.079999923706055,11.15999984741211,12290200,11.15999984741211,0.0,0.0,ITSA4,11-09-2025
20.5,23.909090042114258,20.16363525390625,21.3454532623291,847419320,16.36936378479004,0.013636,0.0,ITUB4,01-10-2020
21.3454532623291,27.436363220214844,21.3454532623291,25.96363639831543,1070420450,19.92422103881836,0.013636,0.0,ITUB4,01-11-2020
26.409090042114258,29.4818172454834,26.30908966064453,28.754545211791992,644830120,22.080039978027344,0.013636,0.0,ITUB4,01-12-2020
28.754545211791992,30.399999618530273,25.327272415161133,25.763635635375977,784930850,19.833982467651367,0.058145,0.0,ITUB4,01-01-2021
26.363636016845703,26.745454788208008,23.190908432006836,23.227272033691406,906687870,17.920576095581055,0.013636,0.0,ITUB4,01-02-2021
23.545454025268555,26.10909080505371,21.745454788208008,25.42727279663086,1050827140,19.739885330200195,0.0456,0.0,ITUB4,01-03-2021
25.57272720336914,25.77272605895996,24.09090805053711,25.027271270751953,606875940,19.4764347076416,0.013636,0.0,ITUB4,01-04-2021
25.18181800842285,27.209089279174805,24.10909080505371,26.85454559326172,788950690,20.95333480834961,0.133625,0.0,ITUB4,01-05-2021
27.12727165222168,31.218181610107422,27.063636779785156,27.09090805053711,966310840,21.184463500976562,0.013636,0.0,ITUB4,01-06-2021
27.081817626953125,28.381818771362305,26.009090423583984,27.545454025268555,678972910,21.550853729248047,0.046036,0.0,ITUB4,01-07-2021
28.0,28.64545440673828,26.545454025268555,28.12727165222168,846220980,22.017135620117188,0.013636,0.0,ITUB4,01-08-2021
28.23636245727539,28.754545211791992,24.418180465698242,26.299999237060547,958562000,20.666717529296875,0.051345,0.0,ITUB4,01-09-2021
26.472726821899414,27.154544830322266,20.827272415161133,21.190908432006836,983744410,16.660036087036133,0.013636,0.0,ITUB4,01-10-2021
21.55454444885254,22.60909080505371,19.89090919494629,20.3454532623291,941611990,16.003650665283203,0.044309,0.0,ITUB4,01-11-2021
20.509090423583984,21.60909080505371,19.009090423583984,19.045454025268555,646023620,15.172589302062988,0.013636,0.0,ITUB4,01-12-2021
19.245454788208008,23.190908432006836,19.172727584838867,23.027271270751953,886135250,18.35918426513672,0.013636,0.0,ITUB4,01-01-2022
22.990909576416016,24.545454025268555,22.12727165222168,23.154544830322266,918450720,18.476215362548828,0.013636,0.0,ITUB4,01-02-2022
23.154544830322266,25.527271270751953,21.62727165222168,24.9818172454834,934867450,19.958879470825195,0.0944,0.0,ITUB4,01-03-2022
25.18181800842285,25.3454532623291,21.700000762939453,21.700000762939453,656347560,17.348941802978516,0.013636,0.0,ITUB4,01-04-2022
21.700000762939453,24.03636360168457,20.818180084228516,23.781818389892578,931565250,19.025545120239258,0.013636,0.0,ITUB4,01-05-2022
23.899999618530273,23.92727279663086,20.4818172454834,20.60909080505371,702451090,16.499553680419922,0.016045,0.0,ITUB4,01-06-2022
20.290908813476562,21.799999237060547,19.672727584838867,21.472726821899414,630411980,17.202579498291016,0.240501,0.0,ITUB4,01-07-2022
21.68181800842285,25.01818084716797,21.12727165222168,23.46363639831543,858843700,18.81222152709961,0.016045,0.0,ITUB4,01-08-2022
23.690908432006836,26.363636016845703,23.218181610107422,25.509090423583984,870147410,20.700138092041016,0.016045,0.0,ITUB4,01-09-2022
26.172727584838867,28.436363220214844,25.77272605895996,27.636362075805664,988468580,22.441722869873047,0.016045,0.0,ITUB4,01-10-2022
28.18181800842285,28.445453643798828,22.654544830322266,23.636362075805664,1193148550,19.205657958984375,0.012418,0.0,ITUB4,01-11-2022
23.281818389892578,24.227272033691406,20.563636779785156,22.727272033691406,969935340,18.477706909179688,0.016045,0.0,ITUB4,01-12-2022
22.209089279174805,24.254545211791992,21.66363525390625,23.027271270751953,797352160,19.10512924194336,0.016045,0.0,ITUB4,01-01-2023
22.899999618530273,24.68181800842285,22.05454444885254,23.118181228637695,726858110,19.194107055664062,0.016045,0.0,ITUB4,01-02-2023
23.01818084716797,23.045454025268555,20.672727584838867,22.490909576416016,974724960,18.68632698059082,0.016045,0.0,ITUB4,01-03-2023
22.436363220214844,23.85454559326172,21.64545440673828,23.563636779785156,535093680,19.815448760986328,0.016045,0.0,ITUB4,01-04-2023
23.563636779785156,25.23636245727539,22.290908813476562,23.936363220214844,778296750,20.14325714111328,0.016045,0.0,ITUB4,01-05-2023
24.063636779785156,26.51818084716797,23.918180465698242,25.836362838745117,655661710,21.75698471069336,0.278636,0.0,ITUB4,01-06-2023
25.945453643798828,26.781818389892578,25.18181800842285,26.03636360168457,574517460,22.143173217773438,0.016045,0.0,ITUB4,01-07-2023
25.754545211791992,26.4818172454834,24.12727165222168,24.936363220214844,712857860,21.220827102661133,0.016045,0.0,ITUB4,01-08-2023
24.96363639831543,25.490909576416016,23.96363639831543,24.73636245727539,483594430,21.06361198425293,0.016045,0.0,ITUB4,01-09-2023
24.672727584838867,25.718181610107422,24.136362075805664,24.381818771362305,556532240,20.980453491210938,0.016045,0.0,ITUB4,01-10-2023
24.454544067382812,28.781818389892578,24.418180465698242,28.718181610107422,620112240,24.727914810180664,0.441982,0.0,ITUB4,01-11-2023
28.68181800842285,30.881818771362305,28.299999237060547,30.881818771362305,512908000,26.60843849182129,0.016045,0.0,ITUB4,01-12-2023
30.881818771362305,30.881818771362305,29.063636779785156,29.799999237060547,515903850,25.89378547668457,0.016045,0.0,ITUB4,01-01-2024
29.799999237060547,32.68181610107422,29.263635635375977,30.85454559326172,615216690,26.82403564453125,0.016045,0.0,ITUB4,01-02-2024
31.01818084716797,31.818180084228516,30.454544067382812,31.490909576416016,438002840,28.289106369018555,0.238182,0.0,ITUB4,01-03-2024
31.436363220214844,31.62727165222168,28.436363220214844,28.509090423583984,661262690,25.80495834350586,0.016045,0.0,ITUB4,01-04-2024
28.509090423583984,30.563636779785156,28.136362075805664,28.209089279174805,539822580,25.54642677307129,0.016045,0.0,ITUB4,01-05-2024
28.327272415161133,29.872726440429688,28.100000381469727,29.46363639831543,515446030,26.697587966918945,0.016045,0.0,ITUB4,01-06-2024
29.436363220214844,31.472726821899414,29.245454788208008,30.799999237060547,481288060,28.145763397216797,0.242091,0.0,ITUB4,01-07-2024
30.92727279663086,34.081817626953125,29.409090042114258,33.3636360168457,666104230,30.50509262084961,0.016045,0.0,ITUB4,01-08-2024
33.245452880859375,34.35454559326172,32.29090881347656,32.8272705078125,446570520,30.030323028564453,0.016045,0.0,ITUB4,01-09-2024
32.9636344909668,33.009090423583984,31.399999618530273,31.836362838745117,500016440,29.3568115234375,0.016045,0.0,ITUB4,01-10-2024
31.818180084228516,33.318180084228516,29.254545211791992,29.636362075805664,543752000,27.34151840209961,0.244818,0.0,ITUB4,01-11-2024
29.445453643798828,30.68181800842285,27.936363220214844,27.936363220214844,604572430,25.786155700683594,0.016045,0.0,ITUB4,01-12-2024
27.936363220214844,31.10909080505371,27.10909080505371,30.73636245727539,488437840,28.656848907470703,0.016045,0.0,ITUB4,01-01-2025
30.618181228637695,32.09090805053711,29.03636360168457,29.03636360168457,600889520,27.087417602539062,0.016045,0.0,ITUB4,01-02-2025
29.03636360168457,32.95000076293945,29.03636360168457,31.40999984741211,530952810,30.713768005371094,0.224764,1.1,ITUB4,01-03-2025
31.389999389648438,35.68000030517578,30.540000915527344,35.58000183105469,536336500,34.810577392578125,0.016045,0.0,ITUB4,01-04-2025
35.41999816894531,38.619998931884766,34.41999816894531,37.43000030517578,502892300,36.64115905761719,0.016045,0.0,ITUB4,01-05-2025
37.66999816894531,37.7599983215332,35.7400016784668,36.95000076293945,402271900,36.1892204284668,1.022841,0.0,ITUB4,01-06-2025
36.93000030517578,37.9900016784668,34.150001525878906,35.15999984741211,474950300,34.77156448364258,0.016045,0.0,ITUB4,01-07-2025
35.599998474121094,38.720001220703125,34.7400016784668,38.4900016784668,505964100,38.082969665527344,0.219818,0.0,ITUB4,01-08-2025
38.59000015258789,39.06999969482422,37.5099983215332,37.880001068115234,133266100,37.862632751464844,0.016045,0.0,ITUB4,01-09-2025
38.04999923706055,38.7400016784668,37.970001220703125,38.29999923706055,10324600,38.29999923706055,0.01765,0.0,ITUB4,11-09-2025
29.610000610351562,32.09000015258789,27.739999771118164,27.899999618530273,85250500,23.16035270690918,0.2929,,HYPE3,01-10-2020
27.899999618530273,32.380001068115234,27.030000686645508,32.11000061035156,96613800,26.90833282470703,0.0,,HYPE3,01-11-2020
32.279998779296875,35.040000915527344,30.989999771118164,34.25,61159100,28.701671600341797,0.29285,,HYPE3,01-12-2020
34.25,36.150001525878906,31.979999542236328,32.290000915527344,51635900,27.28816032409668,0.0,,HYPE3,01-01-2021
32.630001068115234,34.779998779296875,32.41999816894531,32.779998779296875,70498000,27.702247619628906,0.0,,HYPE3,01-02-2021
33.150001525878906,33.189998626708984,29.729999542236328,32.029998779296875,75323000,27.06843376159668,0.30881,,HYPE3,01-03-2021
32.189998626708984,36.38999938964844,31.760000228881836,34.65999984741211,60138200,29.57333755493164,0.0,,HYPE3,01-04-2021
34.2599983215332,36.77000045776367,33.06999969482422,36.400001525878906,58708200,31.0579776763916,0.0,,HYPE3,01-05-2021
36.709999084472656,37.529998779296875,34.029998779296875,34.470001220703125,57938300,29.411222457885742,0.0,,HYPE3,01-06-2021
34.099998474121094,36.849998474121094,33.54999923706055,35.650001525878906,60744700,30.418054580688477,0.30817,,HYPE3,01-07-2021
36.47999954223633,37.599998474121094,33.41999816894531,35.56999969482422,73778800,30.617080688476562,0.0,,HYPE3,01-08-2021
35.29999923706055,36.529998779296875,31.309999465942383,32.13999938964844,59792400,27.66468620300293,0.30808,,HYPE3,01-09-2021
32.119998931884766,32.599998474121094,27.540000915527344,28.059999465942383,79138500,24.38517951965332,0.0,,HYPE3,01-10-2021
28.3799991607666,30.06999969482422,26.719999313354492,27.1200008392334,63145600,23.568279266357422,0.0,,HYPE3,01-11-2021
27.5,30.200000762939453,26.790000915527344,28.290000915527344,56723900,24.58505630493164,0.30881,,HYPE3,01-12-2021
28.25,31.25,26.25,31.110000610351562,73484200,27.32622528076172,0.0,,HYPE3,01-01-2022
31.280000686645508,34.56999969482422,30.440000534057617,33.5,61403300,29.425539016723633,0.0,,HYPE3,01-02-2022
33.5,39.81999969482422,31.420000076293945,38.709999084472656,92965900,34.00186538696289,0.30881,,HYPE3,01-03-2022
38.95000076293945,40.38999938964844,36.529998779296875,37.41999816894531,95102700,33.1355094909668,0.0,,HYPE3,01-04-2022
37.689998626708984,41.16999816894531,34.790000915527344,38.790000915527344,84207900,34.34865951538086,0.0,,HYPE3,01-05-2022
40.58000183105469,42.91999816894531,36.369998931884766,38.040000915527344,92032600,33.684532165527344,0.30776,,HYPE3,01-06-2022
37.560001373291016,42.70000076293945,36.43000030517578,42.59000015258789,61677300,38.01517105102539,0.0,,HYPE3,01-07-2022
42.54999923706055,44.29999923706055,40.689998626708984,43.06999969482422,57947900,38.44361877441406,0.0,,HYPE3,01-08-2022
42.97999954223633,46.0099983215332,41.75,44.25,70866100,39.49687194824219,0.30767,,HYPE3,01-09-2022
45.63999938964844,51.11000061035156,44.560001373291016,50.810001373291016,77248900,45.66926193237305,0.0,,HYPE3,01-10-2022
50.27000045776367,50.93000030517578,43.06999969482422,44.439998626708984,84586900,39.943748474121094,0.0,,HYPE3,01-11-2022
43.91999816894531,46.5099983215332,40.54999923706055,45.20000076293945,67135700,40.62685775756836,0.30773,,HYPE3,01-12-2022
44.70000076293945,46.689998626708984,41.279998779296875,46.400001525878906,80993800,41.994686126708984,0.0,,HYPE3,01-01-2023
46.5,47.02000045776367,41.470001220703125,41.650001525878906,78738500,37.695655822753906,0.0,,HYPE3,01-02-2023
43.459999084472656,43.459999084472656,37.400001525878906,37.70000076293945,90654900,34.12067413330078,0.30791,,HYPE3,01-03-2023
37.65999984741211,38.91999816894531,35.400001525878906,37.25,99893100,33.9707145690918,0.0,,HYPE3,01-04-2023
37.25,41.7599983215332,36.279998779296875,40.81999969482422,75162700,37.22643280029297,0.0,,HYPE3,01-05-2023
40.290000915527344,46.599998474121094,40.279998779296875,46.0099983215332,107468500,41.95953369140625,0.0,,HYPE3,01-06-2023
46.529998779296875,46.84000015258789,43.099998474121094,43.2599983215332,49667400,39.45163345336914,0.30793,,HYPE3,01-07-2023
43.380001068115234,45.209999084472656,38.400001525878906,38.9900016784668,70274400,35.794437408447266,0.0,,HYPE3,01-08-2023
39.209999084472656,40.619998931884766,36.029998779296875,37.13999938964844,61242600,34.096046447753906,0.30786,,HYPE3,01-09-2023
36.47999954223633,36.88999938964844,29.610000610351562,30.290000915527344,79723400,28.043548583984375,0.0,,HYPE3,01-10-2023
30.530000686645508,35.279998779296875,30.229999542236328,33.779998779296875,68083800,31.27471351623535,0.0,,HYPE3,01-11-2023
33.83000183105469,37.18000030517578,33.290000915527344,35.75,45750700,33.098609924316406,0.30774,,HYPE3,01-12-2023
35.75,36.34000015258789,30.65999984741211,31.729999542236328,61229500,29.630250930786133,0.0,,HYPE3,01-01-2024
31.6299991607666,34.61000061035156,30.850000381469727,32.880001068115234,55576700,30.70414924621582,0.09725,,HYPE3,01-02-2024
32.95000076293945,34.95000076293945,32.0,32.93000030517578,58557300,30.844669342041016,0.09722,,HYPE3,01-03-2024
33.060001373291016,33.060001373291016,27.110000610351562,29.520000457763672,90522100,27.728076934814453,0.09724,,HYPE3,01-04-2024
30.190000534057617,31.059999465942383,26.719999313354492,27.149999618530273,73830100,25.58746910095215,0.09735,,HYPE3,01-05-2024
27.110000610351562,29.860000610351562,27.110000610351562,28.700000762939453,62247200,27.136058807373047,0.09767,,HYPE3,01-06-2024
28.229999542236328,29.65999984741211,27.3799991607666,28.799999237060547,102409500,27.322467803955078,0.09767,,HYPE3,01-07-2024
28.760000228881836,32.36000061035156,27.600000381469727,28.540000915527344,74270900,27.17058753967285,0.0,,HYPE3,01-08-2024
28.540000915527344,29.959999084472656,25.989999771118164,26.229999542236328,74462300,24.971424102783203,0.19534,,HYPE3,01-09-2024
26.3700008392334,28.59000015258789,21.209999084472656,22.100000381469727,225411900,21.19234848022461,0.0,,HYPE3,01-10-2024
22.299999237060547,23.149999618530273,19.170000076293945,19.520000457763672,106794200,18.718313217163086,0.0,,HYPE3,01-11-2024
19.489999771118164,20.049999237060547,16.6200008392334,18.09000015258789,104442500,17.3470401763916,0.29081,,HYPE3,01-12-2024
18.09000015258789,19.020000457763672,17.610000610351562,18.280000686645508,90729300,17.816606521606445,0.0,,HYPE3,01-01-2025
18.280000686645508,20.700000762939453,18.09000015258789,19.049999237060547,170699600,18.567087173461914,0.0,,HYPE3,01-02-2025
19.049999237060547,21.059999465942383,18.31999969482422,19.3700008392334,80506000,18.87897491455078,0.2925,,HYPE3,01-03-2025
19.18000030517578,24.440000534057617,19.059999465942383,24.1200008392334,68738300,23.862327575683594,0.0,,HYPE3,01-04-2025
24.1200008392334,26.25,22.420000076293945,25.399999618530273,63680000,25.128650665283203,0.0,,HYPE3,01-05-2025
25.489999771118164,28.8700008392334,25.020000457763672,27.190000534057617,70192400,26.8995304107666,0.2925,,HYPE3,01-06-2025
27.34000015258789,28.350000381469727,25.200000762939453,25.709999084472656,55669200,25.709999084472656,0.0,,HYPE3,01-07-2025
26.149999618530273,26.399999618530273,22.360000610351562,24.399999618530273,69180800,24.399999618530273,0.0,,HYPE3,01-08-2025
24.43000030517578,24.700000762939453,22.850000381469727,23.5,15503000,23.5,0.0,,HYPE3,01-09-2025
23.649999618530273,24.139999389648438,23.510000228881836,23.90999984741211,1181200,23.90999984741211,0.0,,HYPE3,11-09-2025
18.44333267211914,19.5,16.793333053588867,17.016666412353516,774945000,14.564712524414062,0.265538,0.0,B3SA3,01-10-2020
17.016666412353516,19.433332443237305,16.85333251953125,18.709999084472656,943158900,16.014053344726562,0.0,0.0,B3SA3,01-11-2020
18.933332443237305,20.726665496826172,18.286666870117188,20.65999984741211,701029500,17.683073043823242,0.0,0.0,B3SA3,01-12-2020
20.65999984741211,21.280000686645508,18.93666648864746,19.933332443237305,655000500,17.061115264892578,0.1858,0.0,B3SA3,01-01-2021
20.133333206176758,21.366666793823242,17.976665496826172,18.100000381469727,813786000,15.632536888122559,0.0,0.0,B3SA3,01-02-2021
18.31999969482422,19.15333366394043,17.233333587646484,18.206666946411133,1277705100,15.724663734436035,0.131045,0.0,B3SA3,01-03-2021
18.333332061767578,18.933332443237305,17.133333206176758,17.16666603088379,671083500,14.967323303222656,0.038161,0.0,B3SA3,01-04-2021
17.336666107177734,18.020000457763672,16.706666946411133,17.540000915527344,780134200,15.292829513549805,0.0,3.0,B3SA3,01-05-2021
17.700000762939453,17.959999084472656,15.710000038146973,16.81999969482422,1259503600,14.665070533752441,0.214651,3.0,B3SA3,01-06-2021
16.700000762939453,17.25,15.25,15.25,671461400,13.465845108032227,0.0,0.0,B3SA3,01-07-2021
15.5,16.280000686645508,13.399999618530273,14.069999694824219,817255100,12.423896789550781,0.0,0.0,B3SA3,01-08-2021
14.199999809265137,14.550000190734863,12.5600004196167,12.739999771118164,1059358600,11.249499320983887,0.0,0.0,B3SA3,01-09-2021
12.8100004196167,13.390000343322754,11.720000267028809,11.90999984741211,1152584600,10.516603469848633,0.0,0.0,B3SA3,01-10-2021
11.949999809265137,13.390000343322754,10.960000038146973,11.109999656677246,744607800,9.810199737548828,0.0,0.0,B3SA3,01-11-2021
11.289999961853027,12.619999885559082,10.989999771118164,11.180000305175781,709163600,9.872011184692383,0.149451,0.0,B3SA3,01-12-2021
11.1899995803833,14.8100004196167,10.579999923706055,14.619999885559082,1132456100,13.074023246765137,0.049777,0.0,B3SA3,01-01-2022
14.619999885559082,15.130000114440918,13.350000381469727,14.579999923706055,685100100,13.096774101257324,0.0,0.0,B3SA3,01-02-2022
14.579999923706055,15.819999694824219,12.800000190734863,15.710000038146973,923316500,14.111817359924316,0.181475,0.0,B3SA3,01-03-2022
15.789999961853027,16.329999923706055,13.270000457763672,13.300000190734863,786201700,12.094389915466309,0.0,0.0,B3SA3,01-04-2022
13.239999771118164,13.529999732971191,11.180000305175781,12.770000457763672,981441100,11.612434387207031,0.0,0.0,B3SA3,01-05-2022
12.770000457763672,12.989999771118164,10.619999885559082,10.960000038146973,578957700,9.96650505065918,0.130776,0.0,B3SA3,01-06-2022
10.75,11.529999732971191,9.710000038146973,11.09000015258789,850417300,10.203116416931152,0.0,0.0,B3SA3,01-07-2022
11.020000457763672,13.279999732971191,10.670000076293945,11.850000381469727,776471300,10.902339935302734,0.0,0.0,B3SA3,01-08-2022
11.760000228881836,13.819999694824219,11.65999984741211,13.050000190734863,938088200,12.006373405456543,0.082875,0.0,B3SA3,01-09-2022
14.09000015258789,15.15999984741211,13.109999656677246,15.039999961853027,1073902700,13.923084259033203,0.0,0.0,B3SA3,01-10-2022
15.020000457763672,15.979999542236328,11.279999732971191,12.729999542236328,1454771300,11.784628868103027,0.0,0.0,B3SA3,01-11-2022
12.529999732971191,13.649999618530273,10.979999542236328,13.210000038146973,1057311500,12.228984832763672,0.024203,0.0,B3SA3,01-12-2022
12.789999961853027,13.649999618530273,11.640000343322754,12.960000038146973,791811900,12.02116584777832,0.063981,0.0,B3SA3,01-01-2023
12.989999771118164,13.289999961853027,10.260000228881836,10.550000190734863,850062100,9.8333740234375,0.036728,0.0,B3SA3,01-02-2023
10.619999885559082,11.960000038146973,10.130000114440918,10.350000381469727,1399910600,9.679939270019531,0.06023,0.0,B3SA3,01-03-2023
10.350000381469727,12.300000190734863,10.1899995803833,11.680000305175781,731157400,10.98579216003418,0.0,0.0,B3SA3,01-04-2023
11.680000305175781,13.829999923706055,11.25,13.319999694824219,917229200,12.528314590454102,0.0,0.0,B3SA3,01-05-2023
13.449999809265137,15.34000015258789,13.380000114440918,14.609999656677246,910075800,13.741643905639648,0.115354,0.0,B3SA3,01-06-2023
14.649999618530273,15.520000457763672,13.539999961853027,14.899999618530273,586924600,14.130339622497559,0.0,0.0,B3SA3,01-07-2023
14.789999961853027,15.319999694824219,12.84000015258789,12.930000305175781,643915700,12.262099266052246,0.0,0.0,B3SA3,01-08-2023
12.859999656677246,13.430000305175781,11.880000114440918,12.289999961853027,639040700,11.655157089233398,0.10571,0.0,B3SA3,01-09-2023
12.180000305175781,12.270000457763672,10.949999809265137,11.100000381469727,896415300,10.615760803222656,0.0,0.0,B3SA3,01-10-2023
11.140000343322754,13.449999809265137,11.130000114440918,13.300000190734863,730074600,12.719785690307617,0.0,0.0,B3SA3,01-11-2023
13.329999923706055,15.130000114440918,13.149999618530273,14.550000190734863,669951700,13.915254592895508,0.0,0.0,B3SA3,01-12-2023
14.550000190734863,14.550000190734863,12.930000305175781,13.09000015258789,641148100,12.51894760131836,0.100519,0.0,B3SA3,01-01-2024
13.109999656677246,13.5,12.109999656677246,12.829999923706055,797548200,12.355650901794434,0.0669,0.0,B3SA3,01-02-2024
12.520000457763672,12.960000038146973,11.779999732971191,11.989999771118164,816643000,11.607611656188965,0.052453,0.0,B3SA3,01-03-2024
12.0600004196167,12.40999984741211,10.569999694824219,10.789999961853027,1056254700,10.492130279541016,0.0,0.0,B3SA3,01-04-2024
10.789999961853027,11.770000457763672,10.699999809265137,10.699999809265137,1096803900,10.404614448547363,0.0,0.0,B3SA3,01-05-2024
10.739999771118164,11.149999618530273,10.050000190734863,10.239999771118164,758661500,9.957313537597656,0.086087,0.0,B3SA3,01-06-2024
10.229999542236328,11.6899995803833,10.1899995803833,10.850000381469727,779388600,10.636777877807617,0.0,0.0,B3SA3,01-07-2024
10.869999885559082,13.020000457763672,10.430000305175781,12.680000305175781,959860800,12.430814743041992,0.0,0.0,B3SA3,01-08-2024
12.59000015258789,12.770000457763672,10.59000015258789,10.710000038146973,1150418600,10.499528884887695,0.095661,0.0,B3SA3,01-09-2024
10.859999656677246,11.010000228881836,10.460000038146973,10.619999885559082,818692300,10.50058650970459,0.0,0.0,B3SA3,01-10-2024
10.649999618530273,11.010000228881836,8.989999771118164,9.260000228881836,1147366000,9.155878067016602,0.0,0.0,B3SA3,01-11-2024
9.199999809265137,10.619999885559082,9.140000343322754,10.319999694824219,1321525200,10.203959465026855,0.0,0.0,B3SA3,01-12-2024
10.319999694824219,11.3100004196167,9.710000038146973,11.1899995803833,949045000,11.064176559448242,0.064034,0.0,B3SA3,01-01-2025
11.199999809265137,11.729999542236328,10.34000015258789,10.399999618530273,883536200,10.347262382507324,0.0,0.0,B3SA3,01-02-2025
10.399999618530273,12.899999618530273,10.170000076293945,12.140000343322754,963794400,12.078439712524414,0.062828,0.0,B3SA3,01-03-2025
12.010000228881836,13.680000305175781,11.600000381469727,13.489999771118164,805445400,13.489999771118164,0.0,0.0,B3SA3,01-04-2025
13.489999771118164,15.109999656677246,12.949999809265137,13.949999809265137,1032257700,13.949999809265137,0.0,0.0,B3SA3,01-05-2025
14.15999984741211,14.600000381469727,12.699999809265137,14.579999923706055,818497200,14.579999923706055,0.0,0.0,B3SA3,01-06-2025
14.630000114440918,14.850000381469727,12.489999771118164,12.579999923706055,713912600,12.579999923706055,0.0,0.0,B3SA3,01-07-2025
12.710000038146973,13.380000114440918,12.119999885559082,12.979999542236328,603388200,12.979999542236328,0.0,0.0,B3SA3,01-08-2025
12.949999809265137,13.640000343322754,12.630000114440918,12.970000267028809,163908100,12.970000267028809,0.0,0.0,B3SA3,01-09-2025
13.079999923706055,13.329999923706055,12.989999771118164,13.100000381469727,21042000,13.100000381469727,0.0,0.0,B3SA3,11-09-2025
11.890000343322754,11.9399995803833,9.880000114440918,9.970000267028809,143636300,8.112025260925293,0.0,,BEEF3,01-10-2020
9.970000267028809,10.59000015258789,9.75,10.029999732971191,195250500,8.160842895507812,0.228287,,BEEF3,01-11-2020
10.15999984741211,10.789999961853027,9.5600004196167,10.180000305175781,193069100,8.468786239624023,0.0,,BEEF3,01-12-2020
10.180000305175781,10.319999694824219,8.989999771118164,9.279999732971191,155241900,7.7200703620910645,0.037837,,BEEF3,01-01-2021
9.420000076293945,10.119999885559082,9.010000228881836,9.699999809265137,170172900,8.099575996398926,0.0,,BEEF3,01-02-2021
9.920000076293945,10.619999885559082,9.3100004196167,10.199999809265137,240157500,8.517080307006836,0.0,,BEEF3,01-03-2021
10.220000267028809,11.369999885559082,9.65999984741211,9.680000305175781,244077700,8.08287525177002,0.646184,,BEEF3,01-04-2021
9.729999542236328,10.579999923706055,9.359999656677246,9.90999984741211,182207900,8.801021575927734,0.0,,BEEF3,01-05-2021
9.949999809265137,10.359999656677246,9.3100004196167,9.369999885559082,152039500,8.321450233459473,0.0,,BEEF3,01-06-2021
9.399999618530273,9.6899995803833,8.920000076293945,8.970000267028809,118788000,7.966212749481201,0.0,,BEEF3,01-07-2021
9.010000228881836,9.9399995803833,7.909999847412109,8.359999656677246,192028600,7.424473762512207,0.0,,BEEF3,01-08-2021
8.3100004196167,10.970000267028809,7.659999847412109,10.449999809265137,238695200,9.280592918395996,0.0,,BEEF3,01-09-2021
10.390000343322754,11.289999961853027,8.850000381469727,9.739999771118164,186819400,8.650045394897461,0.0,,BEEF3,01-10-2021
9.84000015258789,10.729999542236328,8.359999656677246,8.579999923706055,153542200,7.619854927062988,0.308869,,BEEF3,01-11-2021
8.680000305175781,10.739999771118164,8.399999618530273,10.550000190734863,155550700,9.659341812133789,0.0,,BEEF3,01-12-2021
10.619999885559082,10.649999618530273,9.390000343322754,9.539999961853027,119085800,8.734607696533203,0.0,,BEEF3,01-01-2022
9.539999961853027,10.989999771118164,8.75,10.8100004196167,162762000,9.897391319274902,0.0,,BEEF3,01-02-2022
10.8100004196167,12.800000190734863,10.619999885559082,12.65999984741211,153029700,11.591209411621094,0.0,,BEEF3,01-03-2022
12.710000038146973,14.300000190734863,12.5,13.130000114440918,120254800,12.021531105041504,0.303103,,BEEF3,01-04-2022
13.420000076293945,14.460000038146973,11.75,14.220000267028809,177539700,13.320822715759277,0.0,,BEEF3,01-05-2022
14.09000015258789,14.569999694824219,12.460000038146973,13.270000457763672,132020200,12.43089485168457,0.0,,BEEF3,01-06-2022
13.199999809265137,14.729999542236328,12.800000190734863,13.100000381469727,102627100,12.27164363861084,0.0,,BEEF3,01-07-2022
13.010000228881836,16.40999984741211,12.359999656677246,15.449999809265137,156085500,14.473045349121094,0.1941,,BEEF3,01-08-2022
15.1899995803833,15.760000228881836,12.470000267028809,12.539999961853027,161366900,11.906659126281738,0.0,,BEEF3,01-09-2022
12.819999694824219,14.569999694824219,12.149999618530273,13.680000305175781,151645000,12.989083290100098,0.0,,BEEF3,01-10-2022
13.789999961853027,15.40999984741211,12.199999809265137,12.5,136407500,11.868680000305176,0.0,,BEEF3,01-11-2022
12.460000038146973,13.40999984741211,11.229999542236328,12.960000038146973,148514800,12.30544662475586,0.0,,BEEF3,01-12-2022
12.90999984741211,15.619999885559082,12.300000190734863,13.989999771118164,158266100,13.283426284790039,0.0,,BEEF3,01-01-2023
14.0,14.149999618530273,10.850000381469727,11.329999923706055,170637800,10.757771492004395,0.0,,BEEF3,01-02-2023
11.289999961853027,12.329999923706055,10.460000038146973,10.539999961853027,236769300,10.007671356201172,0.0,,BEEF3,01-03-2023
10.539999961853027,10.5600004196167,8.069999694824219,8.550000190734863,244275200,8.11817741394043,0.315763,,BEEF3,01-04-2023
8.550000190734863,10.829999923706055,8.0,10.220000267028809,256620900,10.052255630493164,0.0,,BEEF3,01-05-2023
10.279999732971191,11.550000190734863,9.800000190734863,10.630000114440918,234734100,10.455526351928711,0.0,,BEEF3,01-06-2023
10.699999809265137,10.729999542236328,9.239999771118164,10.09000015258789,170649000,9.924389839172363,0.0,,BEEF3,01-07-2023
10.130000114440918,11.34000015258789,8.34000015258789,8.399999618530273,301895800,8.262127876281738,0.172012,,BEEF3,01-08-2023
8.430000305175781,9.119999885559082,8.010000228881836,8.09000015258789,222950700,8.09000015258789,0.0,,BEEF3,01-09-2023
8.100000381469727,8.329999923706055,7.309999942779541,7.570000171661377,169736700,7.570000171661377,0.0,,BEEF3,01-10-2023
7.559999942779541,8.170000076293945,6.809999942779541,7.260000228881836,386762100,7.260000228881836,0.0,,BEEF3,01-11-2023
7.289999961853027,7.670000076293945,7.110000133514404,7.46999979019165,202521500,7.46999979019165,0.0,,BEEF3,01-12-2023
7.46999979019165,7.46999979019165,6.670000076293945,6.849999904632568,233121300,6.849999904632568,0.0,,BEEF3,01-01-2024
6.869999885559082,6.929999828338623,6.329999923706055,6.809999942779541,181499700,6.809999942779541,0.0,,BEEF3,01-02-2024
6.820000171661377,7.28000020980835,6.449999809265137,6.75,201831000,6.75,0.0,,BEEF3,01-03-2024
6.75,6.920000076293945,5.949999809265137,6.119999885559082,228163600,6.119999885559082,0.0,,BEEF3,01-04-2024
6.119999885559082,7.150000095367432,5.900000095367432,6.199999809265137,224341900,6.199999809265137,0.0,,BEEF3,01-05-2024
6.210000038146973,6.78000020980835,5.909999847412109,6.679999828338623,152614900,6.679999828338623,0.0,,BEEF3,01-06-2024
6.599999904632568,7.0,6.150000095367432,6.289999961853027,119025600,6.289999961853027,0.0,,BEEF3,01-07-2024
6.320000171661377,8.020000457763672,6.199999809265137,7.489999771118164,202106300,7.489999771118164,0.0,,BEEF3,01-08-2024
7.449999809265137,7.480000019073486,6.25,6.340000152587891,138775000,6.340000152587891,0.0,,BEEF3,01-09-2024
6.340000152587891,6.71999979019165,5.389999866485596,5.800000190734863,209017400,5.800000190734863,0.0,,BEEF3,01-10-2024
5.800000190734863,5.949999809265137,5.300000190734863,5.849999904632568,191408700,5.849999904632568,0.0,,BEEF3,01-11-2024
5.840000152587891,6.349999904632568,5.059999942779541,5.090000152587891,181873200,5.090000152587891,0.0,,BEEF3,01-12-2024
5.090000152587891,5.320000171661377,4.409999847412109,4.840000152587891,201376700,4.840000152587891,0.0,,BEEF3,01-01-2025
4.78000020980835,4.929999828338623,4.239999771118164,4.420000076293945,137897600,4.420000076293945,0.0,,BEEF3,01-02-2025
4.420000076293945,6.389999866485596,4.400000095367432,6.320000171661377,171594900,6.320000171661377,0.0,,BEEF3,01-03-2025
6.340000152587891,7.800000190734863,5.590000152587891,5.909999847412109,393919781,5.909999847412109,0.0,,BEEF3,01-04-2025
5.909999847412109,6.119999885559082,4.909999847412109,5.039999961853027,411307600,5.039999961853027,0.0,,BEEF3,01-05-2025
5.079999923706055,5.190000057220459,4.670000076293945,4.900000095367432,290781400,4.900000095367432,0.0,,BEEF3,01-06-2025
4.929999828338623,5.670000076293945,4.869999885559082,4.940000057220459,324453200,4.940000057220459,0.0,,BEEF3,01-07-2025
4.989999771118164,6.139999866485596,4.739999771118164,6.03000020980835,324431300,6.03000020980835,0.0,,BEEF3,01-08-2025
6.039999961853027,6.440000057220459,5.940000057220459,6.289999961853027,80344000,6.289999961853027,0.0,,BEEF3,01-09-2025
6.269999980926514,6.519999980926514,6.260000228881836,6.429999828338623,9886800,6.429999828338623,0.0,,BEEF3,11-09-2025
19.989999771118164,21.420000076293945,18.829999923706055,19.18000030517578,144141800,13.994298934936523,0.0,,VBBR3,01-10-2020
19.18000030517578,23.170000076293945,18.809999465942383,20.530000686645508,193535500,14.979301452636719,0.0,,VBBR3,01-11-2020
20.81999969482422,23.200000762939453,20.530000686645508,22.1299991607666,170614500,16.146711349487305,0.4278,,VBBR3,01-12-2020
22.1299991607666,24.329999923706055,20.540000915527344,23.260000228881836,184834700,17.300569534301758,0.0,,VBBR3,01-01-2021
23.709999084472656,24.280000686645508,19.75,19.920000076293945,215405500,14.816309928894043,0.0,,VBBR3,01-02-2021
20.020000457763672,22.729999542236328,18.200000762939453,22.079999923706055,225572200,16.422897338867188,0.0,,VBBR3,01-03-2021
22.110000610351562,23.5,21.43000030517578,22.510000228881836,155766800,16.74272346496582,1.569885,,VBBR3,01-04-2021
22.510000228881836,26.100000381469727,22.3799991607666,25.799999237060547,188229900,20.57297706604004,0.0,,VBBR3,01-05-2021
26.0,28.09000015258789,25.8700008392334,26.68000030517578,184265700,21.27469253540039,0.0,,VBBR3,01-06-2021
27.299999237060547,29.93000030517578,27.040000915527344,28.329999923706055,398742900,22.590410232543945,0.0,,VBBR3,01-07-2021
28.809999465942383,29.260000228881836,25.3700008392334,27.190000534057617,266788800,21.681364059448242,0.0,,VBBR3,01-08-2021
27.110000610351562,27.299999237060547,23.329999923706055,23.489999771118164,240253000,18.73097801208496,0.333672,,VBBR3,01-09-2021
23.65999984741211,25.739999771118164,20.190000534057617,20.979999542236328,274454100,16.949647903442383,0.0,,VBBR3,01-10-2021
21.25,23.81999969482422,20.799999237060547,21.760000228881836,180018100,17.57980728149414,0.0,,VBBR3,01-11-2021
21.989999771118164,23.600000381469727,20.760000228881836,21.110000610351562,156828100,17.05467414855957,0.131482,,VBBR3,01-12-2021
21.309999465942383,22.940000534057617,18.59000015258789,22.899999618530273,195281400,18.609407424926758,0.0,,VBBR3,01-01-2022
22.719999313354492,24.700000762939453,21.670000076293945,23.59000015258789,158600200,19.170129776000977,0.0,,VBBR3,01-02-2022
23.59000015258789,24.860000610351562,21.200000762939453,23.3799991607666,201439200,18.99947738647461,0.0,,VBBR3,01-03-2022
23.510000228881836,24.200000762939453,20.950000762939453,21.1200008392334,142939000,17.16291618347168,0.117107,,VBBR3,01-04-2022
21.1200008392334,21.15999984741211,18.860000610351562,19.440000534057617,214405800,15.883124351501465,0.0,,VBBR3,01-05-2022
19.5,19.760000228881836,16.34000015258789,16.709999084472656,270126300,13.652620315551758,0.0,,VBBR3,01-06-2022
16.739999771118164,17.350000381469727,15.920000076293945,16.649999618530273,213083300,13.603597640991211,0.0,,VBBR3,01-07-2022
16.729999542236328,19.34000015258789,16.610000610351562,18.360000610351562,220408100,15.000725746154785,0.0,,VBBR3,01-08-2022
18.540000915527344,19.270000457763672,16.56999969482422,17.25,204692100,14.093819618225098,0.348909,,VBBR3,01-09-2022
17.889999389648438,19.040000915527344,16.639999389648438,18.25,183304800,15.189046859741211,0.0,,VBBR3,01-10-2022
18.489999771118164,19.920000076293945,15.75,16.530000686645508,238347200,13.757532119750977,0.0,,VBBR3,01-11-2022
16.399999618530273,16.889999389648438,13.819999694824219,15.550000190734863,230776600,12.941901206970215,0.390162,,VBBR3,01-12-2022
15.319999694824219,16.579999923706055,14.199999809265137,16.459999084472656,217625500,14.053009986877441,0.0,,VBBR3,01-01-2023
16.459999084472656,16.540000915527344,14.550000190734863,14.789999961853027,175406100,12.627219200134277,0.0,,VBBR3,01-02-2023
14.8100004196167,15.770000457763672,12.770000457763672,14.40999984741211,265592100,12.302787780761719,0.0,,VBBR3,01-03-2023
14.489999771118164,15.0,12.930000305175781,13.199999809265137,185302600,11.269728660583496,0.0,,VBBR3,01-04-2023
13.199999809265137,18.049999237060547,12.170000076293945,16.09000015258789,397833800,13.737115859985352,0.0,,VBBR3,01-05-2023
16.149999618530273,18.59000015258789,16.100000381469727,18.049999237060547,247111800,15.41049861907959,0.0,,VBBR3,01-06-2023
17.940000534057617,18.649999618530273,16.610000610351562,17.1299991607666,153077300,14.62503433227539,0.0,,VBBR3,01-07-2023
17.0,19.440000534057617,16.229999542236328,18.459999084472656,229469300,15.760544776916504,0.0,,VBBR3,01-08-2023
18.690000534057617,19.799999237060547,17.93000030517578,18.920000076293945,191675900,16.153276443481445,0.429095,,VBBR3,01-09-2023
18.8700008392334,20.899999618530273,18.420000076293945,19.790000915527344,157740600,17.275423049926758,0.0,,VBBR3,01-10-2023
19.850000381469727,23.3799991607666,19.850000381469727,23.350000381469727,315499800,20.383075714111328,0.0,,VBBR3,01-11-2023
23.290000915527344,24.200000762939453,21.25,22.760000228881836,239485300,19.8680419921875,0.403621,,VBBR3,01-12-2023
22.760000228881836,24.030000686645508,21.799999237060547,23.75,164612800,21.110782623291016,0.0,,VBBR3,01-01-2024
23.75,26.149999618530273,22.979999542236328,25.860000610351562,153400600,22.986309051513672,0.0,,VBBR3,01-02-2024
25.899999618530273,26.799999237060547,23.6200008392334,25.010000228881836,188192600,22.23076820373535,0.0,,VBBR3,01-03-2024
25.0,26.049999237060547,22.229999542236328,23.459999084472656,182473600,20.853008270263672,0.606348,,VBBR3,01-04-2024
23.459999084472656,24.280000686645508,21.440000534057617,21.540000915527344,175012900,19.639678955078125,0.0,,VBBR3,01-05-2024
21.600000381469727,21.829999923706055,20.010000228881836,20.899999618530273,146799800,19.05613899230957,0.0,,VBBR3,01-06-2024
20.559999465942383,23.469999313354492,19.93000030517578,23.15999984741211,119799600,21.116756439208984,0.466849,,VBBR3,01-07-2024
23.329999923706055,26.559999465942383,22.34000015258789,25.719999313354492,202560200,23.986703872680664,0.0,,VBBR3,01-08-2024
25.530000686645508,27.139999389648438,23.229999542236328,23.399999618530273,164262600,21.82305145263672,0.234991,,VBBR3,01-09-2024
23.40999984741211,23.700000762939453,21.75,22.309999465942383,146092800,21.014163970947266,0.0,,VBBR3,01-10-2024
22.540000915527344,23.459999084472656,20.040000915527344,20.6299991607666,183773600,19.431743621826172,0.0,,VBBR3,01-11-2024
20.510000228881836,21.329999923706055,17.760000228881836,17.84000015258789,211658400,16.80379867553711,0.261998,,VBBR3,01-12-2024
17.829999923706055,18.389999389648438,16.829999923706055,16.860000610351562,243184100,16.108728408813477,0.0,,VBBR3,01-01-2025
16.829999923706055,19.110000610351562,16.049999237060547,17.020000457763672,279395300,16.261598587036133,0.0,,VBBR3,01-02-2025
17.020000457763672,18.420000076293945,16.15999984741211,17.780000686645508,194956900,16.987733840942383,0.314039,,VBBR3,01-03-2025
17.719999313354492,19.309999465942383,16.90999984741211,18.799999237060547,190334900,18.28580093383789,0.504353,,VBBR3,01-04-2025
18.760000228881836,21.0,17.780000686645508,20.18000030517578,217003900,20.18000030517578,0.0,,VBBR3,01-05-2025
20.420000076293945,22.020000457763672,19.790000915527344,21.65999984741211,200008100,21.65999984741211,0.0,,VBBR3,01-06-2025
21.6200008392334,22.979999542236328,19.829999923706055,21.209999084472656,244725700,21.209999084472656,0.0,,VBBR3,01-07-2025
21.649999618530273,24.690000534057617,20.3700008392334,24.040000915527344,232955800,24.040000915527344,0.0,,VBBR3,01-08-2025
24.0,25.0,23.850000381469727,24.360000610351562,53068400,24.360000610351562,0.0,,VBBR3,01-09-2025
24.3700008392334,24.540000915527344,24.229999542236328,24.389999389648438,2400500,24.389999389648438,0.0,,VBBR3,11-09-2025
21.829999923706055,24.170000076293945,21.309999465942383,23.510000228881836,38361900,15.55075740814209,0.0,,ISAE4,01-10-2020
23.760000228881836,27.389999389648438,23.709999084472656,27.200000762939453,38882600,17.99151611328125,0.522095,,ISAE4,01-11-2020
27.459999084472656,29.350000381469727,26.579999923706055,27.809999465942383,26559500,18.784963607788086,0.837549,,ISAE4,01-12-2020
27.899999618530273,28.639999389648438,26.260000228881836,26.350000381469727,25263000,18.33074951171875,0.0,,ISAE4,01-01-2021
26.6299991607666,27.15999984741211,23.829999923706055,23.899999618530273,36296300,16.62636947631836,0.806156,,ISAE4,01-02-2021
24.1299991607666,26.459999084472656,22.959999084472656,25.329999923706055,47499500,18.18907356262207,0.795967,,ISAE4,01-03-2021
25.489999771118164,27.270000457763672,25.09000015258789,27.0,30003000,19.993375778198242,0.0,,ISAE4,01-04-2021
27.0,27.329999923706055,24.530000686645508,26.739999771118164,27022900,19.80084228515625,0.0,,ISAE4,01-05-2021
26.790000915527344,27.6299991607666,24.90999984741211,25.09000015258789,23242100,18.579025268554688,0.0,,ISAE4,01-06-2021
25.139999389648438,25.90999984741211,24.1299991607666,24.1299991607666,30566700,17.86815071105957,0.502542,,ISAE4,01-07-2021
24.219999313354492,25.200000762939453,22.850000381469727,24.600000381469727,44563100,18.58268928527832,0.0,,ISAE4,01-08-2021
24.65999984741211,25.34000015258789,23.610000610351562,24.31999969482422,29132000,18.371179580688477,0.0,,ISAE4,01-09-2021
24.350000381469727,25.049999237060547,23.440000534057617,24.31999969482422,23257100,18.371179580688477,0.0,,ISAE4,01-10-2021
24.670000076293945,25.200000762939453,22.3799991607666,23.299999237060547,29019500,17.600679397583008,1.310301,,ISAE4,01-11-2021
23.3700008392334,24.799999237060547,23.299999237060547,24.309999465942383,22348800,19.383644104003906,0.173896,,ISAE4,01-12-2021
24.309999465942383,24.540000915527344,23.360000610351562,24.15999984741211,21215100,19.401073455810547,0.0,,ISAE4,01-01-2022
24.18000030517578,25.030000686645508,23.700000762939453,24.43000030517578,31323300,19.617891311645508,0.0,,ISAE4,01-02-2022
24.420000076293945,27.0,24.239999771118164,26.440000534057617,41606200,21.231969833374023,0.0,,ISAE4,01-03-2022
26.56999969482422,26.950000762939453,25.15999984741211,25.15999984741211,26409600,20.204097747802734,0.0,,ISAE4,01-04-2022
25.270000457763672,25.739999771118164,24.049999237060547,24.280000686645508,36941600,19.4974365234375,0.0,,ISAE4,01-05-2022
24.229999542236328,24.479999542236328,22.829999923706055,22.969999313354492,36277900,18.44547462463379,0.0,,ISAE4,01-06-2022
23.09000015258789,23.75,22.43000030517578,22.790000915527344,33930800,18.30093002319336,0.0,,ISAE4,01-07-2022
22.809999465942383,25.100000381469727,22.729999542236328,23.850000381469727,42109800,19.152135848999023,0.0,,ISAE4,01-08-2022
23.850000381469727,24.100000381469727,22.719999313354492,22.969999313354492,42038600,18.44547462463379,0.0,,ISAE4,01-09-2022
23.0,24.5,22.68000030517578,24.5,37618700,19.674100875854492,0.0,,ISAE4,01-10-2022
24.209999084472656,24.690000534057617,22.65999984741211,23.059999465942383,35331100,18.51774787902832,0.0,,ISAE4,01-11-2022
23.059999465942383,23.899999618530273,21.25,23.0,61573700,18.469566345214844,1.062404,,ISAE4,01-12-2022
22.989999771118164,23.1299991607666,21.559999465942383,22.8700008392334,45357000,19.228593826293945,0.0,,ISAE4,01-01-2023
22.850000381469727,22.989999771118164,21.649999618530273,21.760000228881836,30533400,18.295330047607422,0.0,,ISAE4,01-02-2023
21.799999237060547,22.739999771118164,21.209999084472656,21.670000076293945,56787300,18.21965789794922,0.0,,ISAE4,01-03-2023
21.700000762939453,23.149999618530273,21.450000762939453,23.049999237060547,34329300,19.37993049621582,0.0,,ISAE4,01-04-2023
23.0,25.34000015258789,22.8799991607666,24.399999618530273,41516200,20.514984130859375,0.0,,ISAE4,01-05-2023
24.40999984741211,25.989999771118164,24.09000015258789,25.360000610351562,40106100,21.322132110595703,0.0,,ISAE4,01-06-2023
25.399999618530273,25.479999542236328,24.649999618530273,25.100000381469727,28071700,21.103527069091797,0.0,,ISAE4,01-07-2023
25.149999618530273,26.079999923706055,24.8700008392334,24.920000076293945,37506400,20.952186584472656,0.0,,ISAE4,01-08-2023
24.950000762939453,25.059999465942383,22.56999969482422,23.399999618530273,62244000,19.674205780029297,0.0,,ISAE4,01-09-2023
23.469999313354492,23.489999771118164,21.170000076293945,21.190000534057617,86647200,17.816085815429688,0.0,,ISAE4,01-10-2023
21.270000457763672,26.229999542236328,21.239999771118164,24.139999389648438,84375900,20.29637908935547,0.0,,ISAE4,01-11-2023
24.15999984741211,26.850000381469727,23.549999237060547,26.5,82372100,22.28061866760254,2.204083,,ISAE4,01-12-2023
26.3799991607666,27.1200008392334,25.34000015258789,25.610000610351562,42037300,23.50600814819336,0.0,,ISAE4,01-01-2024
25.610000610351562,27.559999465942383,25.149999618530273,25.799999237060547,43943400,23.680397033691406,0.0,,ISAE4,01-02-2024
25.81999969482422,25.8700008392334,24.219999313354492,24.81999969482422,42274900,22.78091049194336,0.0,,ISAE4,01-03-2024
24.850000381469727,26.84000015258789,24.440000534057617,24.969999313354492,76460700,22.91858673095703,0.0,,ISAE4,01-04-2024
25.15999984741211,28.360000610351562,25.020000457763672,25.1299991607666,69956700,23.065441131591797,0.0,,ISAE4,01-05-2024
25.469999313354492,27.270000457763672,24.540000915527344,26.260000228881836,60597700,24.10260772705078,0.0,,ISAE4,01-06-2024
26.229999542236328,27.700000762939453,24.149999618530273,24.559999465942383,101841900,22.542268753051758,0.0,,ISAE4,01-07-2024
24.540000915527344,25.270000457763672,23.90999984741211,24.709999084472656,66312900,22.679946899414062,0.0,,ISAE4,01-08-2024
24.770000457763672,25.350000381469727,24.100000381469727,24.299999237060547,44143400,22.303632736206055,0.0,,ISAE4,01-09-2024
24.299999237060547,25.34000015258789,23.739999771118164,24.290000915527344,52904000,22.294452667236328,0.0,,ISAE4,01-10-2024
24.299999237060547,24.899999618530273,23.389999389648438,24.15999984741211,42578500,22.175132751464844,0.0,,ISAE4,01-11-2024
24.139999389648438,25.399999618530273,22.950000762939453,23.010000228881836,69020900,21.119611740112305,0.0,,ISAE4,01-12-2024
23.209999084472656,24.100000381469727,22.520000457763672,23.799999237060547,75731400,21.844707489013672,0.668903,,ISAE4,01-01-2025
23.739999771118164,24.469999313354492,23.110000610351562,23.200000762939453,54572200,21.91896629333496,0.668903,,ISAE4,01-02-2025
23.219999313354492,23.860000610351562,22.1299991607666,22.34000015258789,46847800,21.70112419128418,0.668903,,ISAE4,01-03-2025
22.299999237060547,23.989999771118164,21.729999542236328,23.989999771118164,44946500,23.989999771118164,0.0,,ISAE4,01-04-2025
23.899999618530273,24.389999389648438,22.5,23.399999618530273,42780000,23.399999618530273,0.0,,ISAE4,01-05-2025
23.3799991607666,23.719999313354492,22.719999313354492,23.18000030517578,32841200,23.18000030517578,0.0,,ISAE4,01-06-2025
23.18000030517578,23.420000076293945,21.59000015258789,21.670000076293945,35295400,21.670000076293945,0.0,,ISAE4,01-07-2025
21.860000610351562,23.270000457763672,20.989999771118164,23.209999084472656,42801100,23.209999084472656,0.0,,ISAE4,01-08-2025
23.200000762939453,23.329999923706055,22.770000457763672,23.229999542236328,9524700,23.229999542236328,0.0,,ISAE4,01-09-2025
23.229999542236328,23.3700008392334,23.139999389648438,23.25,698800,23.25,0.0,,ISAE4,11-09-2025
13.010000228881836,13.800000190734863,11.699999809265137,11.850000381469727,124931500,8.623066902160645,0.206542,0.0,TIMS3,01-10-2020
11.850000381469727,14.199999809265137,11.420000076293945,13.489999771118164,114761000,9.97721004486084,0.0,0.0,TIMS3,01-11-2020
13.579999923706055,15.140000343322754,13.579999923706055,14.649999618530273,104135400,10.8351469039917,0.240868,0.0,TIMS3,01-12-2020
14.649999618530273,14.850000381469727,12.949999809265137,13.300000190734863,105606700,10.003552436828613,0.0,0.0,TIMS3,01-01-2021
13.489999771118164,14.630000114440918,12.75,12.800000190734863,107011700,9.627479553222656,0.0,0.0,TIMS3,01-02-2021
12.859999656677246,13.4399995803833,12.239999771118164,12.670000076293945,118052600,9.52970027923584,0.0,0.0,TIMS3,01-03-2021
12.789999961853027,12.789999961853027,11.8100004196167,12.1899995803833,146726500,9.168668746948242,0.0,0.0,TIMS3,01-04-2021
12.079999923706055,12.630000114440918,11.829999923706055,12.170000076293945,91952500,9.153626441955566,0.0,0.0,TIMS3,01-05-2021
12.149999618530273,13.15999984741211,11.510000228881836,11.529999732971191,139209900,8.67225170135498,0.144654,0.0,TIMS3,01-06-2021
11.600000381469727,12.170000076293945,11.15999984741211,11.319999694824219,137439200,8.612631797790527,0.0,0.0,TIMS3,01-07-2021
11.350000381469727,12.460000038146973,11.180000305175781,12.460000038146973,137339000,9.479982376098633,0.0,0.0,TIMS3,01-08-2021
12.5,12.520000457763672,11.640000343322754,11.75,121394500,8.939791679382324,0.056809,0.0,TIMS3,01-09-2021
11.800000190734863,12.670000076293945,11.149999618530273,11.220000267028809,147642500,8.577810287475586,0.0,0.0,TIMS3,01-10-2021
11.40999984741211,14.779999732971191,11.229999542236328,13.800000190734863,179062400,10.550249099731445,0.0,0.0,TIMS3,01-11-2021
13.8100004196167,14.079999923706055,12.539999961853027,13.149999618530273,113829700,10.053314208984375,0.231366,0.0,TIMS3,01-12-2021
12.90999984741211,13.399999618530273,12.15999984741211,13.270000457763672,132183900,10.330042839050293,0.0,0.0,TIMS3,01-01-2022
13.380000114440918,14.25,12.8100004196167,13.609999656677246,143171400,10.59471607208252,0.0,0.0,TIMS3,01-02-2022
13.609999656677246,14.319999694824219,12.289999961853027,13.789999961853027,168060600,10.73483657836914,0.080564,0.0,TIMS3,01-03-2022
13.859999656677246,14.630000114440918,13.239999771118164,13.479999542236328,138101800,10.554648399353027,0.0,0.0,TIMS3,01-04-2022
13.5,14.449999809265137,12.960000038146973,14.399999618530273,127666800,11.274995803833008,0.0,0.0,TIMS3,01-05-2022
14.350000381469727,14.5,12.239999771118164,12.760000228881836,152508200,9.990899085998535,0.111637,0.0,TIMS3,01-06-2022
12.770000457763672,13.649999618530273,12.279999732971191,12.59000015258789,128939400,9.946267127990723,0.0,0.0,TIMS3,01-07-2022
12.529999732971191,13.100000381469727,11.699999809265137,11.829999923706055,172158000,9.345855712890625,0.0,0.0,TIMS3,01-08-2022
11.829999923706055,12.930000305175781,11.65999984741211,12.079999923706055,223342400,9.543359756469727,0.198291,0.0,TIMS3,01-09-2022
12.149999618530273,13.25,11.850000381469727,13.199999809265137,229077800,10.603983879089355,0.0,0.0,TIMS3,01-10-2022
13.260000228881836,13.920000076293945,12.539999961853027,13.0,184115600,10.443318367004395,0.0,0.0,TIMS3,01-11-2022
12.960000038146973,13.279999732971191,12.029999732971191,12.399999618530273,128900000,9.961318969726562,0.187955,0.0,TIMS3,01-12-2022
12.390000343322754,12.4399995803833,11.260000228881836,11.789999961853027,183941100,9.617056846618652,0.0,0.0,TIMS3,01-01-2023
11.739999771118164,12.640000343322754,10.75,12.260000228881836,185775400,10.000435829162598,0.0,0.0,TIMS3,01-02-2023
12.329999923706055,13.289999961853027,11.960000038146973,12.579999923706055,159127200,10.261458396911621,0.0,0.0,TIMS3,01-03-2023
12.579999923706055,14.149999618530273,12.109999656677246,14.0,141213000,11.419744491577148,0.247853,0.0,TIMS3,01-04-2023
14.0,14.5600004196167,13.229999542236328,13.960000038146973,146831800,11.68821907043457,0.09501,0.0,TIMS3,01-05-2023
13.960000038146973,15.25,13.65999984741211,14.619999885559082,122740200,12.240812301635742,0.119795,0.0,TIMS3,01-06-2023
14.649999618530273,14.8100004196167,13.6899995803833,14.34000015258789,129103500,12.10482406616211,0.0,0.0,TIMS3,01-07-2023
14.600000381469727,15.079999923706055,14.050000190734863,14.40999984741211,162145700,12.163914680480957,0.0,0.0,TIMS3,01-08-2023
14.5,15.550000190734863,14.149999618530273,14.890000343322754,145825500,12.569097518920898,0.175576,0.0,TIMS3,01-09-2023
14.890000343322754,15.619999885559082,14.739999771118164,15.170000076293945,142909000,12.955595970153809,0.0,0.0,TIMS3,01-10-2023
15.229999542236328,17.56999969482422,15.220000267028809,17.239999771118164,243441600,14.723435401916504,0.0,0.0,TIMS3,01-11-2023
17.489999771118164,18.579999923706055,17.18000030517578,17.93000030517578,109321200,15.312710762023926,0.270594,0.0,TIMS3,01-12-2023
17.93000030517578,17.950000762939453,16.75,17.34000015258789,115695200,15.0348539352417,0.0,0.0,TIMS3,01-01-2024
17.3700008392334,18.989999771118164,17.209999084472656,18.170000076293945,137399600,15.7545166015625,0.0,0.0,TIMS3,01-02-2024
18.170000076293945,19.079999923706055,17.59000015258789,17.799999237060547,147821000,15.433703422546387,0.082636,0.0,TIMS3,01-03-2024
17.90999984741211,18.8799991607666,16.920000076293945,17.610000610351562,128269700,15.338414192199707,0.541267,0.0,TIMS3,01-04-2024
17.610000610351562,18.719999313354492,15.720000267028809,15.859999656677246,180858300,14.224339485168457,0.0,0.0,TIMS3,01-05-2024
16.079999923706055,16.540000915527344,15.399999618530273,15.880000114440918,125688100,14.242276191711426,0.124069,0.0,TIMS3,01-06-2024
15.880000114440918,17.489999771118164,15.569999694824219,17.489999771118164,168384600,15.81054401397705,0.0,0.0,TIMS3,01-07-2024
17.399999618530273,18.479999542236328,16.979999542236328,17.860000610351562,140106500,16.145017623901367,0.0,0.0,TIMS3,01-08-2024
17.84000015258789,19.040000915527344,17.56999969482422,18.729999542236328,110969000,16.931474685668945,0.123946,0.0,TIMS3,01-09-2024
18.799999237060547,18.860000610351562,16.200000762939453,16.579999923706055,164851800,15.0877685546875,0.0,0.0,TIMS3,01-10-2024
16.5,16.8799991607666,15.279999732971191,15.84000015258789,163052900,14.4143705368042,0.0,0.0,TIMS3,01-11-2024
15.710000038146973,16.270000457763672,14.270000457763672,14.479999542236328,162780200,13.176772117614746,0.268528,0.0,TIMS3,01-12-2024
14.479999542236328,15.920000076293945,13.739999771118164,15.609999656677246,173336600,14.465771675109863,0.0,0.0,TIMS3,01-01-2025
15.65999984741211,17.760000228881836,15.260000228881836,16.170000076293945,162819400,14.984724044799805,0.082624,0.0,TIMS3,01-02-2025
16.170000076293945,18.100000381469727,16.110000610351562,18.0,135364400,16.75948715209961,0.0,0.0,TIMS3,01-03-2025
17.799999237060547,19.149999618530273,16.280000686645508,18.950000762939453,126125400,17.644014358520508,0.202496,0.0,TIMS3,01-04-2025
18.950000762939453,20.40999984741211,18.450000762939453,19.489999771118164,150553000,19.240087509155273,0.847176,0.0,TIMS3,01-05-2025
19.399999618530273,22.049999237060547,19.3799991607666,22.049999237060547,135884500,21.904048919677734,0.124085,0.0,TIMS3,01-06-2025
22.0,22.790000915527344,19.559999465942383,20.709999084472656,143363000,20.572917938232422,0.132315,0.01,TIMS3,01-07-2025
20.889999389648438,23.280000686645508,20.520000457763672,22.75,111502000,22.75,0.0,0.0,TIMS3,01-08-2025
22.920000076293945,23.059999465942383,22.360000610351562,22.450000762939453,48255000,22.450000762939453,0.0,0.0,TIMS3,01-09-2025
22.489999771118164,22.670000076293945,22.450000762939453,22.469999313354492,3783000,22.469999313354492,0.0,0.0,TIMS3,11-09-2025
12.550000190734863,14.40999984741211,12.180000305175781,12.180000305175781,634201400,9.450843811035156,0.0,,ABEV3,01-10-2020
12.180000305175781,15.6899995803833,12.180000305175781,13.979999542236328,645424900,10.847519874572754,0.0,,ABEV3,01-11-2020
14.09000015258789,16.100000381469727,14.079999923706055,15.649999618530273,611825000,12.143325805664062,0.4137,,ABEV3,01-12-2020
15.649999618530273,16.90999984741211,14.949999809265137,15.109999656677246,497213400,12.034320831298828,0.0767,,ABEV3,01-01-2021
15.359999656677246,16.299999237060547,14.0,14.020000457763672,450355200,11.219411849975586,0.0,,ABEV3,01-02-2021
14.15999984741211,15.729999542236328,13.350000381469727,15.289999961853027,577570300,12.235721588134766,0.0,,ABEV3,01-03-2021
15.390000343322754,16.110000610351562,14.90999984741211,14.9399995803833,352557500,11.955636024475098,0.0,,ABEV3,01-04-2021
14.920000076293945,17.950000762939453,14.539999961853027,17.950000762939453,498544000,14.364368438720703,0.0,,ABEV3,01-05-2021
17.989999771118164,19.860000610351562,16.899999618530273,17.06999969482422,671274900,13.660154342651367,0.0,,ABEV3,01-06-2021
16.860000610351562,18.170000076293945,16.530000686645508,16.639999389648438,483153600,13.316048622131348,0.0,,ABEV3,01-07-2021
16.899999618530273,17.670000076293945,16.110000610351562,17.100000381469727,467801600,13.684161186218262,0.0,,ABEV3,01-08-2021
17.15999984741211,17.3799991607666,15.289999961853027,15.300000190734863,517535600,12.24372386932373,0.0,,ABEV3,01-09-2021
15.40999984741211,17.219999313354492,14.539999961853027,16.989999771118164,543794000,13.5961332321167,0.0,,ABEV3,01-10-2021
17.1299991607666,18.1200008392334,15.970000267028809,16.059999465942383,513447300,12.851908683776855,0.0,,ABEV3,01-11-2021
16.09000015258789,16.450000762939453,15.239999771118164,15.460000038146973,434969700,12.3717622756958,0.6036,,ABEV3,01-12-2021
15.420000076293945,15.539999961853027,14.350000381469727,14.970000267028809,491836800,12.447168350219727,0.0,,ABEV3,01-01-2022
14.9399995803833,15.699999809265137,13.800000190734863,15.199999809265137,523345600,12.638405799865723,0.0,,ABEV3,01-02-2022
15.199999809265137,15.579999923706055,13.0600004196167,15.399999618530273,638390600,12.80470085144043,0.0,,ABEV3,01-03-2022
15.59000015258789,15.670000076293945,14.40999984741211,14.520000457763672,457124200,12.073004722595215,0.0,,ABEV3,01-04-2022
14.579999923706055,14.890000343322754,13.369999885559082,14.1899995803833,474711400,11.798617362976074,0.0,,ABEV3,01-05-2022
14.140000343322754,14.319999694824219,12.8100004196167,13.399999618530273,440695200,11.141753196716309,0.0,,ABEV3,01-06-2022
13.350000381469727,15.800000190734863,13.300000190734863,14.930000305175781,612534500,12.413908958435059,0.0,,ABEV3,01-07-2022
14.859999656677246,16.219999313354492,14.399999618530273,15.270000457763672,450273600,12.696609497070312,0.0,,ABEV3,01-08-2022
15.359999656677246,15.880000114440918,15.09000015258789,15.539999961853027,558966100,12.92110824584961,0.0,,ABEV3,01-09-2022
15.800000190734863,16.5,14.600000381469727,16.0,583866200,13.30358600616455,0.0,,ABEV3,01-10-2022
16.030000686645508,16.8799991607666,15.0,15.920000076293945,578244300,13.237068176269531,0.0,,ABEV3,01-11-2022
15.920000076293945,16.549999237060547,14.25,14.520000457763672,666025900,12.073004722595215,0.7623,,ABEV3,01-12-2022
14.399999618530273,14.789999961853027,13.180000305175781,13.65999984741211,805226100,11.95638370513916,0.0,,ABEV3,01-01-2023
13.640000343322754,13.729999542236328,12.600000381469727,13.390000343322754,645667500,11.720057487487793,0.0,,ABEV3,01-02-2023
13.420000076293945,15.050000190734863,12.989999771118164,14.329999923706055,796858100,12.542823791503906,0.0,,ABEV3,01-03-2023
14.229999542236328,14.930000305175781,13.979999542236328,14.15999984741211,469219400,12.394025802612305,0.0,,ABEV3,01-04-2023
14.15999984741211,15.3100004196167,13.960000038146973,14.40999984741211,495668400,12.612846374511719,0.0,,ABEV3,01-05-2023
14.350000381469727,15.600000381469727,14.210000038146973,15.40999984741211,466293600,13.488130569458008,0.0,,ABEV3,01-06-2023
15.5,15.779999732971191,14.470000267028809,14.859999656677246,509864200,13.006725311279297,0.0,,ABEV3,01-07-2023
14.8100004196167,15.449999809265137,13.670000076293945,13.84000015258789,609457900,12.113935470581055,0.0,,ABEV3,01-08-2023
13.850000381469727,14.210000038146973,12.859999656677246,13.109999656677246,513500700,11.474976539611816,0.0,,ABEV3,01-09-2023
13.109999656677246,13.359999656677246,12.279999732971191,12.859999656677246,518514800,11.256155967712402,0.0,,ABEV3,01-10-2023
12.899999618530273,13.800000190734863,12.760000228881836,13.6899995803833,507973800,11.98264217376709,0.0,,ABEV3,01-11-2023
13.6899995803833,14.869999885559082,13.59000015258789,13.729999542236328,460221100,12.017653465270996,0.7302,,ABEV3,01-12-2023
13.729999542236328,13.829999923706055,13.029999732971191,13.079999923706055,369637600,12.047141075134277,0.0,,ABEV3,01-01-2024
13.069999694824219,13.59000015258789,12.399999618530273,12.579999923706055,490340300,11.586625099182129,0.0,,ABEV3,01-02-2024
12.460000038146973,12.979999542236328,12.170000076293945,12.489999771118164,618833400,11.503729820251465,0.0,,ABEV3,01-03-2024
12.5,12.699999809265137,11.829999923706055,12.149999618530273,596850300,11.19057846069336,0.0,,ABEV3,01-04-2024
12.25,12.630000114440918,11.34000015258789,11.5600004196167,687325300,10.647168159484863,0.0,,ABEV3,01-05-2024
11.569999694824219,11.84000015258789,10.979999542236328,11.40999984741211,641305500,10.509012222290039,0.0,,ABEV3,01-06-2024
11.420000076293945,11.920000076293945,11.180000305175781,11.579999923706055,601899400,10.66558837890625,0.0,,ABEV3,01-07-2024
11.75,13.399999618530273,11.579999923706055,12.859999656677246,638756800,11.844512939453125,0.0,,ABEV3,01-08-2024
12.8100004196167,13.319999694824219,12.649999618530273,13.079999923706055,539773900,12.047141075134277,0.0,,ABEV3,01-09-2024
13.199999809265137,13.850000381469727,12.479999542236328,12.640000343322754,709276100,11.641886711120605,0.0,,ABEV3,01-10-2024
12.510000228881836,12.899999618530273,12.25,12.729999542236328,579837000,11.72477912902832,0.0,,ABEV3,01-11-2024
12.65999984741211,14.529999732971191,11.739999771118164,11.739999771118164,848741400,10.812952995300293,0.6676,,ABEV3,01-12-2024
11.739999771118164,11.890000343322754,10.770000457763672,11.100000381469727,776452000,10.786980628967285,0.0,,ABEV3,01-01-2025
11.149999618530273,12.489999771118164,10.720000267028809,12.220000267028809,718639100,11.875396728515625,0.0,,ABEV3,01-02-2025
12.220000267028809,13.789999961853027,12.220000267028809,13.5,635382400,13.119300842285156,0.1276,,ABEV3,01-03-2025
13.399999618530273,14.760000228881836,12.989999771118164,14.569999694824219,794504700,14.29283332824707,0.0,,ABEV3,01-04-2025
14.40999984741211,15.029999732971191,13.899999618530273,14.029999732971191,469256100,13.763106346130371,0.128,,ABEV3,01-05-2025
14.039999961853027,14.260000228881836,13.010000228881836,13.319999694824219,547727600,13.183719635009766,0.0,,ABEV3,01-06-2025
13.359999656677246,13.779999732971191,12.199999809265137,12.460000038146973,703928400,12.332518577575684,0.0,,ABEV3,01-07-2025
12.550000190734863,12.680000305175781,11.90999984741211,12.350000381469727,558713700,12.223644256591797,0.1283,,ABEV3,01-08-2025
12.380000114440918,12.5,11.75,12.359999656677246,258678400,12.359999656677246,0.0,,ABEV3,01-09-2025
12.479999542236328,12.569999694824219,12.40999984741211,12.550000190734863,15480600,12.550000190734863,0.0,,ABEV3,11-09-2025
16.09000015258789,19.040000915527344,16.030000686645508,16.850000381469727,105501900,15.632012367248535,0.340143,,MRVE3,01-10-2020
16.850000381469727,21.1299991607666,16.690000534057617,18.93000030517578,114007500,17.903005599975586,0.0,,MRVE3,01-11-2020
19.15999984741211,20.809999465942383,18.739999771118164,18.950000762939453,89026900,17.921920776367188,0.0,,MRVE3,01-12-2020
18.950000762939453,21.100000381469727,17.889999389648438,19.0,87163500,17.969205856323242,0.0,,MRVE3,01-01-2021
19.31999969482422,20.540000915527344,16.780000686645508,16.81999969482422,73960400,15.907476425170898,0.0,,MRVE3,01-02-2021
17.020000457763672,18.579999923706055,15.609999656677246,18.200000762939453,91141800,17.212608337402344,0.0,,MRVE3,01-03-2021
18.219999313354492,19.290000915527344,17.110000610351562,17.350000381469727,85511900,16.408723831176758,0.270585,,MRVE3,01-04-2021
17.399999618530273,17.950000762939453,16.579999923706055,17.389999389648438,68477100,16.703351974487305,0.0,,MRVE3,01-05-2021
17.5,18.219999313354492,16.15999984741211,16.329999923706055,73952800,15.68520736694336,0.0,,MRVE3,01-06-2021
16.360000610351562,16.90999984741211,14.3100004196167,14.34000015258789,66788100,13.773782730102539,0.0,,MRVE3,01-07-2021
14.550000190734863,14.75,12.300000190734863,13.6899995803833,121330900,13.14944839477539,0.0,,MRVE3,01-08-2021
13.699999809265137,14.369999885559082,12.270000457763672,12.289999961853027,136704100,11.804727554321289,0.0,,MRVE3,01-09-2021
12.479999542236328,13.029999732971191,9.859999656677246,10.149999618530273,129274200,9.749224662780762,0.0,,MRVE3,01-10-2021
10.380000114440918,12.800000190734863,10.199999809265137,11.09000015258789,102485100,10.65211009979248,0.0,,MRVE3,01-11-2021
11.130000114440918,12.529999732971191,10.859999656677246,12.0,108937700,11.526178359985352,0.0,,MRVE3,01-12-2021
12.010000228881836,13.630000114440918,10.260000228881836,13.40999984741211,131443800,12.88050365447998,0.0,,MRVE3,01-01-2022
13.399999618530273,13.510000228881836,11.5600004196167,11.949999809265137,87499500,11.47815227508545,0.0,,MRVE3,01-02-2022
11.949999809265137,13.6899995803833,9.819999694824219,12.850000381469727,190946300,12.342615127563477,0.0,,MRVE3,01-03-2022
13.010000228881836,13.350000381469727,10.319999694824219,10.319999694824219,103718800,9.91251277923584,0.0,,MRVE3,01-04-2022
10.34000015258789,10.729999542236328,9.220000267028809,9.65999984741211,188067200,9.278573989868164,0.0,,MRVE3,01-05-2022
9.699999809265137,9.720000267028809,7.289999961853027,7.809999942779541,153631300,7.501620769500732,0.197808,,MRVE3,01-06-2022
7.809999942779541,9.449999809265137,7.670000076293945,9.15999984741211,172630200,9.017999649047852,0.0,,MRVE3,01-07-2022
9.149999618530273,11.630000114440918,9.140000343322754,10.270000457763672,213976700,10.110793113708496,0.0,,MRVE3,01-08-2022
10.380000114440918,13.039999961853027,10.350000381469727,12.420000076293945,246150200,12.227462768554688,0.197808,,MRVE3,01-09-2022
12.699999809265137,13.170000076293945,8.739999771118164,10.180000305175781,380386200,10.180000305175781,0.0,,MRVE3,01-10-2022
10.25,10.520000457763672,7.989999771118164,8.59000015258789,228616600,8.59000015258789,0.0,,MRVE3,01-11-2022
8.5600004196167,8.65999984741211,7.0,7.599999904632568,206691100,7.599999904632568,0.0,,MRVE3,01-12-2022
7.570000171661377,7.96999979019165,6.650000095367432,7.019999980926514,262059000,7.019999980926514,0.0,,MRVE3,01-01-2023
7.0,7.179999828338623,5.880000114440918,5.900000095367432,227889700,5.900000095367432,0.0,,MRVE3,01-02-2023
6.0,7.96999979019165,5.510000228881836,6.380000114440918,351328800,6.380000114440918,0.0,,MRVE3,01-03-2023
6.349999904632568,7.840000152587891,6.019999980926514,7.199999809265137,273127100,7.199999809265137,0.0,,MRVE3,01-04-2023
7.199999809265137,10.239999771118164,6.880000114440918,10.079999923706055,260221600,10.079999923706055,0.0,,MRVE3,01-05-2023
10.100000381469727,12.300000190734863,10.0600004196167,11.569999694824219,298000500,11.569999694824219,0.0,,MRVE3,01-06-2023
11.5600004196167,14.59000015258789,10.979999542236328,13.899999618530273,259279800,13.899999618530273,0.0,,MRVE3,01-07-2023
13.880000114440918,14.550000190734863,11.239999771118164,11.359999656677246,205977800,11.359999656677246,0.0,,MRVE3,01-08-2023
11.430000305175781,12.4399995803833,9.760000228881836,10.670000076293945,215791600,10.670000076293945,0.0,,MRVE3,01-09-2023
10.619999885559082,10.619999885559082,7.940000057220459,8.25,359426100,8.25,0.0,,MRVE3,01-10-2023
8.319999694824219,10.859999656677246,8.180000305175781,9.670000076293945,234865800,9.670000076293945,0.0,,MRVE3,01-11-2023
9.729999542236328,11.579999923706055,8.9399995803833,11.229999542236328,247018500,11.229999542236328,0.0,,MRVE3,01-12-2023
11.229999542236328,11.229999542236328,7.550000190734863,7.880000114440918,528737000,7.880000114440918,0.0,,MRVE3,01-01-2024
7.909999847412109,8.180000305175781,6.699999809265137,7.619999885559082,485581400,7.619999885559082,0.0,,MRVE3,01-02-2024
7.349999904632568,8.579999923706055,7.059999942779541,7.789999961853027,373651800,7.789999961853027,0.0,,MRVE3,01-03-2024
7.820000171661377,7.849999904632568,6.110000133514404,6.699999809265137,349176800,6.699999809265137,0.0,,MRVE3,01-04-2024
6.699999809265137,7.71999979019165,6.699999809265137,6.920000076293945,225557200,6.920000076293945,0.0,,MRVE3,01-05-2024
6.920000076293945,7.369999885559082,6.449999809265137,6.679999828338623,195623100,6.679999828338623,0.0,,MRVE3,01-06-2024
6.659999847412109,7.360000133514404,6.420000076293945,6.730000019073486,243398200,6.730000019073486,0.0,,MRVE3,01-07-2024
6.800000190734863,7.849999904632568,6.329999923706055,7.46999979019165,284849300,7.46999979019165,0.0,,MRVE3,01-08-2024
7.420000076293945,8.199999809265137,7.119999885559082,7.239999771118164,249309400,7.239999771118164,0.0,,MRVE3,01-09-2024
7.320000171661377,8.220000267028809,6.760000228881836,6.920000076293945,260735100,6.920000076293945,0.0,,MRVE3,01-10-2024
7.019999980926514,7.389999866485596,4.960000038146973,5.28000020980835,360361900,5.28000020980835,0.0,,MRVE3,01-11-2024
5.260000228881836,5.710000038146973,4.900000095367432,5.309999942779541,311442500,5.309999942779541,0.0,,MRVE3,01-12-2024
5.309999942779541,5.820000171661377,4.989999771118164,5.639999866485596,222745300,5.639999866485596,0.0,,MRVE3,01-01-2025
5.599999904632568,6.079999923706055,4.510000228881836,4.510000228881836,230305000,4.510000228881836,0.0,,MRVE3,01-02-2025
4.510000228881836,5.380000114440918,4.429999828338623,5.110000133514404,196705700,5.110000133514404,0.0,,MRVE3,01-03-2025
5.110000133514404,6.329999923706055,4.559999942779541,5.920000076293945,271094500,5.920000076293945,0.0,,MRVE3,01-04-2025
5.920000076293945,6.269999980926514,4.860000133514404,5.289999961853027,225848800,5.289999961853027,0.0,,MRVE3,01-05-2025
5.349999904632568,6.369999885559082,5.28000020980835,6.369999885559082,243822200,6.369999885559082,0.0,,MRVE3,01-06-2025
6.380000114440918,6.599999904632568,5.760000228881836,5.949999809265137,225679100,5.949999809265137,0.0,,MRVE3,01-07-2025
6.03000020980835,7.789999961853027,5.880000114440918,7.590000152587891,232721400,7.590000152587891,0.0,,MRVE3,01-08-2025
7.570000171661377,8.300000190734863,7.449999809265137,7.679999828338623,61287400,7.679999828338623,0.0,,MRVE3,01-09-2025
7.75,7.860000133514404,7.690000057220459,7.690000057220459,6178200,7.690000057220459,0.0,,MRVE3,11-09-2025
40.529998779296875,42.29999923706055,39.560001373291016,39.88999938964844,29904600,29.600679397583008,0.0,,EGIE3,01-10-2020
39.88999938964844,45.88999938964844,39.470001220703125,42.34000015258789,41358600,31.418729782104492,0.0,,EGIE3,01-11-2020
42.59000015258789,46.11000061035156,42.439998626708984,43.939998626708984,35188100,32.60601043701172,0.214479,,EGIE3,01-12-2020
43.939998626708984,45.68000030517578,42.349998474121094,42.959999084472656,28528900,32.03177261352539,0.0,,EGIE3,01-01-2021
43.52000045776367,46.599998474121094,41.04999923706055,41.150001525878906,30828100,30.682205200195312,0.0,,EGIE3,01-02-2021
41.2599983215332,42.7400016784668,38.310001373291016,41.83000183105469,49256300,31.189226150512695,0.0,,EGIE3,01-03-2021
41.88999938964844,42.470001220703125,40.66999816894531,40.66999816894531,27025900,30.324304580688477,0.0,,EGIE3,01-04-2021
40.86000061035156,41.27000045776367,38.470001220703125,39.790000915527344,36996000,29.668169021606445,0.747117,,EGIE3,01-05-2021
40.02000045776367,42.04999923706055,38.90999984741211,39.150001525878906,25751600,29.744461059570312,0.0,,EGIE3,01-06-2021
39.150001525878906,40.369998931884766,37.90999984741211,37.93000030517578,25688700,28.817554473876953,0.0,,EGIE3,01-07-2021
38.27000045776367,38.91999816894531,36.619998931884766,37.54999923706055,31043900,28.52884292602539,0.967632,,EGIE3,01-08-2021
37.7400016784668,39.630001068115234,37.459999084472656,37.459999084472656,33492500,29.200727462768555,0.0,,EGIE3,01-09-2021
37.5099983215332,39.79999923706055,36.61000061035156,38.90999984741211,31096400,30.331024169921875,0.0,,EGIE3,01-10-2021
39.41999816894531,40.439998626708984,38.27000045776367,38.529998779296875,27147400,30.034807205200195,0.0,,EGIE3,01-11-2021
38.630001068115234,40.09000015258789,38.209999084472656,38.68000030517578,24707200,30.151737213134766,0.073535,,EGIE3,01-12-2021
38.5,40.90999984741211,37.08000183105469,40.70000076293945,26160100,31.786935806274414,0.0,,EGIE3,01-01-2022
40.52000045776367,41.41999816894531,39.5,39.869998931884766,25506500,31.13869857788086,0.782752,,EGIE3,01-02-2022
39.869998931884766,44.369998931884766,38.66999816894531,43.2400016784668,33152200,34.42764663696289,0.0,,EGIE3,01-03-2022
43.470001220703125,44.880001068115234,41.779998779296875,41.900001525878906,28147100,33.36073684692383,0.0,,EGIE3,01-04-2022
41.779998779296875,45.310001373291016,40.75,43.900001525878906,31939300,34.95313262939453,0.673831,,EGIE3,01-05-2022
43.90999984741211,43.939998626708984,40.38999938964844,41.29999923706055,36478200,33.420997619628906,0.0,,EGIE3,01-06-2022
41.099998474121094,44.470001220703125,40.33000183105469,44.220001220703125,30044900,35.783935546875,0.0,,EGIE3,01-07-2022
44.31999969482422,44.880001068115234,40.04999923706055,40.5,47053400,32.77362060546875,0.708254,,EGIE3,01-08-2022
40.81999969482422,40.970001220703125,38.11000061035156,38.5099983215332,36155700,31.684167861938477,0.0,,EGIE3,01-09-2022
38.9900016784668,40.880001068115234,38.029998779296875,40.220001220703125,36897200,33.091068267822266,0.0,,EGIE3,01-10-2022
40.290000915527344,41.849998474121094,38.61000061035156,39.5,38674400,32.49868392944336,0.579481,,EGIE3,01-11-2022
39.5,40.959999084472656,36.459999084472656,37.880001068115234,38688100,31.621891021728516,0.24512,,EGIE3,01-12-2022
37.83000183105469,39.619998931884766,36.439998626708984,39.349998474121094,35894700,33.06156539916992,0.0,,EGIE3,01-01-2023
39.189998626708984,39.779998779296875,37.2400016784668,39.279998779296875,36817600,33.00275421142578,0.0,,EGIE3,01-02-2023
39.279998779296875,42.2400016784668,38.959999084472656,40.16999816894531,49757400,33.750526428222656,0.0,,EGIE3,01-03-2023
40.15999984741211,41.47999954223633,39.099998474121094,41.22999954223633,27067000,34.64112854003906,0.0,,EGIE3,01-04-2023
41.22999954223633,44.470001220703125,40.77000045776367,42.029998779296875,41575400,35.31327438354492,1.783441,,EGIE3,01-05-2023
42.150001525878906,46.0,41.81999969482422,45.689998626708984,33101200,40.03190612792969,0.0,,EGIE3,01-06-2023
45.599998474121094,45.900001525878906,43.5099983215332,44.040000915527344,23533900,38.586238861083984,0.0,,EGIE3,01-07-2023
43.869998931884766,44.61000061035156,40.83000183105469,42.119998931884766,37305900,36.90400314331055,0.940279,,EGIE3,01-08-2023
42.369998931884766,43.40999984741211,40.540000915527344,41.43000030517578,26426500,37.132747650146484,0.0,,EGIE3,01-09-2023
41.29999923706055,42.040000915527344,39.209999084472656,39.29999923706055,25393600,35.22367477416992,0.0,,EGIE3,01-10-2023
39.40999984741211,44.77000045776367,39.40999984741211,43.5,41670000,38.988040924072266,0.0,,EGIE3,01-11-2023
43.70000076293945,45.439998626708984,43.06999969482422,45.33000183105469,31055500,40.628231048583984,0.177712,,EGIE3,01-12-2023
45.33000183105469,45.33000183105469,40.0099983215332,40.58000183105469,29259500,36.51641845703125,0.0,,EGIE3,01-01-2024
40.58000183105469,42.310001373291016,39.459999084472656,42.02000045776367,35608600,37.81222152709961,0.0,,EGIE3,01-02-2024
41.970001220703125,42.189998626708984,39.97999954223633,40.2599983215332,29693300,36.228458404541016,0.0,,EGIE3,01-03-2024
40.2599983215332,42.84000015258789,39.150001525878906,40.900001525878906,61399100,36.80437088012695,0.0,,EGIE3,01-04-2024
41.11000061035156,44.939998626708984,41.029998779296875,43.34000015258789,41566300,39.00003433227539,1.218803,,EGIE3,01-05-2024
43.34000015258789,44.689998626708984,43.0099983215332,44.290000915527344,24986300,41.00950241088867,0.0,,EGIE3,01-06-2024
44.18000030517578,46.75,44.02000045776367,44.22999954223633,20950200,40.95394515991211,0.0,,EGIE3,01-07-2024
44.2599983215332,47.189998626708984,43.29999923706055,45.15999984741211,24279900,41.815059661865234,1.143246,,EGIE3,01-08-2024
45.29999923706055,45.540000915527344,42.439998626708984,42.45000076293945,20480300,40.284217834472656,0.0,,EGIE3,01-09-2024
42.45000076293945,43.25,40.459999084472656,41.470001220703125,25842700,39.35422134399414,0.0,,EGIE3,01-10-2024
41.5,41.900001525878906,37.310001373291016,38.0,31192800,36.061256408691406,0.0,,EGIE3,01-11-2024
37.91999816894531,38.630001068115234,34.88999938964844,35.5,29925000,33.68880844116211,0.3064,,EGIE3,01-12-2024
35.5,37.459999084472656,34.38999938964844,36.79999923706055,30629700,35.21697998046875,0.0,,EGIE3,01-01-2025
36.7599983215332,37.810001373291016,35.540000915527344,37.16999816894531,33270300,35.57106399536133,0.0,,EGIE3,01-02-2025
37.16999816894531,39.599998474121094,36.70000076293945,38.599998474121094,26875200,36.93954849243164,0.0,,EGIE3,01-03-2025
38.41999816894531,41.72999954223633,37.93000030517578,41.56999969482422,28180100,39.78179168701172,0.0,,EGIE3,01-04-2025
41.56999969482422,42.2400016784668,38.709999084472656,41.060001373291016,33943400,39.293731689453125,0.876481,,EGIE3,01-05-2025
41.06999969482422,45.810001373291016,39.7599983215332,45.40999984741211,33260300,44.41184997558594,0.0,,EGIE3,01-06-2025
45.2599983215332,49.189998626708984,39.4900016784668,39.93000030517578,28540400,39.05230712890625,0.0,,EGIE3,01-07-2025
40.369998931884766,41.0,38.900001525878906,39.939998626708984,20787500,39.06208419799805,0.881432,,EGIE3,01-08-2025
40.0,41.11000061035156,38.5099983215332,40.56999969482422,9064000,40.56999969482422,0.0,,EGIE3,01-09-2025
40.93000030517578,41.11000061035156,40.11000061035156,40.66999816894531,595900,40.66999816894531,0.0,,EGIE3,11-09-2025
26.881488800048828,34.821128845214844,26.14224624633789,30.57769203186035,86292088,22.168468475341797,0.0,,SANB11,01-10-2020
30.57769203186035,39.6885986328125,30.280075073242188,37.576480865478516,53740243,27.24250602722168,0.268303,,SANB11,01-11-2020
38.69013977050781,44.73847579956055,38.498130798339844,43.37520217895508,39696540,31.72312355041504,0.0,,SANB11,01-12-2020
43.37520217895508,45.31450653076172,36.846839904785156,37.89329528808594,44152650,27.713848114013672,0.178421,,SANB11,01-01-2021
38.24851608276367,41.397491455078125,35.94438934326172,36.1171989440918,44576692,26.523231506347656,0.137393,,SANB11,01-02-2021
36.06919479370117,39.84220504760742,33.928279876708984,38.018104553222656,66907223,28.01790428161621,0.0,,SANB11,01-03-2021
38.53653335571289,39.72699737548828,35.867584228515625,37.08685302734375,58661533,27.331607818603516,0.0,,SANB11,01-04-2021
37.05805206298828,39.775001525878906,35.88678741455078,39.56378936767578,43701423,29.15701675415039,0.804259,,SANB11,01-05-2021
39.775001525878906,44.93048858642578,38.88215255737305,38.88215255737305,56864446,29.282377243041992,0.0,,SANB11,01-06-2021
38.98775863647461,40.831058502197266,37.653282165527344,38.84375,52484374,29.253454208374023,0.0,,SANB11,01-07-2021
39.4677848815918,40.88866424560547,37.66288375854492,40.26462936401367,52858625,30.323524475097656,0.911494,,SANB11,01-08-2021
40.57184600830078,40.70625305175781,32.85301971435547,33.95708084106445,53721909,26.188873291015625,0.0,,SANB11,01-09-2021
34.235496520996094,37.38999938964844,33.2400016784668,34.400001525878906,67763720,26.530471801757812,0.0,,SANB11,01-10-2021
35.099998474121094,36.970001220703125,32.630001068115234,32.939998626708984,36720800,25.404470443725586,0.804259,,SANB11,01-11-2021
33.380001068115234,34.459999084472656,29.84000015258789,30.139999389648438,34967100,23.794933319091797,0.0,,SANB11,01-12-2021
30.149999618530273,34.81999969482422,30.079999923706055,33.099998474121094,49946200,26.13179588317871,0.066752,,SANB11,01-01-2022
32.97999954223633,33.599998474121094,29.700000762939453,30.649999618530273,48134700,24.249553680419922,0.804233,,SANB11,01-02-2022
30.649999618530273,37.16999816894531,29.260000228881836,36.25,70471000,29.41293716430664,0.0,,SANB11,01-03-2022
36.970001220703125,37.36000061035156,31.030000686645508,31.75,65805300,25.76167869567871,0.456205,,SANB11,01-04-2022
31.34000015258789,34.33000183105469,31.18000030517578,33.52000045776367,51657400,27.55661964416504,0.0,,SANB11,01-05-2022
33.72999954223633,33.75,28.709999084472656,28.809999465942383,43232600,23.68454933166504,0.0,,SANB11,01-06-2022
28.700000762939453,29.270000457763672,26.559999465942383,28.290000915527344,53174700,23.257061004638672,0.0,,SANB11,01-07-2022
28.290000915527344,30.770000457763672,27.510000228881836,29.3700008392334,46344700,24.14492416381836,0.45727,,SANB11,01-08-2022
29.43000030517578,31.729999542236328,28.799999237060547,30.34000015258789,42895700,25.321996688842773,0.0,,SANB11,01-09-2022
31.270000457763672,32.52000045776367,27.420000076293945,29.780000686645508,54528300,24.854616165161133,0.457242,,SANB11,01-10-2022
29.799999237060547,31.850000381469727,27.1200008392334,27.479999542236328,41810700,23.26885986328125,0.0,,SANB11,01-11-2022
27.649999618530273,28.6200008392334,25.520000457763672,28.200000762939453,26294400,23.878522872924805,0.0,,SANB11,01-12-2022
28.100000381469727,31.489999771118164,27.360000610351562,28.899999618530273,34230700,24.471250534057617,0.457629,,SANB11,01-01-2023
28.84000015258789,30.200000762939453,26.6200008392334,28.3799991607666,34084700,24.41582679748535,0.0,,SANB11,01-02-2023
28.09000015258789,28.309999465942383,25.270000457763672,26.799999237060547,43827200,23.0565242767334,0.0,,SANB11,01-03-2023
26.850000381469727,28.020000457763672,25.90999984741211,26.8700008392334,33098300,23.116748809814453,0.403261,,SANB11,01-04-2023
26.8700008392334,30.59000015258789,26.09000015258789,28.600000381469727,36336800,24.982275009155273,0.0,,SANB11,01-05-2023
28.530000686645508,31.450000762939453,28.5,30.6299991607666,34007800,26.755489349365234,0.0,,SANB11,01-06-2023
30.65999984741211,31.950000762939453,28.329999923706055,28.559999465942383,32707300,24.94733238220215,0.403346,,SANB11,01-07-2023
28.559999465942383,28.850000381469727,26.209999084472656,27.110000610351562,34732700,24.00722312927246,0.0,,SANB11,01-08-2023
27.450000762939453,27.549999237060547,25.559999465942383,26.049999237060547,36283300,23.068544387817383,0.0,,SANB11,01-09-2023
26.040000915527344,28.440000534057617,25.600000381469727,26.920000076293945,54773200,23.838973999023438,0.403366,,SANB11,01-10-2023
26.989999771118164,32.040000915527344,26.920000076293945,31.0,42325000,27.8713436126709,0.0,,SANB11,01-11-2023
31.0,32.47999954223633,30.530000686645508,32.29999923706055,27996600,29.04014015197754,0.0,,SANB11,01-12-2023
32.29999923706055,32.34000015258789,28.1200008392334,28.649999618530273,46630200,25.758512496948242,0.402856,,SANB11,01-01-2024
28.719999313354492,29.81999969482422,28.149999618530273,28.600000381469727,34315700,26.06109046936035,0.0,,SANB11,01-02-2024
28.440000534057617,28.889999389648438,27.969999313354492,28.520000457763672,32790200,25.98819351196289,0.0,,SANB11,01-03-2024
28.549999237060547,29.540000915527344,26.350000381469727,28.899999618530273,60962900,26.334457397460938,0.402399,,SANB11,01-04-2024
28.899999618530273,30.68000030517578,27.219999313354492,27.75,142104100,25.665407180786133,0.0,,SANB11,01-05-2024
27.81999969482422,28.239999771118164,26.6200008392334,27.459999084472656,68040600,25.39719009399414,0.0,,SANB11,01-06-2024
27.5,29.200000762939453,26.299999237060547,28.649999618530273,73629400,26.4977970123291,0.4025,,SANB11,01-07-2024
28.790000915527344,31.6200008392334,27.6299991607666,31.399999618530273,47662600,29.448253631591797,0.0,,SANB11,01-08-2024
31.239999771118164,31.979999542236328,28.350000381469727,28.389999389648438,38019000,26.625349044799805,0.0,,SANB11,01-09-2024
28.399999618530273,29.389999389648438,27.200000762939453,27.200000762939453,57428800,25.50931739807129,0.402476,,SANB11,01-10-2024
27.350000381469727,27.360000610351562,24.440000534057617,24.93000030517578,62771100,23.710735321044922,0.0,,SANB11,01-11-2024
25.139999389648438,25.850000381469727,23.280000686645508,23.81999969482422,52434600,22.6550235748291,0.0,,SANB11,01-12-2024
23.799999237060547,25.989999771118164,23.190000534057617,25.959999084472656,59252500,24.69036102294922,0.402522,,SANB11,01-01-2025
25.920000076293945,27.329999923706055,25.190000534057617,25.190000534057617,57931400,24.344423294067383,0.0,,SANB11,01-02-2025
25.190000534057617,27.770000457763672,24.770000457763672,26.719999313354492,47906400,25.823060989379883,0.0,,SANB11,01-03-2025
26.649999618530273,29.579999923706055,25.59000015258789,29.520000457763672,57183100,28.52907371520996,0.401915,,SANB11,01-04-2025
29.200000762939453,30.719999313354492,28.34000015258789,29.729999542236328,49104100,29.1650447845459,0.0,,SANB11,01-05-2025
30.0,30.350000381469727,28.360000610351562,29.690000534057617,50187000,29.125804901123047,0.0,,SANB11,01-06-2025
29.600000381469727,30.290000915527344,25.489999771118164,26.43000030517578,83078900,25.92775535583496,0.53588,,SANB11,01-07-2025
26.600000381469727,28.600000381469727,25.799999237060547,28.219999313354492,42068700,28.219999313354492,0.0,,SANB11,01-08-2025
28.5,29.389999389648438,27.850000381469727,28.670000076293945,20795100,28.670000076293945,0.0,,SANB11,01-09-2025
28.75,29.389999389648438,28.75,29.329999923706055,1220600,29.329999923706055,0.0,,SANB11,11-09-2025
18.127500534057617,20.420000076293945,17.3174991607666,18.02750015258789,252555600,15.996960639953613,0.0,0.0,BPAC11,01-10-2020
18.02750015258789,20.975000381469727,17.792499542236328,19.707500457763672,193190400,17.487735748291016,0.0,0.0,BPAC11,01-11-2020
19.947500228881836,24.075000762939453,19.50749969482422,23.477500915527344,170733200,20.833099365234375,0.0,0.0,BPAC11,01-12-2020
23.477500915527344,24.88249969482422,21.6875,23.542499542236328,176097200,20.890777587890625,0.155656,0.0,BPAC11,01-01-2021
24.447500228881836,28.962499618530273,23.8125,25.584999084472656,239987600,22.862442016601562,0.0,0.0,BPAC11,01-02-2021
25.75,26.170000076293945,21.649999618530273,24.262500762939453,370282400,21.68067741394043,0.0,0.0,BPAC11,01-03-2021
24.309999465942383,27.03499984741211,23.3799991607666,26.75,256628400,23.903470993041992,0.0,0.0,BPAC11,01-04-2021
27.372499465942383,31.4424991607666,26.677499771118164,31.012500762939453,357528800,27.712387084960938,0.0,0.0,BPAC11,01-05-2021
31.447500228881836,31.447500228881836,29.225000381469727,30.514999389648438,309615200,27.2678279876709,0.0,0.0,BPAC11,01-06-2021
30.489999771118164,32.72999954223633,28.799999237060547,29.149999618530273,179345300,26.048080444335938,0.0,4.0,BPAC11,01-07-2021
29.899999618530273,32.650001525878906,26.729999542236328,28.43000030517578,306110300,25.404699325561523,0.169905,0.0,BPAC11,01-08-2021
28.360000610351562,28.489999771118164,24.90999984741211,25.0,205766500,22.468141555786133,0.0,0.0,BPAC11,01-09-2021
25.190000534057617,26.329999923706055,21.479999542236328,22.649999618530273,319914400,20.35613441467285,0.0,0.0,BPAC11,01-10-2021
23.139999389648438,24.780000686645508,19.5,20.65999984741211,234529600,18.567670822143555,0.0,0.0,BPAC11,01-11-2021
21.170000076293945,23.59000015258789,20.40999984741211,20.969999313354492,171162500,18.84627342224121,0.06779,0.0,BPAC11,01-12-2021
20.799999237060547,24.479999542236328,18.030000686645508,24.040000915527344,278790400,21.67310333251953,0.147312,0.0,BPAC11,01-01-2022
24.1299991607666,26.639999389648438,22.1299991607666,25.40999984741211,201692000,23.089040756225586,0.0,0.0,BPAC11,01-02-2022
25.40999984741211,28.079999923706055,22.760000228881836,26.040000915527344,235974800,23.661495208740234,0.0,0.0,BPAC11,01-03-2022
26.209999084472656,26.920000076293945,22.920000076293945,23.09000015258789,171153000,20.98094940185547,0.0,0.0,BPAC11,01-04-2022
23.149999618530273,25.799999237060547,21.3799991607666,25.1200008392334,268242800,22.82552719116211,0.0,0.0,BPAC11,01-05-2022
25.489999771118164,25.5,20.950000762939453,22.309999465942383,201096300,20.272193908691406,0.0,0.0,BPAC11,01-06-2022
22.079999923706055,23.170000076293945,20.969999313354492,22.6200008392334,158384400,20.553882598876953,0.0,0.0,BPAC11,01-07-2022
22.43000030517578,27.010000228881836,22.010000228881836,25.450000762939453,228211800,23.12538719177246,0.313248,0.0,BPAC11,01-08-2022
25.510000228881836,27.40999984741211,23.739999771118164,24.809999465942383,248098800,22.8352108001709,0.0,0.0,BPAC11,01-09-2022
25.5,29.010000228881836,25.450000762939453,28.940000534057617,241317200,26.636476516723633,0.0,0.0,BPAC11,01-10-2022
29.049999237060547,30.0,23.0,25.040000915527344,251581600,23.046903610229492,0.0,0.0,BPAC11,01-11-2022
24.8799991607666,25.770000457763672,20.049999237060547,23.93000030517578,269633800,22.02525520324707,0.196059,0.0,BPAC11,01-12-2022
23.170000076293945,23.8700008392334,20.530000686645508,21.68000030517578,285990900,20.14276123046875,0.147698,0.0,BPAC11,01-01-2023
21.600000381469727,21.940000534057617,19.649999618530273,20.100000381469727,243477500,18.80107307434082,0.0,0.0,BPAC11,01-02-2023
20.309999465942383,21.239999771118164,17.93000030517578,19.649999618530273,260235800,18.380151748657227,0.0,0.0,BPAC11,01-03-2023
19.649999618530273,23.739999771118164,19.3700008392334,23.420000076293945,264665400,21.906524658203125,0.0,0.0,BPAC11,01-04-2023
23.420000076293945,28.110000610351562,22.309999465942383,26.299999237060547,237342800,24.60041046142578,0.0,0.0,BPAC11,01-05-2023
26.399999618530273,32.04999923706055,26.280000686645508,31.450000762939453,244867500,29.417598724365234,0.0,0.0,BPAC11,01-06-2023
31.59000015258789,34.47999954223633,30.600000381469727,34.0099983215332,168445000,31.812158584594727,0.0,0.0,BPAC11,01-07-2023
33.779998779296875,34.22999954223633,29.81999969482422,32.470001220703125,216967400,30.37168312072754,0.401443,0.0,BPAC11,01-08-2023
32.4900016784668,33.599998474121094,29.18000030517578,31.06999969482422,184122200,29.42060089111328,0.0,0.0,BPAC11,01-09-2023
31.06999969482422,32.220001220703125,28.8700008392334,29.600000381469727,177192000,28.028636932373047,0.0,0.0,BPAC11,01-10-2023
29.84000015258789,35.599998474121094,29.450000762939453,35.540000915527344,163377800,33.65330505371094,0.0,0.0,BPAC11,01-11-2023
35.439998626708984,38.119998931884766,33.68000030517578,37.61000061035156,120355000,35.6134147644043,0.230895,0.0,BPAC11,01-12-2023
37.61000061035156,38.630001068115234,35.470001220703125,36.02000045776367,171656600,34.33445358276367,0.148245,0.0,BPAC11,01-01-2024
36.09000015258789,38.599998474121094,35.77000045776367,36.38999938964844,141083000,34.82844543457031,0.0,0.0,BPAC11,01-02-2024
36.310001373291016,37.650001525878906,34.81999969482422,36.43000030517578,136355900,34.86672592163086,0.0,0.0,BPAC11,01-03-2024
36.54999923706055,36.790000915527344,32.25,33.400001525878906,192890600,31.96674919128418,0.0,0.0,BPAC11,01-04-2024
33.66999816894531,35.900001525878906,31.59000015258789,31.59000015258789,210367000,30.234420776367188,0.0,0.0,BPAC11,01-05-2024
31.809999465942383,33.33000183105469,29.989999771118164,30.90999984741211,207362700,29.583599090576172,0.0,0.0,BPAC11,01-06-2024
30.979999542236328,32.79999923706055,30.700000762939453,32.61000061035156,219780900,31.210649490356445,0.40669,0.0,BPAC11,01-07-2024
32.900001525878906,36.959999084472656,30.899999618530273,35.560001373291016,213595800,34.46818923950195,0.0,0.0,BPAC11,01-08-2024
35.650001525878906,36.209999084472656,32.380001068115234,33.27000045776367,174659900,32.24849319458008,0.0,0.0,BPAC11,01-09-2024
33.45000076293945,34.040000915527344,31.610000610351562,32.52000045776367,157458000,31.521522521972656,0.0,0.0,BPAC11,01-10-2024
32.58000183105469,34.4900016784668,29.739999771118164,30.280000686645508,184439300,29.350299835205078,0.0,0.0,BPAC11,01-11-2024
30.09000015258789,31.989999771118164,27.200000762939453,27.200000762939453,211165400,26.3648681640625,0.303269,0.0,BPAC11,01-12-2024
27.450000762939453,32.9900016784668,26.68000030517578,32.56999969482422,181109800,31.909175872802734,0.148376,0.0,BPAC11,01-01-2025
32.52000045776367,33.75,30.90999984741211,31.579999923706055,194069400,31.112028121948242,0.0,0.0,BPAC11,01-02-2025
31.350000381469727,36.20000076293945,30.940000534057617,33.70000076293945,177845900,33.20061492919922,0.0,0.0,BPAC11,01-03-2025
33.900001525878906,38.34000015258789,32.27000045776367,38.11000061035156,163038400,37.545265197753906,0.0,0.0,BPAC11,01-04-2025
37.650001525878906,41.36000061035156,37.18000030517578,39.54999923706055,169868800,38.963924407958984,0.0,0.0,BPAC11,01-05-2025
39.95000076293945,42.709999084472656,39.349998474121094,42.25,136919900,41.6239128112793,0.0,0.0,BPAC11,01-06-2025
42.279998779296875,43.130001068115234,38.09000015258789,39.130001068115234,203967500,38.550148010253906,0.0,0.0,BPAC11,01-07-2025
39.95000076293945,45.63999938964844,38.880001068115234,44.86000061035156,202541600,44.19523620605469,0.604007,0.0,BPAC11,01-08-2025
44.959999084472656,46.81999969482422,43.650001525878906,45.61000061035156,59553600,45.61000061035156,0.0,0.0,BPAC11,01-09-2025
45.90999984741211,47.09000015258789,45.849998474121094,46.650001525878906,4209100,46.650001525878906,0.0,0.0,BPAC11,11-09-2025
56.13563919067383,65.90961456298828,54.991031646728516,60.39557647705078,111223721,53.410430908203125,0.086753,,RENT3,01-10-2020
60.39557647705078,69.67189025878906,60.39557647705078,66.90492248535156,94256894,59.16692352294922,0.0,,RENT3,01-11-2020
67.63150024414062,68.96521759033203,61.91840744018555,68.62681579589844,85765393,60.68966293334961,0.08433,,RENT3,01-12-2020
68.62681579589844,73.5834732055664,62.88386154174805,63.5805778503418,112663369,56.3007926940918,0.0,,RENT3,01-01-2021
64.48631286621094,70.15959930419922,56.8920783996582,57.72814178466797,100240842,51.118446350097656,0.0,,RENT3,01-02-2021
57.66842269897461,61.948265075683594,54.075340270996094,59.45003128051758,143748271,52.6431884765625,0.08422,,RENT3,01-03-2021
59.63914108276367,64.50621795654297,58.62392044067383,63.99861145019531,83130742,56.75440979003906,0.0,,RENT3,01-04-2021
64.49626922607422,65.09345245361328,57.72814178466797,62.35634231567383,126948627,55.298038482666016,0.02395,,RENT3,01-05-2021
62.52554702758789,67.54192352294922,61.7790641784668,63.700016021728516,102391622,56.510765075683594,0.095543,,RENT3,01-06-2021
63.45118713378906,69.53254699707031,61.70939254760742,61.85868835449219,97087662,54.95901107788086,0.0,,RENT3,01-07-2021
62.117469787597656,62.61512756347656,52.68190383911133,55.20004653930664,160015017,49.043060302734375,0.0,,RENT3,01-08-2021
56.24512481689453,62.50564193725586,53.0501708984375,54.21468734741211,141412424,48.16761779785156,0.108462,,RENT3,01-09-2021
54.31421661376953,56.80249786376953,44.689544677734375,45.087669372558594,138470735,40.13850784301758,0.0,,RENT3,01-10-2021
45.57537078857422,54.91140365600586,44.99808883666992,50.87043380737305,139178450,45.2865104675293,0.0,,RENT3,01-11-2021
51.268558502197266,60.97285842895508,49.944793701171875,52.7515754699707,193484899,46.961158752441406,0.128287,,RENT3,01-12-2021
52.721717834472656,59.221107482910156,46.95885467529297,58.3253288269043,161938332,52.0412712097168,0.0,,RENT3,01-01-2022
58.38504409790039,61.76911163330078,54.204734802246094,57.250389099121094,112856376,51.08214569091797,0.0,,RENT3,01-02-2022
57.250389099121094,63.45118713378906,49.745731353759766,60.8136100769043,149715037,54.26146697998047,0.1457,,RENT3,01-03-2022
61.48046875,62.84404754638672,52.691856384277344,52.691856384277344,104748673,47.12575912475586,0.0,,RENT3,01-04-2022
52.642093658447266,58.803077697753906,50.72113800048828,57.250389099121094,150644193,51.20274353027344,0.272272,,RENT3,01-05-2022
57.68832778930664,58.235748291015625,48.29257583618164,52.16434097290039,169751152,46.89628982543945,0.0,,RENT3,01-06-2022
51.90555953979492,58.18598556518555,50.67137145996094,57.339969635009766,142893567,51.54923629760742,0.173751,,RENT3,01-07-2022
57.130950927734375,64.39673614501953,56.53376388549805,60.5349235534668,155674469,54.60340881347656,0.0,,RENT3,01-08-2022
60.3458137512207,65.67073822021484,58.09657669067383,60.83510208129883,131249709,54.87417221069336,0.352665,,RENT3,01-09-2022
63.87237548828125,70.47471618652344,62.70726013183594,70.24567413330078,135789366,63.7353630065918,0.0,,RENT3,01-10-2022
69.8572998046875,73.90036010742188,56.831878662109375,59.84923553466797,198166333,54.302467346191406,0.0,,RENT3,01-11-2022
58.435157775878906,60.06831741333008,48.14826202392578,53.02507781982422,210417090,48.11076736450195,0.364198,,RENT3,01-12-2022
51.82902145385742,59.67314529418945,49.46681594848633,59.015316009521484,143436013,53.91683578491211,0.0,,RENT3,01-01-2023
58.8857421875,60.68979263305664,54.171295166015625,55.30754852294922,107571889,50.52938461303711,0.0,,RENT3,01-02-2023
55.21784210205078,57.1713981628418,47.44348907470703,53.27903366088867,204044581,48.67612838745117,0.367566,,RENT3,01-03-2023
53.08946228027344,60.04367446899414,51.5828857421875,57.87858963012695,133916750,53.24567794799805,0.0,,RENT3,01-04-2023
57.87858963012695,66.16976928710938,55.384254455566406,61.89946365356445,176163147,56.944698333740234,0.0,,RENT3,01-05-2023
62.61783218383789,69.86138153076172,62.358421325683594,68.3448257446289,196139699,62.874141693115234,0.0,,RENT3,01-06-2023
68.58428192138672,71.24823760986328,65.66091918945312,67.0677261352539,108794840,61.699275970458984,0.34765,,RENT3,01-07-2023
66.54890441894531,68.21511840820312,61.75978088378906,63.106719970703125,129984139,58.352142333984375,0.0,,RENT3,01-08-2023
63.605587005615234,64.38381958007812,55.254547119140625,58.498531341552734,127360576,54.091148376464844,0.405298,,RENT3,01-09-2023
58.17886734008789,58.19884490966797,49.96749496459961,50.81660079956055,152224179,47.32771682739258,0.0,,RENT3,01-10-2023
51.276119232177734,61.41546630859375,50.746673583984375,59.97697448730469,153393605,55.85917282104492,0.0,,RENT3,01-11-2023
60.29663848876953,66.0306167602539,59.18780517578125,63.599998474121094,115368071,59.23345184326172,0.382055,,RENT3,01-12-2023
63.599998474121094,63.599998474121094,53.849998474121094,54.119998931884766,147035000,50.70638656616211,0.0,,RENT3,01-01-2024
54.36000061035156,54.779998779296875,51.31999969482422,53.0,130605100,49.65703201293945,0.0,,RENT3,01-02-2024
53.0099983215332,55.20000076293945,50.68000030517578,54.68000030517578,169918000,51.2310676574707,0.0,,RENT3,01-03-2024
54.900001525878906,55.650001525878906,48.209999084472656,49.029998779296875,177395800,45.937435150146484,0.38274,,RENT3,01-04-2024
49.029998779296875,52.439998626708984,42.349998474121094,42.72999954223633,235193900,40.327972412109375,0.0,,RENT3,01-05-2024
42.880001068115234,44.29999923706055,38.91792678833008,42.0,182437869,39.639007568359375,0.397984,,RENT3,01-06-2024
41.86000061035156,47.27000045776367,41.02000045776367,43.83000183105469,176715900,41.758934020996094,0.0,,RENT3,01-07-2024
44.150001525878906,50.22999954223633,39.040000915527344,41.369998931884766,341385100,39.4151725769043,0.0,,RENT3,01-08-2024
41.209999084472656,45.970001220703125,40.599998474121094,41.0,152306100,39.06265640258789,0.399526,,RENT3,01-09-2024
41.09000015258789,43.650001525878906,40.220001220703125,42.02000045776367,145690500,40.4200553894043,0.0,,RENT3,01-10-2024
42.529998779296875,46.20000076293945,36.4900016784668,37.58000183105469,258099900,36.14911651611328,0.0,,RENT3,01-11-2024
37.189998626708984,37.470001220703125,29.719999313354492,32.20000076293945,265531000,30.973960876464844,0.404691,,RENT3,01-12-2024
32.20000076293945,33.38999938964844,28.309999465942383,30.8700008392334,205406000,30.0850830078125,0.0,,RENT3,01-01-2025
30.84000015258789,33.310001373291016,26.719999313354492,28.100000381469727,241380100,27.385515213012695,0.0,,RENT3,01-02-2025
28.100000381469727,35.54999923706055,27.290000915527344,33.59000015258789,180648400,32.73591995239258,0.456385,,RENT3,01-03-2025
33.900001525878906,43.70000076293945,33.599998474121094,42.959999084472656,220874000,42.42372131347656,0.0,,RENT3,01-04-2025
42.959999084472656,44.58000183105469,38.400001525878906,42.959999084472656,214731300,42.42372131347656,0.0,,RENT3,01-05-2025
43.29999923706055,45.75,39.66999816894531,40.52000045776367,186534100,40.014183044433594,0.506194,,RENT3,01-06-2025
40.540000915527344,41.099998474121094,34.33000183105469,34.630001068115234,150947300,34.630001068115234,0.0,,RENT3,01-07-2025
35.369998931884766,36.5,32.70000076293945,35.84000015258789,201778300,35.84000015258789,0.0,,RENT3,01-08-2025
36.0099983215332,39.20000076293945,35.29999923706055,37.34000015258789,45290400,37.34000015258789,0.0,,RENT3,01-09-2025
37.599998474121094,38.650001525878906,37.310001373291016,38.540000915527344,6914500,38.540000915527344,0.0,,RENT3,11-09-2025
30.389999389648438,34.900001525878906,29.360000610351562,31.059999465942383,95226300,25.528671264648438,0.0,,ELET3,01-10-2020
31.059999465942383,35.63999938964844,30.780000686645508,31.059999465942383,107569400,25.528671264648438,0.0,,ELET3,01-11-2020
31.489999771118164,39.400001525878906,30.850000381469727,36.66999816894531,129907700,30.13961410522461,0.0,,ELET3,01-12-2020
36.66999816894531,37.400001525878906,26.520000457763672,28.690000534057617,172174000,23.58073616027832,0.0,,ELET3,01-01-2021
30.600000381469727,35.9900016784668,26.270000457763672,32.40999984741211,201021600,26.638256072998047,1.435129,,ELET3,01-02-2021
33.20000076293945,34.77000045776367,29.780000686645508,34.27000045776367,149073000,29.501789093017578,0.0,,ELET3,01-03-2021
34.29999923706055,37.47999954223633,33.45000076293945,36.790000915527344,113885600,31.67116355895996,0.96313,,ELET3,01-04-2021
36.849998474121094,43.93000030517578,34.900001525878906,43.84000015258789,164436900,38.77268600463867,0.0,,ELET3,01-05-2021
44.13999938964844,48.20000076293945,42.77000045776367,43.16999816894531,176072700,38.18012619018555,0.0,,ELET3,01-06-2021
43.59000015258789,44.400001525878906,39.619998931884766,40.25,77269800,35.5976448059082,0.0,,ELET3,01-07-2021
40.7599983215332,41.529998779296875,36.58000183105469,37.630001068115234,80068300,33.28047561645508,0.0,,ELET3,01-08-2021
37.650001525878906,40.119998931884766,34.2400016784668,38.5099983215332,101710400,34.05875778198242,0.0,,ELET3,01-09-2021
38.56999969482422,40.84000015258789,33.52000045776367,33.83000183105469,120943100,29.919710159301758,0.0,,ELET3,01-10-2021
33.93000030517578,36.58000183105469,31.65999984741211,32.630001068115234,85529400,28.85841178894043,0.0,,ELET3,01-11-2021
32.869998931884766,36.880001068115234,29.899999618530273,33.40999984741211,121392100,29.548254013061523,0.0,,ELET3,01-12-2021
33.439998626708984,36.20000076293945,29.200000762939453,35.290000915527344,102981700,31.210948944091797,0.0,,ELET3,01-01-2022
35.40999984741211,36.88999938964844,32.290000915527344,34.77000045776367,85462000,30.75105857849121,0.0,,ELET3,01-02-2022
34.77000045776367,38.16999816894531,32.38999938964844,37.97999954223633,93911300,33.590023040771484,0.0,,ELET3,01-03-2022
38.20000076293945,43.619998931884766,36.75,40.47999954223633,165793900,35.80105972290039,0.773505,,ELET3,01-04-2022
40.2599983215332,45.84000015258789,37.4900016784668,42.13999938964844,164618000,38.00203323364258,0.0,,ELET3,01-05-2022
41.72999954223633,46.54999923706055,39.40999984741211,46.20000076293945,615394200,41.663368225097656,0.0,,ELET3,01-06-2022
46.0,46.56999969482422,41.31999969482422,45.810001373291016,213145900,41.31166076660156,0.0,,ELET3,01-07-2022
45.79999923706055,50.34000015258789,45.65999984741211,46.11000061035156,239114900,41.58219909667969,0.0,,ELET3,01-08-2022
46.29999923706055,47.209999084472656,41.41999816894531,42.970001220703125,206889700,38.75053787231445,0.0,,ELET3,01-09-2022
44.0,50.189998626708984,43.459999084472656,49.81999969482422,277644500,44.927894592285156,0.0,,ELET3,01-10-2022
49.560001373291016,52.4900016784668,41.75,47.5,254289800,42.83571243286133,0.0,,ELET3,01-11-2022
46.9900016784668,47.720001220703125,40.2400016784668,42.119998931884766,283899000,37.98400115966797,0.0,,ELET3,01-12-2022
40.849998474121094,43.459999084472656,39.56999969482422,40.650001525878906,228837300,36.658348083496094,0.0,,ELET3,01-01-2023
40.560001373291016,40.959999084472656,33.880001068115234,34.31999969482422,197443400,30.949926376342773,0.0,,ELET3,01-02-2023
34.29999923706055,34.630001068115234,29.809999465942383,33.279998779296875,284471800,30.01205062866211,0.0,,ELET3,01-03-2023
33.43000030517578,35.869998931884766,32.5,33.849998474121094,245601000,30.526077270507812,0.220929,,ELET3,01-04-2023
33.849998474121094,36.790000915527344,32.54999923706055,35.29999923706055,252316600,32.04104232788086,0.0,,ELET3,01-05-2023
35.29999923706055,40.29999923706055,34.5099983215332,39.75,205373100,36.08020782470703,0.0,,ELET3,01-06-2023
39.81999969482422,40.54999923706055,37.439998626708984,38.650001525878906,138364800,35.081764221191406,0.0,,ELET3,01-07-2023
38.099998474121094,38.61000061035156,33.459999084472656,35.2599983215332,271463500,32.004730224609375,0.0,,ELET3,01-08-2023
35.349998474121094,37.79999923706055,33.599998474121094,36.88999938964844,162926000,33.4842529296875,0.0,,ELET3,01-09-2023
36.79999923706055,36.849998474121094,33.560001373291016,34.84000015258789,128011600,31.623510360717773,0.0,,ELET3,01-10-2023
35.0,41.70000076293945,34.86000061035156,40.86000061035156,162180800,37.08773422241211,0.0,,ELET3,01-11-2023
40.7599983215332,42.689998626708984,40.310001373291016,42.43000030517578,103866500,38.512786865234375,0.0,,ELET3,01-12-2023
42.43000030517578,44.43000030517578,40.0,40.810001373291016,121063800,37.04235076904297,0.0,,ELET3,01-01-2024
40.709999084472656,44.90999984741211,40.209999084472656,43.5,139926900,39.48400115966797,0.0,,ELET3,01-02-2024
43.529998779296875,44.439998626708984,40.869998931884766,41.70000076293945,137253500,37.85017776489258,0.0,,ELET3,01-03-2024
41.79999923706055,42.22999954223633,36.29999923706055,37.86000061035156,203844600,34.36469650268555,0.403802,,ELET3,01-04-2024
38.2400016784668,39.93000030517578,34.790000915527344,34.790000915527344,154826000,31.920021057128906,0.0,,ELET3,01-05-2024
34.9900016784668,36.93000030517578,34.02000045776367,35.849998474121094,138083700,32.892574310302734,0.0,,ELET3,01-06-2024
35.70000076293945,39.970001220703125,35.400001525878906,39.56999969482422,177690500,36.30569839477539,0.0,,ELET3,01-07-2024
39.84000015258789,42.31999969482422,37.22999954223633,41.75,172217800,38.30585861206055,0.0,,ELET3,01-08-2024
41.45000076293945,43.060001373291016,38.970001220703125,39.349998474121094,142786200,36.103843688964844,0.0,,ELET3,01-09-2024
39.790000915527344,40.08000183105469,37.349998474121094,37.970001220703125,178288300,34.83768844604492,0.0,,ELET3,01-10-2024
37.9900016784668,38.0,33.41999816894531,34.369998931884766,208770400,31.534666061401367,0.0,,ELET3,01-11-2024
34.290000915527344,37.54999923706055,33.599998474121094,34.130001068115234,200940100,31.314464569091797,0.862972,,ELET3,01-12-2024
34.130001068115234,36.7599983215332,33.36000061035156,36.09000015258789,172024900,33.949859619140625,0.0,,ELET3,01-01-2025
36.04999923706055,39.79999923706055,34.66999816894531,38.220001220703125,193231300,35.953548431396484,0.0,,ELET3,01-02-2025
38.220001220703125,42.5,37.880001068115234,40.790000915527344,166406600,38.37114715576172,0.0,,ELET3,01-03-2025
40.630001068115234,44.20000076293945,39.83000183105469,43.95000076293945,182044100,41.34375762939453,0.895233,,ELET3,01-04-2025
43.95000076293945,44.4900016784668,40.66999816894531,41.959999084472656,151279100,40.29325866699219,0.0,,ELET3,01-05-2025
42.31999969482422,42.31999969482422,39.38999938964844,40.290000915527344,140622200,38.68959426879883,0.0,,ELET3,01-06-2025
40.400001525878906,41.25,37.41999816894531,37.810001373291016,117586200,36.30810546875,0.0,,ELET3,01-07-2025
38.029998779296875,45.810001373291016,37.560001373291016,45.02000045776367,181044800,43.23170852661133,1.757706,,ELET3,01-08-2025
45.220001220703125,46.08000183105469,44.36000061035156,45.630001068115234,50804400,45.630001068115234,0.0,,ELET3,01-09-2025
45.72999954223633,46.470001220703125,45.689998626708984,46.220001220703125,3750000,46.220001220703125,0.0,,ELET3,11-09-2025
31.260000228881836,34.970001220703125,30.059999465942383,30.989999771118164,47608700,23.11134147644043,0.0,,ELET6,01-10-2020
30.989999771118164,35.689998626708984,30.989999771118164,32.0,46527100,23.864566802978516,0.0,,ELET6,01-11-2020
32.310001373291016,39.29999923706055,31.8700008392334,37.0,45667000,27.59340476989746,0.0,,ELET6,01-12-2020
37.0,37.58000183105469,27.200000762939453,28.739999771118164,72665400,21.43336296081543,0.0,,ELET6,01-01-2021
31.0,36.47999954223633,26.3799991607666,32.77000045776367,107028200,24.438810348510742,1.578642,,ELET6,01-02-2021
33.189998626708984,35.130001068115234,30.190000534057617,34.810001373291016,59293900,27.26944351196289,0.0,,ELET6,01-03-2021
34.61000061035156,37.95000076293945,33.900001525878906,36.97999954223633,46427700,28.969375610351562,1.05945,,ELET6,01-04-2021
36.97999954223633,43.709999084472656,35.0099983215332,43.58000183105469,74795700,35.15480041503906,0.0,,ELET6,01-05-2021
43.9900016784668,48.290000915527344,42.33000183105469,43.27000045776367,90240700,34.90473175048828,0.0,,ELET6,01-06-2021
43.36000061035156,44.0099983215332,40.2599983215332,40.54999923706055,40211400,32.71057891845703,0.0,,ELET6,01-07-2021
40.849998474121094,41.36000061035156,36.97999954223633,37.77000045776367,34688900,30.468032836914062,0.0,,ELET6,01-08-2021
37.779998779296875,40.61000061035156,34.95000076293945,38.720001220703125,53068700,31.234371185302734,0.0,,ELET6,01-09-2021
38.720001220703125,40.7400016784668,33.310001373291016,33.84000015258789,56387000,27.297809600830078,0.0,,ELET6,01-10-2021
33.91999816894531,36.04999923706055,31.270000457763672,32.04999923706055,41546600,25.853864669799805,0.0,,ELET6,01-11-2021
32.29999923706055,36.27000045776367,29.959999084472656,33.150001525878906,71303400,26.74120330810547,0.0,,ELET6,01-12-2021
33.119998931884766,35.029998779296875,29.1200008392334,34.47999954223633,43824100,27.8140811920166,0.0,,ELET6,01-01-2022
34.77000045776367,36.529998779296875,31.649999618530273,34.40999984741211,46882100,27.757612228393555,0.0,,ELET6,01-02-2022
34.40999984741211,37.849998474121094,32.47999954223633,37.5,46363600,30.250228881835938,0.0,,ELET6,01-03-2022
37.91999816894531,43.4900016784668,36.45000076293945,40.150001525878906,95066500,32.38791275024414,1.614105,,ELET6,01-04-2022
39.88999938964844,44.439998626708984,37.18000030517578,41.630001068115234,96857400,34.97250747680664,0.0,,ELET6,01-05-2022
41.90999984741211,47.029998779296875,38.70000076293945,46.70000076293945,132962300,39.231712341308594,0.0,,ELET6,01-06-2022
46.47999954223633,47.959999084472656,42.599998474121094,47.33000183105469,58593200,39.760963439941406,0.0,,ELET6,01-07-2022
47.400001525878906,52.220001220703125,47.02000045776367,47.900001525878906,74193400,40.23980712890625,0.0,,ELET6,01-08-2022
48.0,48.90999984741211,43.75,45.150001525878906,56519800,37.92959213256836,0.0,,ELET6,01-09-2022
46.56999969482422,53.79999923706055,45.5099983215332,53.31999969482422,73369000,44.79303741455078,0.0,,ELET6,01-10-2022
53.540000915527344,56.119998931884766,45.5,49.08000183105469,69043000,41.23110580444336,0.0,,ELET6,01-11-2022
48.93000030517578,49.849998474121094,41.79999923706055,43.22999954223633,50883700,36.31663513183594,0.0,,ELET6,01-12-2022
42.0,44.880001068115234,41.130001068115234,42.470001220703125,48042500,35.67817687988281,0.0,,ELET6,01-01-2023
42.40999984741211,43.060001373291016,35.65999984741211,35.970001220703125,49830600,30.2176570892334,0.0,,ELET6,01-02-2023
36.04999923706055,37.599998474121094,32.619998931884766,36.279998779296875,73959100,30.478084564208984,0.0,,ELET6,01-03-2023
36.220001220703125,39.7400016784668,35.540000915527344,36.40999984741211,54038100,30.587291717529297,1.493652,,ELET6,01-04-2023
36.40999984741211,40.689998626708984,35.81999969482422,39.400001525878906,72062200,34.44160842895508,0.0,,ELET6,01-05-2023
39.65999984741211,45.529998779296875,38.810001373291016,44.52000045776367,46373600,38.91727066040039,0.0,,ELET6,01-06-2023
44.790000915527344,45.029998779296875,41.9900016784668,43.630001068115234,27791500,38.139278411865234,0.0,,ELET6,01-07-2023
43.11000061035156,43.439998626708984,36.9900016784668,38.7400016784668,63023300,33.86466979980469,0.0,,ELET6,01-08-2023
38.83000183105469,40.72999954223633,37.029998779296875,40.349998474121094,38567100,35.27205276489258,0.0,,ELET6,01-09-2023
40.369998931884766,40.869998931884766,37.439998626708984,38.45000076293945,29438800,33.61116409301758,0.0,,ELET6,01-10-2023
38.47999954223633,45.61000061035156,38.47999954223633,44.869998931884766,30277700,39.22322463989258,0.0,,ELET6,01-11-2023
44.689998626708984,47.56999969482422,44.290000915527344,46.97999954223633,18579800,41.06768798828125,0.0,,ELET6,01-12-2023
46.97999954223633,49.38999938964844,45.0099983215332,45.84000015258789,24248100,40.07115173339844,0.0,,ELET6,01-01-2024
45.79999923706055,49.40999984741211,44.91999816894531,47.90999984741211,27128100,41.88064956665039,0.0,,ELET6,01-02-2024
48.11000061035156,49.22999954223633,45.439998626708984,46.630001068115234,27070500,40.76173400878906,0.0,,ELET6,01-03-2024
46.650001525878906,47.11000061035156,40.70000076293945,41.560001373291016,34774800,36.32978057861328,1.823064,,ELET6,01-04-2024
41.880001068115234,44.15999984741211,39.119998931884766,39.130001068115234,36892600,35.740509033203125,0.0,,ELET6,01-05-2024
39.2599983215332,41.20000076293945,38.310001373291016,40.099998474121094,30113900,36.62648010253906,0.0,,ELET6,01-06-2024
39.9900016784668,44.2400016784668,39.70000076293945,43.61000061035156,27369500,39.83243942260742,0.0,,ELET6,01-07-2024
43.95000076293945,46.9900016784668,41.25,46.13999938964844,31561600,42.143287658691406,0.0,,ELET6,01-08-2024
45.790000915527344,47.599998474121094,43.31999969482422,43.709999084472656,21388400,39.92377853393555,0.0,,ELET6,01-09-2024
44.09000015258789,44.38999938964844,41.560001373291016,42.209999084472656,20469800,38.5537109375,0.0,,ELET6,01-10-2024
42.11000061035156,42.439998626708984,38.11000061035156,39.0099983215332,33513700,35.63090133666992,0.0,,ELET6,01-11-2024
39.0,41.83000183105469,37.439998626708984,37.84000015258789,38424700,34.56224822998047,1.823064,,ELET6,01-12-2024
37.84000015258789,40.560001373291016,37.09000015258789,39.70000076293945,23827700,38.00873565673828,0.0,,ELET6,01-01-2025
39.540000915527344,43.77000045776367,38.650001525878906,41.970001220703125,27536200,40.182029724121094,0.0,,ELET6,01-02-2025
41.970001220703125,45.849998474121094,41.119998931884766,44.41999816894531,31053100,42.527652740478516,0.0,,ELET6,01-03-2025
44.650001525878906,48.36000061035156,43.0099983215332,48.22999954223633,32308800,46.17534255981445,0.111042,,ELET6,01-04-2025
48.22999954223633,48.47999954223633,45.13999938964844,46.970001220703125,30763700,45.07406234741211,0.0,,ELET6,01-05-2025
47.2599983215332,47.34000015258789,43.439998626708984,44.65999984741211,21894900,42.857303619384766,0.0,,ELET6,01-06-2025
44.20000076293945,45.54999923706055,40.66999816894531,40.900001525878906,22839300,39.24907684326172,0.0,,ELET6,01-07-2025
41.31999969482422,49.38999938964844,40.689998626708984,47.720001220703125,52248600,45.79378890991211,1.933479,,ELET6,01-08-2025
47.65999984741211,48.79999923706055,47.13999938964844,48.40999984741211,6916600,48.40999984741211,0.0,,ELET6,01-09-2025
48.40999984741211,49.36000061035156,48.380001068115234,49.09000015258789,471900,49.09000015258789,0.0,,ELET6,11-09-2025
24.350000381469727,26.049999237060547,23.610000610351562,23.68000030517578,88234500,15.714323043823242,0.0,,BBSE3,01-10-2020
23.68000030517578,29.799999237060547,23.68000030517578,28.559999465942383,120982300,18.95274543762207,0.0,,BBSE3,01-11-2020
29.0,30.760000228881836,28.260000228881836,29.6299991607666,70198700,19.662809371948242,0.0,,BBSE3,01-12-2020
29.6299991607666,30.450000762939453,27.65999984741211,27.65999984741211,86915800,18.35549545288086,0.0,,BBSE3,01-01-2021
28.0,29.0,25.43000030517578,25.43000030517578,89982600,16.875642776489258,0.476121,,BBSE3,01-02-2021
25.68000030517578,25.700000762939453,23.520000457763672,24.25,194654200,16.36463165283203,0.0,,BBSE3,01-03-2021
24.510000228881836,24.59000015258789,22.190000534057617,22.329999923706055,143558900,15.068955421447754,0.0,,BBSE3,01-04-2021
22.6299991607666,23.770000457763672,21.959999084472656,23.399999618530273,105271100,15.791025161743164,0.0,,BBSE3,01-05-2021
23.450000762939453,25.56999969482422,23.100000381469727,23.100000381469727,128806800,15.588576316833496,0.0,,BBSE3,01-06-2021
23.149999618530273,23.420000076293945,21.299999237060547,21.3700008392334,140002100,14.421121597290039,0.0,,BBSE3,01-07-2021
21.59000015258789,21.889999389648438,18.860000610351562,19.059999465942383,153494200,12.862260818481445,0.520874,,BBSE3,01-08-2021
19.100000381469727,20.649999618530273,18.280000686645508,19.950000762939453,134042200,13.793963432312012,0.0,,BBSE3,01-09-2021
19.989999771118164,22.8700008392334,19.43000030517578,22.09000015258789,134020100,15.273616790771484,0.0,,BBSE3,01-10-2021
22.389999389648438,23.549999237060547,20.760000228881836,20.8799991607666,89537700,14.436990737915039,0.0,,BBSE3,01-11-2021
21.1200008392334,21.899999618530273,20.100000381469727,20.8799991607666,91236700,14.436990737915039,0.0,,BBSE3,01-12-2021
20.920000076293945,23.25,19.010000228881836,23.139999389648438,119613500,15.999610900878906,0.0,,BBSE3,01-01-2022
23.100000381469727,24.690000534057617,22.049999237060547,23.040000915527344,119704800,15.930472373962402,0.930048,,BBSE3,01-02-2022
23.040000915527344,25.690000534057617,21.780000686645508,25.559999465942383,114931800,18.374387741088867,0.0,,BBSE3,01-03-2022
25.68000030517578,26.989999771118164,25.1299991607666,25.43000030517578,116115100,18.280933380126953,0.0,,BBSE3,01-04-2022
25.209999084472656,26.940000534057617,24.459999084472656,26.8799991607666,97991500,19.323301315307617,0.0,,BBSE3,01-05-2022
26.889999389648438,26.90999984741211,24.190000534057617,25.959999084472656,101571500,18.661935806274414,0.0,,BBSE3,01-06-2022
25.989999771118164,29.1200008392334,24.860000610351562,28.989999771118164,98713100,20.840120315551758,0.0,,BBSE3,01-07-2022
28.989999771118164,30.959999084472656,27.780000686645508,28.280000686645508,115722900,20.329721450805664,1.036045,,BBSE3,01-08-2022
28.5,30.3700008392334,25.899999618530273,26.56999969482422,135816800,19.77852439880371,0.0,,BBSE3,01-09-2022
26.780000686645508,29.799999237060547,26.56999969482422,29.690000534057617,145881000,22.101032257080078,0.0,,BBSE3,01-10-2022
29.579999923706055,32.25,29.06999969482422,31.31999969482422,163699200,23.31439208984375,0.0,,BBSE3,01-11-2022
31.100000381469727,34.34000015258789,30.010000228881836,33.709999084472656,122258700,25.093490600585938,0.0,,BBSE3,01-12-2022
33.349998474121094,38.27000045776367,32.06999969482422,37.779998779296875,122759300,28.123172760009766,0.0,,BBSE3,01-01-2023
37.779998779296875,37.939998626708984,33.880001068115234,34.209999084472656,121150700,25.465686798095703,1.878577,,BBSE3,01-02-2023
34.209999084472656,35.349998474121094,31.969999313354492,32.5099983215332,119636100,25.51068687438965,0.0,,BBSE3,01-03-2023
32.5099983215332,35.810001373291016,31.899999618530273,34.310001373291016,91016300,26.923154830932617,0.0,,BBSE3,01-04-2023
34.310001373291016,34.54999923706055,30.290000915527344,30.93000030517578,142170300,24.270856857299805,0.0,,BBSE3,01-05-2023
31.010000228881836,31.43000030517578,29.209999084472656,30.770000457763672,155909900,24.145305633544922,0.0,,BBSE3,01-06-2023
31.100000381469727,32.0099983215332,29.799999237060547,31.1200008392334,108057500,24.419950485229492,0.0,,BBSE3,01-07-2023
31.1200008392334,32.939998626708984,29.440000534057617,30.3799991607666,116905500,23.839269638061523,1.607637,,BBSE3,01-08-2023
30.559999465942383,32.220001220703125,30.5,31.209999084472656,91062200,25.76341438293457,0.0,,BBSE3,01-09-2023
31.25,32.619998931884766,30.530000686645508,30.760000228881836,86068800,25.391948699951172,0.0,,BBSE3,01-10-2023
30.760000228881836,32.380001068115234,30.709999084472656,31.299999237060547,106859300,25.83770751953125,0.0,,BBSE3,01-11-2023
31.239999771118164,33.650001525878906,30.1299991607666,33.650001525878906,118526600,27.777603149414062,0.0,,BBSE3,01-12-2023
33.650001525878906,34.97999954223633,32.97999954223633,34.25,94614800,28.27289390563965,0.0,,BBSE3,01-01-2024
34.2599983215332,36.09000015258789,32.099998474121094,33.34000015258789,107614500,27.52170181274414,1.261289,,BBSE3,01-02-2024
33.349998474121094,33.849998474121094,31.8700008392334,32.52000045776367,91331500,27.86346435546875,0.0,,BBSE3,01-03-2024
32.58000183105469,33.540000915527344,31.950000762939453,32.20000076293945,104216100,27.589284896850586,0.0,,BBSE3,01-04-2024
32.20000076293945,34.529998779296875,32.11000061035156,32.29999923706055,104411100,27.67496681213379,0.0,,BBSE3,01-05-2024
32.220001220703125,33.79999923706055,31.899999618530273,32.93000030517578,87353400,28.214757919311523,0.0,,BBSE3,01-06-2024
32.97999954223633,35.18000030517578,32.61000061035156,35.16999816894531,84174200,30.13401222229004,0.0,,BBSE3,01-07-2024
35.279998779296875,37.650001525878906,33.470001220703125,36.72999954223633,117076900,31.47063636779785,1.390909,,BBSE3,01-08-2024
36.869998931884766,37.58000183105469,34.849998474121094,35.5,82456000,31.595252990722656,0.0,,BBSE3,01-09-2024
35.630001068115234,36.220001220703125,33.630001068115234,34.27000045776367,101268400,30.50054359436035,0.0,,BBSE3,01-10-2024
34.54999923706055,35.31999969482422,33.2599983215332,33.529998779296875,82529500,29.841938018798828,0.0,,BBSE3,01-11-2024
33.52000045776367,37.75,33.369998931884766,36.18000030517578,108573400,32.20045852661133,0.0,,BBSE3,01-12-2024
36.18000030517578,39.279998779296875,35.720001220703125,38.540000915527344,99693000,34.30087661743164,0.0,,BBSE3,01-01-2025
38.540000915527344,40.22999954223633,36.619998931884766,37.84000015258789,129280900,33.67787170410156,2.320161,,BBSE3,01-02-2025
37.84000015258789,40.70000076293945,37.810001373291016,40.29999923706055,87060900,38.084075927734375,0.0,,BBSE3,01-03-2025
40.29999923706055,42.77000045776367,38.97999954223633,42.77000045776367,93438100,40.41826248168945,0.0,,BBSE3,01-04-2025
42.77000045776367,42.77000045776367,37.310001373291016,37.5099983215332,121826000,35.44748306274414,0.0,,BBSE3,01-05-2025
37.68000030517578,37.79999923706055,34.7599983215332,35.79999923706055,113209500,33.831512451171875,0.0,,BBSE3,01-06-2025
36.47999954223633,36.939998626708984,33.36000061035156,33.70000076293945,127805600,31.846982955932617,0.0,,BBSE3,01-07-2025
33.939998626708984,35.58000183105469,31.530000686645508,32.81999969482422,145388200,31.015369415283203,1.942095,,BBSE3,01-08-2025
32.939998626708984,33.04999923706055,31.850000381469727,32.439998626708984,56474300,32.439998626708984,0.0,,BBSE3,01-09-2025
32.45000076293945,32.619998931884766,32.20000076293945,32.369998931884766,2982600,32.369998931884766,0.0,,BBSE3,11-09-2025
14.90999984741211,17.145000457763672,14.579999923706055,14.899999618530273,664577800,10.789161682128906,0.051431,0.0,BBAS3,01-10-2020
14.899999618530273,18.030000686645508,14.899999618530273,16.93000030517578,789957200,12.259101867675781,0.097387,0.0,BBAS3,01-11-2020
17.264999389648438,19.895000457763672,17.170000076293945,19.399999618530273,654454400,14.128817558288574,0.058492,0.0,BBAS3,01-12-2020
19.399999618530273,20.280000686645508,16.260000228881836,16.93000030517578,849310800,12.367532730102539,0.0,0.0,BBAS3,01-01-2021
17.15999984741211,17.549999237060547,13.954999923706055,14.024999618530273,882756800,10.245397567749023,0.217932,0.0,BBAS3,01-02-2021
14.324999809265137,15.704999923706055,13.510000228881836,15.225000381469727,948269600,11.292738914489746,0.072857,0.0,BBAS3,01-03-2021
15.385000228881836,15.399999618530273,14.5,14.819999694824219,631158800,11.045902252197266,0.0,0.0,BBAS3,01-04-2021
14.90999984741211,16.899999618530273,14.404999732971191,16.7450008392334,599149200,12.48067855834961,0.207223,0.0,BBAS3,01-05-2021
16.899999618530273,18.375,16.024999618530273,16.065000534057617,607394000,12.12576675415039,0.08426,0.0,BBAS3,01-06-2021
16.110000610351562,16.709999084472656,15.53499984741211,15.8149995803833,375795200,11.994166374206543,0.0,0.0,BBAS3,01-07-2021
15.989999771118164,16.395000457763672,14.5,15.21500015258789,621414200,11.539122581481934,0.174144,0.0,BBAS3,01-08-2021
15.260000228881836,15.40999984741211,13.869999885559082,14.449999809265137,573395600,11.087756156921387,0.09237,0.0,BBAS3,01-09-2021
14.515000343322754,16.184999465942383,13.954999923706055,14.25,583295400,11.002894401550293,0.0,0.0,BBAS3,01-10-2021
14.479999542236328,15.920000076293945,14.149999618530273,15.920000076293945,613576800,12.29235553741455,0.196852,0.0,BBAS3,01-11-2021
16.25,16.799999237060547,14.385000228881836,14.425000190734863,596638000,11.291038513183594,0.087496,0.0,BBAS3,01-12-2021
14.5649995803833,16.469999313354492,14.100000381469727,16.329999923706055,567469000,12.851941108703613,0.0,0.0,BBAS3,01-01-2022
16.399999618530273,18.114999771118164,15.744999885559082,17.604999542236328,675582800,13.85538101196289,0.0,0.0,BBAS3,01-02-2022
17.604999542236328,17.899999618530273,16.149999618530273,17.350000381469727,529367400,13.654694557189941,0.412361,0.0,BBAS3,01-03-2022
17.475000381469727,18.34000015258789,16.549999237060547,16.610000610351562,526454800,13.470206260681152,0.105314,0.0,BBAS3,01-04-2022
16.635000228881836,19.299999237060547,16.264999389648438,18.309999465942383,760035000,14.848849296569824,0.077674,0.0,BBAS3,01-05-2022
18.5,18.545000076293945,16.049999237060547,16.690000534057617,617202800,13.58983039855957,0.125143,0.0,BBAS3,01-06-2022
16.524999618530273,18.295000076293945,15.960000038146973,17.985000610351562,410395200,14.75366497039795,0.0,0.0,BBAS3,01-07-2022
17.989999771118164,22.165000915527344,17.7549991607666,20.844999313354492,895531200,17.099815368652344,0.291658,0.0,BBAS3,01-08-2022
21.0,21.540000915527344,18.860000610351562,19.260000228881836,731528000,16.02499771118164,0.136868,0.0,BBAS3,01-09-2022
20.524999618530273,22.469999313354492,18.0049991607666,18.510000228881836,951759400,15.5040283203125,0.0,0.0,BBAS3,01-10-2022
18.700000762939453,19.989999771118164,16.7549991607666,17.639999389648438,930671200,14.775312423706055,0.085103,0.0,BBAS3,01-11-2022
17.559999465942383,18.360000610351562,15.125,17.364999771118164,625504600,14.615646362304688,0.172763,0.0,BBAS3,01-12-2022
17.110000610351562,20.739999771118164,16.209999084472656,20.350000381469727,693095800,17.30499267578125,0.0,0.0,BBAS3,01-01-2023
20.375,21.565000534057617,19.229999542236328,20.149999618530273,674332000,17.134916305541992,0.413441,0.0,BBAS3,01-02-2023
20.149999618530273,20.190000534057617,18.350000381469727,19.55500030517578,578742400,16.96210289001465,0.176018,0.0,BBAS3,01-03-2023
19.604999542236328,22.020000457763672,19.104999542236328,21.43000030517578,503080800,18.761615753173828,0.0,0.0,BBAS3,01-04-2023
21.43000030517578,22.700000762939453,20.770000457763672,22.309999465942383,546274200,19.53203773498535,0.0,0.0,BBAS3,01-05-2023
22.395000457763672,25.9950008392334,22.075000762939453,24.700000762939453,522422000,21.624446868896484,0.32721,0.0,BBAS3,01-06-2023
24.780000686645508,25.25,23.325000762939453,24.094999313354492,405041600,21.555465698242188,0.169316,0.0,BBAS3,01-07-2023
23.959999084472656,24.6200008392334,23.18000030517578,23.549999237060547,412345400,21.06790542602539,0.073423,0.0,BBAS3,01-08-2023
23.614999771118164,24.125,22.78499984741211,23.59000015258789,320249800,21.168970108032227,0.167099,0.0,BBAS3,01-09-2023
23.584999084472656,25.139999389648438,23.09000015258789,24.174999237060547,381615400,21.848037719726562,0.0,0.0,BBAS3,01-10-2023
24.18000030517578,27.190000534057617,24.040000915527344,27.135000228881836,460958600,24.523122787475586,0.0,0.0,BBAS3,01-11-2023
27.174999237060547,27.69499969482422,25.81999969482422,27.69499969482422,348231600,25.029220581054688,0.171153,0.0,BBAS3,01-12-2023
27.69499969482422,28.520000457763672,27.0,28.225000381469727,337580200,25.66960906982422,0.0,0.0,BBAS3,01-01-2024
28.225000381469727,29.954999923706055,27.649999618530273,28.93000030517578,408698600,26.310781478881836,0.0,0.0,BBAS3,01-02-2024
28.975000381469727,29.55500030517578,27.565000534057617,28.309999465942383,370558800,25.746912002563477,0.205018,0.0,BBAS3,01-03-2024
28.350000381469727,29.420000076293945,27.010000228881836,27.420000076293945,314266100,25.11745262145996,0.0,2.0,BBAS3,01-04-2024
27.540000915527344,28.65999984741211,26.780000686645508,27.1200008392334,416963000,24.842641830444336,0.0,0.0,BBAS3,01-05-2024
27.18000030517578,27.719999313354492,26.030000686645508,26.709999084472656,322965600,24.467069625854492,0.457947,0.0,BBAS3,01-06-2024
26.739999771118164,27.6299991607666,25.989999771118164,26.549999237060547,324023000,24.92271614074707,0.20424,0.0,BBAS3,01-07-2024
26.649999618530273,29.34000015258789,25.389999389648438,28.1200008392334,381077000,26.3964900970459,0.474655,0.0,BBAS3,01-08-2024
28.3799991607666,29.290000915527344,27.18000030517578,27.18000030517578,270463800,25.936725616455078,0.186602,0.0,BBAS3,01-09-2024
27.100000381469727,27.520000457763672,26.09000015258789,26.329999923706055,355597400,25.28997802734375,0.0,0.0,BBAS3,01-10-2024
26.350000381469727,26.639999389648438,24.31999969482422,24.770000457763672,442655200,23.791597366333008,0.483304,0.0,BBAS3,01-11-2024
24.799999237060547,25.649999618530273,23.729999542236328,24.170000076293945,418327000,23.65936279296875,0.176491,0.0,BBAS3,01-12-2024
24.170000076293945,28.0,23.68000030517578,27.68000030517578,340334400,27.28509521484375,0.0,0.0,BBAS3,01-01-2025
27.600000381469727,29.6299991607666,27.200000762939453,27.309999465942383,481312900,26.920373916625977,0.0,0.0,BBAS3,01-02-2025
27.309999465942383,28.979999542236328,26.739999771118164,28.190000534057617,365397500,27.787818908691406,0.288899,0.0,BBAS3,01-03-2025
28.170000076293945,28.93000030517578,27.040000915527344,28.93000030517578,367058600,28.81760025024414,0.0,0.0,BBAS3,01-04-2025
28.93000030517578,30.040000915527344,23.350000381469727,23.420000076293945,776765700,23.329008102416992,0.0,0.0,BBAS3,01-05-2025
23.520000457763672,23.600000381469727,21.020000457763672,22.09000015258789,671050200,22.004175186157227,0.090447,0.0,BBAS3,01-06-2025
22.209999084472656,22.540000915527344,19.600000381469727,19.700000762939453,771067200,19.700000762939453,0.0,0.0,BBAS3,01-07-2025
19.899999618530273,21.399999618530273,18.1200008392334,21.389999389648438,964336600,21.389999389648438,0.0,0.0,BBAS3,01-08-2025
21.399999618530273,22.270000457763672,20.040000915527344,22.049999237060547,308394700,22.049999237060547,0.0,0.0,BBAS3,01-09-2025
22.09000015258789,22.549999237060547,22.040000915527344,22.389999389648438,25924100,22.389999389648438,0.0,0.0,BBAS3,11-09-2025
25.0929012298584,27.14861488342285,24.574256896972656,25.790712356567383,40339333,20.33555030822754,0.0,0.0,FLRY3,01-10-2020
25.790712356567383,27.818134307861328,24.73456573486328,25.045751571655273,42787506,19.74816131591797,0.0,0.0,FLRY3,01-11-2020
25.03632164001465,26.469663619995117,24.187633514404297,25.47952651977539,37850220,20.090185165405273,0.0,0.0,FLRY3,01-12-2020
25.47952651977539,26.9034366607666,23.876447677612305,24.762855529785156,37758384,19.525104522705078,0.221341,0.0,FLRY3,01-01-2021
25.224918365478516,27.33721160888672,24.838293075561523,25.300357818603516,33381020,20.130651473999023,0.0,0.0,FLRY3,01-02-2021
25.573823928833008,25.781282424926758,22.58455467224121,24.140483856201172,47729459,19.20777702331543,0.466177,0.0,FLRY3,01-03-2021
24.140483856201172,26.177335739135742,23.69727897644043,24.093334197998047,42518575,19.547298431396484,0.0,0.0,FLRY3,01-04-2021
24.149913787841797,26.064178466796875,23.414382934570312,24.96088218688965,41303818,20.251155853271484,0.0,0.0,FLRY3,01-05-2021
24.92316246032715,26.290494918823242,24.178203582763672,24.44223976135254,32151419,19.83036994934082,0.0,0.0,FLRY3,01-06-2021
24.40452003479004,24.50824737548828,21.905601501464844,22.02819061279297,30779714,17.871814727783203,0.0,0.0,FLRY3,01-07-2021
22.311086654663086,23.414382934570312,21.141782760620117,22.311086654663086,54018194,18.10133171081543,0.126228,0.0,FLRY3,01-08-2021
22.348806381225586,23.19749641418457,20.85888671875,20.85888671875,35252944,17.019105911254883,0.0,0.0,FLRY3,01-09-2021
20.849456787109375,20.868316650390625,17.171804428100586,17.75645637512207,53485633,14.48778247833252,0.0,0.0,FLRY3,01-10-2021
17.916765213012695,20.557130813598633,16.096799850463867,16.4739933013916,45671319,13.441400527954102,0.0,0.0,FLRY3,01-11-2021
16.64373016357422,18.718303680419922,15.898771286010742,16.96434783935547,35175528,13.841487884521484,0.089389,0.0,FLRY3,01-12-2021
16.98320770263672,19.22751808166504,14.946353912353516,19.067209243774414,51979565,15.639701843261719,0.0,0.0,FLRY3,01-01-2022
19.029489517211914,19.09549903869629,16.45513343811035,16.936058044433594,41581129,13.891643524169922,0.0,0.0,FLRY3,01-02-2022
16.936058044433594,17.134084701538086,14.597448348999023,15.0972318649292,83458133,12.3833646774292,0.669344,0.0,FLRY3,01-03-2022
15.266968727111816,15.842191696166992,13.597881317138672,13.597881317138672,46922240,11.641927719116211,0.0,0.0,FLRY3,01-04-2022
13.588451385498047,14.729466438293457,12.758622169494629,14.314552307128906,54428591,12.255511283874512,0.0,0.0,FLRY3,01-05-2022
14.427709579467773,15.474427223205566,13.050948143005371,15.370697975158691,52921256,13.159735679626465,0.0,0.0,FLRY3,01-06-2022
15.229249954223633,15.464997291564941,14.031656265258789,15.248109817504883,50026095,13.054783821105957,0.0,0.0,FLRY3,01-07-2022
15.229249954223633,16.077938079833984,14.361701011657715,14.86148452758789,44880428,12.723772048950195,0.0,0.0,FLRY3,01-08-2022
14.86148452758789,17.360401153564453,14.814334869384766,16.672021865844727,40783664,14.273876190185547,0.0,0.0,FLRY3,01-09-2022
17.21895408630371,18.888042449951172,16.514284133911133,17.714284896850586,64712562,15.166215896606445,0.0,0.0,FLRY3,01-10-2022
17.619047164916992,18.647619247436523,15.800000190734863,16.885713577270508,63378000,14.456830024719238,0.0,0.0,FLRY3,01-11-2022
16.761903762817383,17.24761962890625,13.828571319580078,14.714284896850586,56383110,12.597744941711426,0.280457,0.0,FLRY3,01-12-2022
14.39047622680664,15.36190414428711,13.771428108215332,14.742856979370117,72034935,12.861927032470703,0.0,0.0,FLRY3,01-01-2023
14.676190376281738,15.276189804077148,13.51428508758545,13.51428508758545,43693755,11.790099143981934,0.0,0.0,FLRY3,01-02-2023
13.571428298950195,14.285714149475098,13.038095474243164,13.828571319580078,64027845,12.064287185668945,0.0,0.0,FLRY3,01-03-2023
13.866665840148926,14.428570747375488,13.123808860778809,13.828571319580078,58423995,12.064287185668945,0.0,0.0,FLRY3,01-04-2023
13.828571319580078,16.380952835083008,13.552379608154297,14.84761905670166,94943940,12.953324317932129,0.0,0.0,FLRY3,01-05-2023
14.933333396911621,16.360000610351562,14.561903953552246,16.049999237060547,82277950,14.002301216125488,0.0,1.05,FLRY3,01-06-2023
16.190000534057617,16.610000610351562,15.0600004196167,16.110000610351562,57953700,14.054648399353027,0.0,0.0,FLRY3,01-07-2023
16.0,16.270000457763672,14.649999618530273,14.760000228881836,70311800,12.876883506774902,0.0,0.0,FLRY3,01-08-2023
14.789999961853027,15.489999771118164,14.149999618530273,15.149999618530273,70016100,13.217123985290527,0.169221,0.0,FLRY3,01-09-2023
15.300000190734863,16.229999542236328,14.729999542236328,14.989999771118164,77659200,13.229208946228027,0.0,0.0,FLRY3,01-10-2023
14.970000267028809,17.389999389648438,14.880000114440918,17.170000076293945,62948200,15.15313720703125,0.0,0.0,FLRY3,01-11-2023
17.110000610351562,18.959999084472656,17.110000610351562,18.040000915527344,52430500,15.920943260192871,0.26558,0.0,FLRY3,01-12-2023
18.040000915527344,18.079999923706055,16.0,16.270000457763672,53303100,14.567073822021484,0.0,0.0,FLRY3,01-01-2024
16.309999465942383,16.6299991607666,15.579999923706055,15.90999984741211,52301700,14.244754791259766,0.0,0.0,FLRY3,01-02-2024
15.920000076293945,16.200000762939453,14.770000457763672,15.0,63239400,13.430000305175781,0.147614,0.0,FLRY3,01-03-2024
14.970000267028809,15.029999732971191,13.6899995803833,14.479999542236328,76634800,13.092673301696777,0.0,0.0,FLRY3,01-04-2024
14.479999542236328,15.069999694824219,13.859999656677246,14.050000190734863,52435400,12.70387077331543,0.0,0.0,FLRY3,01-05-2024
14.0600004196167,15.149999618530273,13.899999618530273,15.029999732971191,51044700,13.589978218078613,0.0,0.0,FLRY3,01-06-2024
15.210000038146973,15.760000228881836,14.9399995803833,15.15999984741211,52470500,13.70752239227295,0.0,0.0,FLRY3,01-07-2024
15.270000457763672,16.290000915527344,14.970000267028809,15.949999809265137,82876400,14.421833038330078,0.337384,0.0,FLRY3,01-08-2024
16.079999923706055,16.8700008392334,15.380000114440918,15.430000305175781,53918700,14.254502296447754,0.0,0.0,FLRY3,01-09-2024
15.449999809265137,15.539999961853027,14.5600004196167,14.819999694824219,73893100,13.690974235534668,0.0,0.0,FLRY3,01-10-2024
14.760000228881836,14.760000228881836,12.9399995803833,13.180000305175781,64266300,12.175914764404297,0.0,0.0,FLRY3,01-11-2024
13.239999771118164,13.8100004196167,12.069999694824219,12.069999694824219,61200500,11.15047550201416,0.213913,0.0,FLRY3,01-12-2024
12.100000381469727,12.430000305175781,11.210000038146973,11.84000015258789,73848400,11.119150161743164,0.0,0.0,FLRY3,01-01-2025
11.90999984741211,12.65999984741211,11.09000015258789,11.09000015258789,69387500,10.414813041687012,0.0,0.0,FLRY3,01-02-2025
11.09000015258789,12.25,10.649999618530273,11.699999809265137,74394500,10.98767375946045,0.46614,0.0,FLRY3,01-03-2025
11.6899995803833,13.130000114440918,11.279999732971191,12.989999771118164,61895600,12.70987606048584,0.0,0.0,FLRY3,01-04-2025
12.989999771118164,13.34000015258789,12.15999984741211,12.850000381469727,61095600,12.572895050048828,0.0,0.0,FLRY3,01-05-2025
12.859999656677246,13.550000190734863,12.609999656677246,13.020000457763672,53575900,12.739229202270508,0.0,0.0,FLRY3,01-06-2025
12.979999542236328,15.1899995803833,12.479999542236328,14.350000381469727,87666300,14.040548324584961,0.0,0.0,FLRY3,01-07-2025
14.4399995803833,14.90999984741211,13.720000267028809,14.890000343322754,59912500,14.568902969360352,0.310099,0.0,FLRY3,01-08-2025
15.329999923706055,15.859999656677246,15.0600004196167,15.720000267028809,31591200,15.720000267028809,0.0,0.0,FLRY3,01-09-2025
15.65999984741211,15.84000015258789,15.579999923706055,15.600000381469727,2720800,15.600000381469727,0.0,0.0,FLRY3,11-09-2025
68.24281311035156,68.94222259521484,59.5700798034668,65.64498901367188,39281480,60.23676300048828,0.131045,,RDOR3,01-01-2021
66.94390106201172,74.93720245361328,66.06463623046875,69.04214477539062,41376835,63.480186462402344,0.0,,RDOR3,01-02-2021
69.7415542602539,72.37934875488281,59.71995544433594,64.85565185546875,45774916,59.630958557128906,0.0,,RDOR3,01-03-2021
63.85648727416992,71.83979797363281,62.657493591308594,71.83979797363281,32822974,66.05249786376953,0.074936,,RDOR3,01-04-2021
71.57002258300781,76.41000366210938,67.95305633544922,70.22000122070312,77261998,64.63785552978516,0.0,,RDOR3,01-05-2021
70.97000122070312,70.97000122070312,66.5,69.02999877929688,41212100,63.542442321777344,0.079241,,RDOR3,01-06-2021
69.41999816894531,71.70999908447266,65.48999786376953,69.0,36092000,63.58873748779297,0.0,,RDOR3,01-07-2021
69.30999755859375,77.30000305175781,68.44000244140625,68.81999969482422,132890500,63.42284393310547,0.0,,RDOR3,01-08-2021
68.9800033569336,71.33999633789062,65.5999984741211,67.91000366210938,99353300,62.584205627441406,1.079874,,RDOR3,01-09-2021
67.91000366210938,68.83000183105469,58.0,59.0,50900700,55.21501159667969,0.0,,RDOR3,01-10-2021
58.470001220703125,62.70000076293945,48.75,50.16999816894531,46317100,46.951473236083984,0.0,,RDOR3,01-11-2021
50.529998779296875,51.290000915527344,42.29999923706055,45.5,61259100,42.5810661315918,0.094389,,RDOR3,01-12-2021
44.7599983215332,45.439998626708984,37.65999984741211,44.31999969482422,84959600,41.56210708618164,0.0,,RDOR3,01-01-2022
44.70000076293945,55.77000045776367,43.54999923706055,51.0,84515700,47.82643127441406,0.0,,RDOR3,01-02-2022
51.0,53.630001068115234,49.459999084472656,49.900001525878906,87644800,46.79487609863281,0.0,,RDOR3,01-03-2022
50.31999969482422,51.41999816894531,36.58000183105469,36.72999954223633,72356900,34.444400787353516,0.196932,,RDOR3,01-04-2022
36.13999938964844,37.9900016784668,31.219999313354492,35.81999969482422,101703600,33.72412109375,0.0,,RDOR3,01-05-2022
35.81999969482422,37.27000045776367,28.030000686645508,28.979999542236328,84766800,27.284347534179688,0.0,,RDOR3,01-06-2022
28.559999465942383,32.720001220703125,25.75,32.38999938964844,95247200,30.49481773376465,0.111132,,RDOR3,01-07-2022
32.5099983215332,39.0,31.8700008392334,33.33000183105469,108425400,31.49688720703125,0.0,,RDOR3,01-08-2022
33.400001525878906,36.099998474121094,28.209999084472656,29.719999313354492,94911500,28.085433959960938,0.115504,,RDOR3,01-09-2022
30.299999237060547,32.97999954223633,27.81999969482422,32.16999816894531,124458800,30.503767013549805,0.0,,RDOR3,01-10-2022
31.5,34.54999923706055,27.719999313354492,31.059999465942383,131321300,29.45125961303711,0.0,,RDOR3,01-11-2022
30.709999084472656,32.63999938964844,23.389999389648438,29.579999923706055,132597900,28.047914505004883,0.080205,,RDOR3,01-12-2022
29.209999084472656,32.18000030517578,25.329999923706055,31.899999618530273,112825300,30.34063148498535,0.0,,RDOR3,01-01-2023
31.950000762939453,32.59000015258789,25.479999542236328,25.549999237060547,84686800,24.30103874206543,0.0,,RDOR3,01-02-2023
25.739999771118164,25.739999771118164,19.350000381469727,21.239999771118164,190415500,20.201723098754883,0.0,,RDOR3,01-03-2023
21.329999923706055,24.790000915527344,20.700000762939453,22.8700008392334,128161200,21.752044677734375,0.0,,RDOR3,01-04-2023
22.8700008392334,30.06999969482422,21.59000015258789,29.0,106692300,27.582393646240234,0.0,,RDOR3,01-05-2023
28.850000381469727,34.09000015258789,28.700000762939453,32.91999816894531,115116400,31.310771942138672,0.0,,RDOR3,01-06-2023
32.91999816894531,37.56999969482422,30.329999923706055,36.0,98954600,34.24021530151367,0.0,,RDOR3,01-07-2023
35.63999938964844,35.88999938964844,28.5,28.65999984741211,134394500,27.259016036987305,0.0,,RDOR3,01-08-2023
28.700000762939453,30.18000030517578,24.459999084472656,25.40999984741211,124568400,24.167884826660156,0.0,,RDOR3,01-09-2023
25.270000457763672,25.670000076293945,21.389999389648438,21.6200008392334,176746800,20.563148498535156,0.184638,,RDOR3,01-10-2023
21.649999618530273,26.969999313354492,21.649999618530273,26.600000381469727,115493100,25.50179672241211,0.0,,RDOR3,01-11-2023
26.469999313354492,29.3799991607666,25.31999969482422,28.760000228881836,94257200,27.57261848449707,0.184639,,RDOR3,01-12-2023
28.760000228881836,29.18000030517578,26.139999389648438,27.149999618530273,76466000,26.19858169555664,0.0,,RDOR3,01-01-2024
26.809999465942383,28.200000762939453,24.280000686645508,25.31999969482422,85144100,24.432708740234375,0.0,,RDOR3,01-02-2024
25.3799991607666,27.360000610351562,23.940000534057617,25.309999465942383,102089600,24.42306137084961,0.133031,,RDOR3,01-03-2024
25.309999465942383,27.020000457763672,23.020000457763672,26.0,123763900,25.21896743774414,0.0,,RDOR3,01-04-2024
26.350000381469727,31.780000686645508,26.170000076293945,27.459999084472656,224863800,26.635107040405273,0.0,,RDOR3,01-05-2024
27.469999313354492,28.290000915527344,25.299999237060547,27.200000762939453,123021800,26.38292121887207,0.0,,RDOR3,01-06-2024
26.600000381469727,30.15999984741211,26.450000762939453,27.59000015258789,102550900,26.76120376586914,0.155994,,RDOR3,01-07-2024
27.959999084472656,33.86000061035156,26.860000610351562,31.93000030517578,170965200,31.149478912353516,0.0,,RDOR3,01-08-2024
31.6299991607666,35.099998474121094,30.8799991607666,30.93000030517578,121160800,30.17392349243164,0.156105,,RDOR3,01-09-2024
30.790000915527344,31.299999237060547,28.899999618530273,29.360000610351562,110510900,28.784679412841797,0.0,,RDOR3,01-10-2024
29.190000534057617,30.290000915527344,26.389999389648438,27.049999237060547,117520500,26.519943237304688,0.0,,RDOR3,01-11-2024
26.790000915527344,28.670000076293945,24.84000015258789,25.420000076293945,130785600,24.921884536743164,0.202583,,RDOR3,01-12-2024
25.420000076293945,28.860000610351562,24.770000457763672,27.950000762939453,109599100,27.6160831451416,0.0,,RDOR3,01-01-2025
28.239999771118164,30.799999237060547,26.8799991607666,27.190000534057617,123591300,26.86516571044922,0.0,,RDOR3,01-02-2025
27.190000534057617,29.219999313354492,26.149999618530273,28.200000762939453,116540600,27.86309814453125,0.181072,,RDOR3,01-03-2025
28.200000762939453,32.11000061035156,27.799999237060547,32.02000045776367,130913200,31.83617401123047,0.0,,RDOR3,01-04-2025
31.559999465942383,38.27000045776367,31.309999465942383,37.779998779296875,104749400,37.56310272216797,0.0,,RDOR3,01-05-2025
38.11000061035156,38.119998931884766,34.33000183105469,35.41999816894531,122153800,35.216651916503906,0.20392,,RDOR3,01-06-2025
35.779998779296875,35.81999969482422,31.850000381469727,32.5,90593900,32.5,0.0,,RDOR3,01-07-2025
33.130001068115234,39.58000183105469,32.33000183105469,39.36000061035156,110512300,39.36000061035156,0.0,,RDOR3,01-08-2025
39.5,39.880001068115234,38.40999984741211,39.099998474121094,31393200,39.099998474121094,0.0,,RDOR3,01-09-2025
39.380001068115234,39.59000015258789,39.15999984741211,39.31999969482422,1121700,39.31999969482422,0.0,,RDOR3,11-09-2025
32.91999816894531,43.60499954223633,32.470001220703125,37.915000915527344,331600200,35.05508041381836,0.017235,0.0,WEGE3,01-10-2020
37.915000915527344,43.1349983215332,36.78499984741211,36.78499984741211,210923000,34.010311126708984,0.0,0.0,WEGE3,01-11-2020
36.92499923706055,38.32500076293945,34.150001525878906,37.869998931884766,208157200,35.013465881347656,0.018441,0.0,WEGE3,01-12-2020
37.869998931884766,46.93000030517578,37.0,41.89500045776367,242434200,38.75446319580078,0.0,0.0,WEGE3,01-01-2021
42.70500183105469,45.040000915527344,39.005001068115234,39.025001525878906,231344400,36.099609375,0.0,0.0,WEGE3,01-02-2021
39.459999084472656,39.95000076293945,34.560001373291016,37.279998779296875,307563800,34.485416412353516,0.174679,0.0,WEGE3,01-03-2021
37.63999938964844,39.349998474121094,34.5,35.0099983215332,210059900,32.54633712768555,0.016912,2.0,WEGE3,01-04-2021
35.0,35.25,31.139999389648438,34.150001525878906,181007800,31.746850967407227,0.0,0.0,WEGE3,01-05-2021
34.400001525878906,35.900001525878906,32.849998474121094,33.689998626708984,163574200,31.319223403930664,0.020529,0.0,WEGE3,01-06-2021
33.849998474121094,37.70000076293945,33.470001220703125,35.709999084472656,152896700,33.21738815307617,0.0,0.0,WEGE3,01-07-2021
36.25,37.36000061035156,33.02000045776367,35.560001373291016,178248900,33.077857971191406,0.158175,0.0,WEGE3,01-08-2021
35.689998626708984,41.650001525878906,35.0099983215332,39.630001068115234,192595400,37.02778244018555,0.020705,0.0,WEGE3,01-09-2021
39.779998779296875,41.150001525878906,36.369998931884766,37.0,153374900,34.587806701660156,0.0,0.0,WEGE3,01-10-2021
37.5099983215332,38.349998474121094,31.579999923706055,32.22999954223633,132959600,30.12877655029297,0.0,0.0,WEGE3,01-11-2021
32.58000183105469,37.11000061035156,32.15999984741211,33.09000015258789,141994000,30.93270492553711,0.032,0.0,WEGE3,01-12-2021
32.720001220703125,33.47999954223633,28.1299991607666,32.15999984741211,172888600,30.090965270996094,0.0,0.0,WEGE3,01-01-2022
32.099998474121094,33.16999816894531,27.520000457763672,29.399999618530273,153481000,27.508535385131836,0.205203,0.0,WEGE3,01-02-2022
29.399999618530273,35.29999923706055,29.350000381469727,34.869998931884766,190591800,32.8527717590332,0.036764,0.0,WEGE3,01-03-2022
35.20000076293945,35.83000183105469,29.829999923706055,30.100000381469727,152297100,28.390457153320312,0.0,0.0,WEGE3,01-04-2022
29.90999984741211,30.280000686645508,24.899999618530273,25.3700008392334,223156500,23.92910385131836,0.0,0.0,WEGE3,01-05-2022
25.610000610351562,26.979999542236328,22.81999969482422,26.450000762939453,223190000,24.94776153564453,0.043294,0.0,WEGE3,01-06-2022
26.450000762939453,28.639999389648438,25.010000228881836,28.040000915527344,169849200,26.490798950195312,0.131948,0.0,WEGE3,01-07-2022
28.040000915527344,31.06999969482422,27.719999313354492,28.290000915527344,162710600,26.864168167114258,0.0,0.0,WEGE3,01-08-2022
28.280000686645508,32.22999954223633,27.600000381469727,32.13999938964844,156644500,30.520124435424805,0.044118,0.0,WEGE3,01-09-2022
32.33000183105469,40.599998474121094,31.329999923706055,40.279998779296875,176045100,38.30514907836914,0.0,0.0,WEGE3,01-10-2022
40.04999923706055,42.41999816894531,36.43000030517578,39.0,187698000,37.0879020690918,0.0,0.0,WEGE3,01-11-2022
38.810001373291016,39.380001068115234,35.45000076293945,38.5099983215332,151561300,36.62192153930664,0.054353,0.0,WEGE3,01-12-2022
38.5,39.36000061035156,36.65999984741211,38.2400016784668,153823500,36.41802215576172,0.0,0.0,WEGE3,01-01-2023
38.189998626708984,39.75,37.220001220703125,39.15999984741211,128372300,37.2941780090332,0.226304,0.0,WEGE3,01-02-2023
39.15999984741211,42.369998931884766,38.689998626708984,40.54999923706055,146958600,38.83979415893555,0.053235,0.0,WEGE3,01-03-2023
40.790000915527344,41.38999938964844,38.16999816894531,41.119998931884766,123723300,39.438419342041016,0.0,0.0,WEGE3,01-04-2023
41.119998931884766,41.56999969482422,37.61000061035156,37.61000061035156,131483600,36.071956634521484,0.0,0.0,WEGE3,01-05-2023
37.83000183105469,38.79999923706055,35.81999969482422,37.75,162887900,36.20623016357422,0.058294,0.0,WEGE3,01-06-2023
37.869998931884766,42.08000183105469,35.04999923706055,39.91999816894531,215265000,38.348567962646484,0.145202,0.0,WEGE3,01-07-2023
39.91999816894531,41.45000076293945,35.63999938964844,35.880001068115234,143515300,34.596778869628906,0.0,0.0,WEGE3,01-08-2023
35.7599983215332,37.720001220703125,34.59000015258789,36.27000045776367,142499800,34.972835540771484,0.059824,0.0,WEGE3,01-09-2023
36.27000045776367,36.540000915527344,31.469999313354492,33.0099983215332,198364300,31.884565353393555,0.0,0.0,WEGE3,01-10-2023
32.95000076293945,34.56999969482422,32.20000076293945,34.189998626708984,145052600,33.02433395385742,0.0,0.0,WEGE3,01-11-2023
34.189998626708984,37.220001220703125,34.16999816894531,36.90999984741211,98401600,35.65160369873047,0.071941,0.0,WEGE3,01-12-2023
36.90999984741211,37.290000915527344,32.25,32.34000015258789,112401000,31.299903869628906,0.0,0.0,WEGE3,01-01-2024
32.369998931884766,37.09000015258789,32.09000015258789,36.689998626708984,140037300,35.5099983215332,0.297943,0.0,WEGE3,01-02-2024
36.779998779296875,40.02000045776367,36.52000045776367,38.20000076293945,110848400,37.2801513671875,0.057765,0.0,WEGE3,01-03-2024
38.20000076293945,39.77000045776367,37.029998779296875,39.54999923706055,129379000,38.65382766723633,0.0,0.0,WEGE3,01-04-2024
39.54999923706055,40.0,37.36000061035156,37.54999923706055,144194500,36.69914627075195,0.0,0.0,WEGE3,01-05-2024
37.72999954223633,42.34000015258789,36.790000915527344,42.189998626708984,156064400,41.2340087890625,0.0,0.0,WEGE3,01-06-2024
41.849998474121094,50.880001068115234,41.7599983215332,50.65999984741211,146250900,49.5120849609375,0.062765,0.0,WEGE3,01-07-2024
50.599998474121094,54.779998779296875,47.56999969482422,54.150001525878906,176740600,53.00185775756836,0.187552,0.0,WEGE3,01-08-2024
54.4900016784668,56.2400016784668,51.95000076293945,54.38999938964844,118614400,53.43793869018555,0.070059,0.0,WEGE3,01-09-2024
55.0,57.220001220703125,53.25,54.11000061035156,141266400,53.22939682006836,0.0,0.0,WEGE3,01-10-2024
54.95000076293945,56.61000061035156,51.529998779296875,53.939998626708984,120468300,53.06216049194336,0.0,0.0,WEGE3,01-11-2024
53.540000915527344,59.83000183105469,52.72999954223633,52.77000045776367,131100000,51.911197662353516,0.079765,0.0,WEGE3,01-12-2024
52.77000045776367,57.900001525878906,51.65999984741211,55.040000915527344,136887100,54.222137451171875,0.0,0.0,WEGE3,01-01-2025
54.61000061035156,55.0,47.720001220703125,48.41999816894531,157787600,47.70050048828125,0.0,0.0,WEGE3,01-02-2025
48.41999816894531,48.41999816894531,45.150001525878906,45.279998779296875,130502200,44.60715866088867,0.302653,0.0,WEGE3,01-03-2025
45.61000061035156,50.86000061035156,42.650001525878906,44.63999938964844,173823400,44.32804489135742,0.080706,0.0,WEGE3,01-04-2025
44.63999938964844,45.5,41.790000915527344,42.349998474121094,176080200,42.054046630859375,0.0,0.0,WEGE3,01-05-2025
42.349998474121094,43.900001525878906,40.849998474121094,42.779998779296875,140688300,42.481040954589844,0.094059,0.0,WEGE3,01-06-2025
42.68000030517578,43.380001068115234,35.75,37.11000061035156,286838000,36.9340934753418,0.17145,0.0,WEGE3,01-07-2025
37.27000045776367,39.630001068115234,35.25,37.65999984741211,184534900,37.65999984741211,0.0,0.0,WEGE3,01-08-2025
37.93000030517578,38.2400016784668,36.959999084472656,37.279998779296875,53398600,37.279998779296875,0.0,0.0,WEGE3,01-09-2025
37.38999938964844,37.45000076293945,36.81999969482422,36.849998474121094,3470000,36.849998474121094,0.0,0.0,WEGE3,11-09-2025
8.878178596496582,9.13157844543457,7.496003150939941,7.546682834625244,299737712,6.369113922119141,0.0,,UGPA3,01-10-2020
7.546682834625244,10.149781227111816,7.5052170753479,9.366547584533691,388812670,7.9050116539001465,0.0,,UGPA3,01-11-2020
9.444870948791504,11.237092971801758,9.36194133758545,10.9376220703125,229339823,9.230938911437988,0.0,,UGPA3,01-12-2020
10.9376220703125,11.61949634552002,9.960884094238281,10.034600257873535,231054294,8.46882152557373,0.0,,UGPA3,01-01-2021
10.172818183898926,11.269344329833984,8.809069633483887,8.901214599609375,317720876,7.5122880935668945,0.0,,UGPA3,01-02-2021
8.942681312561035,9.988527297973633,7.984372138977051,9.77198600769043,362325309,8.247185707092285,0.202719,,UGPA3,01-03-2021
9.675233840942383,10.043813705444336,9.242152214050293,9.725914001464844,178857698,8.399292945861816,0.0,,UGPA3,01-04-2021
9.71669864654541,10.177425384521484,8.684674263000488,8.892001152038574,301943146,7.679128170013428,0.0,,UGPA3,01-05-2021
8.979538917541504,19.399999618530273,8.638602256774902,18.389999389648438,264132564,15.881593704223633,0.0,,UGPA3,01-06-2021
18.389999389648438,19.93000030517578,17.68000030517578,17.68000030517578,128943900,15.268438339233398,0.0,,UGPA3,01-07-2021
18.020000457763672,18.110000610351562,14.300000190734863,14.4399995803833,215397700,12.470376968383789,0.2,,UGPA3,01-08-2021
14.479999542236328,16.219999313354492,13.4399995803833,14.739999771118164,181108600,12.897279739379883,0.0,,UGPA3,01-09-2021
14.90999984741211,15.609999656677246,12.699999809265137,13.050000190734863,170935500,11.418556213378906,0.0,,UGPA3,01-10-2021
13.350000381469727,14.4399995803833,12.119999885559082,14.430000305175781,178853000,12.626035690307617,0.0,,UGPA3,01-11-2021
14.600000381469727,15.800000190734863,13.829999923706055,14.609999656677246,164136900,12.78353214263916,0.0,,UGPA3,01-12-2021
14.539999961853027,15.399999618530273,12.460000038146973,15.109999656677246,140582500,13.221025466918945,0.0,,UGPA3,01-01-2022
15.100000381469727,15.84000015258789,13.6899995803833,14.8100004196167,136768600,12.958529472351074,0.0,,UGPA3,01-02-2022
14.8100004196167,15.100000381469727,11.859999656677246,14.149999618530273,135687200,12.3810396194458,0.1704,,UGPA3,01-03-2022
14.3100004196167,15.0600004196167,13.069999694824219,13.069999694824219,153053500,11.575054168701172,0.0,,UGPA3,01-04-2022
13.0,14.579999923706055,11.5600004196167,14.369999885559082,191687400,12.726359367370605,0.41247,,UGPA3,01-05-2022
14.329999923706055,14.5,11.829999923706055,12.3100004196167,144491600,11.240656852722168,0.0,,UGPA3,01-06-2022
12.170000076293945,13.069999694824219,11.460000038146973,12.6899995803833,95669000,11.587644577026367,0.0,,UGPA3,01-07-2022
12.630000114440918,14.5,12.600000381469727,13.529999732971191,143635600,12.354676246643066,0.0,,UGPA3,01-08-2022
13.5600004196167,14.0600004196167,11.329999923706055,11.729999542236328,128564900,10.711039543151855,0.0,,UGPA3,01-09-2022
12.130000114440918,13.6899995803833,11.960000038146973,13.40999984741211,152587700,12.245100975036621,0.0,,UGPA3,01-10-2022
13.399999618530273,14.569999694824219,12.470000267028809,14.199999809265137,175390800,12.966475486755371,0.0,,UGPA3,01-11-2022
13.930000305175781,14.510000228881836,11.65999984741211,12.609999656677246,143391500,11.514595031738281,0.0,,UGPA3,01-12-2022
12.399999618530273,13.5,11.630000114440918,13.1899995803833,107910600,12.044212341308594,0.0,,UGPA3,01-01-2023
13.130000114440918,13.850000381469727,12.199999809265137,13.180000305175781,169564400,12.03508186340332,0.1,,UGPA3,01-02-2023
13.1899995803833,14.0600004196167,12.670000076293945,13.960000038146973,160924500,12.840985298156738,0.0,,UGPA3,01-03-2023
14.0,15.0600004196167,13.65999984741211,14.4399995803833,150472500,13.28250789642334,0.0,,UGPA3,01-04-2023
14.4399995803833,18.020000457763672,13.989999771118164,16.93000030517578,203017800,15.572912216186523,0.0,,UGPA3,01-05-2023
16.920000076293945,19.1299991607666,16.8799991607666,18.889999389648438,146399700,17.37580108642578,0.0,,UGPA3,01-06-2023
18.93000030517578,19.93000030517578,18.34000015258789,18.889999389648438,103360000,17.37580108642578,0.0,,UGPA3,01-07-2023
18.6299991607666,19.639999389648438,17.93000030517578,18.15999984741211,104361500,16.704320907592773,0.25,,UGPA3,01-08-2023
18.260000228881836,19.469999313354492,18.020000457763672,18.75,104541800,17.482254028320312,0.0,,UGPA3,01-09-2023
18.6299991607666,21.200000762939453,17.8700008392334,20.450000762939453,121533400,19.067312240600586,0.0,,UGPA3,01-10-2023
20.6200008392334,25.5,20.549999237060547,25.25,175391700,23.542770385742188,0.0,,UGPA3,01-11-2023
25.209999084472656,26.59000015258789,24.520000457763672,26.510000228881836,98581600,24.717575073242188,0.0,,UGPA3,01-12-2023
26.510000228881836,28.610000610351562,25.729999542236328,28.170000076293945,107921500,26.265338897705078,0.0,,UGPA3,01-01-2024
28.25,31.280000686645508,27.299999237060547,29.360000610351562,115572700,27.374881744384766,0.0,,UGPA3,01-02-2024
29.280000686645508,29.670000076293945,27.399999618530273,28.469999313354492,103830500,26.545053482055664,0.4,,UGPA3,01-03-2024
28.209999084472656,29.170000076293945,25.56999969482422,25.850000381469727,81175600,24.439294815063477,0.0,,UGPA3,01-04-2024
26.280000686645508,27.1299991607666,23.06999969482422,23.170000076293945,107389800,21.905550003051758,0.0,,UGPA3,01-05-2024
23.229999542236328,23.329999923706055,21.260000228881836,21.600000381469727,82166200,20.42123031616211,0.0,,UGPA3,01-06-2024
21.56999969482422,23.440000534057617,21.3799991607666,22.209999084472656,84573900,20.997940063476562,0.0,,UGPA3,01-07-2024
22.260000228881836,24.43000030517578,21.760000228881836,23.360000610351562,159384800,22.085182189941406,0.25,,UGPA3,01-08-2024
23.40999984741211,24.270000457763672,20.799999237060547,21.209999084472656,111973500,20.265836715698242,0.0,,UGPA3,01-09-2024
21.479999542236328,21.93000030517578,20.040000915527344,20.889999389648438,102725000,19.960081100463867,0.0,,UGPA3,01-10-2024
20.889999389648438,21.780000686645508,16.850000381469727,17.940000534057617,121932300,17.141403198242188,0.0,,UGPA3,01-11-2024
17.65999984741211,18.979999542236328,15.619999885559082,15.880000114440918,135144400,15.173102378845215,0.0,,UGPA3,01-12-2024
15.819999694824219,17.280000686645508,15.1899995803833,16.540000915527344,132753300,15.803722381591797,0.0,,UGPA3,01-01-2025
16.489999771118164,17.709999084472656,15.949999809265137,16.6299991607666,147599900,15.889715194702148,0.0,,UGPA3,01-02-2025
16.6299991607666,18.1299991607666,15.260000228881836,17.110000610351562,127634500,16.348350524902344,0.450164,,UGPA3,01-03-2025
17.049999237060547,18.3700008392334,16.209999084472656,17.829999923706055,119511700,17.529495239257812,0.0,,UGPA3,01-04-2025
17.760000228881836,17.93000030517578,16.030000686645508,16.290000915527344,145024200,16.01544952392578,0.0,,UGPA3,01-05-2025
16.31999969482422,17.700000762939453,15.930000305175781,17.540000915527344,93662900,17.244382858276367,0.0,,UGPA3,01-06-2025
17.489999771118164,18.15999984741211,15.579999923706055,17.170000076293945,114991600,16.880619049072266,0.0,,UGPA3,01-07-2025
17.40999984741211,20.3799991607666,16.229999542236328,19.65999984741211,116977500,19.328651428222656,0.3,,UGPA3,01-08-2025
19.540000915527344,21.270000457763672,19.3799991607666,20.530000686645508,48688500,20.530000686645508,0.0,,UGPA3,01-09-2025
20.540000915527344,20.8700008392334,20.3700008392334,20.43000030517578,2693000,20.43000030517578,0.0,,UGPA3,11-09-2025
59.529998779296875,63.88999938964844,58.02000045776367,60.54999923706055,487801100,36.82697296142578,2.40751,,VALE3,01-10-2020
60.54999923706055,79.36000061035156,60.54999923706055,78.0,747752000,47.44020080566406,0.0,,VALE3,01-11-2020
79.83000183105469,88.58000183105469,77.30999755859375,87.44999694824219,604783000,53.187767028808594,0.0,,VALE3,01-12-2020
87.44999694824219,103.3499984741211,87.44999694824219,87.94999694824219,647863400,53.49186706542969,0.0,,VALE3,01-01-2021
90.01000213623047,98.94999694824219,87.51000213623047,94.5199966430664,550703700,57.487789154052734,0.0,,VALE3,01-02-2021
96.0,104.0,90.61000061035156,97.97000122070312,673728000,59.58610534667969,4.261646,,VALE3,01-03-2021
98.5,112.94999694824219,96.12999725341797,109.0199966430664,455038400,69.29391479492188,0.0,,VALE3,01-04-2021
109.69999694824219,120.44999694824219,106.02999877929688,114.77999877929688,589702400,72.95502471923828,0.0,,VALE3,01-05-2021
117.0,118.0,104.9000015258789,113.25,536206400,71.98253631591797,2.18967,,VALE3,01-06-2021
113.41000366210938,117.5999984741211,108.76000213623047,108.76000213623047,423025900,70.49381256103516,0.0,,VALE3,01-07-2021
110.9000015258789,113.25,96.16000366210938,98.68000030517578,518553500,63.96037292480469,0.0,,VALE3,01-08-2021
97.36000061035156,100.87999725341797,74.55999755859375,76.23999786376953,730880200,49.41566848754883,8.197239,,VALE3,01-09-2021
76.75,83.0999984741211,71.0199966430664,71.61000061035156,528807200,51.236122131347656,0.0,,VALE3,01-10-2021
72.0,72.86000061035156,61.849998474121094,69.94999694824219,604991100,50.04840850830078,0.0,,VALE3,01-11-2021
71.30000305175781,80.66999816894531,69.97000122070312,78.75,494826400,56.344703674316406,0.0,,VALE3,01-12-2021
79.0,89.0,76.9000015258789,80.87000274658203,517965900,57.86154556274414,0.0,,VALE3,01-01-2022
81.5,94.4800033569336,81.37000274658203,92.27999877929688,527069700,66.0252685546875,0.0,,VALE3,01-02-2022
92.27999877929688,107.11000061035156,87.27999877929688,95.5999984741211,748437300,68.40068054199219,3.719256,,VALE3,01-03-2022
96.77999877929688,98.25,77.54000091552734,83.29000091552734,563584000,61.884117126464844,0.0,,VALE3,01-04-2022
83.16000366210938,87.43000030517578,74.87000274658203,86.20999908447266,650035900,64.05366516113281,0.0,,VALE3,01-05-2022
86.19000244140625,90.88999938964844,72.43000030517578,76.55999755859375,583178600,56.88375473022461,0.0,,VALE3,01-06-2022
75.5199966430664,78.22000122070312,66.18000030517578,69.75,608321400,51.82395553588867,0.0,,VALE3,01-07-2022
68.94000244140625,73.6500015258789,64.4000015258789,64.5,748138300,47.9232292175293,3.572057,,VALE3,01-08-2022
63.97999954223633,72.9000015258789,61.900001525878906,72.04000091552734,758090000,56.2996711730957,0.0,,VALE3,01-09-2022
73.23999786376953,79.44000244140625,65.5199966430664,67.12999725341797,829629000,52.462467193603516,0.0,,VALE3,01-10-2022
69.44999694824219,86.62000274658203,66.58000183105469,85.70999908447266,759204900,66.98284912109375,0.0,,VALE3,01-11-2022
86.41999816894531,90.20999908447266,83.86000061035156,88.87999725341797,620397900,69.4602279663086,0.292013,,VALE3,01-12-2022
88.68000030517578,98.29000091552734,87.94999694824219,94.51000213623047,482054400,74.11148071289062,0.0,,VALE3,01-01-2023
95.19999694824219,95.19999694824219,83.6500015258789,85.31999969482422,384190600,66.90499114990234,0.0,,VALE3,01-02-2023
87.7699966430664,90.30000305175781,78.02999877929688,80.29000091552734,514656200,62.96063995361328,1.827646,,VALE3,01-03-2023
79.80000305175781,82.94999694824219,69.18000030517578,72.4000015258789,449556400,58.0203857421875,0.0,,VALE3,01-04-2023
72.4000015258789,72.4000015258789,63.5099983215332,63.810001373291016,695091700,51.136474609375,0.0,,VALE3,01-05-2023
64.94000244140625,70.19999694824219,64.1500015258789,64.22000122070312,654623500,51.465049743652344,0.0,,VALE3,01-06-2023
64.70999908447266,72.66000366210938,64.30999755859375,69.16000366210938,552314100,55.423892974853516,0.0,,VALE3,01-07-2023
68.7699966430664,68.80999755859375,61.0,65.08000183105469,643578300,52.154239654541016,1.918472,,VALE3,01-08-2023
66.69000244140625,71.2300033569336,65.30999755859375,67.58000183105469,536765700,55.791568756103516,0.0,,VALE3,01-09-2023
67.58000183105469,69.23999786376953,62.0,69.0,482564500,56.963871002197266,0.0,,VALE3,01-10-2023
69.26000213623047,78.55000305175781,69.23999786376953,73.8499984741211,518208300,60.96784973144531,2.331662,,VALE3,01-11-2023
74.7300033569336,78.19999694824219,71.76000213623047,77.19999694824219,376472700,65.69998168945312,0.0,,VALE3,01-12-2023
77.19999694824219,78.18000030517578,67.11000061035156,67.76000213623047,603063000,57.66620635986328,0.0,,VALE3,01-01-2024
67.87000274658203,69.06999969482422,65.04000091552734,66.98999786376953,498725100,57.01090621948242,0.0,,VALE3,01-02-2024
66.88999938964844,67.66000366210938,59.36000061035156,60.83000183105469,524953300,51.768524169921875,2.738548,,VALE3,01-03-2024
61.599998474121094,64.08999633789062,59.61000061035156,63.290000915527344,523043100,56.271419525146484,0.0,,VALE3,01-04-2024
63.70000076293945,67.0999984741211,62.790000915527344,63.20000076293945,384013300,56.191410064697266,0.0,,VALE3,01-05-2024
62.84000015258789,62.849998474121094,59.709999084472656,62.220001220703125,351222700,55.32008361816406,0.0,,VALE3,01-06-2024
62.709999084472656,64.83999633789062,60.0,61.630001068115234,499968000,54.795509338378906,0.0,,VALE3,01-07-2024
61.849998474121094,61.869998931884766,55.47999954223633,59.58000183105469,591104600,52.97284698486328,2.093798,,VALE3,01-08-2024
58.81999969482422,65.31999969482422,55.93000030517578,63.5099983215332,482522300,58.52980041503906,0.0,,VALE3,01-09-2024
63.5,65.3499984741211,59.150001525878906,62.060001373291016,507422200,57.19350814819336,0.0,,VALE3,01-10-2024
62.13999938964844,63.9900016784668,56.84000015258789,58.779998779296875,408087800,54.17070770263672,0.0,,VALE3,01-11-2024
58.849998474121094,60.189998626708984,53.33000183105469,54.54999923706055,453823300,50.27241516113281,0.520531,,VALE3,01-12-2024
54.54999923706055,55.599998474121094,50.869998931884766,54.16999816894531,767502800,50.3677864074707,0.0,,VALE3,01-01-2025
53.72999954223633,58.56999969482422,53.33000183105469,55.150001525878906,589498500,51.27900314331055,0.0,,VALE3,01-02-2025
55.150001525878906,58.45000076293945,53.150001525878906,56.70000076293945,417889500,52.720211029052734,2.141847,,VALE3,01-03-2025
57.099998474121094,57.93000030517578,48.77000045776367,52.86000061035156,510393200,51.06801223754883,0.0,,VALE3,01-04-2025
53.2599983215332,55.689998626708984,52.04999923706055,52.099998474121094,333756800,50.33377456665039,0.0,,VALE3,01-05-2025
52.58000183105469,54.04999923706055,49.720001220703125,52.650001525878906,433967100,50.86513137817383,0.0,,VALE3,01-06-2025
52.599998474121094,57.970001220703125,52.369998931884766,53.459999084472656,569244400,51.64767074584961,0.0,,VALE3,01-07-2025
54.2400016784668,56.189998626708984,52.86000061035156,55.560001373291016,430794200,53.67647933959961,1.895387,,VALE3,01-08-2025
55.13999938964844,57.52000045776367,54.810001373291016,56.58000183105469,99098700,56.58000183105469,0.0,,VALE3,01-09-2025
56.45000076293945,57.27000045776367,56.310001373291016,56.9900016784668,10170200,56.9900016784668,0.0,,VALE3,11-09-2025
16.603174209594727,19.095237731933594,16.08730125427246,17.30952262878418,366237018,11.768569946289062,0.0,0.0,GGBR4,01-10-2020
17.30952262878418,18.746030807495117,16.301586151123047,17.936506271362305,362493936,12.19485092163086,0.095238,0.0,GGBR4,01-11-2020
18.14285659790039,20.039682388305664,17.77777671813965,19.404760360717773,319933404,13.263811111450195,0.134921,0.0,GGBR4,01-12-2020
19.404760360717773,23.80952262878418,18.269840240478516,18.45237922668457,412359570,12.701356887817383,0.0,0.0,GGBR4,01-01-2021
18.801586151123047,22.357141494750977,18.11111068725586,20.53174591064453,349451928,14.132650375366211,0.0,0.0,GGBR4,01-02-2021
20.857141494750977,24.22222137451172,20.650793075561523,23.9841251373291,498829338,16.509031295776367,0.103175,0.0,GGBR4,01-03-2021
24.22222137451172,27.78571319580078,23.11111068725586,26.365079879760742,367272360,18.23259925842285,0.0,0.0,GGBR4,01-04-2021
26.388887405395508,30.03174591064453,25.19841194152832,26.126983642578125,411557958,18.067943572998047,0.31746,0.0,GGBR4,01-05-2021
26.595237731933594,27.238094329833984,22.58730125427246,23.5,411093396,16.4412899017334,0.0,0.0,GGBR4,01-06-2021
23.579364776611328,25.238094329833984,22.4761905670166,24.44444465637207,338495346,17.10205078125,0.0,0.0,GGBR4,01-07-2021
24.865079879760742,25.603174209594727,21.801586151123047,22.4761905670166,366614262,15.725004196166992,0.428571,0.0,GGBR4,01-08-2021
22.22222137451172,22.66666603088379,18.619047164916992,21.507936477661133,450392544,15.320255279541016,0.301587,0.0,GGBR4,01-09-2021
21.603174209594727,23.079364776611328,20.42063331604004,21.349206924438477,358770132,15.426587104797363,0.0,0.0,GGBR4,01-10-2021
21.682538986206055,21.706348419189453,18.365079879760742,20.4761905670166,344405754,14.795756340026855,1.285714,0.0,GGBR4,01-11-2021
20.95237922668457,24.16666603088379,20.769840240478516,21.634920120239258,281626254,16.739437103271484,0.0,0.0,GGBR4,01-12-2021
21.738094329833984,23.349206924438477,21.095237731933594,22.095237731933594,265212864,17.09559440612793,0.0,0.0,GGBR4,01-01-2022
22.134920120239258,23.4841251373291,18.317459106445312,20.206348419189453,297534258,15.634117126464844,0.0,0.0,GGBR4,01-02-2022
20.206348419189453,24.95237922668457,20.206348419189453,24.45237922668457,442418256,18.91936492919922,0.15873,0.0,GGBR4,01-03-2022
24.626983642578125,24.849206924438477,21.095237731933594,22.19841194152832,278924436,17.295238494873047,0.0,0.0,GGBR4,01-04-2022
22.11111068725586,23.603174209594727,20.325395584106445,23.150793075561523,399809844,18.037256240844727,0.452381,0.0,GGBR4,01-05-2022
23.357141494750977,24.44444465637207,17.373014450073242,17.738094329833984,428622894,14.105216979980469,0.0,0.0,GGBR4,01-06-2022
17.45237922668457,19.80952262878418,16.91269874572754,19.41269874572754,327865104,15.436853408813477,0.0,0.0,GGBR4,01-07-2022
19.547618865966797,20.833332061767578,18.238094329833984,18.507936477661133,367134768,14.717392921447754,0.563492,0.0,GGBR4,01-08-2022
18.5238094329834,20.079364776611328,17.84126853942871,19.396825790405273,363612186,15.861928939819336,0.0,0.0,GGBR4,01-09-2022
19.896825790405273,21.603174209594727,19.634920120239258,20.436506271362305,269082450,16.712135314941406,0.0,0.0,GGBR4,01-10-2022
20.73015785217285,25.77777671813965,20.190475463867188,25.05555534362793,384787494,20.48940658569336,1.706349,0.0,GGBR4,01-11-2022
25.063491821289062,25.190475463867188,22.349206924438477,23.30952262878418,329768082,20.52784538269043,0.0,0.0,GGBR4,01-12-2022
23.238094329833984,26.888887405395508,22.857141494750977,25.9841251373291,274508640,22.883270263671875,0.0,0.0,GGBR4,01-01-2023
25.880952835083008,25.936506271362305,21.75396728515625,22.72222137451172,241687908,20.01063346862793,0.0,0.0,GGBR4,01-02-2023
22.619047164916992,24.071428298950195,19.968252182006836,21.075000762939453,311997822,18.559986114501953,0.15873,1.05,GGBR4,01-03-2023
20.958332061767578,22.200000762939453,19.758333206176758,20.983333587646484,186368520,18.616901397705078,0.0,0.0,GGBR4,01-04-2023
20.983333587646484,21.225000381469727,19.29166603088379,19.975000381469727,308878320,17.722286224365234,0.425,0.0,GGBR4,01-05-2023
20.208332061767578,22.016666412353516,19.891666412353516,20.891666412353516,225058800,18.930936813354492,0.0,0.0,GGBR4,01-06-2023
20.958332061767578,24.433332443237305,20.958332061767578,24.375,222738840,22.087352752685547,0.0,0.0,GGBR4,01-07-2023
24.208332061767578,24.466665267944336,20.516666412353516,21.54166603088379,302986560,19.519935607910156,0.358333,0.0,GGBR4,01-08-2023
21.758333206176758,22.04166603088379,19.933332443237305,20.108333587646484,214412760,18.53365135192871,0.0,0.0,GGBR4,01-09-2023
20.16666603088379,20.16666603088379,17.674999237060547,18.141666412353516,214258080,16.72099494934082,0.0,0.0,GGBR4,01-10-2023
18.16666603088379,20.591665267944336,18.125,18.208332061767578,282563280,16.782440185546875,0.391667,0.0,GGBR4,01-11-2023
18.29166603088379,20.125,18.100000381469727,19.799999237060547,199801080,18.60625648498535,0.0,0.0,GGBR4,01-12-2023
19.799999237060547,19.850000381469727,17.100000381469727,17.53333282470703,253931640,16.476245880126953,0.0,0.0,GGBR4,01-01-2024
17.583332061767578,18.391666412353516,17.208332061767578,17.91666603088379,223269480,16.836467742919922,0.0,0.0,GGBR4,01-02-2024
17.983333587646484,18.733333587646484,17.225000381469727,18.5,255113040,17.38463020324707,0.083333,0.0,GGBR4,01-03-2024
18.583332061767578,20.010000228881836,18.010000228881836,18.260000228881836,310981220,17.235944747924805,0.0,1.2,GGBR4,01-04-2024
18.43000030517578,20.440000534057617,17.959999084472656,18.110000610351562,296627900,17.0943603515625,0.28,0.0,GGBR4,01-05-2024
18.149999618530273,18.469999313354492,16.68000030517578,18.3799991607666,207928200,17.597440719604492,0.0,0.0,GGBR4,01-06-2024
18.40999984741211,19.1299991607666,17.56999969482422,18.260000228881836,207571200,17.48255157470703,0.0,0.0,GGBR4,01-07-2024
18.25,18.780000686645508,16.81999969482422,18.299999237060547,241350600,17.520845413208008,0.12,0.0,GGBR4,01-08-2024
18.18000030517578,19.31999969482422,17.6299991607666,19.100000381469727,255685400,18.412973403930664,0.0,0.0,GGBR4,01-09-2024
19.209999084472656,19.68000030517578,17.829999923706055,18.299999237060547,278910500,17.641748428344727,0.0,0.0,GGBR4,01-10-2024
18.239999771118164,20.670000076293945,18.020000457763672,20.299999237060547,306296900,19.569808959960938,0.3,0.0,GGBR4,01-11-2024
20.239999771118164,21.299999237060547,18.100000381469727,18.139999389648438,268154200,17.754623413085938,0.0,0.0,GGBR4,01-12-2024
18.139999389648438,18.56999969482422,16.510000228881836,17.219999313354492,263242400,16.854169845581055,0.0,0.0,GGBR4,01-01-2025
17.100000381469727,18.1299991607666,15.930000305175781,16.65999984741211,256073800,16.306066513061523,0.0,0.0,GGBR4,01-02-2025
16.65999984741211,17.579999923706055,16.18000030517578,16.18000030517578,179711100,15.836263656616211,0.1,0.0,GGBR4,01-03-2025
16.239999771118164,16.850000381469727,13.739999771118164,14.989999771118164,279454800,14.760141372680664,0.0,0.0,GGBR4,01-04-2025
15.0600004196167,16.280000686645508,14.479999542236328,15.25,234891400,15.016155242919922,0.12,0.0,GGBR4,01-05-2025
15.930000305175781,17.93000030517578,15.6899995803833,16.0,241670000,15.882568359375,0.0,0.0,GGBR4,01-06-2025
16.059999465942383,17.469999313354492,15.8100004196167,16.84000015258789,214707700,16.71640396118164,0.0,0.0,GGBR4,01-07-2025
16.709999084472656,17.059999465942383,15.8100004196167,16.65999984741211,185089000,16.537723541259766,0.12,0.0,GGBR4,01-08-2025
16.639999389648438,17.690000534057617,16.510000228881836,16.920000076293945,63103700,16.920000076293945,0.0,0.0,GGBR4,01-09-2025
17.010000228881836,17.09000015258789,16.729999542236328,16.959999084472656,6117700,16.959999084472656,0.0,0.0,GGBR4,11-09-2025
9.399999618530273,10.680000305175781,9.130000114440918,9.800000190734863,262146400,5.793540000915527,0.0,,GOAU4,01-10-2020
9.800000190734863,10.649999618530273,9.359999656677246,10.260000228881836,241229800,6.065483570098877,0.07,,GOAU4,01-11-2020
10.40999984741211,11.470000267028809,10.260000228881836,11.260000228881836,198894100,6.703023910522461,0.09,,GOAU4,01-12-2020
11.260000228881836,13.300000190734863,10.479999542236328,10.579999923706055,299200100,6.3494744300842285,0.0,,GOAU4,01-01-2021
10.75,12.520000457763672,10.460000038146973,11.579999923706055,246151500,6.949615478515625,0.0,,GOAU4,01-02-2021
11.729999542236328,13.479999542236328,11.569999694824219,13.40999984741211,295022300,8.047868728637695,0.08,,GOAU4,01-03-2021
13.5,15.550000190734863,12.930000305175781,14.859999656677246,193663400,8.975887298583984,0.0,,GOAU4,01-04-2021
14.859999656677246,16.649999618530273,14.270000457763672,14.819999694824219,222787100,8.951725959777832,0.21,,GOAU4,01-05-2021
14.989999771118164,15.4399995803833,13.289999961853027,13.829999923706055,265846100,8.469376564025879,0.0,,GOAU4,01-06-2021
13.899999618530273,14.6899995803833,13.300000190734863,14.25,197662700,8.726582527160645,0.0,,GOAU4,01-07-2021
14.40999984741211,14.75,12.65999984741211,12.930000305175781,191126900,7.918226718902588,0.28,,GOAU4,01-08-2021
12.880000114440918,12.949999809265137,10.899999618530273,12.420000076293945,242359900,7.761241912841797,0.2,,GOAU4,01-09-2021
12.529999732971191,13.600000381469727,11.699999809265137,12.510000228881836,251980800,7.946589469909668,0.0,,GOAU4,01-10-2021
12.720000267028809,12.789999961853027,9.899999618530273,10.649999618530273,250814500,6.765083312988281,1.55,,GOAU4,01-11-2021
10.869999885559082,12.529999732971191,10.729999542236328,11.430000305175781,176279500,8.395017623901367,0.0,,GOAU4,01-12-2021
11.420000076293945,12.289999961853027,11.0600004196167,11.569999694824219,137104000,8.49783992767334,0.0,,GOAU4,01-01-2022
11.579999923706055,12.220000267028809,9.680000305175781,10.40999984741211,164197200,7.645853042602539,0.0,,GOAU4,01-02-2022
10.40999984741211,12.619999885559082,10.40999984741211,12.260000228881836,211406900,9.00462532043457,0.1,,GOAU4,01-03-2022
12.350000381469727,12.460000038146973,10.800000190734863,11.359999656677246,153066900,8.416280746459961,0.0,,GOAU4,01-04-2022
11.359999656677246,12.390000343322754,10.600000381469727,12.1899995803833,209902000,9.031203269958496,0.29,,GOAU4,01-05-2022
12.289999961853027,12.9399995803833,9.229999542236328,9.550000190734863,232509600,7.254351615905762,0.0,,GOAU4,01-06-2022
9.40999984741211,10.350000381469727,9.119999885559082,10.229999542236328,160304300,7.770890235900879,0.0,,GOAU4,01-07-2022
10.239999771118164,10.960000038146973,9.65999984741211,9.970000267028809,150782900,7.573390960693359,0.36,,GOAU4,01-08-2022
9.960000038146973,10.779999732971191,9.680000305175781,10.59000015258789,192961000,8.322278022766113,0.0,,GOAU4,01-09-2022
10.800000190734863,11.779999732971191,10.59000015258789,11.25,192584200,8.840946197509766,0.0,,GOAU4,01-10-2022
11.390000343322754,13.9399995803833,11.020000457763672,13.6899995803833,207952800,10.758448600769043,0.5,,GOAU4,01-11-2022
13.619999885559082,13.899999618530273,12.489999771118164,12.970000267028809,228080800,10.601314544677734,0.0,,GOAU4,01-12-2022
12.800000190734863,14.800000190734863,12.739999771118164,14.489999771118164,163162700,11.843720436096191,0.0,,GOAU4,01-01-2023
14.449999809265137,14.470000267028809,12.119999885559082,12.579999923706055,115528400,10.282540321350098,0.0,,GOAU4,01-02-2023
12.579999923706055,13.220000267028809,11.25,11.829999923706055,194099400,9.669509887695312,0.1,,GOAU4,01-03-2023
11.819999694824219,12.329999923706055,11.109999656677246,11.65999984741211,139796000,9.610244750976562,0.0,,GOAU4,01-04-2023
11.65999984741211,11.850000381469727,10.770000457763672,11.210000038146973,193107200,9.239352226257324,0.3,,GOAU4,01-05-2023
11.329999923706055,12.350000381469727,11.149999618530273,11.819999694824219,145045300,10.007329940795898,0.0,,GOAU4,01-06-2023
11.90999984741211,13.789999961853027,11.880000114440918,13.75,96443000,11.641352653503418,0.0,,GOAU4,01-07-2023
13.640000343322754,13.800000190734863,11.399999618530273,11.819999694824219,153200000,10.007329940795898,0.26,,GOAU4,01-08-2023
11.930000305175781,12.199999809265137,11.069999694824219,11.149999618530273,137603300,9.649142265319824,0.0,,GOAU4,01-09-2023
11.130000114440918,11.149999618530273,9.949999809265137,10.329999923706055,154303100,8.939520835876465,0.0,,GOAU4,01-10-2023
10.329999923706055,12.25,10.260000228881836,10.279999732971191,335739100,8.896248817443848,0.93,,GOAU4,01-11-2023
10.359999656677246,10.890000343322754,10.15999984741211,10.859999656677246,170694300,10.174403190612793,0.0,,GOAU4,01-12-2023
10.859999656677246,10.9399995803833,9.630000114440918,9.90999984741211,196597900,9.284379005432129,0.0,,GOAU4,01-01-2024
9.930000305175781,10.329999923706055,9.729999542236328,10.109999656677246,124676500,9.471752166748047,0.0,,GOAU4,01-02-2024
10.130000114440918,10.420000076293945,9.600000381469727,10.289999961853027,147432900,9.640388488769531,0.05,,GOAU4,01-03-2024
10.34000015258789,11.279999732971191,10.239999771118164,10.579999923706055,219765900,9.960150718688965,0.0,,GOAU4,01-04-2024
10.579999923706055,11.649999618530273,10.579999923706055,10.710000038146973,209987600,10.082535743713379,0.19,,GOAU4,01-05-2024
10.680000305175781,10.710000038146973,9.84000015258789,10.649999618530273,119032900,10.195228576660156,0.0,,GOAU4,01-06-2024
10.6899995803833,11.229999542236328,10.359999656677246,10.630000114440918,120029400,10.176081657409668,0.0,,GOAU4,01-07-2024
10.5600004196167,10.890000343322754,9.819999694824219,10.489999771118164,137585100,10.042059898376465,0.08,,GOAU4,01-08-2024
10.489999771118164,11.09000015258789,10.170000076293945,10.920000076293945,128338800,10.53650188446045,0.0,,GOAU4,01-09-2024
10.920000076293945,11.260000228881836,10.010000228881836,10.270000457763672,163901200,9.90932846069336,0.0,,GOAU4,01-10-2024
10.260000228881836,11.600000381469727,10.079999923706055,11.460000038146973,204603800,11.057537078857422,0.13,,GOAU4,01-11-2024
11.460000038146973,11.979999542236328,10.109999656677246,10.25,164284800,10.007877349853516,0.0,,GOAU4,01-12-2024
10.25,10.300000190734863,9.270000457763672,9.619999885559082,198162300,9.3927583694458,0.0,,GOAU4,01-01-2025
9.600000381469727,10.010000228881836,8.819999694824219,9.170000076293945,174117700,8.953388214111328,0.0,,GOAU4,01-02-2025
9.170000076293945,9.739999771118164,8.920000076293945,8.949999809265137,157331700,8.738585472106934,0.05,,GOAU4,01-03-2025
8.960000038146973,9.270000457763672,7.670000076293945,8.40999984741211,309173800,8.256359100341797,0.0,,GOAU4,01-04-2025
8.40999984741211,8.90999984741211,8.069999694824219,8.359999656677246,169341300,8.20727252960205,0.08,,GOAU4,01-05-2025
8.65999984741211,9.819999694824219,8.65999984741211,8.930000305175781,166491900,8.851666450500488,0.0,,GOAU4,01-06-2025
8.949999809265137,9.699999809265137,8.819999694824219,9.369999885559082,142365500,9.287806510925293,0.0,,GOAU4,01-07-2025
9.449999809265137,9.569999694824219,8.800000190734863,9.460000038146973,123207000,9.3770170211792,0.08,,GOAU4,01-08-2025
9.40999984741211,9.930000305175781,9.270000457763672,9.539999961853027,55818800,9.539999961853027,0.0,,GOAU4,01-09-2025
9.550000190734863,9.640000343322754,9.460000038146973,9.5600004196167,2001900,9.5600004196167,0.0,,GOAU4,11-09-2025
41.290000915527344,44.459999084472656,39.2599983215332,41.66999816894531,28609800,32.12771987915039,0.0,,ENGI11,01-10-2020
41.66999816894531,48.45000076293945,41.54999923706055,46.13999938964844,17062000,35.57410430908203,0.0,,ENGI11,01-11-2020
46.86000061035156,51.7400016784668,45.599998474121094,51.529998779296875,14836700,39.72981262207031,0.0,,ENGI11,01-12-2020
51.529998779296875,53.47999954223633,46.34000015258789,50.04999923706055,22598400,38.5887336730957,0.0,,ENGI11,01-01-2021
50.0099983215332,51.97999954223633,43.56999969482422,43.66999816894531,16818500,33.66971969604492,0.0,,ENGI11,01-02-2021
43.83000183105469,46.20000076293945,40.779998779296875,45.22999954223633,39786900,34.87248992919922,1.1,,ENGI11,01-03-2021
44.86000061035156,45.380001068115234,42.22999954223633,44.119998931884766,30686600,34.849117279052734,0.0,,ENGI11,01-04-2021
44.08000183105469,47.279998779296875,42.4900016784668,46.52000045776367,32990700,36.744808197021484,0.0,,ENGI11,01-05-2021
47.06999969482422,49.81999969482422,45.45000076293945,46.36000061035156,33545500,36.61843490600586,0.0,,ENGI11,01-06-2021
46.599998474121094,46.68000030517578,42.11000061035156,42.52000045776367,30256400,33.5853271484375,0.0,,ENGI11,01-07-2021
43.119998931884766,45.470001220703125,40.83000183105469,44.369998931884766,35995500,35.046592712402344,0.65,,ENGI11,01-08-2021
44.630001068115234,45.369998931884766,42.06999969482422,44.029998779296875,31902600,35.307315826416016,0.0,,ENGI11,01-09-2021
43.97999954223633,46.70000076293945,38.72999954223633,39.4900016784668,44170100,31.666725158691406,0.0,,ENGI11,01-10-2021
40.34000015258789,47.5,39.68000030517578,45.38999938964844,35867500,36.39788818359375,0.0,,ENGI11,01-11-2021
46.099998474121094,48.0,43.529998779296875,44.130001068115234,29584000,35.38750457763672,0.0,,ENGI11,01-12-2021
41.689998626708984,43.59000015258789,38.65999984741211,43.54999923706055,25192200,34.92240905761719,2.2,,ENGI11,01-01-2022
43.58000183105469,45.0099983215332,42.15999984741211,42.4900016784668,29786000,35.86012268066406,0.0,,ENGI11,01-02-2022
42.4900016784668,49.470001220703125,40.81999969482422,48.810001373291016,39766500,41.194000244140625,0.0,,ENGI11,01-03-2022
49.310001373291016,50.529998779296875,46.66999816894531,47.63999938964844,31371100,40.2065544128418,0.0,,ENGI11,01-04-2022
47.650001525878906,47.93000030517578,43.130001068115234,44.2400016784668,50438700,37.33707046508789,0.0,,ENGI11,01-05-2022
44.40999984741211,45.0,39.25,40.349998474121094,39961900,34.054039001464844,0.0,,ENGI11,01-06-2022
40.150001525878906,44.34000015258789,38.22999954223633,44.040000915527344,32722200,37.16828155517578,0.0,,ENGI11,01-07-2022
43.97999954223633,48.720001220703125,42.08000183105469,42.290000915527344,48752700,35.69133758544922,1.16,,ENGI11,01-08-2022
42.36000061035156,45.9900016784668,40.79999923706055,41.88999938964844,50062000,36.26895523071289,0.0,,ENGI11,01-09-2022
42.93000030517578,48.86000061035156,42.560001373291016,48.4900016784668,44756300,41.98332595825195,0.0,,ENGI11,01-10-2022
47.689998626708984,49.95000076293945,42.349998474121094,42.66999816894531,27690700,36.94428634643555,0.0,,ENGI11,01-11-2022
42.970001220703125,45.2599983215332,40.25,44.18000030517578,36500000,38.251670837402344,0.0,,ENGI11,01-12-2022
43.630001068115234,43.869998931884766,39.97999954223633,42.15999984741211,46373400,36.50272750854492,0.0,,ENGI11,01-01-2023
42.06999969482422,43.68000030517578,38.400001525878906,38.779998779296875,30653900,33.57627487182617,0.0,,ENGI11,01-02-2023
38.689998626708984,41.369998931884766,35.810001373291016,40.18000030517578,69508700,34.788414001464844,0.8,,ENGI11,01-03-2023
40.11000061035156,45.220001220703125,39.290000915527344,41.79999923706055,64914500,36.991050720214844,0.0,,ENGI11,01-04-2023
41.79999923706055,46.599998474121094,41.31999969482422,44.040000915527344,62003400,38.97335433959961,0.0,,ENGI11,01-05-2023
43.709999084472656,50.52000045776367,42.0,50.20000076293945,88222900,44.424659729003906,0.0,,ENGI11,01-06-2023
50.54999923706055,52.54999923706055,48.560001373291016,50.189998626708984,48559300,44.415809631347656,0.0,,ENGI11,01-07-2023
49.470001220703125,50.72999954223633,45.90999984741211,46.099998474121094,42131500,40.79635238647461,0.7,,ENGI11,01-08-2023
46.20000076293945,51.38999938964844,44.43000030517578,46.75,58858000,41.97985076904297,0.0,,ENGI11,01-09-2023
46.5,48.09000015258789,42.869998931884766,46.61000061035156,54645000,41.8541374206543,0.0,,ENGI11,01-10-2023
46.58000183105469,53.16999816894531,46.58000183105469,52.779998779296875,35047500,47.39458084106445,0.0,,ENGI11,01-11-2023
52.540000915527344,54.29999923706055,50.209999084472656,53.83000183105469,48419900,48.33744430541992,0.0,,ENGI11,01-12-2023
53.83000183105469,54.849998474121094,48.790000915527344,50.61000061035156,71688700,45.44599533081055,1.0,,ENGI11,01-01-2024
50.720001220703125,53.279998779296875,49.630001068115234,50.84000015258789,50636400,46.51667022705078,0.0,,ENGI11,01-02-2024
50.7599983215332,51.5,47.220001220703125,47.869998931884766,57860900,43.79922866821289,0.0,,ENGI11,01-03-2024
48.099998474121094,48.939998626708984,44.810001373291016,45.099998474121094,60940500,41.26478576660156,0.0,,ENGI11,01-04-2024
46.0,48.41999816894531,44.349998474121094,45.709999084472656,76123800,41.822914123535156,0.0,,ENGI11,01-05-2024
45.900001525878906,47.540000915527344,43.52000045776367,45.619998931884766,45286500,41.740562438964844,0.0,,ENGI11,01-06-2024
44.97999954223633,48.619998931884766,43.58000183105469,43.93000030517578,68833000,40.19428253173828,0.0,,ENGI11,01-07-2024
44.43000030517578,50.45000076293945,43.97999954223633,47.310001373291016,77634000,43.2868537902832,1.0,,ENGI11,01-08-2024
47.29999923706055,49.59000015258789,44.72999954223633,44.790000915527344,48939200,41.8782844543457,0.0,,ENGI11,01-09-2024
45.349998474121094,45.7400016784668,42.220001220703125,43.150001525878906,69259000,40.34489822387695,0.0,,ENGI11,01-10-2024
42.90999984741211,43.40999984741211,39.150001525878906,40.209999084472656,64670500,37.59601974487305,0.0,,ENGI11,01-11-2024
39.90999984741211,40.790000915527344,36.15999984741211,36.47999954223633,62752600,34.108497619628906,0.0,,ENGI11,01-12-2024
36.20000076293945,40.56999969482422,35.29999923706055,39.65999984741211,82568400,37.08177185058594,0.0,,ENGI11,01-01-2025
39.18000030517578,43.09000015258789,38.060001373291016,38.060001373291016,62198300,35.58578872680664,1.9,,ENGI11,01-02-2025
38.060001373291016,43.0,37.47999954223633,40.0,48861700,39.18150329589844,0.0,,ENGI11,01-03-2025
39.93000030517578,46.869998931884766,39.5,45.939998626708984,67086000,44.99995422363281,0.0,,ENGI11,01-04-2025
45.439998626708984,49.400001525878906,44.16999816894531,47.5,59201000,46.52803421020508,0.0,,ENGI11,01-05-2025
48.099998474121094,48.7400016784668,45.619998931884766,48.31999969482422,49715700,47.33125305175781,0.0,,ENGI11,01-06-2025
48.79999923706055,49.04999923706055,44.54999923706055,45.65999984741211,41697100,44.725685119628906,0.0,,ENGI11,01-07-2025
46.619998931884766,49.619998931884766,45.25,48.810001373291016,47148400,47.81122970581055,1.0,,ENGI11,01-08-2025
48.90999984741211,50.400001525878906,47.119998931884766,49.099998474121094,27495800,49.099998474121094,0.0,,ENGI11,01-09-2025
49.13999938964844,50.08000183105469,48.810001373291016,49.93000030517578,2404400,49.93000030517578,0.0,,ENGI11,11-09-2025
2.6700000762939453,2.8499999046325684,2.390000104904175,2.450000047683716,131627400,1.867035150527954,0.0,0.0,POMO4,01-10-2020
2.450000047683716,2.880000114440918,2.390000104904175,2.7799999713897705,168516100,2.118513584136963,0.0,0.0,POMO4,01-11-2020
2.809999942779541,3.0899999141693115,2.7200000286102295,2.869999885559082,186613800,2.187098264694214,0.016667,0.0,POMO4,01-12-2020
2.869999885559082,3.369999885559082,2.809999942779541,2.9100000858306885,201540300,2.2310047149658203,0.0,0.0,POMO4,01-01-2021
2.950000047683716,3.0999999046325684,2.4700000286102295,2.509999990463257,188604300,1.9243366718292236,0.0,0.0,POMO4,01-02-2021
2.549999952316284,2.9000000953674316,2.4000000953674316,2.799999952316284,209302500,2.1466708183288574,0.0,0.0,POMO4,01-03-2021
2.8399999141693115,2.880000114440918,2.609999895095825,2.609999895095825,114731300,2.0010039806365967,0.0,0.0,POMO4,01-04-2021
2.5999999046325684,2.8499999046325684,2.5,2.680000066757202,87784300,2.054671049118042,0.0,0.0,POMO4,01-05-2021
2.7100000381469727,3.5799999237060547,2.700000047683716,3.390000104904175,187856800,2.5990052223205566,0.0,0.0,POMO4,01-06-2021
3.450000047683716,3.690000057220459,3.009999990463257,3.009999990463257,110037800,2.307671070098877,0.058333,0.0,POMO4,01-07-2021
3.049999952316284,3.200000047683716,2.5,2.7799999713897705,113571600,2.1661465167999268,0.0,0.0,POMO4,01-08-2021
2.7899999618530273,2.9600000381469727,2.5299999713897705,2.9100000858306885,86951500,2.267441511154175,0.0,0.0,POMO4,01-09-2021
2.9200000762939453,3.0199999809265137,2.5199999809265137,2.5899999141693115,86423600,2.0181007385253906,0.0,0.0,POMO4,01-10-2021
2.619999885559082,2.9600000381469727,2.569999933242798,2.569999933242798,82604100,2.0025172233581543,0.0,0.0,POMO4,01-11-2021
2.630000114440918,3.049999952316284,2.5999999046325684,3.0199999809265137,111018700,2.353152275085449,0.030833,0.0,POMO4,01-12-2021
3.049999952316284,3.4200000762939453,2.869999885559082,3.4200000762939453,135236500,2.692974805831909,0.0,0.0,POMO4,01-01-2022
3.4200000762939453,3.450000047683716,2.690000057220459,2.9000000953674316,86418000,2.2835168838500977,0.0,0.0,POMO4,01-02-2022
2.9000000953674316,2.9000000953674316,2.259999990463257,2.6700000762939453,156690700,2.102409839630127,0.0,0.0,POMO4,01-03-2022
2.700000047683716,2.7699999809265137,2.5,2.6700000762939453,94555100,2.102409839630127,0.0,0.0,POMO4,01-04-2022
2.680000066757202,2.9700000286102295,2.5899999141693115,2.869999885559082,100109700,2.2598936557769775,0.0,0.0,POMO4,01-05-2022
2.869999885559082,2.9200000762939453,2.450000047683716,2.4700000286102295,62443100,1.9449262619018555,0.0,0.0,POMO4,01-06-2022
2.450000047683716,2.6600000858306885,2.390000104904175,2.4700000286102295,64681900,1.9449262619018555,0.0,0.0,POMO4,01-07-2022
2.4800000190734863,2.7200000286102295,2.3399999141693115,2.619999885559082,115044800,2.0630390644073486,0.0,0.0,POMO4,01-08-2022
2.630000114440918,2.940000057220459,2.5199999809265137,2.890000104904175,117152100,2.2756426334381104,0.0,0.0,POMO4,01-09-2022
2.9000000953674316,2.9800000190734863,2.630000114440918,2.880000114440918,107318200,2.267768144607544,0.0,0.0,POMO4,01-10-2022
2.9100000858306885,2.990000009536743,2.309999942779541,2.4600000381469727,145844600,1.9370518922805786,0.0,0.0,POMO4,01-11-2022
2.4600000381469727,2.8499999046325684,2.1700000762939453,2.8299999237060547,116007800,2.2283973693847656,0.118333,0.0,POMO4,01-12-2022
2.819999933242798,3.130000114440918,2.6600000858306885,3.0199999809265137,90637300,2.4870049953460693,0.0,0.0,POMO4,01-01-2023
3.0199999809265137,3.299999952316284,3.0,3.1600000858306885,86070700,2.602296829223633,0.0,0.0,POMO4,01-02-2023
3.190000057220459,3.5399999618530273,3.049999952316284,3.180000066757202,154900700,2.618767023086548,0.076667,0.0,POMO4,01-03-2023
3.2200000286102295,3.5899999141693115,3.119999885559082,3.5899999141693115,110788500,3.025022029876709,0.0,0.0,POMO4,01-04-2023
3.5899999141693115,4.800000190734863,3.559999942779541,4.619999885559082,273358600,3.8929247856140137,0.0,0.0,POMO4,01-05-2023
4.599999904632568,5.460000038146973,4.480000019073486,5.210000038146973,172903400,4.390073299407959,0.0,0.0,POMO4,01-06-2023
5.210000038146973,5.510000228881836,4.840000152587891,5.230000019073486,129665900,4.40692663192749,0.058333,0.0,POMO4,01-07-2023
5.210000038146973,6.489999771118164,5.159999847412109,6.059999942779541,158227400,5.165976524353027,0.0,0.0,POMO4,01-08-2023
6.170000076293945,6.550000190734863,5.570000171661377,5.820000171661377,94734900,4.961384296417236,0.0,0.0,POMO4,01-09-2023
5.789999961853027,5.809999942779541,5.119999885559082,5.239999771118164,112010500,4.4669508934021,0.083333,0.0,POMO4,01-10-2023
5.389999866485596,6.28000020980835,5.25,5.960000038146973,135304700,5.156788349151611,0.0,0.0,POMO4,01-11-2023
6.099999904632568,7.28000020980835,5.989999771118164,7.050000190734863,158363000,6.099892616271973,0.083333,0.0,POMO4,01-12-2023
7.050000190734863,8.050000190734863,6.989999771118164,8.0,156784600,7.002015113830566,0.0,0.0,POMO4,01-01-2024
6.641665935516357,7.425000190734863,6.550000190734863,7.316666126251221,195012960,6.403925895690918,0.0,0.0,POMO4,01-02-2024
7.158332824707031,7.909999847412109,6.929999828338623,7.539999961853027,133221440,6.599399089813232,0.191667,1.2,POMO4,01-03-2024
7.570000171661377,7.78000020980835,6.579999923706055,6.590000152587891,127668700,5.923070430755615,0.0,0.0,POMO4,01-04-2024
6.730000019073486,7.25,6.369999885559082,6.519999980926514,166198700,5.86015510559082,0.1,0.0,POMO4,01-05-2024
6.510000228881836,6.570000171661377,5.829999923706055,6.349999904632568,126396800,5.78854513168335,0.0,0.0,POMO4,01-06-2024
6.360000133514404,6.909999847412109,5.920000076293945,6.070000171661377,127680400,5.533301830291748,0.0,0.0,POMO4,01-07-2024
5.960000038146973,7.679999828338623,5.949999809265137,7.349999904632568,232801500,6.700126647949219,0.12,0.0,POMO4,01-08-2024
7.460000038146973,8.15999984741211,7.389999866485596,7.949999809265137,199233700,7.372929096221924,0.0,0.0,POMO4,01-09-2024
8.0,8.9399995803833,7.820000171661377,8.460000038146973,208469500,7.845910549163818,0.0,0.0,POMO4,01-10-2024
8.649999618530273,9.6899995803833,8.109999656677246,8.59000015258789,242666200,7.966473579406738,0.14,0.0,POMO4,01-11-2024
8.449999809265137,9.1899995803833,7.119999885559082,7.380000114440918,218816400,6.9458088874816895,0.0,0.0,POMO4,01-12-2024
7.380000114440918,8.619999885559082,7.139999866485596,8.329999923706055,277061700,7.839916706085205,0.0,0.0,POMO4,01-01-2025
8.15999984741211,8.640000343322754,7.090000152587891,7.349999904632568,215525900,6.917573928833008,0.23,0.0,POMO4,01-02-2025
7.349999904632568,7.670000076293945,6.119999885559082,6.119999885559082,315099400,5.938722610473633,0.0,0.0,POMO4,01-03-2025
6.139999866485596,7.389999866485596,5.789999961853027,7.039999961853027,314573400,6.831471920013428,0.0,0.0,POMO4,01-04-2025
7.039999961853027,7.5,6.53000020980835,7.25,263466900,7.035251617431641,0.085,0.0,POMO4,01-05-2025
7.320000171661377,8.09000015258789,7.159999847412109,7.960000038146973,193096100,7.81862211227417,0.0,0.0,POMO4,01-06-2025
7.960000038146973,8.5600004196167,7.809999942779541,8.260000228881836,180224700,8.113293647766113,0.0,0.0,POMO4,01-07-2025
8.699999809265137,9.470000267028809,8.539999961853027,9.270000457763672,180097200,9.105355262756348,0.165,0.0,POMO4,01-08-2025
9.260000228881836,9.470000267028809,9.029999732971191,9.390000343322754,66711600,9.390000343322754,0.0,0.0,POMO4,01-09-2025
9.420000076293945,9.569999694824219,9.420000076293945,9.449999809265137,3145600,9.449999809265137,0.0,0.0,POMO4,11-09-2025
24.239999771118164,26.4950008392334,23.6299991607666,23.709999084472656,41750600,18.84768295288086,0.0,0.0,PSSA3,01-10-2020
23.709999084472656,26.364999771118164,23.475000381469727,23.700000762939453,95371400,18.839733123779297,0.27981,0.0,PSSA3,01-11-2020
24.0,25.2549991607666,22.979999542236328,24.5,63530200,19.708261489868164,0.0,0.0,PSSA3,01-12-2020
24.5,25.415000915527344,23.020000457763672,24.09000015258789,49136200,19.378448486328125,0.0,0.0,PSSA3,01-01-2021
24.450000762939453,26.0,21.795000076293945,21.795000076293945,41858600,17.53230857849121,0.0,0.0,PSSA3,01-02-2021
22.05500030517578,24.565000534057617,20.829999923706055,23.489999771118164,51709000,18.895797729492188,0.0,0.0,PSSA3,01-03-2021
23.315000534057617,24.850000381469727,22.350000381469727,24.684999465942383,39571800,19.857078552246094,0.821622,0.0,PSSA3,01-04-2021
24.5,27.174999237060547,24.454999923706055,26.575000762939453,44620000,22.152259826660156,0.0,0.0,PSSA3,01-05-2021
26.895000457763672,27.93000030517578,25.799999237060547,26.735000610351562,44456800,22.28563117980957,0.0,0.0,PSSA3,01-06-2021
27.024999618530273,27.59000015258789,25.454999923706055,25.829999923706055,44527200,21.53125,0.345755,0.0,PSSA3,01-07-2021
26.0,29.684999465942383,25.94499969482422,28.584999084472656,76824200,24.148696899414062,0.0,0.0,PSSA3,01-08-2021
28.575000762939453,28.65999984741211,24.729999542236328,24.729999542236328,60163200,20.891983032226562,0.0,0.0,PSSA3,01-09-2021
24.565000534057617,24.850000381469727,22.350000381469727,23.34000015258789,66864800,19.71770477294922,0.0,2.0,PSSA3,01-10-2021
23.270000457763672,25.18000030517578,21.950000762939453,22.260000228881836,44393800,18.805316925048828,0.277301,0.0,PSSA3,01-11-2021
22.309999465942383,22.90999984741211,20.309999465942383,20.889999389648438,38981600,17.86012840270996,0.0,0.0,PSSA3,01-12-2021
21.420000076293945,21.43000030517578,18.530000686645508,19.829999923706055,48856500,16.953872680664062,0.0,0.0,PSSA3,01-01-2022
19.93000030517578,21.979999542236328,19.059999465942383,20.979999542236328,46179300,17.93707847595215,0.0,0.0,PSSA3,01-02-2022
20.979999542236328,21.5,19.110000610351562,21.110000610351562,41974000,18.0482234954834,0.0,0.0,PSSA3,01-03-2022
20.979999542236328,22.040000915527344,20.110000610351562,20.350000381469727,37180000,17.398454666137695,0.41033,0.0,PSSA3,01-04-2022
20.280000686645508,21.09000015258789,18.040000915527344,20.739999771118164,36945500,18.083385467529297,0.0,0.0,PSSA3,01-05-2022
20.75,21.360000610351562,17.600000381469727,17.760000228881836,29099800,15.485100746154785,0.0,0.0,PSSA3,01-06-2022
17.75,18.850000381469727,17.3700008392334,18.420000076293945,25597800,16.060556411743164,0.0,0.0,PSSA3,01-07-2022
18.43000030517578,22.600000381469727,18.299999237060547,21.110000610351562,57877200,18.405994415283203,0.623304,0.0,PSSA3,01-08-2022
20.979999542236328,23.1200008392334,20.690000534057617,21.1299991607666,40667900,18.957624435424805,0.0,0.0,PSSA3,01-09-2022
21.399999618530273,23.290000915527344,21.09000015258789,23.239999771118164,39515900,20.850696563720703,0.0,0.0,PSSA3,01-10-2022
23.389999389648438,25.020000457763672,21.40999984741211,24.209999084472656,50576100,21.720970153808594,0.087771,0.0,PSSA3,01-11-2022
24.059999465942383,24.5,20.450000762939453,23.149999618530273,49869300,20.848690032958984,0.0,0.0,PSSA3,01-12-2022
23.700000762939453,26.389999389648438,22.049999237060547,25.899999618530273,36422200,23.325315475463867,0.0,0.0,PSSA3,01-01-2023
25.809999465942383,28.0,24.950000762939453,26.469999313354492,45504500,23.83864974975586,0.0,0.0,PSSA3,01-02-2023
26.43000030517578,27.030000686645508,23.079999923706055,23.520000457763672,44761100,21.181907653808594,0.0,0.0,PSSA3,01-03-2023
23.350000381469727,25.40999984741211,22.610000610351562,25.1299991607666,36060900,22.63185691833496,0.0,0.0,PSSA3,01-04-2023
25.1299991607666,25.309999465942383,22.139999389648438,23.90999984741211,67320400,21.533138275146484,0.0,0.0,PSSA3,01-05-2023
23.950000762939453,28.8700008392334,23.43000030517578,28.1200008392334,55806400,25.324626922607422,0.589409,0.0,PSSA3,01-06-2023
28.3799991607666,29.700000762939453,28.200000762939453,28.6299991607666,45528300,26.3253231048584,0.0,0.0,PSSA3,01-07-2023
28.600000381469727,28.8700008392334,26.030000686645508,26.100000381469727,45491800,23.998987197875977,0.0,0.0,PSSA3,01-08-2023
26.170000076293945,27.5,25.639999389648438,26.290000915527344,29779500,24.173694610595703,0.250582,0.0,PSSA3,01-09-2023
26.270000457763672,26.809999465942383,24.860000610351562,25.209999084472656,22211700,23.399169921875,0.0,0.0,PSSA3,01-10-2023
25.209999084472656,28.260000228881836,25.06999969482422,28.0,34732200,25.9887638092041,0.0,0.0,PSSA3,01-11-2023
28.15999984741211,29.399999618530273,27.6200008392334,28.739999771118164,29264700,26.675607681274414,0.530221,0.0,PSSA3,01-12-2023
28.739999771118164,28.950000762939453,26.389999389648438,26.68000030517578,30692400,25.218387603759766,0.0,0.0,PSSA3,01-01-2024
26.68000030517578,29.440000534057617,25.579999923706055,28.559999465942383,42277900,26.99539566040039,0.0,0.0,PSSA3,01-02-2024
28.56999969482422,31.850000381469727,28.25,31.280000686645508,31171300,29.566387176513672,0.0,0.0,PSSA3,01-03-2024
30.889999389648438,31.889999389648438,29.1200008392334,29.959999084472656,35169200,28.318696975708008,0.299356,0.0,PSSA3,01-04-2024
30.209999084472656,31.700000762939453,28.059999465942383,30.350000381469727,58113100,28.964529037475586,0.0,0.0,PSSA3,01-05-2024
30.3799991607666,31.15999984741211,29.0,30.950000762939453,28373700,29.537139892578125,0.0,0.0,PSSA3,01-06-2024
30.700000762939453,31.059999465942383,29.170000076293945,30.600000381469727,34438100,29.20311737060547,0.0,0.0,PSSA3,01-07-2024
30.700000762939453,34.45000076293945,30.149999618530273,34.060001373291016,29144200,32.50516891479492,0.0,0.0,PSSA3,01-08-2024
34.0,37.09000015258789,33.70000076293945,36.459999084472656,33890100,34.79560852050781,0.409823,0.0,PSSA3,01-09-2024
36.97999954223633,39.08000183105469,35.45000076293945,38.150001525878906,51317900,36.822471618652344,0.0,0.0,PSSA3,01-10-2024
37.91999816894531,39.779998779296875,36.97999954223633,37.84000015258789,35492400,36.52326202392578,0.0,0.0,PSSA3,01-11-2024
37.84000015258789,40.810001373291016,36.380001068115234,36.54999923706055,47198900,35.27814483642578,0.0,0.0,PSSA3,01-12-2024
36.54999923706055,40.45000076293945,34.77000045776367,39.9900016784668,48476400,38.598445892333984,0.421051,0.0,PSSA3,01-01-2025
39.97999954223633,41.939998626708984,37.599998474121094,38.02000045776367,45702200,37.124664306640625,0.0,0.0,PSSA3,01-02-2025
38.02000045776367,42.099998474121094,36.779998779296875,40.0,39634000,39.05803680419922,0.605805,0.0,PSSA3,01-03-2025
40.02000045776367,44.220001220703125,38.43000030517578,43.9900016784668,31547100,43.60019302368164,0.0,0.0,PSSA3,01-04-2025
43.90999984741211,52.189998626708984,43.08000183105469,52.06999969482422,43667400,51.60859298706055,0.0,0.0,PSSA3,01-05-2025
52.349998474121094,55.20000076293945,51.540000915527344,55.20000076293945,37744900,54.71085739135742,0.483208,0.0,PSSA3,01-06-2025
55.27000045776367,57.09000015258789,50.68000030517578,51.88999938964844,45662100,51.88999938964844,0.0,0.0,PSSA3,01-07-2025
52.45000076293945,57.209999084472656,50.720001220703125,51.75,76319300,51.75,0.0,0.0,PSSA3,01-08-2025
52.15999984741211,52.61000061035156,49.349998474121094,50.56999969482422,13944100,50.56999969482422,0.0,0.0,PSSA3,01-09-2025
50.56999969482422,51.04999923706055,50.099998474121094,50.18000030517578,1379200,50.18000030517578,0.0,0.0,PSSA3,11-09-2025
19.799999237060547,21.06999969482422,17.739999771118164,19.0,404194100,5.787896633148193,0.0,,PETR3,01-10-2020
19.0,27.1200008392334,19.0,25.549999237060547,441257700,7.783196449279785,0.0,,PETR3,01-11-2020
25.979999542236328,29.1299991607666,25.920000076293945,28.850000381469727,265268200,8.78846263885498,0.0,,PETR3,01-12-2020
28.850000381469727,32.34000015258789,27.09000015258789,27.329999923706055,309846400,8.325432777404785,0.0,,PETR3,01-01-2021
27.809999465942383,30.950000762939453,21.350000381469727,22.149999618530273,737244700,6.7474684715271,0.0,,PETR3,01-02-2021
22.65999984741211,24.1200008392334,20.600000381469727,23.940000534057617,679951100,7.292748928070068,0.0,,PETR3,01-03-2021
24.1299991607666,24.43000030517578,22.43000030517578,23.100000381469727,441502700,7.036863327026367,0.792834,,PETR3,01-04-2021
23.170000076293945,26.860000610351562,22.479999542236328,26.649999618530273,382716200,8.394208908081055,0.0,,PETR3,01-05-2021
27.200000762939453,30.489999771118164,26.770000457763672,30.290000915527344,496739800,9.540731430053711,0.0,,PETR3,01-06-2021
30.540000915527344,30.84000015258789,26.329999923706055,27.5,264436000,8.66193962097168,0.0,,PETR3,01-07-2021
27.639999389648438,30.049999237060547,26.440000534057617,27.920000076293945,387612300,8.794230461120605,1.609911,,PETR3,01-08-2021
28.100000381469727,28.829999923706055,24.5,28.149999618530273,389989900,9.381258010864258,0.0,,PETR3,01-09-2021
27.989999771118164,30.889999389648438,26.81999969482422,27.670000076293945,408052200,9.221295356750488,0.0,,PETR3,01-10-2021
28.229999542236328,30.700000762939453,26.540000915527344,30.139999389648438,406411200,10.044445991516113,0.0,,PETR3,01-11-2021
30.459999084472656,32.040000915527344,26.899999618530273,30.670000076293945,435934050,10.221074104309082,3.250487,,PETR3,01-12-2021
30.84000015258789,37.79999923706055,30.389999389648438,35.27000045776367,462567800,13.163925170898438,0.0,,PETR3,01-01-2022
35.15999984741211,37.650001525878906,34.41999816894531,36.369998931884766,321780200,13.574481964111328,0.0,,PETR3,01-02-2022
36.369998931884766,38.08000183105469,32.0,35.2400016784668,451208800,13.152729034423828,0.0,,PETR3,01-03-2022
35.47999954223633,37.72999954223633,32.41999816894531,33.439998626708984,283827000,12.48090648651123,2.970249,,PETR3,01-04-2022
33.5,39.279998779296875,32.04999923706055,33.2599983215332,414434600,13.480319023132324,3.71549,,PETR3,01-05-2022
33.08000183105469,34.630001068115234,28.56999969482422,30.540000915527344,316641800,13.679093360900879,0.0,,PETR3,01-06-2022
30.600000381469727,37.380001068115234,29.280000686645508,36.959999084472656,285509500,16.554656982421875,0.0,,PETR3,01-07-2022
36.939998626708984,40.5099983215332,31.360000610351562,37.16999816894531,481991500,16.64871597290039,6.732003,,PETR3,01-08-2022
37.400001525878906,38.709999084472656,31.889999389648438,33.08000183105469,453211000,17.911806106567383,0.0,,PETR3,01-09-2022
35.36000061035156,42.08000183105469,32.52000045776367,33.2599983215332,532905300,18.00926971435547,0.0,,PETR3,01-10-2022
33.540000915527344,34.33000183105469,25.530000686645508,30.389999389648438,517947200,16.45525360107422,3.3489,,PETR3,01-11-2022
30.219999313354492,30.549999237060547,23.610000610351562,28.040000915527344,389968700,17.070791244506836,0.0,,PETR3,01-12-2022
26.850000381469727,31.489999771118164,25.299999237060547,29.459999084472656,317508400,17.93528938293457,0.0,,PETR3,01-01-2023
29.459999084472656,30.719999313354492,27.360000610351562,28.75,245876100,17.50303840637207,0.0,,PETR3,01-02-2023
28.799999237060547,29.739999771118164,25.25,26.489999771118164,312142100,16.127145767211914,0.0,,PETR3,01-03-2023
27.239999771118164,30.940000534057617,25.8700008392334,26.670000076293945,269981300,16.236732482910156,2.930163,,PETR3,01-04-2023
26.670000076293945,30.049999237060547,25.209999084472656,29.209999084472656,321077200,19.789541244506836,0.0,,PETR3,01-05-2023
29.309999465942383,35.849998474121094,29.25,33.099998474121094,348374000,22.424983978271484,1.893576,,PETR3,01-06-2023
33.40999984741211,34.83000183105469,31.440000534057617,34.810001373291016,244209100,24.966655731201172,0.0,,PETR3,01-07-2023
34.709999084472656,35.84000015258789,32.25,34.540000915527344,307660400,24.773006439208984,1.149304,,PETR3,01-08-2023
34.90999984741211,38.09000015258789,34.68000030517578,37.88999938964844,252344300,28.122150421142578,0.0,,PETR3,01-09-2023
37.81999969482422,41.86000061035156,35.11000061035156,37.84000015258789,269979000,28.08504295349121,0.0,,PETR3,01-10-2023
37.9900016784668,39.88999938964844,36.47999954223633,37.70000076293945,240062000,27.98113441467285,1.371248,,PETR3,01-11-2023
37.599998474121094,39.33000183105469,35.060001373291016,38.97999954223633,178409900,29.985445022583008,0.0,,PETR3,01-12-2023
38.97999954223633,42.93000030517578,38.59000015258789,42.15999984741211,204883000,32.431671142578125,0.0,,PETR3,01-01-2024
42.599998474121094,44.5,40.7400016784668,41.220001220703125,216448300,31.70857810974121,0.0,,PETR3,01-02-2024
41.380001068115234,41.86000061035156,35.470001220703125,38.279998779296875,368999900,29.446969985961914,0.0,,PETR3,01-03-2024
38.33000183105469,44.540000915527344,38.060001373291016,44.2599983215332,281420300,34.047096252441406,1.150024,,PETR3,01-04-2024
44.47999954223633,44.77000045776367,38.220001220703125,40.70000076293945,265298100,32.143959045410156,1.776022,,PETR3,01-05-2024
40.70000076293945,40.91999816894531,36.06999969482422,40.380001068115234,224135300,33.2191162109375,1.043242,,PETR3,01-06-2024
40.52000045776367,41.86000061035156,39.34000015258789,40.599998474121094,189170100,34.31161880493164,0.0,,PETR3,01-07-2024
40.939998626708984,43.59000015258789,37.349998474121094,42.939998626708984,219991400,36.2891845703125,1.0532,,PETR3,01-08-2024
42.79999923706055,43.2400016784668,39.060001373291016,39.27000045776367,199291400,34.068565368652344,0.0,,PETR3,01-09-2024
39.2400016784668,42.060001373291016,38.470001220703125,39.060001373291016,167077100,33.886383056640625,0.0,,PETR3,01-10-2024
39.2400016784668,43.779998779296875,37.619998931884766,42.619998931884766,183530400,36.974849700927734,0.0,,PETR3,01-11-2024
42.5099983215332,44.0,38.52000045776367,39.40999984741211,200201200,34.19002151489258,1.551743,,PETR3,01-12-2024
39.40999984741211,42.400001525878906,39.40999984741211,41.650001525878906,167638700,38.771915435791016,1.356891,,PETR3,01-01-2025
41.650001525878906,42.65999984741211,37.720001220703125,39.04999923706055,219815400,36.35157775878906,0.0,,PETR3,01-02-2025
39.04999923706055,41.7599983215332,36.310001373291016,40.81999969482422,183871900,37.999271392822266,0.0,,PETR3,01-03-2025
40.869998931884766,42.20000076293945,31.860000610351562,32.04999923706055,295145600,29.835289001464844,0.74813,,PETR3,01-04-2025
32.25,34.630001068115234,31.760000228881836,32.90999984741211,202681200,31.344968795776367,0.0,,PETR3,01-05-2025
33.70000076293945,36.52000045776367,30.84000015258789,34.09000015258789,242569300,32.46885299682617,0.909166,,PETR3,01-06-2025
34.130001068115234,36.130001068115234,33.09000015258789,35.790000915527344,196875600,35.05345916748047,0.0,,PETR3,01-07-2025
36.16999816894531,36.2599983215332,32.150001525878906,33.75,208850000,33.05543899536133,0.671924,,PETR3,01-08-2025
34.04999923706055,34.470001220703125,32.52000045776367,34.40999984741211,71386200,34.40999984741211,0.0,,PETR3,01-09-2025
34.2599983215332,34.36000061035156,33.970001220703125,33.9900016784668,4978100,33.9900016784668,0.0,,PETR3,11-09-2025
19.639999389648438,21.139999389648438,17.739999771118164,18.940000534057617,1454040900,5.610852241516113,0.0,,PETR4,01-10-2020
18.940000534057617,26.670000076293945,18.940000534057617,24.899999618530273,1677914300,7.376463413238525,0.0,,PETR4,01-11-2020
25.399999618530273,28.520000457763672,25.290000915527344,28.34000015258789,1130782800,8.395543098449707,0.0,,PETR4,01-12-2020
28.34000015258789,31.760000228881836,26.530000686645508,26.690000534057617,1280972200,7.906741142272949,0.0,,PETR4,01-01-2021
27.260000228881836,30.920000076293945,21.399999618530273,22.239999771118164,2315976900,6.588454723358154,0.0,,PETR4,01-02-2021
22.799999237060547,24.229999542236328,20.479999542236328,24.100000381469727,2074682300,7.139470100402832,0.0,,PETR4,01-03-2021
24.290000915527344,24.889999389648438,22.770000457763672,23.6200008392334,1304622900,6.997272491455078,0.792834,,PETR4,01-04-2021
23.799999237060547,27.200000762939453,22.8799991607666,26.8700008392334,1592590200,8.227964401245117,0.0,,PETR4,01-05-2021
27.399999618530273,29.790000915527344,27.010000228881836,29.43000030517578,1447669000,9.011873245239258,0.0,,PETR4,01-06-2021
29.739999771118164,29.8799991607666,25.860000610351562,26.90999984741211,1223787100,8.240212440490723,0.0,,PETR4,01-07-2021
27.200000762939453,29.610000610351562,25.790000915527344,27.190000534057617,1848940900,8.32595443725586,1.609911,,PETR4,01-08-2021
27.31999969482422,27.889999389648438,23.790000915527344,27.229999542236328,1595055700,8.834826469421387,0.0,,PETR4,01-09-2021
27.1200008392334,30.219999313354492,25.770000457763672,27.149999618530273,1753099400,8.808869361877441,0.0,,PETR4,01-10-2021
27.709999084472656,29.81999969482422,25.719999313354492,29.43000030517578,1664007300,9.548620223999023,0.0,,PETR4,01-11-2021
29.84000015258789,30.670000076293945,26.200000762939453,28.5,1444452500,9.246879577636719,3.250487,,PETR4,01-12-2021
28.540000915527344,34.63999938964844,27.719999313354492,32.349998474121094,1541898600,11.790812492370605,0.0,,PETR4,01-01-2022
32.349998474121094,35.290000915527344,31.260000228881836,34.0,1238599400,12.39219856262207,0.0,,PETR4,01-02-2022
34.0,35.290000915527344,29.5,33.45000076293945,1787988700,12.19173526763916,0.0,,PETR4,01-03-2022
33.54999923706055,34.79999923706055,29.540000915527344,30.280000686645508,1298805900,11.036348342895508,2.970249,,PETR4,01-04-2022
30.170000076293945,36.310001373291016,29.1200008392334,30.059999465942383,2010479700,11.98599624633789,3.71549,,PETR4,01-05-2022
29.899999618530273,31.299999237060547,25.90999984741211,27.93000030517578,1452733100,12.410472869873047,0.0,,PETR4,01-06-2022
28.079999923706055,34.65999984741211,26.90999984741211,34.150001525878906,1304287600,15.17428207397461,0.0,,PETR4,01-07-2022
34.0,37.86000061035156,29.079999923706055,33.22999954223633,2035727200,14.765484809875488,6.732003,,PETR4,01-08-2022
33.36000061035156,34.56999969482422,28.579999923706055,29.799999237060547,1642190500,16.26128387451172,0.0,,PETR4,01-09-2022
31.90999984741211,38.38999938964844,29.15999984741211,29.809999465942383,2239291800,16.266740798950195,0.0,,PETR4,01-10-2022
30.56999969482422,30.899999618530273,22.299999237060547,26.65999984741211,2271197400,14.547846794128418,1.748708,,PETR4,01-11-2022
26.579999923706055,26.790000915527344,20.770000457763672,24.5,1753508800,14.303156852722168,0.0,,PETR4,01-12-2022
23.540000915527344,27.600000381469727,21.829999923706055,26.06999969482422,1485512700,15.219727516174316,0.0,,PETR4,01-01-2023
26.06999969482422,27.059999465942383,24.420000076293945,25.239999771118164,1124794800,14.735172271728516,0.0,,PETR4,01-02-2023
25.309999465942383,26.229999542236328,22.479999542236328,23.450000762939453,1492304700,13.690164566040039,0.0,,PETR4,01-03-2023
24.09000015258789,27.6200008392334,23.149999618530273,23.700000762939453,1137044600,13.8361177444458,2.930163,,PETR4,01-04-2023
23.700000762939453,27.030000686645508,22.420000076293945,26.1200008392334,1441438400,17.177364349365234,0.0,,PETR4,01-05-2023
26.299999237060547,32.0,26.15999984741211,29.530000686645508,1466708000,19.419893264770508,1.893576,,PETR4,01-06-2023
29.719999313354492,31.219999313354492,27.950000762939453,31.110000610351562,971702000,21.79869842529297,0.0,,PETR4,01-07-2023
31.09000015258789,32.790000915527344,29.719999313354492,31.940000534057617,1232223100,22.380273818969727,1.149304,,PETR4,01-08-2023
32.209999084472656,34.709999084472656,31.959999084472656,34.63999938964844,892997400,25.197376251220703,0.0,,PETR4,01-09-2023
34.54999923706055,38.86000061035156,32.290000915527344,34.7400016784668,1183724900,25.270118713378906,0.0,,PETR4,01-10-2023
35.02000045776367,37.220001220703125,33.90999984741211,35.90999984741211,994520000,26.121185302734375,1.371248,,PETR4,01-11-2023
35.720001220703125,37.43000030517578,33.040000915527344,37.2400016784668,753744800,28.150272369384766,0.0,,PETR4,01-12-2023
37.2400016784668,41.2400016784668,37.22999954223633,40.7599983215332,719797700,30.811092376708984,0.0,,PETR4,01-01-2024
40.779998779296875,42.939998626708984,39.83000183105469,40.13999938964844,716697000,30.342426300048828,0.0,,PETR4,01-02-2024
40.349998474121094,40.939998626708984,35.099998474121094,37.36000061035156,1066009700,28.240982055664062,0.0,,PETR4,01-03-2024
37.5,42.47999954223633,37.16999816894531,42.02000045776367,1060361700,31.7635440826416,1.150024,,PETR4,01-04-2024
42.25,42.380001068115234,36.40999984741211,38.790000915527344,879143100,30.143001556396484,1.776022,,PETR4,01-05-2024
38.83000183105469,38.93000030517578,34.150001525878906,38.04999923706055,692920200,30.86766815185547,1.043242,,PETR4,01-06-2024
38.310001373291016,39.099998474121094,36.38999938964844,37.40999984741211,641938100,31.2131290435791,0.0,,PETR4,01-07-2024
37.75,39.86000061035156,34.599998474121094,39.369998931884766,882985200,32.84845733642578,1.0532,,PETR4,01-08-2024
39.33000183105469,39.400001525878906,35.91999816894531,36.0099983215332,670650700,30.900102615356445,0.0,,PETR4,01-09-2024
36.0099983215332,38.380001068115234,35.34000015258789,35.90999984741211,650632500,30.81429672241211,0.0,,PETR4,01-10-2024
36.20000076293945,39.86000061035156,35.029998779296875,38.900001525878906,686521000,33.380008697509766,0.0,,PETR4,01-11-2024
38.900001525878906,40.7599983215332,35.599998474121094,36.189998626708984,635866200,31.054561614990234,1.551743,,PETR4,01-12-2024
36.189998626708984,38.369998931884766,36.060001373291016,37.689998626708984,588366600,34.912471771240234,1.356891,,PETR4,01-01-2025
37.7599983215332,38.65999984741211,35.47999954223633,35.93000030517578,674268300,33.282169342041016,0.0,,PETR4,01-02-2025
35.93000030517578,37.970001220703125,33.90999984741211,37.15999984741211,596507300,34.42152786254883,0.0,,PETR4,01-03-2025
37.29999923706055,37.970001220703125,29.959999084472656,29.989999771118164,1156914000,27.7799129486084,0.74813,,PETR4,01-04-2025
30.200000762939453,32.40999984741211,29.65999984741211,30.899999618530273,780411100,29.3306941986084,0.0,,PETR4,01-05-2025
31.639999389648438,33.34000015258789,28.860000610351562,31.3799991607666,879136800,29.786317825317383,0.909166,,PETR4,01-06-2025
31.450000762939453,32.83000183105469,30.600000381469727,32.63999938964844,552123600,31.91594696044922,0.0,,PETR4,01-07-2025
32.79999923706055,32.939998626708984,29.739999771118164,31.100000381469727,704477200,30.41010856628418,0.671924,,PETR4,01-08-2025
31.200000762939453,31.540000915527344,30.190000534057617,31.510000228881836,215826600,31.510000228881836,0.0,,PETR4,01-09-2025
31.299999237060547,31.479999542236328,31.270000457763672,31.290000915527344,11098600,31.290000915527344,0.0,,PETR4,11-09-2025
6.189260959625244,6.852075099945068,6.012310981750488,6.174264907836914,281004890,4.0182318687438965,0.0,0.0,CPLE6,01-10-2020
6.174264907836914,7.071013927459717,6.174264907836914,6.825082778930664,294721742,4.44178581237793,0.0,0.0,CPLE6,01-11-2020
6.850076198577881,7.674843788146973,6.711114883422852,7.4918951988220215,275899458,4.875749111175537,0.309929,0.0,CPLE6,01-12-2020
7.4918951988220215,7.568873882293701,6.333220958709717,6.526166915893555,271668269,4.427252769470215,0.0,0.0,CPLE6,01-01-2021
6.597146987915039,6.865070819854736,5.8563551902771,5.8563551902771,231056866,3.97286319732666,0.0,0.0,CPLE6,01-02-2021
5.879347801208496,7.327940940856934,5.768379211425781,7.127997875213623,356067665,4.835526466369629,0.0,10.0,CPLE6,01-03-2021
6.618141174316406,6.738107204437256,6.038303852081299,6.258242130279541,263507976,4.24549674987793,0.578577,0.0,CPLE6,01-04-2021
6.258242130279541,6.4681830406188965,5.728391170501709,6.378208160400391,200867289,4.768575668334961,0.079529,0.0,CPLE6,01-05-2021
6.348217010498047,6.49817419052124,5.848357200622559,5.9283342361450195,156755206,4.432233810424805,0.0,0.0,CPLE6,01-06-2021
5.9383320808410645,6.228250026702881,5.868350982666016,6.11828088760376,141288562,4.574244499206543,0.0,0.0,CPLE6,01-07-2021
6.198258876800537,6.83807897567749,6.14827299118042,6.83807897567749,273497381,5.112391948699951,0.0,0.0,CPLE6,01-08-2021
6.83807897567749,7.497893810272217,6.628138065338135,7.277955055236816,381046479,5.441258907318115,0.0,0.0,CPLE6,01-09-2021
6.668127059936523,6.848075866699219,5.918336868286133,5.918336868286133,333250762,4.424759387969971,0.543878,0.0,CPLE6,01-10-2021
6.018309116363525,6.438190937042236,5.898343086242676,6.138275146484375,400022909,4.959840297698975,0.0,0.0,CPLE6,01-11-2021
6.14827299118042,6.548160076141357,6.098287105560303,6.438190937042236,295623795,5.202177047729492,0.0,0.0,CPLE6,01-12-2021
6.418197154998779,7.247963905334473,6.018309116363525,7.177982807159424,262288935,5.799942970275879,0.107203,0.0,CPLE6,01-01-2022
7.177982807159424,7.5078911781311035,6.888064861297607,6.928053855895996,199276244,5.692786693572998,0.0,0.0,CPLE6,01-02-2022
6.928053855895996,7.877787113189697,6.908059120178223,7.557877063751221,298910717,6.210312366485596,0.0,0.0,CPLE6,01-03-2022
7.5878682136535645,7.777814865112305,7.247963905334473,7.437910079956055,218701197,6.1117353439331055,0.0,0.0,CPLE6,01-04-2022
6.768098831176758,7.767817974090576,6.578152179718018,7.367929935455322,242258611,6.054233551025391,0.518149,0.0,CPLE6,01-05-2022
7.367929935455322,7.467902183532715,6.718112945556641,6.828082084655762,188444302,6.030762672424316,0.0,0.0,CPLE6,01-06-2022
6.828082084655762,7.078011989593506,6.6881208419799805,6.988037109375,146383893,6.17203950881958,0.0,0.0,CPLE6,01-07-2022
6.9980340003967285,7.307947158813477,6.80808687210083,6.968041896820068,158632630,6.154379367828369,0.0,0.0,CPLE6,01-08-2022
7.028026103973389,7.137994766235352,6.328221797943115,6.578152179718018,238158059,5.810017108917236,0.0,0.0,CPLE6,01-09-2022
6.748104095458984,7.4479079246521,6.178264141082764,7.397922039031982,308220332,6.534061431884766,0.0,0.0,CPLE6,01-10-2022
7.787812232971191,9.117439270019531,6.968041896820068,8.077731132507324,406085611,7.1344895362854,0.36722,0.0,CPLE6,01-11-2022
8.077731132507324,8.317663192749023,7.10800313949585,7.907779216766357,260100819,7.290799617767334,0.0,0.0,CPLE6,01-12-2022
7.807806968688965,7.9477667808532715,7.327940940856934,7.767817974090576,281778307,7.161757946014404,0.0,0.0,CPLE6,01-01-2023
7.767817974090576,7.957764148712158,7.028026103973389,7.048019886016846,264824549,6.498120307922363,0.0,0.0,CPLE6,01-02-2023
7.058016777038574,7.10800313949585,6.548160076141357,6.938051223754883,305772546,6.396731376647949,0.0,0.0,CPLE6,01-03-2023
6.95804500579834,8.117719650268555,6.828082084655762,8.01774787902832,254259283,7.392188549041748,0.0,0.0,CPLE6,01-04-2023
8.01774787902832,8.067733764648438,7.4179158210754395,7.4179158210754395,303545719,6.839155673980713,0.0,0.0,CPLE6,01-05-2023
7.437910079956055,8.387643814086914,7.257960796356201,8.28767204284668,349052195,7.64105224609375,0.0,0.0,CPLE6,01-06-2023
8.277674674987793,8.6899995803833,7.857792854309082,8.359999656677246,248002236,7.707736968994141,0.0,0.0,CPLE6,01-07-2023
8.3100004196167,9.149999618530273,8.289999961853027,8.65999984741211,403080800,7.984329700469971,0.0,0.0,CPLE6,01-08-2023
8.670000076293945,9.210000038146973,8.380000114440918,8.960000038146973,396211500,8.260923385620117,0.0,0.0,CPLE6,01-09-2023
8.720000267028809,8.75,8.029999732971191,8.390000343322754,330842100,7.735396862030029,0.334427,0.0,CPLE6,01-10-2023
8.390000343322754,9.65999984741211,8.34000015258789,9.460000038146973,594392800,9.060074806213379,0.0,0.0,CPLE6,01-11-2023
9.520000457763672,10.4399995803833,9.15999984741211,10.359999656677246,323066000,9.922025680541992,0.0,0.0,CPLE6,01-12-2023
10.359999656677246,10.359999656677246,9.8100004196167,10.130000114440918,294534300,9.701750755310059,0.0,0.0,CPLE6,01-01-2024
10.130000114440918,10.550000190734863,9.920000076293945,10.220000267028809,236701200,9.787945747375488,0.0,0.0,CPLE6,01-02-2024
10.229999542236328,10.289999961853027,9.550000190734863,9.619999885559082,270778900,9.213311195373535,0.0,0.0,CPLE6,01-03-2024
9.640000343322754,9.920000076293945,8.979999542236328,9.09000015258789,429205700,8.705716133117676,0.045695,0.0,CPLE6,01-04-2024
9.170000076293945,9.760000228881836,8.930000305175781,9.079999923706055,340815000,8.738259315490723,0.0,0.0,CPLE6,01-05-2024
9.069999694824219,9.5600004196167,8.970000267028809,9.300000190734863,303609400,8.949979782104492,0.0,0.0,CPLE6,01-06-2024
9.260000228881836,10.359999656677246,9.220000267028809,10.09000015258789,249506600,9.710246086120605,0.0,0.0,CPLE6,01-07-2024
10.100000381469727,10.789999961853027,9.8100004196167,10.430000305175781,275771900,10.037450790405273,0.0,0.0,CPLE6,01-08-2024
10.380000114440918,11.029999732971191,10.119999885559082,10.1899995803833,261228100,9.806482315063477,0.0,0.0,CPLE6,01-09-2024
10.15999984741211,10.210000038146973,9.65999984741211,9.8100004196167,362643100,9.440784454345703,0.169347,0.0,CPLE6,01-10-2024
9.8100004196167,10.270000457763672,9.25,9.710000038146973,373619700,9.502470016479492,0.0,0.0,CPLE6,01-11-2024
9.710000038146973,9.899999618530273,8.960000038146973,9.149999618530273,398390100,8.954438209533691,0.209454,0.0,CPLE6,01-12-2024
9.149999618530273,9.890000343322754,8.720000267028809,9.699999809265137,324517600,9.699999809265137,0.0,0.0,CPLE6,01-01-2025
9.670000076293945,10.430000305175781,9.630000114440918,9.869999885559082,271903300,9.869999885559082,0.0,0.0,CPLE6,01-02-2025
9.869999885559082,10.699999809265137,9.569999694824219,10.40999984741211,246331800,10.40999984741211,0.0,0.0,CPLE6,01-03-2025
10.529999732971191,11.65999984741211,10.319999694824219,11.529999732971191,333380400,11.529999732971191,0.0,0.0,CPLE6,01-04-2025
11.470000267028809,12.880000114440918,11.430000305175781,12.670000076293945,379236600,12.670000076293945,0.0,0.0,CPLE6,01-05-2025
12.829999923706055,12.850000381469727,12.130000114440918,12.460000038146973,237106400,12.460000038146973,0.0,0.0,CPLE6,01-06-2025
12.430000305175781,12.520000457763672,11.420000076293945,11.859999656677246,237513500,11.859999656677246,0.0,0.0,CPLE6,01-07-2025
12.0,12.600000381469727,11.739999771118164,12.020000457763672,256315300,12.020000457763672,0.0,0.0,CPLE6,01-08-2025
12.050000190734863,12.449999809265137,11.84000015258789,12.3100004196167,78155500,12.3100004196167,0.0,0.0,CPLE6,01-09-2025
12.359999656677246,12.569999694824219,12.300000190734863,12.380000114440918,7954200,12.380000114440918,0.0,0.0,CPLE6,11-09-2025
186.75,205.6199951171875,183.92999267578125,193.11000061035156,12490925,192.255615234375,0.447258,0.0,HAPV3,01-10-2020
193.11000061035156,227.0699920654297,192.89999389648438,216.3000030517578,13709188,215.34300231933594,0.0,5.0,HAPV3,01-11-2020
217.1999969482422,236.6999969482422,213.75,228.89999389648438,8964368,227.88726806640625,0.0,0.0,HAPV3,01-12-2020
228.89999389648438,277.20001220703125,208.0500030517578,257.54998779296875,18710200,256.4104919433594,0.376965,0.0,HAPV3,01-01-2021
265.3500061035156,274.5,228.0,232.5,11148767,231.87940979003906,0.0,0.0,HAPV3,01-02-2021
258.0,259.3500061035156,217.9499969482422,223.1999969482422,20140371,222.60421752929688,0.0,0.0,HAPV3,01-03-2021
224.85000610351562,233.25,212.39999389648438,216.60000610351562,14500793,216.0218505859375,0.0,0.0,HAPV3,01-04-2021
216.4499969482422,242.85000610351562,211.8000030517578,240.0,15325119,239.35940551757812,0.037875,0.0,HAPV3,01-05-2021
239.5500030517578,243.75,225.14999389648438,231.14999389648438,13340294,230.57217407226562,0.0,0.0,HAPV3,01-06-2021
230.25,235.5,210.89999389648438,213.4499969482422,12004866,212.91644287109375,0.26526,0.0,HAPV3,01-07-2021
215.6999969482422,236.10000610351562,204.75,220.8000030517578,21331566,220.50856018066406,0.0,0.0,HAPV3,01-08-2021
223.5,232.1999969482422,200.5500030517578,203.85000610351562,17523093,203.5809326171875,0.176475,0.0,HAPV3,01-09-2021
202.9499969482422,209.10000610351562,164.10000610351562,173.10000610351562,30471973,173.01219177246094,0.0,0.0,HAPV3,01-10-2021
176.25,208.8000030517578,157.9499969482422,163.64999389648438,22899394,163.5669708251953,0.0,0.0,HAPV3,01-11-2021
164.10000610351562,190.5,149.5500030517578,155.6999969482422,27030723,155.6210174560547,0.08058,0.0,HAPV3,01-12-2021
155.6999969482422,191.10000610351562,139.5,189.89999389648438,42344653,189.89999389648438,0.0,0.0,HAPV3,01-01-2022
188.85000610351562,196.5,168.4499969482422,181.9499969482422,57859020,181.9499969482422,0.0,0.0,HAPV3,01-02-2022
181.9499969482422,195.0,165.75,177.60000610351562,52464559,177.60000610351562,0.0,0.0,HAPV3,01-03-2022
178.64999389648438,188.5500030517578,131.5500030517578,131.5500030517578,48176454,131.5500030517578,0.0,0.0,HAPV3,01-04-2022
131.39999389648438,135.4499969482422,95.25,100.79999542236328,91834674,100.79999542236328,0.0,0.0,HAPV3,01-05-2022
101.25,103.79999542236328,75.1500015258789,82.04999542236328,73016495,82.04999542236328,0.0,0.0,HAPV3,01-06-2022
81.29999542236328,101.8499984741211,79.94999694824219,92.4000015258789,66518634,92.4000015258789,0.0,0.0,HAPV3,01-07-2022
91.5,124.94999694824219,89.8499984741211,109.19999694824219,91414325,109.19999694824219,0.0,0.0,HAPV3,01-08-2022
109.6500015258789,129.75,107.0999984741211,113.54999542236328,78579826,113.54999542236328,0.0,0.0,HAPV3,01-09-2022
119.0999984741211,127.19999694824219,99.44999694824219,117.0,70437181,117.0,0.0,0.0,HAPV3,01-10-2022
114.5999984741211,121.6500015258789,73.3499984741211,78.0,95906199,78.0,0.0,0.0,HAPV3,01-11-2022
77.8499984741211,81.0,63.14999771118164,76.19999694824219,67829632,76.19999694824219,0.0,0.0,HAPV3,01-12-2022
74.4000015258789,78.44999694824219,61.20000076293945,77.25,90717735,77.25,0.0,0.0,HAPV3,01-01-2023
76.79999542236328,78.5999984741211,62.849998474121094,67.3499984741211,72295240,67.3499984741211,0.0,0.0,HAPV3,01-02-2023
54.45000076293945,55.349998474121094,28.94999885559082,39.29999923706055,272159199,39.29999923706055,0.0,0.0,HAPV3,01-03-2023
39.14999771118164,42.0,33.29999923706055,41.39999771118164,119171140,41.39999771118164,0.0,0.0,HAPV3,01-04-2023
41.39999771118164,61.64999771118164,40.04999923706055,59.849998474121094,174016973,59.849998474121094,0.0,0.0,HAPV3,01-05-2023
59.849998474121094,68.0999984741211,58.95000076293945,65.69999694824219,123488860,65.69999694824219,0.0,0.0,HAPV3,01-06-2023
66.0,72.5999984741211,60.599998474121094,72.0,78919321,72.0,0.0,0.0,HAPV3,01-07-2023
71.8499984741211,81.29999542236328,63.45000076293945,63.89999771118164,139231788,63.89999771118164,0.0,0.0,HAPV3,01-08-2023
64.5,71.25,63.0,70.5,75329680,70.5,0.0,0.0,HAPV3,01-09-2023
70.3499984741211,71.25,53.54999923706055,55.349998474121094,110236432,55.349998474121094,0.0,0.0,HAPV3,01-10-2023
55.64999771118164,72.5999984741211,54.14999771118164,65.54999542236328,122242744,65.54999542236328,0.0,0.0,HAPV3,01-11-2023
66.0,70.19999694824219,60.45000076293945,66.75,79485108,66.75,0.0,0.0,HAPV3,01-12-2023
66.75,69.44999694824219,56.39999771118164,58.20000076293945,98438954,58.20000076293945,0.0,0.0,HAPV3,01-01-2024
58.5,59.39999771118164,49.64999771118164,55.04999923706055,98451326,55.04999923706055,0.0,0.0,HAPV3,01-02-2024
55.04999923706055,60.29999923706055,53.849998474121094,55.5,62972705,55.5,0.0,0.0,HAPV3,01-03-2024
57.45000076293945,62.39999771118164,51.75,55.349998474121094,105321736,55.349998474121094,0.0,0.0,HAPV3,01-04-2024
55.349998474121094,70.04999542236328,55.349998474121094,59.849998474121094,111397760,59.849998474121094,0.0,0.0,HAPV3,01-05-2024
60.14999771118164,61.5,53.39999771118164,57.45000076293945,70027459,57.45000076293945,0.0,0.0,HAPV3,01-06-2024
57.45000076293945,63.75,55.20000076293945,61.04999923706055,71560974,61.04999923706055,0.0,0.0,HAPV3,01-07-2024
61.5,69.44999694824219,61.5,63.599998474121094,95423667,63.599998474121094,0.0,0.0,HAPV3,01-08-2024
63.45000076293945,71.25,59.39999771118164,60.0,83827018,60.0,0.0,0.0,HAPV3,01-09-2024
60.75,63.14999771118164,52.5,52.79999923706055,106135313,52.79999923706055,0.0,0.0,HAPV3,01-10-2024
52.79999923706055,53.099998474121094,38.849998474121094,40.5,118716355,40.5,0.0,0.0,HAPV3,01-11-2024
40.20000076293945,42.29999923706055,31.649999618530273,33.45000076293945,145119676,33.45000076293945,0.0,0.0,HAPV3,01-12-2024
33.45000076293945,37.5,31.499998092651367,36.29999923706055,98186987,36.29999923706055,0.0,0.0,HAPV3,01-01-2025
36.14999771118164,39.14999771118164,30.599998474121094,31.649999618530273,177235534,31.649999618530273,0.0,0.0,HAPV3,01-02-2025
31.649999618530273,37.04999923706055,29.69999885559082,33.14999771118164,141645287,33.14999771118164,0.0,0.0,HAPV3,01-03-2025
33.14999771118164,37.79999923706055,29.849998474121094,34.79999923706055,95396854,34.79999923706055,0.0,0.0,HAPV3,01-04-2025
34.79999923706055,44.849998474121094,33.45000076293945,42.89999771118164,122917667,42.89999771118164,0.0,0.0,HAPV3,01-05-2025
43.20000076293945,43.79999923706055,35.439998626708984,36.849998474121094,108473119,36.849998474121094,0.0,0.06666666666666667,HAPV3,01-06-2025
36.86000061035156,37.06999969482422,30.510000228881836,33.06999969482422,98074400,33.06999969482422,0.0,0.0,HAPV3,01-07-2025
33.529998779296875,42.150001525878906,32.529998779296875,41.709999084472656,105215800,41.709999084472656,0.0,0.0,HAPV3,01-08-2025
42.099998474121094,42.65999984741211,39.40999984741211,40.0,29870800,40.0,0.0,0.0,HAPV3,01-09-2025
40.09000015258789,40.619998931884766,39.65999984741211,39.65999984741211,1654700,39.65999984741211,0.0,0.0,HAPV3,11-09-2025
13.270000457763672,14.100000381469727,12.90999984741211,13.479999542236328,170250600,13.290532112121582,0.0,,MOTV3,01-05-2025
13.680000305175781,13.970000267028809,13.0600004196167,13.789999961853027,122547400,13.596175193786621,0.0,,MOTV3,01-06-2025
13.819999694824219,14.010000228881836,12.069999694824219,12.3100004196167,172709400,12.136978149414062,0.0,,MOTV3,01-07-2025
12.489999771118164,14.550000190734863,12.380000114440918,14.399999618530273,165261100,14.197601318359375,0.179347,,MOTV3,01-08-2025
14.479999542236328,15.109999656677246,14.289999961853027,14.59000015258789,50941100,14.59000015258789,0.0,,MOTV3,01-09-2025
14.600000381469727,15.050000190734863,14.520000457763672,14.800000190734863,4303000,14.800000190734863,0.0,,MOTV3,11-09-2025
15.262969017028809,15.859566688537598,13.53283405303955,13.691926956176758,223319860,8.42672348022461,0.0,,MRFG3,01-10-2020
13.691926956176758,15.302742004394531,13.542777061462402,14.59676742553711,229266978,8.983609199523926,0.0,,MRFG3,01-11-2020
14.775747299194336,15.04421615600586,13.801302909851074,14.427730560302734,179910237,8.879576683044434,0.0,,MRFG3,01-12-2020
14.427730560302734,14.706144332885742,12.309807777404785,13.214648246765137,179647350,8.132981300354004,0.0,,MRFG3,01-01-2021
13.403571128845215,15.29279899597168,12.956122398376465,13.821189880371094,172716553,8.506278038024902,0.0,,MRFG3,01-02-2021
14.089658737182617,17.798511505126953,13.970338821411133,17.510154724121094,287308157,10.776658058166504,0.0,,MRFG3,01-03-2021
17.520097732543945,21.089744567871094,17.23174285888672,19.28006362915039,143238519,11.865951538085938,0.202734,,MRFG3,01-04-2021
19.28006362915039,20.632352828979492,16.863840103149414,18.265846252441406,248302306,11.368133544921875,0.0,,MRFG3,01-05-2021
18.305618286132812,19.657907485961914,17.599645614624023,19.03148078918457,191006249,11.844640731811523,0.0,,MRFG3,01-06-2021
19.051366806030273,20.403656005859375,18.24595832824707,19.498815536499023,135646777,12.135498046875,0.0,,MRFG3,01-07-2021
19.88660430908203,21.238893508911133,18.524372100830078,20.373825073242188,165992528,12.680078506469727,0.0,,MRFG3,01-08-2021
20.433486938476562,25.544343948364258,20.393712997436523,25.51451301574707,185417161,15.879493713378906,1.392372,,MRFG3,01-09-2021
25.50457000732422,27.90090560913086,24.26165771484375,26.349750518798828,157721134,17.463476181030273,0.0,,MRFG3,01-10-2021
26.797199249267578,27.334138870239258,22.690614700317383,23.436363220214844,129860569,15.532609939575195,0.0,,MRFG3,01-11-2021
23.694889068603516,24.172168731689453,20.07552719116211,21.944868087768555,140253796,14.544109344482422,1.243129,,MRFG3,01-12-2021
21.87526512145996,24.132394790649414,20.642295837402344,22.352542877197266,122148342,15.650854110717773,0.0,,MRFG3,01-01-2022
22.26305389404297,23.32698631286621,19.896547317504883,22.044300079345703,120005595,15.435028076171875,0.0,,MRFG3,01-02-2022
22.044300079345703,23.058517456054688,19.409326553344727,21.278667449951172,128661168,14.898944854736328,0.0,,MRFG3,01-03-2022
21.278667449951172,22.51163673400879,18.196243286132812,18.64369010925293,115615101,13.053979873657227,0.576831,,MRFG3,01-04-2022
18.68346405029297,18.902217864990234,14.159261703491211,15.541380882263184,206880955,11.201595306396484,0.0,,MRFG3,01-05-2022
15.461834907531738,16.356731414794922,12.01150894165039,12.041338920593262,168567630,8.678908348083496,0.0,,MRFG3,01-06-2022
11.9617919921875,13.990225791931152,11.633663177490234,13.12515926361084,168143826,9.460081100463867,0.0,,MRFG3,01-07-2022
13.135102272033691,15.70047378540039,12.458956718444824,13.07544231414795,223676080,9.424246788024902,0.753668,,MRFG3,01-08-2022
13.07544231414795,13.393628120422363,9.714606285095215,9.81403923034668,296467090,7.437002658843994,0.0,,MRFG3,01-09-2022
9.99301815032959,11.673436164855957,9.754379272460938,10.63933277130127,233116807,8.062403678894043,0.0,,MRFG3,01-10-2022
10.718878746032715,11.822586059570312,8.52140998840332,8.70038890838623,247113365,6.593087673187256,0.0,,MRFG3,01-11-2022
8.710331916809082,8.740161895751953,6.691842079162598,8.650672912597656,402892596,6.555412769317627,0.904361,,MRFG3,01-12-2022
8.620842933654785,8.809764862060547,7.497249126434326,7.656342029571533,236522313,6.561136722564697,0.0,,MRFG3,01-01-2023
7.656342029571533,8.193281173706055,6.025640964508057,6.333882808685303,283327490,5.427849292755127,0.0,,MRFG3,01-02-2023
6.343825817108154,7.5867390632629395,6.085300922393799,6.602352142333984,271724000,5.6579155921936035,0.0,,MRFG3,01-03-2023
6.6321821212768555,6.910594940185547,5.9958109855651855,6.473089218139648,230872784,5.54714298248291,0.0,,MRFG3,01-04-2023
6.473089218139648,7.0696868896484375,6.1151299476623535,6.602352142333984,258250006,5.6579155921936035,0.0,,MRFG3,01-05-2023
6.612296104431152,7.765718936920166,6.492976188659668,7.2287797927856445,206009314,6.194735527038574,0.0,,MRFG3,01-06-2023
7.2983832359313965,7.7458319664001465,6.711729049682617,7.377930164337158,174231945,6.3225507736206055,0.0,,MRFG3,01-07-2023
7.358043193817139,8.203224182128906,6.420000076293945,7.409999847412109,356138349,6.350032806396484,0.0,,MRFG3,01-08-2023
7.400000095367432,7.75,6.900000095367432,7.130000114440918,250106600,6.110085964202881,0.0,,MRFG3,01-09-2023
7.190000057220459,7.269999980926514,6.230000019073486,6.460000038146973,190101600,5.535926342010498,0.0,,MRFG3,01-10-2023
6.46999979019165,10.5600004196167,6.420000076293945,9.720000267028809,251724300,8.329598426818848,0.0,,MRFG3,01-11-2023
9.720000267028809,10.289999961853027,9.149999618530273,9.699999809265137,168770000,8.312458992004395,0.0,,MRFG3,01-12-2023
9.699999809265137,9.890000343322754,8.920000076293945,9.40999984741211,125267700,8.063941955566406,0.0,,MRFG3,01-01-2024
9.40999984741211,9.899999618530273,8.399999618530273,9.899999618530273,119952500,8.48384952545166,0.0,,MRFG3,01-02-2024
9.899999618530273,10.449999809265137,9.039999961853027,10.3100004196167,124740400,8.835201263427734,0.0,,MRFG3,01-03-2024
10.279999732971191,10.90999984741211,9.449999809265137,9.449999809265137,171548000,8.098219871520996,0.0,,MRFG3,01-04-2024
9.449999809265137,12.140000343322754,9.050000190734863,11.279999732971191,192344000,9.666446685791016,0.0,,MRFG3,01-05-2024
11.300000190734863,12.359999656677246,10.15999984741211,12.359999656677246,115224600,10.591957092285156,0.0,,MRFG3,01-06-2024
12.470000267028809,12.989999771118164,10.739999771118164,11.3100004196167,122997500,9.692155838012695,0.0,,MRFG3,01-07-2024
11.359999656677246,15.050000190734863,11.0600004196167,14.5600004196167,127661400,12.47725772857666,0.0,,MRFG3,01-08-2024
14.539999961853027,15.350000381469727,13.470000267028809,13.640000343322754,115575100,11.688859939575195,0.0,,MRFG3,01-09-2024
13.720000267028809,16.09000015258789,12.600000381469727,15.6899995803833,116705200,13.445615768432617,0.0,,MRFG3,01-10-2024
15.65999984741211,19.139999389648438,15.010000228881836,18.770000457763672,160973500,16.085037231445312,0.0,,MRFG3,01-11-2024
18.799999237060547,21.170000076293945,15.520000457763672,17.030000686645508,256129200,14.5939359664917,2.833731,,MRFG3,01-12-2024
17.030000686645508,17.25,14.449999809265137,15.890000343322754,184952900,15.890000343322754,0.0,,MRFG3,01-01-2025
15.949999809265137,16.040000915527344,13.390000343322754,13.630000114440918,146000100,13.630000114440918,0.0,,MRFG3,01-02-2025
13.630000114440918,18.299999237060547,13.630000114440918,18.059999465942383,142460000,18.059999465942383,0.0,,MRFG3,01-03-2025
17.959999084472656,22.90999984741211,17.8799991607666,21.479999542236328,118696000,21.479999542236328,0.0,,MRFG3,01-04-2025
21.479999542236328,26.030000686645508,19.3799991607666,25.40999984741211,190276500,25.40999984741211,0.0,,MRFG3,01-05-2025
25.329999923706055,25.8799991607666,21.809999465942383,22.899999618530273,126652000,22.899999618530273,0.0,,MRFG3,01-06-2025
22.90999984741211,24.479999542236328,21.299999237060547,21.299999237060547,153771700,21.299999237060547,0.0,,MRFG3,01-07-2025
21.510000228881836,25.100000381469727,20.850000381469727,24.93000030517578,116558600,24.93000030517578,0.0,,MRFG3,01-08-2025
24.600000381469727,25.229999542236328,22.729999542236328,24.739999771118164,46043800,24.739999771118164,0.0,,MRFG3,01-09-2025
25.0,25.6200008392334,24.770000457763672,24.93000030517578,6079700,24.93000030517578,0.0,,MRFG3,11-09-2025
208.9044647216797,254.8756103515625,204.8358154296875,230.37013244628906,98414417,223.2479705810547,0.0,4.0,MGLU3,01-10-2020
230.37013244628906,264.7900390625,214.1890411376953,218.6785888671875,96644910,211.91787719726562,0.0,0.0,MGLU3,01-11-2020
221.20396423339844,240.00396728515625,211.38307189941406,233.36317443847656,69179520,226.1484832763672,0.245999,0.0,MGLU3,01-12-2020
233.36317443847656,253.19203186035156,214.65670776367188,236.356201171875,70828149,229.28753662109375,0.0,0.0,MGLU3,01-01-2021
240.1910400390625,247.3930206298828,221.29750061035156,226.1611785888672,59407971,219.3974151611328,0.0,0.0,MGLU3,01-02-2021
229.7154083251953,240.3780975341797,181.45272827148438,189.3094482421875,114062280,183.64779663085938,0.0,0.0,MGLU3,01-03-2021
189.68357849121094,210.6348114013672,185.84873962402344,187.3452606201172,58379290,181.74234008789062,0.0,0.0,MGLU3,01-04-2021
188.09352111816406,193.23780822753906,170.69650268554688,188.56118774414062,48910016,182.92190551757812,0.0,0.0,MGLU3,01-05-2021
189.4965057373047,205.1164093017578,186.40994262695312,197.82089233398438,48840126,191.90467834472656,0.0,0.0,MGLU3,01-06-2021
198.47561645507812,229.80894470214844,190.99302673339844,192.67660522460938,52533318,186.9142608642578,0.144919,0.0,MGLU3,01-07-2021
195.57611083984375,198.84974670410156,169.01292419433594,170.6029815673828,68663067,165.6208038330078,0.0,0.0,MGLU3,01-08-2021
171.72535705566406,182.38804626464844,129.72933959960938,134.1253662109375,82926571,130.2084503173828,0.0,0.0,MGLU3,01-09-2021
134.68655395507812,143.57212829589844,100.36019134521484,101.10845184326172,93761948,98.15574645996094,0.0,0.0,MGLU3,01-10-2021
101.66964721679688,133.37710571289062,71.0845718383789,72.9552230834961,164624515,70.8246841430664,0.0,0.0,MGLU3,01-11-2021
75.29352569580078,75.76119232177734,52.56517028808594,67.53034210205078,334943335,65.5582275390625,0.0,0.0,MGLU3,01-12-2021
69.30745697021484,69.30745697021484,53.500492095947266,65.4726333618164,297876458,63.560611724853516,0.0,0.0,MGLU3,01-01-2022
65.4726333618164,68.55919647216797,49.85273361206055,56.21293258666992,266490873,54.571327209472656,0.0,0.0,MGLU3,01-02-2022
56.21293258666992,66.68855285644531,43.49253463745117,63.7890510559082,322138438,61.92619705200195,0.0,0.0,MGLU3,01-03-2022
64.72437286376953,69.02686309814453,45.64377975463867,45.64377975463867,217951806,44.310829162597656,0.0,0.0,MGLU3,01-04-2022
45.924373626708984,46.48556900024414,33.39104461669922,34.794029235839844,305735085,33.77792739868164,0.0,0.0,MGLU3,01-05-2022
34.8875617980957,37.319400787353516,21.605968475341797,21.886566162109375,358366620,21.247404098510742,0.0,0.0,MGLU3,01-06-2022
21.886566162109375,29.275619506835938,18.987062454223633,24.1313419342041,424829011,23.426626205444336,0.0,0.0,MGLU3,01-07-2022
24.1313419342041,44.80198669433594,23.850744247436523,39.93830490112305,493819452,38.77197265625,0.0,0.0,MGLU3,01-08-2022
40.218902587890625,46.48556900024414,36.29054641723633,41.90248489379883,394760877,40.67879104614258,0.0,0.0,MGLU3,01-09-2022
44.4278564453125,51.06865310668945,36.29054641723633,41.80895233154297,407198478,40.587989807128906,0.0,0.0,MGLU3,01-10-2022
42.370147705078125,46.85969924926758,28.34029769897461,31.8945255279541,447343537,30.963098526000977,0.0,0.0,MGLU3,01-11-2022
31.613927841186523,31.707460403442383,21.980098724365234,25.627859115600586,444584009,24.879440307617188,0.0,0.0,MGLU3,01-12-2022
24.786067962646484,43.67959976196289,23.38308334350586,41.43482208251953,457084030,40.22478485107422,0.0,0.0,MGLU3,01-01-2023
41.15422439575195,42.463680267333984,32.268653869628906,33.57810592651367,235840220,32.597511291503906,0.0,0.0,MGLU3,01-02-2023
34.04576873779297,37.319400787353516,27.498506546020508,30.95920181274414,298235720,30.055089950561523,0.0,0.0,MGLU3,01-03-2023
31.14626693725586,37.1323356628418,28.433828353881836,31.23979949951172,204891713,30.327491760253906,0.0,0.0,MGLU3,01-04-2023
31.23979949951172,41.71541976928711,30.2109432220459,35.54228591918945,288008733,34.50433349609375,0.0,0.0,MGLU3,01-05-2023
35.91641616821289,39.09651565551758,30.95920181274414,31.520395278930664,222280268,30.59989356994629,0.0,0.0,MGLU3,01-06-2023
31.8945255279541,32.82984924316406,27.03084373474121,31.333330154418945,213988769,30.418291091918945,0.0,0.0,MGLU3,01-07-2023
31.426864624023438,32.549251556396484,23.663679122924805,25.814924240112305,252499590,25.06104278564453,0.0,0.0,MGLU3,01-08-2023
26.095521926879883,26.750246047973633,18.706466674804688,19.828853607177734,200441679,19.249784469604492,0.0,0.0,MGLU3,01-09-2023
19.828853607177734,19.922386169433594,12.159202575683594,12.439800262451172,291696676,12.076516151428223,0.0,0.0,MGLU3,01-10-2023
12.439800262451172,21.980098724365234,12.252735137939453,18.893531799316406,484605153,18.341777801513672,0.0,0.0,MGLU3,01-11-2023
18.987062454223633,24.786067962646484,18.051740646362305,20.202983856201172,311492613,19.61298942565918,0.0,0.0,MGLU3,01-12-2023
20.202983856201172,21.980098724365234,17.771142959594727,19.64179039001465,373769921,19.06818389892578,0.0,0.0,MGLU3,01-01-2024
21.100000381469727,22.200000762939453,19.0,21.299999237060547,259286800,20.677967071533203,0.0,0.0,MGLU3,01-02-2024
21.5,22.5,17.200000762939453,18.0,269144830,17.474340438842773,0.0,0.0,MGLU3,01-03-2024
18.100000381469727,18.399999618530273,13.399999618530273,13.600000381469727,252515650,13.202835083007812,0.0,0.0,MGLU3,01-04-2024
13.600000381469727,17.5,11.399999618530273,12.390000343322754,350611940,12.028170585632324,0.0,0.1,MGLU3,01-05-2024
12.390000343322754,12.949999809265137,10.5600004196167,12.050000190734863,491382300,11.698100090026855,0.0,0.0,MGLU3,01-06-2024
12.020000457763672,14.420000076293945,11.039999961853027,11.069999694824219,448532500,10.746718406677246,0.0,0.0,MGLU3,01-07-2024
11.300000190734863,14.079999923706055,10.619999885559082,12.15999984741211,508891900,11.804886817932129,0.0,0.0,MGLU3,01-08-2024
12.0,12.510000228881836,9.470000267028809,9.699999809265137,392009500,9.416727066040039,0.0,0.0,MGLU3,01-09-2024
9.779999732971191,10.119999885559082,8.930000305175781,9.460000038146973,496123400,9.183735847473145,0.0,0.0,MGLU3,01-10-2024
9.59000015258789,10.75,8.699999809265137,9.029999732971191,645781400,8.7662935256958,0.0,0.0,MGLU3,01-11-2024
9.010000228881836,9.670000076293945,6.28000020980835,6.5,573316500,6.310178279876709,0.0,0.0,MGLU3,01-12-2024
6.5,7.559999942779541,5.710000038146973,7.460000038146973,511798900,7.242143154144287,0.0,0.0,MGLU3,01-01-2025
7.320000171661377,8.069999694824219,6.769999980926514,7.150000095367432,548732600,6.941195964813232,0.0,0.0,MGLU3,01-02-2025
7.150000095367432,11.460000038146973,6.880000114440918,10.149999618530273,627012300,9.853585243225098,0.0,0.0,MGLU3,01-03-2025
10.1899995803833,11.850000381469727,8.479999542236328,9.319999694824219,663809500,9.04782485961914,0.305175,0.0,MGLU3,01-04-2025
9.319999694824219,10.170000076293945,7.909999847412109,9.220000267028809,584943300,9.220000267028809,0.0,0.0,MGLU3,01-05-2025
9.449999809265137,10.449999809265137,8.5600004196167,9.850000381469727,654478500,9.850000381469727,0.0,0.0,MGLU3,01-06-2025
9.770000457763672,9.930000305175781,6.920000076293945,7.059999942779541,477738000,7.059999942779541,0.0,0.0,MGLU3,01-07-2025
7.269999980926514,8.399999618530273,6.519999980926514,8.1899995803833,431789900,8.1899995803833,0.0,0.0,MGLU3,01-08-2025
8.239999771118164,9.510000228881836,8.079999923706055,9.25,192837000,9.25,0.0,0.0,MGLU3,01-09-2025
9.350000381469727,9.970000267028809,9.300000190734863,9.729999542236328,25546700,9.729999542236328,0.0,0.0,MGLU3,11-09-2025
32.57495880126953,35.346248626708984,30.54158592224121,30.70556640625,176563994,26.245990753173828,0.068334,0.0,LREN3,01-10-2020
30.70556640625,40.91342544555664,30.70556640625,36.63350296020508,225021730,31.31296730041504,0.0,0.0,LREN3,01-11-2020
37.08445358276367,38.470096588134766,34.86250305175781,35.69880676269531,150149457,30.51403045654297,0.062527,0.0,LREN3,01-12-2020
35.69880676269531,36.43672561645508,31.902633666992188,34.0015983581543,179726546,29.11244010925293,0.0,0.0,LREN3,01-01-2021
34.37875747680664,34.69852066040039,29.770870208740234,30.057838439941406,177417142,25.735761642456055,0.0,0.0,LREN3,01-02-2021
30.37760353088379,36.157955169677734,29.295324325561523,34.91989517211914,304379381,29.898696899414062,0.060262,0.0,LREN3,01-03-2021
35.12487030029297,39.314048767089844,32.62809753417969,33.388427734375,254212046,28.638648986816406,0.032182,0.0,LREN3,01-04-2021
33.45454406738281,39.735538482666016,33.09917449951172,38.67768478393555,256482974,33.20713806152344,0.0,0.0,LREN3,01-05-2021
39.008262634277344,40.619834899902344,35.661155700683594,36.55371856689453,235417479,31.383586883544922,0.081251,0.0,LREN3,01-06-2021
36.62809753417969,37.95041275024414,33.88429641723633,34.132232666015625,201362997,29.368616104125977,0.0,0.0,LREN3,01-07-2021
34.70248031616211,35.388427734375,30.809917449951172,31.454544067382812,218460418,27.064632415771484,0.0,0.0,LREN3,01-08-2021
31.239669799804688,31.586776733398438,27.917354583740234,28.446279525756836,208006260,24.476213455200195,0.10562,0.0,LREN3,01-09-2021
28.495866775512695,30.27272605895996,25.123966217041016,26.636362075805664,285965350,22.999313354492188,0.0,1.1,LREN3,01-10-2021
26.652891159057617,31.600000381469727,25.27272605895996,25.863636016845703,246874034,22.33209800720215,0.0,1.1,LREN3,01-11-2021
26.27272605895996,27.618181228637695,21.68181800842285,22.218181610107422,247994780,19.184412002563477,0.117183,0.0,LREN3,01-12-2021
22.227272033691406,26.263635635375977,19.490909576416016,25.563636779785156,306802980,22.188907623291016,0.0,0.0,LREN3,01-01-2022
25.5,26.009090423583984,22.14545440673828,23.01818084716797,199181950,19.979480743408203,0.0,0.0,LREN3,01-02-2022
23.01818084716797,25.92727279663086,19.209089279174805,25.0,404390360,21.699674606323242,0.130827,0.0,LREN3,01-03-2022
25.363636016845703,27.118181228637695,21.51818084716797,21.59090805053711,284915070,18.849571228027344,0.0,0.0,LREN3,01-04-2022
21.55454444885254,24.418180465698242,20.490909576416016,24.18181800842285,270141190,21.111520767211914,0.0,0.0,LREN3,01-05-2022
24.299999237060547,25.909090042114258,19.790908813476562,20.563636779785156,272137910,17.952728271484375,0.149261,0.0,LREN3,01-06-2022
20.39090919494629,23.790908813476562,20.18181800842285,22.990909576416016,231171820,20.21792221069336,0.0,0.0,LREN3,01-07-2022
22.836362838745117,26.636362075805664,22.836362838745117,24.063636779785156,351955010,21.161264419555664,0.0,0.0,LREN3,01-08-2022
24.118181228637695,25.9818172454834,23.209089279174805,25.318180084228516,264107030,22.264495849609375,0.158778,0.0,LREN3,01-09-2022
26.27272605895996,28.909090042114258,24.60909080505371,28.09090805053711,246127200,24.85807991027832,0.0,0.0,LREN3,01-10-2022
28.218181610107422,28.436363220214844,20.381818771362305,21.045454025268555,391082890,18.623449325561523,0.0,0.0,LREN3,01-11-2022
20.636362075805664,20.827272415161133,17.399999618530273,18.618181228637695,398282390,16.475515365600586,0.167317,0.0,LREN3,01-12-2022
18.42727279663086,20.0,16.709089279174805,19.66363525390625,371751820,17.557140350341797,0.0,0.0,LREN3,01-01-2023
19.636362075805664,20.39090919494629,16.754545211791992,16.954544067382812,323235330,15.138261795043945,0.0,0.0,LREN3,01-02-2023
17.03636360168457,18.39090919494629,14.772727012634277,15.06363582611084,480048140,13.449918746948242,0.165752,0.0,LREN3,01-03-2023
15.118181228637695,16.363636016845703,13.13636302947998,14.399999618530273,496734480,12.99196720123291,0.0,0.0,LREN3,01-04-2023
14.399999618530273,18.59090805053711,13.06363582611084,17.68181800842285,590995680,15.952886581420898,0.0,0.0,LREN3,01-05-2023
17.77272605895996,21.05454444885254,17.4818172454834,18.18181800842285,534541700,16.404001235961914,0.163797,0.0,LREN3,01-06-2023
18.01818084716797,18.909090042114258,15.972726821899414,17.045454025268555,559035070,15.511266708374023,0.0,0.0,LREN3,01-07-2023
17.009090423583984,18.318180084228516,14.409090042114258,14.57272720336914,530626250,13.261098861694336,0.0,0.0,LREN3,01-08-2023
14.590909004211426,15.52727222442627,11.4909086227417,12.181818008422852,550741180,11.085384368896484,0.163355,0.0,LREN3,01-09-2023
12.02727222442627,12.06363582611084,10.654544830322266,11.145454406738281,445044600,10.28270149230957,0.0,0.0,LREN3,01-10-2023
11.245453834533691,15.009090423583984,11.07272720336914,14.881817817687988,551427250,13.729840278625488,0.0,0.0,LREN3,01-11-2023
14.918181419372559,16.327272415161133,14.481818199157715,15.836362838745117,367929980,14.610496520996094,0.155949,0.0,LREN3,01-12-2023
15.836362838745117,15.836362838745117,13.972726821899414,14.590909004211426,378436740,13.59778118133545,0.0,0.0,LREN3,01-01-2024
14.690909385681152,14.945453643798828,12.927271842956543,14.363636016845703,245852530,13.385976791381836,0.0,0.0,LREN3,01-02-2024
14.509090423583984,15.581817626953125,13.872727394104004,15.436363220214844,349140440,14.385688781738281,0.136627,0.0,LREN3,01-03-2024
15.372727394104004,16.172727584838867,13.836362838745117,13.936363220214844,307545260,13.114045143127441,0.0,0.0,LREN3,01-04-2024
13.936363220214844,15.318181037902832,11.654544830322266,11.927271842956543,516828950,11.22350025177002,0.0,0.0,LREN3,01-05-2024
11.96363639831543,12.272727012634277,10.890909194946289,11.345454216003418,319770550,10.676012992858887,0.141745,0.0,LREN3,01-06-2024
11.309089660644531,12.800000190734863,11.0,12.054545402526855,365365770,11.484708786010742,0.0,0.0,LREN3,01-07-2024
12.145454406738281,16.80908966064453,11.790908813476562,15.727272033691406,728843390,14.983820915222168,0.0,0.0,LREN3,01-08-2024
15.390909194946289,17.73636245727539,15.245453834533691,16.418180465698242,380870710,15.642067909240723,0.153418,0.0,LREN3,01-09-2024
16.490909576416016,17.399999618530273,15.827272415161133,16.881818771362305,339262000,16.23057746887207,0.0,0.0,LREN3,01-10-2024
16.954544067382812,17.35454559326172,12.9909086227417,13.690909385681152,364426040,13.162762641906738,0.0,1.1,LREN3,01-11-2024
13.609089851379395,14.872727394104004,11.970000267028809,12.119999885559082,334562400,11.652453422546387,0.170621,1.1,LREN3,01-12-2024
12.119999885559082,14.0600004196167,11.800000190734863,13.649999618530273,336494200,13.303869247436523,0.0,0.0,LREN3,01-01-2025
13.550000190734863,14.529999732971191,10.800000190734863,11.329999923706055,472779900,11.042699813842773,0.0,0.0,LREN3,01-02-2025
11.329999923706055,12.960000038146973,10.970000267028809,12.229999542236328,362656600,11.919878005981445,0.187752,0.0,LREN3,01-03-2025
12.220000267028809,14.979999542236328,11.770000457763672,14.609999656677246,334846400,14.453883171081543,0.0,0.0,LREN3,01-04-2025
14.609999656677246,18.469999313354492,13.989999771118164,18.15999984741211,364904300,17.9659481048584,0.0,0.0,LREN3,01-05-2025
18.219999313354492,19.799999237060547,17.280000686645508,19.68000030517578,229548100,19.469707489013672,0.0,0.0,LREN3,01-06-2025
19.690000534057617,19.8700008392334,16.06999969482422,16.270000457763672,321735400,16.096145629882812,0.203027,0.0,LREN3,01-07-2025
16.5,18.399999618530273,15.329999923706055,16.260000228881836,322301300,16.260000228881836,0.0,0.0,LREN3,01-08-2025
16.31999969482422,16.799999237060547,15.569999694824219,15.960000038146973,78178800,15.960000038146973,0.0,0.0,LREN3,01-09-2025
16.100000381469727,16.31999969482422,16.030000686645508,16.190000534057617,8415400,16.190000534057617,0.0,0.0,LREN3,11-09-2025
20.845914840698242,22.694480895996094,20.315776824951172,21.54661750793457,129775583,9.554689407348633,0.0,0.0,BRAP4,01-10-2020
21.54661750793457,27.673158645629883,21.219316482543945,26.783451080322266,233225593,11.876924514770508,1.773703,0.0,BRAP4,01-11-2020
27.355077743530273,30.881641387939453,26.442319869995117,29.369598388671875,101930006,14.135008811950684,0.0,0.0,BRAP4,01-12-2020
29.369598388671875,35.90642166137695,28.636625289916992,28.8164119720459,113383214,13.8687744140625,0.0,0.0,BRAP4,01-01-2021
29.203641891479492,30.86781120300293,28.078828811645508,28.977758407592773,95814242,13.946427345275879,0.0,0.0,BRAP4,01-02-2021
29.199031829833984,31.90964698791504,27.986631393432617,31.49014663696289,172808730,15.155586242675781,0.0,0.0,BRAP4,01-03-2021
30.383773803710938,34.463523864746094,29.13449478149414,32.73481750488281,118253830,15.754626274108887,2.404353,0.0,BRAP4,01-04-2021
33.09438705444336,35.367061614990234,31.107526779174805,32.8270149230957,108117359,17.10500717163086,0.0,0.0,BRAP4,01-05-2021
33.26956558227539,34.8599739074707,30.061080932617188,34.26530075073242,111858881,17.854446411132812,0.0,0.0,BRAP4,01-06-2021
34.60643005371094,36.97130584716797,33.86423873901367,34.09473419189453,90934513,17.76556968688965,1.576625,0.0,BRAP4,01-07-2021
34.68479919433594,35.611385345458984,28.618186950683594,29.1114444732666,99386779,15.849964141845703,0.0,0.0,BRAP4,01-08-2021
28.553647994995117,30.259307861328125,25.60331916809082,27.2163028717041,155471171,14.818138122558594,0.0,1.1295,BRAP4,01-09-2021
27.356889724731445,28.783571243286133,25.237693786621094,25.336624145507812,105362159,13.794732093811035,0.0,0.0,BRAP4,01-10-2021
25.935413360595703,26.71123695373535,23.191394805908203,25.904172897338867,143154928,14.103738784790039,0.0,0.0,BRAP4,01-11-2021
26.289480209350586,29.397981643676758,21.510000228881836,24.979999542236328,244840280,13.600564956665039,6.04385,0.0,BRAP4,01-12-2021
25.18000030517578,29.079999923706055,24.549999237060547,26.829999923706055,109433000,18.446386337280273,0.0,0.0,BRAP4,01-01-2022
26.75,31.450000762939453,26.75,30.1200008392334,77745400,20.708354949951172,0.0,0.0,BRAP4,01-02-2022
30.1200008392334,37.08000183105469,30.1200008392334,33.08000183105469,130973100,22.743438720703125,0.0,0.0,BRAP4,01-03-2022
33.59000015258789,34.369998931884766,28.040000915527344,29.290000915527344,71652600,20.137704849243164,0.0,0.0,BRAP4,01-04-2022
28.0,28.809999465942383,25.420000076293945,28.579999923706055,69332200,19.649559020996094,1.576656,0.0,BRAP4,01-05-2022
28.479999542236328,30.670000076293945,24.3700008392334,25.239999771118164,66433900,18.34046745300293,0.0,0.0,BRAP4,01-06-2022
24.989999771118164,26.030000686645508,21.700000762939453,22.479999542236328,59373500,16.334932327270508,0.0,0.0,BRAP4,01-07-2022
22.420000076293945,24.06999969482422,21.549999237060547,21.889999389648438,63453300,15.90621280670166,0.0,0.0,BRAP4,01-08-2022
21.790000915527344,23.979999542236328,21.290000915527344,23.760000228881836,67049500,17.265033721923828,0.0,0.0,BRAP4,01-09-2022
24.100000381469727,26.889999389648438,23.3799991607666,24.010000228881836,101270800,17.44669532775879,0.0,0.0,BRAP4,01-10-2022
24.5,28.75,23.40999984741211,28.299999237060547,112662900,20.563993453979492,1.524102,0.0,BRAP4,01-11-2022
28.219999313354492,30.3700008392334,28.030000686645508,29.719999313354492,84427000,22.938392639160156,0.170804,0.0,BRAP4,01-12-2022
29.5,32.939998626708984,29.18000030517578,31.899999618530273,50705700,24.764583587646484,0.0,0.0,BRAP4,01-01-2023
31.729999542236328,31.729999542236328,27.43000030517578,27.65999984741211,43099300,21.472990036010742,0.0,0.0,BRAP4,01-02-2023
28.280000686645508,29.239999771118164,25.360000610351562,26.81999969482422,60214100,20.820880889892578,0.0,0.0,BRAP4,01-03-2023
26.700000762939453,27.770000457763672,23.25,23.700000762939453,59908700,18.398765563964844,1.235048,0.0,BRAP4,01-04-2023
23.700000762939453,23.700000762939453,21.15999984741211,21.290000915527344,78480000,17.402978897094727,0.0,0.0,BRAP4,01-05-2023
21.600000381469727,23.959999084472656,21.239999771118164,22.209999084472656,70330900,18.15500831604004,0.0,0.0,BRAP4,01-06-2023
22.290000915527344,24.280000686645508,21.709999084472656,23.489999771118164,69673900,19.201313018798828,0.0,0.0,BRAP4,01-07-2023
23.3700008392334,23.59000015258789,21.18000030517578,22.5,61040700,18.39206314086914,0.0,0.0,BRAP4,01-08-2023
22.940000534057617,24.049999237060547,21.809999465942383,22.719999313354492,66024300,18.571895599365234,0.0,0.0,BRAP4,01-09-2023
22.700000762939453,22.780000686645508,20.450000762939453,22.34000015258789,49065500,18.261274337768555,0.0,0.0,BRAP4,01-10-2023
22.899999618530273,27.149999618530273,22.799999237060547,24.399999618530273,115731200,19.945171356201172,1.786878,0.0,BRAP4,01-11-2023
24.639999389648438,25.809999465942383,24.0,25.65999984741211,50412500,22.46401596069336,0.0,0.0,BRAP4,01-12-2023
25.65999984741211,25.84000015258789,22.399999618530273,22.790000915527344,58170700,19.951478958129883,0.0,0.0,BRAP4,01-01-2024
22.790000915527344,22.829999923706055,21.079999923706055,21.200000762939453,97470300,18.55951499938965,0.0,0.0,BRAP4,01-02-2024
21.239999771118164,21.239999771118164,19.5,20.59000015258789,104169800,18.02549171447754,0.0,0.0,BRAP4,01-03-2024
20.809999465942383,21.559999465942383,19.850000381469727,19.93000030517578,125845000,17.447696685791016,0.367887,0.0,BRAP4,01-04-2024
20.059999465942383,20.56999969482422,19.139999389648438,19.200000762939453,74992600,17.101791381835938,0.0,0.0,BRAP4,01-05-2024
19.200000762939453,19.200000762939453,17.5,18.510000228881836,61360900,16.48719596862793,0.0,0.0,BRAP4,01-06-2024
18.68000030517578,19.5,18.1299991607666,18.520000457763672,57914100,16.496103286743164,0.0,0.0,BRAP4,01-07-2024
18.639999389648438,19.6299991607666,17.399999618530273,19.469999313354492,69877000,17.34228515625,0.0,0.0,BRAP4,01-08-2024
19.25,20.790000915527344,18.020000457763672,20.219999313354492,81871100,18.01032257080078,0.0,0.0,BRAP4,01-09-2024
20.15999984741211,20.68000030517578,18.639999389648438,19.639999389648438,79987400,17.49370574951172,0.0,0.0,BRAP4,01-10-2024
19.84000015258789,20.469999313354492,17.540000915527344,18.450000762939453,131803400,16.433752059936523,0.898694,0.0,BRAP4,01-11-2024
18.510000228881836,18.520000457763672,16.520000457763672,16.579999923706055,74697500,15.519583702087402,0.210221,0.0,BRAP4,01-12-2024
16.579999923706055,17.100000381469727,15.479999542236328,16.649999618530273,72622600,15.779433250427246,0.0,0.0,BRAP4,01-01-2025
16.549999237060547,17.6200008392334,16.420000076293945,16.600000381469727,55534900,15.732048034667969,0.0,0.0,BRAP4,01-02-2025
16.600000381469727,18.520000457763672,16.600000381469727,17.90999984741211,64880700,16.973552703857422,0.0,0.0,BRAP4,01-03-2025
17.979999542236328,18.399999618530273,15.760000228881836,16.190000534057617,122709500,15.343485832214355,0.919716,0.0,BRAP4,01-04-2025
16.190000534057617,17.030000686645508,15.5,15.600000381469727,85106200,15.600000381469727,0.0,0.0,BRAP4,01-05-2025
15.710000038146973,16.100000381469727,14.9399995803833,15.699999809265137,82445200,15.699999809265137,0.0,0.0,BRAP4,01-06-2025
15.710000038146973,17.190000534057617,15.460000038146973,15.739999771118164,74039000,15.739999771118164,0.0,0.0,BRAP4,01-07-2025
15.9399995803833,16.56999969482422,15.609999656677246,16.3799991607666,70180700,16.3799991607666,0.0,0.0,BRAP4,01-08-2025
16.34000015258789,17.139999389648438,16.149999618530273,16.649999618530273,19008100,16.649999618530273,0.0,0.0,BRAP4,01-09-2025
16.6299991607666,16.8700008392334,16.600000381469727,16.780000686645508,2217200,16.780000686645508,0.0,0.0,BRAP4,11-09-2025
16.510000228881836,21.940000534057617,16.15999984741211,20.540000915527344,315309700,13.892949104309082,0.0,,CSNA3,01-10-2020
20.540000915527344,24.770000457763672,19.219999313354492,23.510000228881836,262831500,15.901814460754395,0.0,,CSNA3,01-11-2020
24.09000015258789,32.779998779296875,23.059999465942383,31.850000381469727,272724500,21.542863845825195,0.0,,CSNA3,01-12-2020
31.850000381469727,39.630001068115234,30.360000610351562,30.399999618530273,288094600,20.562105178833008,0.0,,CSNA3,01-01-2021
31.0,38.04999923706055,30.3700008392334,32.869998931884766,350884300,22.232776641845703,0.0,,CSNA3,01-02-2021
33.4900016784668,38.70000076293945,32.849998474121094,37.900001525878906,390760300,25.63499641418457,0.0,,CSNA3,01-03-2021
38.279998779296875,52.54999923706055,36.439998626708984,49.189998626708984,256448000,33.27138137817383,0.0,,CSNA3,01-04-2021
49.0,53.900001525878906,43.38999938964844,44.91999816894531,241203500,30.38321304321289,0.652949,,CSNA3,01-05-2021
45.93000030517578,47.97999954223633,40.0,43.9900016784668,210260400,30.15445327758789,0.0,,CSNA3,01-06-2021
44.189998626708984,48.540000915527344,42.40999984741211,46.75,255824100,32.04639434814453,0.0,,CSNA3,01-07-2021
46.689998626708984,46.689998626708984,34.689998626708984,34.86000061035156,257154200,23.895980834960938,1.26801,,CSNA3,01-08-2021
34.0,35.7599983215332,27.469999313354492,28.729999542236328,287765100,20.243017196655273,0.0,,CSNA3,01-09-2021
28.8799991607666,29.440000534057617,22.739999771118164,22.780000686645508,245682100,16.050676345825195,0.0,,CSNA3,01-10-2021
22.700000762939453,23.559999465942383,19.709999084472656,21.760000228881836,309899000,15.331990242004395,0.0,,CSNA3,01-11-2021
22.399999618530273,25.860000610351562,21.549999237060547,25.149999618530273,239375700,17.720565795898438,0.0,,CSNA3,01-12-2021
25.389999389648438,27.09000015258789,22.84000015258789,25.540000915527344,262191800,17.995361328125,0.191508,,CSNA3,01-01-2022
25.690000534057617,29.329999923706055,22.549999237060547,25.100000381469727,198988300,17.826759338378906,0.0,,CSNA3,01-02-2022
25.100000381469727,30.540000915527344,23.25,26.030000686645508,270482200,18.487272262573242,0.0,,CSNA3,01-03-2022
26.280000686645508,26.93000030517578,20.079999923706055,21.06999969482422,176473000,14.9645357131958,0.0,,CSNA3,01-04-2022
20.290000915527344,22.639999389648438,16.959999084472656,21.84000015258789,276063700,15.51141357421875,0.681594,,CSNA3,01-05-2022
21.93000030517578,23.260000228881836,15.34000015258789,15.4399995803833,264715000,11.332540512084961,0.0,,CSNA3,01-06-2022
15.180000305175781,15.779999732971191,13.239999771118164,14.710000038146973,241185400,10.796740531921387,0.0,,CSNA3,01-07-2022
14.649999618530273,16.739999771118164,13.800000190734863,13.800000190734863,255575100,10.128824234008789,0.0,,CSNA3,01-08-2022
13.75,14.420000076293945,11.800000190734863,12.720000267028809,277128300,9.336134910583496,0.0,,CSNA3,01-09-2022
13.010000228881836,14.680000305175781,11.819999694824219,12.279999732971191,262177900,9.01318645477295,0.0,,CSNA3,01-10-2022
12.600000381469727,15.579999923706055,12.199999809265137,14.520000457763672,315386400,10.657285690307617,1.17949,,CSNA3,01-11-2022
14.470000267028809,15.180000305175781,13.329999923706055,14.550000190734863,237983600,11.591373443603516,0.527866,,CSNA3,01-12-2022
14.550000190734863,18.639999389648438,14.25,18.5,212250800,15.28365707397461,0.0,,CSNA3,01-01-2023
18.459999084472656,18.56999969482422,16.389999389648438,16.670000076293945,116408500,13.77181339263916,0.0,,CSNA3,01-02-2023
17.09000015258789,18.520000457763672,13.520000457763672,15.4399995803833,240151000,12.755657196044922,0.0,,CSNA3,01-03-2023
15.319999694824219,16.40999984741211,13.4399995803833,14.210000038146973,143043800,11.739500999450684,0.0,,CSNA3,01-04-2023
14.210000038146973,14.210000038146973,11.819999694824219,12.149999618530273,182554000,10.037644386291504,0.586041,,CSNA3,01-05-2023
12.369999885559082,13.5,12.050000190734863,12.130000114440918,207843400,10.45218563079834,0.0,,CSNA3,01-06-2023
12.199999809265137,14.09000015258789,12.09000015258789,13.84000015258789,176593000,11.9256591796875,0.0,,CSNA3,01-07-2023
13.6899995803833,13.869999885559082,11.829999923706055,12.109999656677246,185255300,10.434951782226562,0.0,,CSNA3,01-08-2023
12.300000190734863,12.819999694824219,11.789999961853027,12.140000343322754,151103900,10.460803031921387,0.0,,CSNA3,01-09-2023
12.130000114440918,12.220000267028809,10.75,11.760000228881836,146727600,10.133363723754883,0.0,,CSNA3,01-10-2023
11.859999656677246,16.739999771118164,11.779999732971191,16.420000076293945,221482500,14.148795127868652,0.742783,,CSNA3,01-11-2023
16.559999465942383,19.68000030517578,16.5,19.65999984741211,121101600,17.751035690307617,0.0,,CSNA3,01-12-2023
19.65999984741211,19.799999237060547,16.639999389648438,17.729999542236328,137211000,16.00843620300293,0.0,,CSNA3,01-01-2024
17.799999237060547,19.280000686645508,16.81999969482422,16.81999969482422,141266300,15.186797142028809,0.0,,CSNA3,01-02-2024
16.84000015258789,17.239999771118164,15.100000381469727,15.699999809265137,146809300,14.175548553466797,0.0,,CSNA3,01-03-2024
15.84000015258789,16.079999923706055,13.8100004196167,13.920000076293945,179109600,12.568384170532227,0.0,,CSNA3,01-04-2024
14.029999732971191,14.479999542236328,12.819999694824219,13.079999923706055,140877700,11.809947967529297,0.71639,,CSNA3,01-05-2024
13.020000457763672,13.4399995803833,11.739999771118164,12.90999984741211,150299100,12.2898588180542,0.0,,CSNA3,01-06-2024
13.010000228881836,13.460000038146973,11.649999618530273,11.859999656677246,124304500,11.29029655456543,0.0,,CSNA3,01-07-2024
11.920000076293945,12.59000015258789,10.899999618530273,11.859999656677246,150743100,11.29029655456543,0.0,,CSNA3,01-08-2024
11.6899995803833,13.84000015258789,10.789999961853027,12.890000343322754,182409000,12.270820617675781,0.0,,CSNA3,01-09-2024
12.859999656677246,13.539999961853027,11.300000190734863,11.770000457763672,172885200,11.204620361328125,0.0,,CSNA3,01-10-2024
11.800000190734863,12.470000267028809,10.470000267028809,11.15999984741211,201019500,10.623921394348145,0.550489,,CSNA3,01-11-2024
11.119999885559082,11.930000305175781,8.680000305175781,8.859999656677246,189995900,8.859999656677246,0.0,,CSNA3,01-12-2024
8.859999656677246,9.40999984741211,7.429999828338623,9.09000015258789,287767700,9.09000015258789,0.0,,CSNA3,01-01-2025
8.899999618530273,9.25,8.1899995803833,8.520000457763672,349125700,8.520000457763672,0.0,,CSNA3,01-02-2025
8.520000457763672,10.329999923706055,8.1899995803833,9.470000267028809,232593400,9.470000267028809,0.0,,CSNA3,01-03-2025
9.520000457763672,9.670000076293945,7.659999847412109,9.300000190734863,224087200,9.300000190734863,0.0,,CSNA3,01-04-2025
9.300000190734863,9.720000267028809,8.220000267028809,8.25,227051400,8.25,0.0,,CSNA3,01-05-2025
8.25,8.699999809265137,7.239999771118164,7.440000057220459,180385000,7.440000057220459,0.0,,CSNA3,01-06-2025
7.449999809265137,8.800000190734863,7.360000133514404,8.020000457763672,202739600,8.020000457763672,0.0,,CSNA3,01-07-2025
8.050000190734863,8.15999984741211,6.71999979019165,7.610000133514404,182649200,7.610000133514404,0.0,,CSNA3,01-08-2025
7.590000152587891,8.130000114440918,7.349999904632568,7.75,49503900,7.75,0.0,,CSNA3,01-09-2025
7.760000228881836,7.849999904632568,7.679999828338623,7.739999771118164,2718900,7.739999771118164,0.0,,CSNA3,11-09-2025
10.561983108520508,11.148759841918945,10.45041275024414,10.566115379333496,52380658,8.476665496826172,0.0,0.0,SLCE3,01-10-2020
10.566115379333496,11.768594741821289,10.173553466796875,11.119833946228027,59027914,8.920886993408203,0.081805,0.0,SLCE3,01-11-2020
11.239668846130371,11.731404304504395,10.710742950439453,11.342974662780762,36988974,9.1693696975708,0.0,0.0,SLCE3,01-12-2020
11.342974662780762,14.822314262390137,11.260330200195312,14.309917449951172,51855276,11.56777286529541,0.0,0.0,SLCE3,01-01-2021
14.528924942016602,17.830577850341797,14.227272033691406,16.933883666992188,60257516,13.688920021057129,0.0,0.0,SLCE3,01-02-2021
17.438016891479492,18.702478408813477,16.02479362487793,18.446279525756836,74152430,14.91150188446045,0.0,0.0,SLCE3,01-03-2021
18.595041275024414,21.433883666992188,18.56611442565918,20.161157608032227,60443372,16.29776382446289,0.439138,0.0,SLCE3,01-04-2021
20.227272033691406,23.454544067382812,19.42148780822754,21.90082550048828,81526654,18.07642936706543,0.0,0.0,SLCE3,01-05-2021
21.90082550048828,22.429752349853516,19.508264541625977,21.20661163330078,67169278,17.503440856933594,0.0,0.0,SLCE3,01-06-2021
21.27272605895996,22.454544067382812,18.148759841918945,18.595041275024414,65257962,15.34791088104248,0.0,0.0,SLCE3,01-07-2021
18.673553466796875,19.07851219177246,16.351238250732422,16.83470916748047,63968586,13.894976615905762,0.0,0.0,SLCE3,01-08-2021
17.983470916748047,19.51239585876465,16.942148208618164,18.842975616455078,76300906,15.552553176879883,0.0,0.0,SLCE3,01-09-2021
19.070247650146484,20.644628524780273,17.685949325561523,18.008264541625977,74132828,14.863600730895996,0.0,0.0,SLCE3,01-10-2021
18.29338836669922,20.119834899902344,15.615701675415039,15.859503746032715,58673626,13.090063095092773,0.0,0.0,SLCE3,01-11-2021
15.909090042114258,18.942148208618164,15.144627571105957,18.607437133789062,58953136,15.358144760131836,0.0,1.1,SLCE3,01-12-2021
19.040908813476562,21.75,18.195453643798828,20.899999618530273,66380160,17.250370025634766,0.0,1.1,SLCE3,01-01-2022
21.0,22.549999237060547,19.57272720336914,19.98636245727539,66602800,16.49627685546875,0.0,0.0,SLCE3,01-02-2022
19.98636245727539,24.790908813476562,19.98636245727539,22.636362075805664,130078300,18.683521270751953,0.0,0.0,SLCE3,01-03-2022
23.07272720336914,25.27272605895996,21.240909576416016,24.049999237060547,80452680,19.850305557250977,0.0,0.0,SLCE3,01-04-2022
23.26818084716797,25.7318172454834,22.363636016845703,24.93181800842285,92149860,20.578136444091797,1.102794,0.0,SLCE3,01-05-2022
24.922727584838867,26.25,20.013635635375977,20.05908966064453,75318540,17.351964950561523,0.0,0.0,SLCE3,01-06-2022
19.777271270751953,21.040908813476562,17.649999618530273,20.045454025268555,75036060,17.340167999267578,0.0,0.0,SLCE3,01-07-2022
19.98636245727539,22.477272033691406,18.89090919494629,22.09090805053711,85117340,19.10957145690918,0.0,0.0,SLCE3,01-08-2022
22.068180084228516,23.16363525390625,19.32272720336914,19.67727279663086,71660380,17.02167510986328,0.0,0.0,SLCE3,01-09-2022
20.040908813476562,21.086362838745117,19.03636360168457,20.886362075805664,59581940,18.067588806152344,0.0,0.0,SLCE3,01-10-2022
20.659090042114258,22.39090919494629,19.327272415161133,20.399999618530273,66209880,17.646865844726562,0.0,0.0,SLCE3,01-11-2022
20.327272415161133,21.51818084716797,19.063636779785156,21.32272720336914,49266580,18.4450626373291,0.158071,0.0,SLCE3,01-12-2022
20.881818771362305,23.67727279663086,19.799999237060547,23.318180084228516,63219860,20.324365615844727,0.0,0.0,SLCE3,01-01-2023
23.18181800842285,24.12727165222168,22.01818084716797,22.39545440673828,56986820,19.520111083984375,0.0,0.0,SLCE3,01-02-2023
22.409090042114258,22.722726821899414,20.190908432006836,20.722726821899414,75924640,18.062143325805664,0.0,0.0,SLCE3,01-03-2023
20.71363639831543,21.39090919494629,19.05908966064453,19.77272605895996,38815920,17.234111785888672,0.0,0.0,SLCE3,01-04-2023
19.77272605895996,20.30908966064453,17.084999084472656,17.264999389648438,88720320,15.048352241516113,1.18008,1.1,SLCE3,01-05-2023
17.454999923706055,19.56999969482422,17.100000381469727,19.110000610351562,91435000,17.72121238708496,0.0,1.1,SLCE3,01-06-2023
19.18000030517578,22.514999389648438,19.110000610351562,21.825000762939453,71478400,20.23890495300293,0.0,0.0,SLCE3,01-07-2023
21.75,22.725000381469727,19.170000076293945,20.110000610351562,71952800,18.648540496826172,0.0,0.0,SLCE3,01-08-2023
20.360000610351562,20.5,19.0049991607666,19.69499969482422,50703000,18.26369857788086,0.0,0.0,SLCE3,01-09-2023
19.59000015258789,19.600000381469727,17.600000381469727,18.3799991607666,48013000,17.04426383972168,0.0,0.0,SLCE3,01-10-2023
18.459999084472656,19.9950008392334,17.959999084472656,18.84000015258789,78444200,17.47083282470703,0.0,0.0,SLCE3,01-11-2023
18.84000015258789,19.940000534057617,18.149999618530273,18.81999969482422,71858200,17.452287673950195,0.054527,2.0,SLCE3,01-12-2023
18.81999969482422,19.950000762939453,17.360000610351562,19.100000381469727,59127800,17.762943267822266,0.0,0.0,SLCE3,01-01-2024
19.100000381469727,20.100000381469727,18.31999969482422,19.65999984741211,50883100,18.283740997314453,0.0,0.0,SLCE3,01-02-2024
19.65999984741211,20.540000915527344,18.010000228881836,19.780000686645508,68131700,18.395341873168945,0.0,0.0,SLCE3,01-03-2024
19.760000228881836,20.200000762939453,17.950000762939453,19.09000015258789,63007800,17.753643035888672,0.0,0.0,SLCE3,01-04-2024
19.09000015258789,19.09000015258789,17.530000686645508,17.81999969482422,38188600,16.572546005249023,0.829965,0.0,SLCE3,01-05-2024
17.739999771118164,18.239999771118164,17.0,17.450000762939453,47066800,16.96607208251953,0.0,0.0,SLCE3,01-06-2024
17.65999984741211,19.489999771118164,17.56999969482422,17.959999084472656,50563500,17.46192741394043,0.0,0.0,SLCE3,01-07-2024
18.059999465942383,18.530000686645508,17.280000686645508,17.65999984741211,41451500,17.17024803161621,0.0,0.0,SLCE3,01-08-2024
17.850000381469727,18.850000381469727,16.8700008392334,18.200000762939453,55057400,17.69527244567871,0.0,0.0,SLCE3,01-09-2024
18.200000762939453,18.770000457763672,17.0,17.010000228881836,49075300,16.538272857666016,0.0,0.0,SLCE3,01-10-2024
17.1200008392334,18.299999237060547,16.68000030517578,17.40999984741211,39122200,16.92717933654785,0.0,0.0,SLCE3,01-11-2024
17.90999984741211,19.670000076293945,17.399999618530273,17.5,51036600,17.014684677124023,0.0,0.0,SLCE3,01-12-2024
17.5,18.190000534057617,17.010000228881836,17.360000610351562,46520100,16.87856674194336,0.0,0.0,SLCE3,01-01-2025
17.350000381469727,19.229999542236328,17.219999313354492,18.040000915527344,54792400,17.539709091186523,0.0,0.0,SLCE3,01-02-2025
18.040000915527344,19.510000228881836,17.719999313354492,18.600000381469727,61355100,18.084178924560547,0.0,0.0,SLCE3,01-03-2025
18.440000534057617,21.0,18.280000686645508,19.790000915527344,66393500,19.241178512573242,0.0,0.0,SLCE3,01-04-2025
19.790000915527344,20.350000381469727,18.239999771118164,18.889999389648438,48204000,18.36613655090332,0.546327,0.0,SLCE3,01-05-2025
18.899999618530273,19.229999542236328,17.690000534057617,17.8700008392334,41009600,17.8700008392334,0.0,0.0,SLCE3,01-06-2025
17.920000076293945,18.700000762939453,17.649999618530273,18.329999923706055,48263100,18.329999923706055,0.0,0.0,SLCE3,01-07-2025
18.399999618530273,18.489999771118164,16.709999084472656,17.5,46555100,17.5,0.0,0.0,SLCE3,01-08-2025
17.40999984741211,17.56999969482422,16.920000076293945,17.0,12917900,17.0,0.0,0.0,SLCE3,01-09-2025
17.09000015258789,17.09000015258789,16.920000076293945,17.0,999500,17.0,0.0,0.0,SLCE3,11-09-2025
23.81999969482422,25.309999465942383,21.520000457763672,21.799999237060547,21133200,19.987451553344727,0.0,,VIVA3,01-10-2020
21.799999237060547,27.0,21.34000015258789,25.0,29134600,22.921390533447266,0.0,,VIVA3,01-11-2020
25.260000228881836,29.459999084472656,24.760000228881836,29.459999084472656,15197600,27.01056480407715,0.105843,,VIVA3,01-12-2020
29.459999084472656,29.459999084472656,25.030000686645508,25.479999542236328,18842200,23.449087142944336,0.0,,VIVA3,01-01-2021
25.860000610351562,27.170000076293945,23.40999984741211,23.75,16623200,21.856979370117188,0.0,,VIVA3,01-02-2021
23.700000762939453,25.579999923706055,21.6299991607666,24.639999389648438,34792300,22.676040649414062,0.0,,VIVA3,01-03-2021
24.799999237060547,26.06999969482422,23.940000534057617,25.110000610351562,14977800,23.10858154296875,0.0,,VIVA3,01-04-2021
25.25,30.65999984741211,24.420000076293945,30.110000610351562,25833600,27.710052490234375,0.052843,,VIVA3,01-05-2021
30.93000030517578,35.08000183105469,30.329999923706055,32.900001525878906,27364300,30.341522216796875,0.0,,VIVA3,01-06-2021
31.850000381469727,32.84000015258789,30.079999923706055,31.200000762939453,19665300,28.773723602294922,0.0,,VIVA3,01-07-2021
31.690000534057617,33.650001525878906,28.549999237060547,33.20000076293945,33020200,30.61819839477539,0.0,,VIVA3,01-08-2021
33.529998779296875,33.529998779296875,28.969999313354492,29.520000457763672,21754900,27.224367141723633,0.0,,VIVA3,01-09-2021
29.31999969482422,30.8700008392334,25.1299991607666,25.940000534057617,22006700,23.92276954650879,0.0,,VIVA3,01-10-2021
26.020000457763672,30.299999237060547,23.760000228881836,24.510000228881836,17427100,22.603973388671875,0.0,,VIVA3,01-11-2021
24.700000762939453,26.899999618530273,23.450000762939453,25.670000076293945,20850000,23.67376708984375,0.275193,,VIVA3,01-12-2021
25.440000534057617,26.299999237060547,20.850000381469727,26.299999237060547,27430400,24.5278263092041,0.0,,VIVA3,01-01-2022
26.100000381469727,27.940000534057617,23.81999969482422,26.270000457763672,20675200,24.499849319458008,0.0,,VIVA3,01-02-2022
26.270000457763672,28.780000686645508,23.190000534057617,27.690000534057617,27837600,25.82416534423828,0.0,,VIVA3,01-03-2022
27.979999542236328,28.979999542236328,25.18000030517578,25.440000534057617,14063900,23.725778579711914,0.0,,VIVA3,01-04-2022
25.530000686645508,25.969999313354492,22.860000610351562,24.600000381469727,19617300,22.942378997802734,0.053853,,VIVA3,01-05-2022
24.600000381469727,24.790000915527344,20.3700008392334,21.979999542236328,23796500,20.54240608215332,0.0,,VIVA3,01-06-2022
21.979999542236328,23.389999389648438,20.15999984741211,22.190000534057617,18772100,20.73867416381836,0.0,,VIVA3,01-07-2022
22.200000762939453,26.110000610351562,21.93000030517578,25.350000381469727,24862400,23.691993713378906,0.0,,VIVA3,01-08-2022
25.829999923706055,27.729999542236328,24.420000076293945,27.09000015258789,22521600,25.31818962097168,0.0,,VIVA3,01-09-2022
27.360000610351562,28.68000030517578,24.270000457763672,26.809999465942383,27162500,25.056503295898438,0.0,,VIVA3,01-10-2022
26.229999542236328,27.559999465942383,21.010000228881836,22.059999465942383,30208400,20.617176055908203,0.0,,VIVA3,01-11-2022
21.979999542236328,22.809999465942383,19.0,22.43000030517578,24931800,20.962974548339844,0.0,,VIVA3,01-12-2022
22.43000030517578,24.860000610351562,19.920000076293945,24.5,27505000,22.8975887298584,0.0,,VIVA3,01-01-2023
24.700000762939453,25.229999542236328,21.469999313354492,21.670000076293945,18269400,20.252683639526367,0.0,,VIVA3,01-02-2023
21.940000534057617,23.739999771118164,20.110000610351562,22.100000381469727,47320000,20.654560089111328,0.0,,VIVA3,01-03-2023
22.030000686645508,23.360000610351562,19.520000457763672,21.309999465942383,40243000,19.916229248046875,0.364192,,VIVA3,01-04-2023
21.309999465942383,25.6299991607666,20.059999465942383,25.479999542236328,51033700,24.24207305908203,0.0,,VIVA3,01-05-2023
25.75,28.829999923706055,25.510000228881836,28.479999542236328,45228800,27.0963191986084,0.0,,VIVA3,01-06-2023
28.510000228881836,30.260000228881836,27.360000610351562,29.399999618530273,36640600,27.971620559692383,0.0,,VIVA3,01-07-2023
29.280000686645508,31.829999923706055,26.850000381469727,27.18000030517578,68856700,25.859479904174805,0.0,,VIVA3,01-08-2023
27.239999771118164,28.649999618530273,25.350000381469727,26.860000610351562,42217200,25.55502700805664,0.0,,VIVA3,01-09-2023
26.860000610351562,28.979999542236328,24.1299991607666,25.5,51294000,24.26110076904297,0.0,,VIVA3,01-10-2023
25.739999771118164,30.049999237060547,25.309999465942383,29.729999542236328,42873300,28.28558921813965,0.0,,VIVA3,01-11-2023
29.90999984741211,34.7599983215332,29.1200008392334,34.25,43549700,32.58598709106445,0.0,,VIVA3,01-12-2023
34.25,35.779998779296875,32.7400016784668,33.79999923706055,54463200,32.1578483581543,0.0,,VIVA3,01-01-2024
33.79999923706055,34.27000045776367,31.25,32.70000076293945,37596900,31.111295700073242,0.0,,VIVA3,01-02-2024
32.349998474121094,33.0099983215332,23.540000915527344,25.399999618530273,162516200,24.165958404541016,0.0,,VIVA3,01-03-2024
25.90999984741211,25.950000762939453,21.489999771118164,22.15999984741211,89816000,21.083372116088867,0.37285,,VIVA3,01-04-2024
22.15999984741211,24.469999313354492,21.68000030517578,21.799999237060547,72178800,21.082931518554688,0.0,,VIVA3,01-05-2024
21.84000015258789,22.1299991607666,19.68000030517578,20.940000534057617,63578500,20.251220703125,0.0,,VIVA3,01-06-2024
20.790000915527344,24.18000030517578,20.700000762939453,24.049999237060547,67032500,23.258922576904297,0.0,,VIVA3,01-07-2024
24.299999237060547,27.81999969482422,23.31999969482422,26.420000076293945,86739400,25.550966262817383,0.0,,VIVA3,01-08-2024
26.010000228881836,29.270000457763672,26.010000228881836,26.93000030517578,66190900,26.044191360473633,0.0,,VIVA3,01-09-2024
27.09000015258789,28.56999969482422,24.5,25.56999969482422,59983600,24.728925704956055,0.0,,VIVA3,01-10-2024
25.799999237060547,26.510000228881836,21.760000228881836,22.93000030517578,80832300,22.175764083862305,0.0,,VIVA3,01-11-2024
22.459999084472656,23.809999465942383,18.899999618530273,19.25,60789300,18.616809844970703,0.0,,VIVA3,01-12-2024
19.110000610351562,22.350000381469727,18.0,21.43000030517578,65917800,20.7251033782959,0.0,,VIVA3,01-01-2025
21.43000030517578,21.850000381469727,17.059999465942383,17.059999465942383,101110300,16.498844146728516,0.0,,VIVA3,01-02-2025
17.059999465942383,20.530000686645508,16.299999237060547,19.889999389648438,115512500,19.23575782775879,0.0,,VIVA3,01-03-2025
19.8700008392334,22.329999923706055,18.920000076293945,22.110000610351562,71741800,21.382736206054688,0.660163,,VIVA3,01-04-2025
22.110000610351562,26.510000228881836,20.559999465942383,25.989999771118164,90467800,25.989999771118164,0.0,,VIVA3,01-05-2025
26.510000228881836,27.239999771118164,23.84000015258789,27.030000686645508,58929700,27.030000686645508,0.0,,VIVA3,01-06-2025
26.90999984741211,27.579999923706055,23.829999923706055,25.420000076293945,70990900,25.420000076293945,0.0,,VIVA3,01-07-2025
25.579999923706055,29.34000015258789,25.579999923706055,29.0,61036800,29.0,0.0,,VIVA3,01-08-2025
29.209999084472656,29.5,27.190000534057617,27.649999618530273,17793500,27.649999618530273,0.0,,VIVA3,01-09-2025
27.649999618530273,29.190000534057617,27.559999465942383,29.0,2389500,29.0,0.0,,VIVA3,11-09-2025
23.84000015258789,27.010000228881836,22.020000457763672,23.010000228881836,26105300,19.902252197265625,0.0,,ALOS3,01-10-2020
23.489999771118164,28.200000762939453,22.219999313354492,26.25,37264500,22.704654693603516,0.0,,ALOS3,01-11-2020
26.610000610351562,30.979999542236328,26.43000030517578,29.170000076293945,32167700,25.230276107788086,0.0,,ALOS3,01-12-2020
29.469999313354492,29.549999237060547,25.520000457763672,27.610000610351562,35628100,23.88097381591797,0.0,,ALOS3,01-01-2021
28.110000610351562,29.59000015258789,23.350000381469727,23.43000030517578,20721100,20.265525817871094,0.0,,ALOS3,01-02-2021
23.65999984741211,28.049999237060547,21.850000381469727,27.520000457763672,35149300,23.803131103515625,0.0,,ALOS3,01-03-2021
27.56999969482422,28.809999465942383,25.399999618530273,25.670000076293945,27344700,22.20298957824707,0.226403,,ALOS3,01-04-2021
25.889999389648438,30.280000686645508,25.530000686645508,30.0,35042000,26.16800880432129,0.0,,ALOS3,01-05-2021
30.110000610351562,32.779998779296875,27.969999313354492,29.040000915527344,37304800,25.330636978149414,0.0,,ALOS3,01-06-2021
29.079999923706055,29.799999237060547,27.280000686645508,28.260000228881836,25177600,24.650264739990234,0.0,,ALOS3,01-07-2021
28.700000762939453,29.229999542236328,24.260000228881836,25.100000381469727,24054600,21.893901824951172,0.0,,ALOS3,01-08-2021
25.15999984741211,25.56999969482422,22.479999542236328,22.719999313354492,25209200,19.81790542602539,0.0,,ALOS3,01-09-2021
22.790000915527344,23.440000534057617,18.84000015258789,19.18000030517578,31557700,16.730079650878906,0.0,,ALOS3,01-10-2021
19.389999389648438,22.780000686645508,19.329999923706055,20.559999465942383,28642200,17.933807373046875,0.0,,ALOS3,01-11-2021
20.75,22.479999542236328,19.3700008392334,21.65999984741211,32767400,18.893301010131836,0.0,,ALOS3,01-12-2021
21.8799991607666,22.809999465942383,17.719999313354492,22.670000076293945,36749300,19.7742919921875,0.0,,ALOS3,01-01-2022
22.670000076293945,23.1200008392334,20.950000762939453,22.229999542236328,22352000,19.390493392944336,0.0,,ALOS3,01-02-2022
22.229999542236328,24.309999465942383,19.190000534057617,23.139999389648438,25687600,20.184255599975586,0.0,,ALOS3,01-03-2022
23.280000686645508,24.079999923706055,20.520000457763672,21.100000381469727,23620100,18.404834747314453,0.0,,ALOS3,01-04-2022
20.059999465942383,20.6299991607666,18.15999984741211,19.309999465942383,40273500,16.84347915649414,0.383932,,ALOS3,01-05-2022
19.299999237060547,19.299999237060547,15.800000190734863,16.010000228881836,47105700,13.964994430541992,0.0,,ALOS3,01-06-2022
16.010000228881836,17.229999542236328,15.859999656677246,16.8700008392334,29618500,14.715144157409668,0.0,,ALOS3,01-07-2022
16.829999923706055,19.389999389648438,16.610000610351562,17.579999923706055,40341000,15.334451675415039,0.0,,ALOS3,01-08-2022
17.540000915527344,20.15999984741211,17.229999542236328,19.899999618530273,47004500,17.35811424255371,0.0,,ALOS3,01-09-2022
20.260000228881836,21.829999923706055,19.989999771118164,21.729999542236328,32772700,18.954360961914062,0.0,,ALOS3,01-10-2022
21.93000030517578,22.760000228881836,15.960000038146973,17.90999984741211,45986800,15.622300148010254,0.0,,ALOS3,01-11-2022
17.829999923706055,17.920000076293945,15.510000228881836,17.010000228881836,44568300,14.837260246276855,0.0,,ALOS3,01-12-2022
16.790000915527344,18.3799991607666,15.350000381469727,18.010000228881836,79168300,15.709526062011719,0.0,,ALOS3,01-01-2023
17.959999084472656,18.579999923706055,16.969999313354492,17.079999923706055,60185200,14.898317337036133,0.0,,ALOS3,01-02-2023
17.049999237060547,18.549999237060547,15.670000076293945,17.600000381469727,100557400,15.351898193359375,0.0,,ALOS3,01-03-2023
17.68000030517578,18.989999771118164,17.020000457763672,18.639999389648438,84774200,16.259052276611328,0.0,,ALOS3,01-04-2023
18.030000686645508,22.149999618530273,17.84000015258789,21.670000076293945,111200100,18.902023315429688,0.519014,,ALOS3,01-05-2023
22.030000686645508,25.3799991607666,21.81999969482422,24.649999618530273,119599300,22.117216110229492,0.0,,ALOS3,01-06-2023
24.899999618530273,25.81999969482422,23.56999969482422,24.309999465942383,96813000,21.812150955200195,0.0,,ALOS3,01-07-2023
24.219999313354492,25.700000762939453,22.670000076293945,22.770000457763672,106710700,20.430381774902344,0.0,,ALOS3,01-08-2023
22.959999084472656,24.3799991607666,21.649999618530273,22.59000015258789,87233300,20.268878936767578,0.0,,ALOS3,01-09-2023
22.489999771118164,24.1299991607666,21.360000610351562,22.899999618530273,106878800,20.547025680541992,0.0,,ALOS3,01-10-2023
22.809999465942383,25.8700008392334,22.709999084472656,25.579999923706055,94117900,22.951656341552734,0.0,,ALOS3,01-11-2023
25.649999618530273,27.149999618530273,24.75,26.549999237060547,77206100,23.82198715209961,0.0,,ALOS3,01-12-2023
26.510000228881836,26.510000228881836,23.579999923706055,24.549999237060547,98687100,22.027488708496094,0.0,,ALOS3,01-01-2024
24.549999237060547,25.030000686645508,23.100000381469727,24.690000534057617,72232000,22.153106689453125,0.0,,ALOS3,01-02-2024
24.690000534057617,24.989999771118164,23.790000915527344,23.920000076293945,56875300,21.462223052978516,0.0,,ALOS3,01-03-2024
23.920000076293945,24.540000915527344,20.420000076293945,20.8799991607666,119999300,18.734582901000977,0.0,,ALOS3,01-04-2024
20.06999969482422,22.43000030517578,19.899999618530273,20.969999313354492,93575800,18.81533432006836,1.119397,,ALOS3,01-05-2024
21.389999389648438,22.0,20.25,21.1200008392334,83172600,20.023395538330078,0.0,,ALOS3,01-06-2024
20.959999084472656,22.559999465942383,20.709999084472656,21.84000015258789,83849900,20.706010818481445,0.0,,ALOS3,01-07-2024
22.18000030517578,24.040000915527344,21.40999984741211,22.809999465942383,97800700,21.625646591186523,0.0,,ALOS3,01-08-2024
22.479999542236328,23.549999237060547,21.549999237060547,21.850000381469727,83949700,20.715492248535156,0.0,,ALOS3,01-09-2024
21.93000030517578,22.8700008392334,21.639999389648438,22.1200008392334,99671400,20.971471786499023,0.095312,,ALOS3,01-10-2024
22.270000457763672,22.600000381469727,18.940000534057617,19.690000534057617,108318900,18.827407836914062,0.096151,,ALOS3,01-11-2024
19.56999969482422,20.3799991607666,17.920000076293945,18.110000610351562,98951300,17.394081115722656,0.096451,,ALOS3,01-12-2024
18.040000915527344,19.440000534057617,17.15999984741211,19.0,104305800,18.365922927856445,0.12011,,ALOS3,01-01-2025
18.850000381469727,20.1299991607666,17.790000915527344,18.09000015258789,76058100,17.574172973632812,0.09091,,ALOS3,01-02-2025
17.690000534057617,19.90999984741211,17.610000610351562,19.1299991607666,73467600,18.67345428466797,0.09135,,ALOS3,01-03-2025
19.110000610351562,21.479999542236328,18.809999465942383,21.260000228881836,82381000,20.860429763793945,0.101603,,ALOS3,01-04-2025
21.510000228881836,22.43000030517578,20.889999389648438,22.219999313354492,72445500,21.912534713745117,0.101692,,ALOS3,01-05-2025
22.40999984741211,22.829999923706055,21.209999084472656,22.719999313354492,77902200,22.51172637939453,0.101814,,ALOS3,01-06-2025
22.860000610351562,23.06999969482422,20.93000030517578,21.309999465942383,93248300,21.213623046875,0.101986,,ALOS3,01-07-2025
21.65999984741211,24.329999923706055,21.299999237060547,23.959999084472656,90183200,23.851638793945312,0.102164,,ALOS3,01-08-2025
23.8799991607666,24.81999969482422,23.56999969482422,24.219999313354492,19357300,24.219999313354492,0.0,,ALOS3,01-09-2025
24.350000381469727,24.649999618530273,24.270000457763672,24.520000457763672,1060000,24.520000457763672,0.0,,ALOS3,11-09-2025
17.082500457763672,18.1875,16.162500381469727,16.247499465942383,147398000,14.51650333404541,0.0,0.0,CSAN3,01-10-2020
16.247499465942383,21.612499237060547,16.125,19.385000228881836,167445600,17.319738388061523,0.0,0.0,CSAN3,01-11-2020
19.575000762939453,19.96500015258789,17.149999618530273,18.9325008392334,204717200,16.91544532775879,0.0,0.0,CSAN3,01-12-2020
18.9325008392334,21.3174991607666,18.764999389648438,18.764999389648438,153984800,16.765789031982422,0.0,0.0,CSAN3,01-01-2021
19.065000534057617,22.15999984741211,18.762500762939453,20.350000381469727,180223200,18.181926727294922,0.0,0.0,CSAN3,01-02-2021
20.625,24.1299991607666,19.212499618530273,22.854999542236328,406756800,20.420045852661133,0.0,0.0,CSAN3,01-03-2021
23.032499313354492,23.625,22.052499771118164,22.514999389648438,180029600,20.116270065307617,0.0,0.0,CSAN3,01-04-2021
22.752500534057617,23.84000015258789,21.170000076293945,23.3700008392334,142089700,20.88018035888672,0.257648,4.0,CSAN3,01-05-2021
24.0,25.920000076293945,23.40999984741211,23.959999084472656,299333500,21.657629013061523,0.0,4.0,CSAN3,01-06-2021
23.809999465942383,27.389999389648438,23.260000228881836,25.549999237060547,178842100,23.0948429107666,0.0,0.0,CSAN3,01-07-2021
25.90999984741211,26.25,21.729999542236328,22.049999237060547,213697600,19.93116569519043,0.0,0.0,CSAN3,01-08-2021
21.8799991607666,24.200000762939453,21.420000076293945,22.979999542236328,189542700,20.771799087524414,0.0,0.0,CSAN3,01-09-2021
23.040000915527344,23.90999984741211,19.530000686645508,19.790000915527344,172226000,17.888336181640625,0.0,0.0,CSAN3,01-10-2021
20.049999237060547,22.40999984741211,19.790000915527344,21.25,149985100,19.208038330078125,0.0,0.0,CSAN3,01-11-2021
21.399999618530273,23.100000381469727,21.020000457763672,21.6299991607666,125920100,19.551525115966797,0.374619,0.0,CSAN3,01-12-2021
21.770000457763672,24.100000381469727,19.389999389648438,23.770000457763672,148178500,21.85468101501465,0.0,0.0,CSAN3,01-01-2022
23.959999084472656,24.100000381469727,19.989999771118164,21.110000610351562,142081800,19.409015655517578,0.0,0.0,CSAN3,01-02-2022
21.110000610351562,25.219999313354492,20.510000228881836,23.649999618530273,174445200,21.74435043334961,0.0,0.0,CSAN3,01-03-2022
23.780000686645508,24.059999465942383,20.8799991607666,21.0,96896700,19.307880401611328,0.0,0.0,CSAN3,01-04-2022
21.0,22.040000915527344,17.030000686645508,21.610000610351562,256602000,19.86872673034668,0.42811,0.0,CSAN3,01-05-2022
21.90999984741211,22.399999618530273,17.940000534057617,18.200000762939453,153410000,17.11613655090332,0.0,0.0,CSAN3,01-06-2022
18.100000381469727,19.020000457763672,16.440000534057617,18.670000076293945,104035200,17.55814552307129,0.0,0.0,CSAN3,01-07-2022
18.670000076293945,21.760000228881836,18.489999771118164,19.979999542236328,126640600,18.790132522583008,0.0,0.0,CSAN3,01-08-2022
20.0,20.06999969482422,16.739999771118164,17.3799991607666,178374200,16.344968795776367,0.0,0.0,CSAN3,01-09-2022
17.969999313354492,19.18000030517578,15.229999542236328,16.860000610351562,398797400,15.855938911437988,0.0,0.0,CSAN3,01-10-2022
17.049999237060547,19.030000686645508,16.34000015258789,18.030000686645508,252352100,16.956262588500977,0.0,0.0,CSAN3,01-11-2022
17.969999313354492,18.079999923706055,15.529999732971191,17.1200008392334,168991900,16.10045623779297,0.0,0.0,CSAN3,01-12-2022
16.979999542236328,18.06999969482422,15.350000381469727,16.700000762939453,216664800,15.705467224121094,0.0,0.0,CSAN3,01-01-2023
16.6299991607666,16.8700008392334,14.579999923706055,14.979999542236328,161103400,14.087896347045898,0.0,0.0,CSAN3,01-02-2023
15.119999885559082,16.0,13.449999809265137,15.09000015258789,225068200,14.191346168518066,0.0,0.0,CSAN3,01-03-2023
15.050000190734863,16.15999984741211,14.420000076293945,14.979999542236328,198270000,14.087896347045898,0.0,0.0,CSAN3,01-04-2023
14.979999542236328,16.479999542236328,14.079999923706055,15.0,231709100,14.106705665588379,0.42858,0.0,CSAN3,01-05-2023
15.0600004196167,18.139999389648438,14.949999809265137,17.860000610351562,220072500,17.252819061279297,0.0,0.0,CSAN3,01-06-2023
17.950000762939453,20.809999465942383,17.920000076293945,19.940000534057617,162505200,19.26210594177246,0.0,0.0,CSAN3,01-07-2023
19.799999237060547,20.209999084472656,17.469999313354492,17.520000457763672,138841000,16.92437744140625,0.0,0.0,CSAN3,01-08-2023
17.649999618530273,18.81999969482422,16.59000015258789,17.139999389648438,114655400,16.557294845581055,0.0,0.0,CSAN3,01-09-2023
17.15999984741211,17.18000030517578,15.270000457763672,15.75,139820400,15.214550971984863,0.0,0.0,CSAN3,01-10-2023
15.760000228881836,18.600000381469727,15.680000305175781,17.75,158373700,17.146556854248047,0.0,0.0,CSAN3,01-11-2023
17.75,19.639999389648438,16.770000457763672,19.360000610351562,121508600,18.701824188232422,0.0,0.0,CSAN3,01-12-2023
19.360000610351562,19.889999389648438,17.479999542236328,18.270000457763672,135576700,17.648880004882812,0.0,0.0,CSAN3,01-01-2024
18.350000381469727,19.079999923706055,16.889999389648438,17.0,129788500,16.422054290771484,0.0,0.0,CSAN3,01-02-2024
17.079999923706055,17.1299991607666,15.84000015258789,16.200000762939453,176754700,15.649252891540527,0.0,0.0,CSAN3,01-03-2024
16.360000610351562,16.399999618530273,14.09000015258789,14.5,281465400,14.007046699523926,0.0,0.0,CSAN3,01-04-2024
14.75,14.899999618530273,13.5600004196167,13.619999885559082,224411200,13.156964302062988,0.0,0.0,CSAN3,01-05-2024
13.710000038146973,13.850000381469727,12.3100004196167,13.539999961853027,211761200,13.079684257507324,0.451477,0.0,CSAN3,01-06-2024
13.529999732971191,14.449999809265137,13.260000228881836,13.369999885559082,196838000,13.369999885559082,0.0,0.0,CSAN3,01-07-2024
13.449999809265137,14.180000305175781,12.5600004196167,13.359999656677246,215800500,13.359999656677246,0.0,0.0,CSAN3,01-08-2024
13.34000015258789,13.529999732971191,12.25,13.079999923706055,214280300,13.079999923706055,0.0,0.0,CSAN3,01-09-2024
13.15999984741211,13.760000228881836,11.479999542236328,11.819999694824219,248383800,11.819999694824219,0.0,0.0,CSAN3,01-10-2024
11.90999984741211,12.270000457763672,9.479999542236328,10.1899995803833,295818500,10.1899995803833,0.0,0.0,CSAN3,01-11-2024
10.109999656677246,10.210000038146973,8.100000381469727,8.15999984741211,351278000,8.15999984741211,0.0,0.0,CSAN3,01-12-2024
8.15999984741211,9.319999694824219,7.460000038146973,7.739999771118164,482257000,7.739999771118164,0.0,0.0,CSAN3,01-01-2025
7.679999828338623,8.079999923706055,6.920000076293945,7.090000152587891,706203800,7.090000152587891,0.0,0.0,CSAN3,01-02-2025
7.090000152587891,8.0,6.829999923706055,7.389999866485596,361165400,7.389999866485596,0.0,0.0,CSAN3,01-03-2025
7.360000133514404,7.920000076293945,6.449999809265137,7.769999980926514,372067700,7.769999980926514,0.0,0.0,CSAN3,01-04-2025
7.769999980926514,8.569999694824219,7.309999942779541,8.229999542236328,407725100,8.229999542236328,0.0,0.0,CSAN3,01-05-2025
8.3100004196167,8.779999732971191,6.690000057220459,6.860000133514404,366733700,6.860000133514404,0.0,0.0,CSAN3,01-06-2025
6.889999866485596,7.179999828338623,5.659999847412109,5.929999828338623,389333200,5.929999828338623,0.0,0.0,CSAN3,01-07-2025
6.039999961853027,6.099999904632568,5.21999979019165,5.849999904632568,399675900,5.849999904632568,0.0,0.0,CSAN3,01-08-2025
5.849999904632568,7.570000171661377,5.840000152587891,7.329999923706055,331199200,7.329999923706055,0.0,0.0,CSAN3,01-09-2025
7.199999809265137,7.53000020980835,7.199999809265137,7.449999809265137,17995100,7.449999809265137,0.0,0.0,CSAN3,11-09-2025
26.943798065185547,29.14838218688965,26.16571044921875,26.933822631835938,98323179,25.282379150390625,0.0,,TOTS3,01-10-2020
26.933822631835938,31.831789016723633,25.9362735748291,26.684436798095703,213825171,25.04828453063965,0.0,,TOTS3,01-11-2020
27.013626098632812,28.9189453125,24.88884735107422,28.649606704711914,123489060,26.892959594726562,0.099755,,TOTS3,01-12-2020
28.649606704711914,30.874141693115234,25.78664207458496,28.330392837524414,91945847,26.688297271728516,0.0,,TOTS3,01-01-2021
28.89899444580078,34.85436248779297,27.941347122192383,31.30308723449707,103215770,29.48868751525879,0.0,,TOTS3,01-02-2021
31.66220474243164,32.28068542480469,27.013626098632812,28.859092712402344,131510818,27.186355590820312,0.0,,TOTS3,01-03-2021
28.889019012451172,31.911592483520508,28.440122604370117,31.023773193359375,71358490,29.225566864013672,0.089779,,TOTS3,01-04-2021
30.904067993164062,34.55509948730469,30.07610321044922,34.38551330566406,92319363,32.48649215698242,0.0,,TOTS3,01-05-2021
34.71470642089844,38.226078033447266,33.90669250488281,37.55772018432617,79697127,35.4835090637207,0.0,,TOTS3,01-06-2021
37.368186950683594,38.784706115722656,34.69475555419922,35.27333450317383,70347713,33.32528305053711,0.0,,TOTS3,01-07-2021
35.462867736816406,40.2910041809082,33.757057189941406,39.5029411315918,89976620,37.32129669189453,0.089779,,TOTS3,01-08-2021
39.872032165527344,41.138919830322266,34.599998474121094,36.099998474121094,91978499,34.1895866394043,0.0,,TOTS3,01-09-2021
35.970001220703125,36.77000045776367,30.190000534057617,32.7599983215332,78384200,31.026342391967773,0.0,,TOTS3,01-10-2021
33.15999984741211,36.95000076293945,30.3799991607666,31.690000534057617,79340800,30.012969970703125,0.0,,TOTS3,01-11-2021
31.969999313354492,33.2400016784668,27.579999923706055,28.610000610351562,94959400,27.095958709716797,0.13,,TOTS3,01-12-2021
28.639999389648438,29.770000457763672,23.959999084472656,29.06999969482422,106524100,27.658584594726562,0.0,,TOTS3,01-01-2022
29.010000228881836,33.88999938964844,27.15999984741211,33.04999923706055,99978300,31.445341110229492,0.0,,TOTS3,01-02-2022
33.04999923706055,37.099998474121094,30.530000686645508,36.380001068115234,92640900,34.613670349121094,0.0,,TOTS3,01-03-2022
36.869998931884766,38.119998931884766,31.540000915527344,31.969999313354492,100108300,30.41777992248535,0.0,,TOTS3,01-04-2022
31.260000228881836,32.38999938964844,24.549999237060547,28.3700008392334,171117400,26.992570877075195,0.0,,TOTS3,01-05-2022
28.6299991607666,29.850000381469727,22.520000457763672,23.260000228881836,102472000,22.130674362182617,0.0,,TOTS3,01-06-2022
23.049999237060547,26.899999618530273,22.610000610351562,26.3700008392334,78908700,25.089670181274414,0.0,,TOTS3,01-07-2022
26.309999465942383,31.479999542236328,25.889999389648438,28.549999237060547,103513800,27.16383171081543,0.1,,TOTS3,01-08-2022
28.549999237060547,30.729999542236328,27.780000686645508,29.350000381469727,80703100,28.026531219482422,0.0,,TOTS3,01-09-2022
30.299999237060547,33.45000076293945,28.90999984741211,33.15999984741211,98782900,31.66472625732422,0.0,,TOTS3,01-10-2022
33.2599983215332,33.68000030517578,28.3700008392334,30.860000610351562,107190100,29.468442916870117,0.0,,TOTS3,01-11-2022
30.239999771118164,30.979999542236328,25.110000610351562,27.6200008392334,108568400,26.374544143676758,0.0,,TOTS3,01-12-2022
26.860000610351562,30.579999923706055,24.93000030517578,30.06999969482422,93849000,28.714065551757812,0.21,,TOTS3,01-01-2023
30.079999923706055,31.299999237060547,27.290000915527344,27.290000915527344,79074400,26.259077072143555,0.0,,TOTS3,01-02-2023
27.610000610351562,29.239999771118164,26.09000015258789,28.15999984741211,122036300,27.096208572387695,0.0,,TOTS3,01-03-2023
28.0,29.329999923706055,25.030000686645508,25.65999984741211,98351600,24.690650939941406,0.0,,TOTS3,01-04-2023
25.65999984741211,30.15999984741211,25.0,28.760000228881836,99548700,27.67354393005371,0.0,,TOTS3,01-05-2023
28.850000381469727,30.739999771118164,28.200000762939453,29.979999542236328,95706300,28.847455978393555,0.0,,TOTS3,01-06-2023
30.280000686645508,31.09000015258789,28.290000915527344,29.56999969482422,72382900,28.452945709228516,0.23,,TOTS3,01-07-2023
29.350000381469727,30.389999389648438,26.860000610351562,27.739999771118164,111148500,26.903844833374023,0.0,,TOTS3,01-08-2023
27.75,29.700000762939453,26.1299991607666,27.0,97571900,26.1861515045166,0.0,,TOTS3,01-09-2023
27.040000915527344,27.8700008392334,24.93000030517578,25.309999465942383,62770500,24.547090530395508,0.0,,TOTS3,01-10-2023
25.510000228881836,34.09000015258789,25.31999969482422,33.310001373291016,121063500,32.30595016479492,0.0,,TOTS3,01-11-2023
33.380001068115234,34.880001068115234,32.349998474121094,33.689998626708984,66332900,32.67449188232422,0.21,,TOTS3,01-12-2023
33.689998626708984,33.689998626708984,30.239999771118164,31.520000457763672,58396300,30.759000778198242,0.0,,TOTS3,01-01-2024
31.5,33.040000915527344,29.25,30.690000534057617,89852800,29.949039459228516,0.0,,TOTS3,01-02-2024
30.829999923706055,31.549999237060547,27.81999969482422,28.3799991607666,76182800,27.694808959960938,0.0,,TOTS3,01-03-2024
28.3799991607666,29.06999969482422,26.43000030517578,27.540000915527344,115930100,26.875091552734375,0.0,,TOTS3,01-04-2024
27.540000915527344,30.43000030517578,27.489999771118164,28.719999313354492,89607400,28.026601791381836,0.0,,TOTS3,01-05-2024
28.780000686645508,30.93000030517578,27.6299991607666,30.43000030517578,78021600,29.695314407348633,0.0,,TOTS3,01-06-2024
30.290000915527344,30.469999313354492,27.18000030517578,27.75,53624000,27.080020904541016,0.0,,TOTS3,01-07-2024
27.979999542236328,31.760000228881836,26.6299991607666,29.969999313354492,66264500,29.24641990661621,0.23,,TOTS3,01-08-2024
29.899999618530273,30.670000076293945,27.979999542236328,28.559999465942383,55468400,28.107702255249023,0.0,,TOTS3,01-09-2024
28.969999313354492,30.06999969482422,27.510000228881836,29.84000015258789,75257200,29.367433547973633,0.0,,TOTS3,01-10-2024
29.950000762939453,35.13999938964844,26.850000381469727,27.459999084472656,103521600,27.025123596191406,0.0,,TOTS3,01-11-2024
27.270000457763672,31.34000015258789,26.459999084472656,26.75,73008900,26.326366424560547,0.22,,TOTS3,01-12-2024
26.540000915527344,34.459999084472656,25.889999389648438,34.060001373291016,73937500,33.79608154296875,0.0,,TOTS3,01-01-2025
33.7400016784668,36.61000061035156,31.729999542236328,34.959999084472656,106000200,34.68910217285156,0.0,,TOTS3,01-02-2025
34.959999084472656,35.68000030517578,32.5,33.369998931884766,77262200,33.11142349243164,0.14,,TOTS3,01-03-2025
33.5099983215332,37.81999969482422,33.0099983215332,37.619998931884766,68010400,37.484771728515625,0.0,,TOTS3,01-04-2025
37.20000076293945,44.130001068115234,35.81999969482422,42.209999084472656,94445300,42.05827331542969,0.0,,TOTS3,01-05-2025
42.209999084472656,42.68000030517578,40.400001525878906,42.209999084472656,56189200,42.05827331542969,0.15,,TOTS3,01-06-2025
42.209999084472656,44.290000915527344,40.599998474121094,43.61000061035156,70083600,43.61000061035156,0.0,,TOTS3,01-07-2025
43.9900016784668,45.310001373291016,40.77000045776367,43.099998474121094,66961500,43.099998474121094,0.0,,TOTS3,01-08-2025
43.08000183105469,43.4900016784668,41.47999954223633,42.810001373291016,14624500,42.810001373291016,0.0,,TOTS3,01-09-2025
43.09000015258789,43.16999816894531,42.16999816894531,42.22999954223633,1167800,42.22999954223633,0.0,,TOTS3,11-09-2025
28.059999465942383,28.989999771118164,27.829999923706055,28.149999618530273,50785600,16.94354820251465,0.0,,TAEE11,01-10-2020
28.149999618530273,33.650001525878906,28.149999618530273,33.04999923706055,57069300,19.892868041992188,1.361941,,TAEE11,01-11-2020
33.220001220703125,34.369998931884766,32.029998779296875,33.400001525878906,31919600,20.959739685058594,0.157381,,TAEE11,01-12-2020
33.400001525878906,34.06999969482422,32.040000915527344,32.54999923706055,29346100,20.522401809692383,0.0,,TAEE11,01-01-2021
32.310001373291016,33.70000076293945,30.649999618530273,30.760000228881836,28377400,19.393829345703125,0.0,,TAEE11,01-02-2021
30.93000030517578,39.61000061035156,29.81999969482422,38.91999816894531,65988000,24.53861427307129,0.0,,TAEE11,01-03-2021
39.04999923706055,41.83000183105469,37.650001525878906,41.79999923706055,41173400,26.35442352294922,0.0,,TAEE11,01-04-2021
42.540000915527344,42.68000030517578,37.20000076293945,38.7400016784668,46283000,24.425128936767578,1.631192,,TAEE11,01-05-2021
38.72999954223633,40.970001220703125,36.709999084472656,36.900001525878906,32808500,25.03350257873535,1.354363,,TAEE11,01-06-2021
37.0,39.0,36.40999984741211,38.029998779296875,30712600,25.80010986328125,0.0,,TAEE11,01-07-2021
38.209999084472656,40.4900016784668,37.5,37.90999984741211,47804600,25.718706130981445,0.0,,TAEE11,01-08-2021
38.04999923706055,38.77000045776367,35.459999084472656,35.84000015258789,48548000,24.314382553100586,0.0,,TAEE11,01-09-2021
36.20000076293945,38.13999938964844,35.06999969482422,36.65999984741211,51004500,24.870685577392578,0.0,,TAEE11,01-10-2021
37.0,37.970001220703125,35.0099983215332,36.060001373291016,38456800,24.463640213012695,0.0,,TAEE11,01-11-2021
36.08000183105469,38.560001373291016,35.349998474121094,36.290000915527344,33153400,24.619672775268555,1.518146,,TAEE11,01-12-2021
36.369998931884766,38.560001373291016,35.939998626708984,38.279998779296875,39454500,27.05070686340332,0.0,,TAEE11,01-01-2022
38.099998474121094,40.0,37.2599983215332,39.36000061035156,36151600,27.813899993896484,0.0,,TAEE11,01-02-2022
39.36000061035156,44.939998626708984,39.34000015258789,44.13999938964844,56997600,31.191699981689453,0.0,,TAEE11,01-03-2022
44.2400016784668,46.06999969482422,43.66999816894531,44.290000915527344,37171200,31.29770278930664,0.0,,TAEE11,01-04-2022
43.97999954223633,45.470001220703125,39.790000915527344,40.380001068115234,53854000,28.534683227539062,1.896324,,TAEE11,01-05-2022
40.209999084472656,41.900001525878906,38.16999816894531,38.619998931884766,45005800,28.49134635925293,0.0,,TAEE11,01-06-2022
38.630001068115234,41.0,38.09000015258789,40.459999084472656,35495300,29.848773956298828,0.0,,TAEE11,01-07-2022
40.459999084472656,44.0,40.15999984741211,41.68000030517578,43606800,30.74881362915039,1.470929,,TAEE11,01-08-2022
42.0,42.720001220703125,38.459999084472656,38.95000076293945,37616300,29.743331909179688,0.0,,TAEE11,01-09-2022
38.95000076293945,40.79999923706055,38.540000915527344,40.189998626708984,44957000,30.690235137939453,0.0,,TAEE11,01-10-2022
40.18000030517578,40.9900016784668,34.849998474121094,35.0099983215332,48460900,26.734634399414062,0.929519,,TAEE11,01-11-2022
34.540000915527344,36.16999816894531,32.5099983215332,34.599998474121094,52252200,27.045984268188477,0.0,,TAEE11,01-12-2022
34.68000030517578,37.16999816894531,33.779998779296875,37.08000183105469,51016800,28.984542846679688,1.335273,,TAEE11,01-01-2023
37.06999969482422,37.279998779296875,35.220001220703125,35.560001373291016,26805000,28.87363052368164,0.0,,TAEE11,01-02-2023
35.599998474121094,37.5,34.189998626708984,34.83000183105469,49560500,28.280893325805664,0.0,,TAEE11,01-03-2023
34.849998474121094,36.459999084472656,33.279998779296875,36.40999984741211,60825100,29.563800811767578,0.0,,TAEE11,01-04-2023
36.40999984741211,38.18000030517578,34.369998931884766,36.91999816894531,49330200,29.9779052734375,0.075612,,TAEE11,01-05-2023
37.0099983215332,38.349998474121094,36.27000045776367,37.63999938964844,46616900,30.62669563293457,0.0,,TAEE11,01-06-2023
37.900001525878906,37.970001220703125,36.0,36.0,40125700,29.292264938354492,0.0,,TAEE11,01-07-2023
36.150001525878906,37.06999969482422,34.20000076293945,34.20000076293945,47747200,27.827653884887695,0.909844,,TAEE11,01-08-2023
34.310001373291016,35.36000061035156,34.0,34.560001373291016,40465400,28.842504501342773,0.0,,TAEE11,01-09-2023
34.630001068115234,34.63999938964844,33.2400016784668,33.790000915527344,37625400,28.19989013671875,0.0,,TAEE11,01-10-2023
33.84000015258789,36.88999938964844,33.68000030517578,36.459999084472656,38554300,30.428176879882812,0.593779,,TAEE11,01-11-2023
36.40999984741211,38.459999084472656,35.720001220703125,38.380001068115234,27445500,32.56364059448242,0.0,,TAEE11,01-12-2023
38.380001068115234,38.619998931884766,36.43000030517578,36.43000030517578,28273000,30.909151077270508,0.66184,,TAEE11,01-01-2024
36.88999938964844,37.099998474121094,34.41999816894531,35.400001525878906,33849000,30.56241798400879,0.0,,TAEE11,01-02-2024
35.38999938964844,36.470001220703125,34.56999969482422,36.310001373291016,30415700,31.348060607910156,0.0,,TAEE11,01-03-2024
36.310001373291016,36.720001220703125,35.040000915527344,35.220001220703125,50192700,30.407014846801758,0.0,,TAEE11,01-04-2024
35.400001525878906,36.91999816894531,34.279998779296875,34.279998779296875,52112600,29.59546661376953,1.132902,,TAEE11,01-05-2024
33.88999938964844,34.47999954223633,33.099998474121094,34.22999954223633,44969300,30.868547439575195,0.420591,,TAEE11,01-06-2024
34.22999954223633,35.380001068115234,33.709999084472656,33.790000915527344,29898600,30.471757888793945,0.0,,TAEE11,01-07-2024
33.84000015258789,36.099998474121094,33.81999969482422,35.45000076293945,39648300,31.968740463256836,0.648124,,TAEE11,01-08-2024
35.189998626708984,36.5,34.04999923706055,34.2400016784668,30353700,31.45244026184082,0.0,,TAEE11,01-09-2024
34.25,35.34000015258789,34.11000061035156,35.02000045776367,36858900,32.168941497802734,0.0,,TAEE11,01-10-2024
35.0,35.689998626708984,33.47999954223633,34.09000015258789,40820300,31.314651489257812,0.668999,,TAEE11,01-11-2024
34.0,34.709999084472656,32.52000045776367,32.86000061035156,43704300,30.767393112182617,0.0,,TAEE11,01-12-2024
32.880001068115234,34.0,31.780000686645508,33.5099983215332,41036300,31.376001358032227,0.0,,TAEE11,01-01-2025
33.4900016784668,34.0,32.52000045776367,32.790000915527344,28311100,30.701852798461914,0.0,,TAEE11,01-02-2025
32.790000915527344,34.849998474121094,32.599998474121094,33.65999984741211,31022800,31.516447067260742,0.0,,TAEE11,01-03-2025
33.65999984741211,36.560001373291016,33.529998779296875,35.91999816894531,33453200,33.63252258300781,0.875206,,TAEE11,01-04-2025
35.900001525878906,36.77000045776367,34.400001525878906,35.380001068115234,41593700,33.94859313964844,0.546522,,TAEE11,01-05-2025
35.36000061035156,35.529998779296875,33.66999816894531,34.93000030517578,31750500,34.04357147216797,0.0,,TAEE11,01-06-2025
34.810001373291016,35.16999816894531,33.15999984741211,33.36000061035156,26490900,32.5134162902832,0.0,,TAEE11,01-07-2025
33.560001373291016,34.91999816894531,32.84000015258789,34.869998931884766,47238700,33.98509216308594,0.869171,,TAEE11,01-08-2025
34.880001068115234,35.220001220703125,34.18000030517578,34.900001525878906,10775000,34.900001525878906,0.0,,TAEE11,01-09-2025
34.95000076293945,35.150001525878906,34.849998474121094,34.97999954223633,750000,34.97999954223633,0.0,,TAEE11,11-09-2025
22.884614944458008,25.625,22.567306518554688,23.134614944458008,153112752,21.83252716064453,0.029148,5.0,RADL3,01-10-2020
23.134614944458008,26.288461685180664,22.451923370361328,24.85576820373535,126019504,23.45680809020996,0.0,0.0,RADL3,01-11-2020
25.067306518554688,25.10576820373535,22.98076820373535,24.076923370361328,105736696,22.721797943115234,0.027398,0.0,RADL3,01-12-2020
24.076923370361328,26.25,23.086538314819336,23.961538314819336,106127528,22.63825035095215,0.0,0.0,RADL3,01-01-2021
24.278846740722656,24.99038314819336,22.278846740722656,22.336538314819336,115004032,21.102994918823242,0.0,0.0,RADL3,01-02-2021
22.548076629638672,25.48076820373535,21.201923370361328,24.096153259277344,170239888,22.76543426513672,0.025638,0.0,RADL3,01-03-2021
24.25,25.60576820373535,23.019229888916016,25.288461685180664,102088688,23.91840171813965,0.0,0.0,RADL3,01-04-2021
25.009614944458008,27.548076629638672,24.288461685180664,27.096153259277344,124669688,25.62816047668457,0.0,0.0,RADL3,01-05-2021
27.163461685180664,27.692306518554688,23.60576820373535,23.759614944458008,128264864,22.47238540649414,0.029135,0.0,RADL3,01-06-2021
23.61538314819336,26.596153259277344,23.48076820373535,24.269229888916016,97651528,22.981861114501953,0.0,0.0,RADL3,01-07-2021
24.701923370361328,25.817306518554688,23.846153259277344,24.576923370361328,114779704,23.273235321044922,0.0,0.0,RADL3,01-08-2021
24.625,25.86538314819336,22.326923370361328,22.471153259277344,126482720,21.27916717529297,0.0,0.0,RADL3,01-09-2021
22.471153259277344,22.836538314819336,19.769229888916016,22.35576820373535,151798192,21.169898986816406,0.0,0.0,RADL3,01-10-2021
22.85576820373535,23.99038314819336,21.028846740722656,21.519229888916016,169908856,20.377737045288086,0.100988,0.0,RADL3,01-11-2021
21.74038314819336,23.596153259277344,20.894229888916016,23.36538314819336,104903864,22.227991104125977,0.057791,0.0,RADL3,01-12-2021
23.74038314819336,23.788461685180664,18.951923370361328,22.269229888916016,171012504,21.23894691467285,0.0,0.0,RADL3,01-01-2022
22.05769157409668,23.10576820373535,20.5,22.461538314819336,129443704,21.422359466552734,0.0,0.0,RADL3,01-02-2022
22.461538314819336,23.548076629638672,20.846153259277344,23.019229888916016,154280048,21.954248428344727,0.0,0.0,RADL3,01-03-2022
23.326923370361328,23.36538314819336,19.85576820373535,20.125,137803536,19.193920135498047,0.038513,0.0,RADL3,01-04-2022
20.192306518554688,20.461538314819336,17.144229888916016,19.85576820373535,193052600,18.968738555908203,0.0,0.0,RADL3,01-05-2022
19.951923370361328,21.028846740722656,17.538461685180664,18.461538314819336,136368544,17.636796951293945,0.0,0.0,RADL3,01-06-2022
18.221153259277344,20.423076629638672,17.826923370361328,20.173076629638672,118074216,19.271867752075195,0.043182,0.0,RADL3,01-07-2022
20.913461685180664,22.673076629638672,20.48076820373535,20.923076629638672,148778656,20.035423278808594,0.0,0.0,RADL3,01-08-2022
20.971153259277344,22.61538314819336,20.93269157409668,21.85576820373535,133136224,20.928544998168945,0.0,0.0,RADL3,01-09-2022
22.35576820373535,25.49038314819336,21.384614944458008,25.298076629638672,158183272,24.224815368652344,0.110582,0.0,RADL3,01-10-2022
24.653846740722656,26.10576820373535,21.163461685180664,22.163461685180664,166812360,21.326372146606445,0.0,0.0,RADL3,01-11-2022
21.788461685180664,23.326923370361328,20.951923370361328,22.80769157409668,155031656,21.94626808166504,0.052519,0.0,RADL3,01-12-2022
22.384614944458008,24.423076629638672,21.692306518554688,23.875,132474992,23.026107788085938,0.0,0.0,RADL3,01-01-2023
23.759614944458008,24.067306518554688,21.644229888916016,21.80769157409668,93816320,21.032306671142578,0.0,0.0,RADL3,01-02-2023
21.875,24.134614944458008,21.24038314819336,23.509614944458008,158297568,22.67371368408203,0.0,0.0,RADL3,01-03-2023
23.48076820373535,25.528846740722656,22.846153259277344,25.269229888916016,125421192,24.370763778686523,0.046664,0.0,RADL3,01-04-2023
25.269229888916016,29.1200008392334,24.85576820373535,28.329999923706055,156927692,27.42739486694336,0.046081,1.04,RADL3,01-05-2023
28.299999237060547,29.75,27.43000030517578,29.600000381469727,130401300,28.65693473815918,0.0,0.0,RADL3,01-06-2023
29.739999771118164,29.899999618530273,27.670000076293945,28.969999313354492,97581800,28.046998977661133,0.059497,0.0,RADL3,01-07-2023
28.690000534057617,29.040000915527344,26.3700008392334,27.479999542236328,105727600,26.65989875793457,0.0,0.0,RADL3,01-08-2023
27.56999969482422,28.280000686645508,26.510000228881836,27.6200008392334,100258300,26.795719146728516,0.0,0.0,RADL3,01-09-2023
27.600000381469727,28.350000381469727,25.139999389648438,25.799999237060547,117005200,25.030033111572266,0.053139,0.0,RADL3,01-10-2023
25.799999237060547,29.860000610351562,24.3700008392334,28.079999923706055,145438300,27.294349670410156,0.0,0.0,RADL3,01-11-2023
28.049999237060547,30.149999618530273,27.649999618530273,29.399999618530273,80450400,28.577421188354492,0.050805,0.0,RADL3,01-12-2023
29.399999618530273,29.8700008392334,25.170000076293945,25.299999237060547,146765500,24.677509307861328,0.048414,0.0,RADL3,01-01-2024
25.219999313354492,27.110000610351562,24.299999237060547,26.639999389648438,164457100,25.984535217285156,0.0,0.0,RADL3,01-02-2024
26.68000030517578,28.40999984741211,25.31999969482422,27.3700008392334,181811600,26.696577072143555,0.0,0.0,RADL3,01-03-2024
27.549999237060547,27.579999923706055,24.450000762939453,25.579999923706055,153199700,24.950618743896484,0.043379,0.0,RADL3,01-04-2024
26.15999984741211,28.040000915527344,24.889999389648438,25.06999969482422,132294700,24.541704177856445,0.049151,0.0,RADL3,01-05-2024
24.979999542236328,26.690000534057617,24.31999969482422,25.68000030517578,118194700,25.13884925842285,0.0,0.0,RADL3,01-06-2024
25.299999237060547,27.959999084472656,24.959999084472656,27.600000381469727,117001400,27.018390655517578,0.044953,0.0,RADL3,01-07-2024
27.559999465942383,30.399999618530273,27.280000686645508,27.559999465942383,174539100,27.0266170501709,0.0,0.0,RADL3,01-08-2024
27.530000686645508,28.15999984741211,25.31999969482422,25.489999771118164,124966200,24.99667739868164,0.0,0.0,RADL3,01-09-2024
25.850000381469727,26.770000457763672,23.829999923706055,24.34000015258789,143998000,23.868934631347656,0.128328,0.0,RADL3,01-10-2024
24.450000762939453,26.360000610351562,23.8700008392334,24.040000915527344,141804300,23.693233489990234,0.0,0.0,RADL3,01-11-2024
24.049999237060547,25.600000381469727,21.81999969482422,22.0,180186600,21.682659149169922,0.072235,0.0,RADL3,01-12-2024
21.860000610351562,22.290000915527344,20.09000015258789,21.09000015258789,194492300,20.847124099731445,0.0,0.0,RADL3,01-01-2025
21.149999618530273,21.149999618530273,17.149999618530273,17.3799991607666,216673800,17.179847717285156,0.0,0.0,RADL3,01-02-2025
17.3799991607666,20.290000915527344,17.3799991607666,19.049999237060547,251446000,18.830617904663086,0.0,0.0,RADL3,01-03-2025
19.09000015258789,22.799999237060547,18.8799991607666,19.84000015258789,208711000,19.611520767211914,0.068943,0.0,RADL3,01-04-2025
19.809999465942383,20.170000076293945,14.0600004196167,14.850000381469727,360041800,14.774930000305176,0.060712,0.0,RADL3,01-05-2025
14.989999771118164,15.960000038146973,13.770000457763672,15.119999885559082,256466400,15.043564796447754,0.0,0.0,RADL3,01-06-2025
15.180000305175781,15.430000305175781,13.069999694824219,13.470000267028809,219494000,13.40190601348877,0.076941,0.0,RADL3,01-07-2025
13.569999694824219,19.15999984741211,13.520000457763672,17.549999237060547,283697100,17.549999237060547,0.0,0.0,RADL3,01-08-2025
17.5,17.950000762939453,16.729999542236328,17.440000534057617,93777400,17.440000534057617,0.0,0.0,RADL3,01-09-2025
17.600000381469727,17.799999237060547,17.219999313354492,17.34000015258789,4005600,17.34000015258789,0.0,0.0,RADL3,11-09-2025
10.050000190734863,12.180000305175781,9.819999694824219,10.899999618530273,386565200,8.807002067565918,0.0,,USIM5,01-10-2020
10.899999618530273,14.229999542236328,10.649999618530273,13.649999618530273,320858400,11.028951644897461,0.0,,USIM5,01-11-2020
13.789999961853027,15.199999809265137,13.109999656677246,14.609999656677246,399490300,11.804615020751953,0.0,,USIM5,01-12-2020
14.609999656677246,17.309999465942383,12.8100004196167,13.199999809265137,393712800,10.665360450744629,0.0,,USIM5,01-01-2021
13.449999809265137,17.600000381469727,12.960000038146973,16.239999771118164,434221700,13.121624946594238,0.0,,USIM5,01-02-2021
16.489999771118164,18.899999618530273,15.850000381469727,17.100000381469727,495722700,13.816490173339844,0.0,,USIM5,01-03-2021
17.260000228881836,23.56999969482422,16.559999465942383,22.450000762939453,416216900,18.139190673828125,0.131916,,USIM5,01-04-2021
22.520000457763672,24.360000610351562,19.030000686645508,19.860000610351562,488873100,16.1394100189209,0.0,,USIM5,01-05-2021
20.309999465942383,20.520000457763672,17.520000457763672,19.100000381469727,357293700,15.521788597106934,0.0,,USIM5,01-06-2021
19.5,21.170000076293945,18.520000457763672,20.56999969482422,379608300,16.716398239135742,0.0,,USIM5,01-07-2021
20.920000076293945,22.43000030517578,16.75,18.489999771118164,465585900,15.026066780090332,0.0,,USIM5,01-08-2021
17.1200008392334,17.309999465942383,13.100000381469727,16.1200008392334,615799000,13.100066184997559,1.095799,,USIM5,01-09-2021
16.15999984741211,17.3700008392334,13.130000114440918,13.25,502625600,11.446078300476074,0.0,,USIM5,01-10-2021
13.380000114440918,14.130000114440918,11.850000381469727,13.59000015258789,501109200,11.739789962768555,0.0,,USIM5,01-11-2021
13.960000038146973,15.890000343322754,13.350000381469727,15.220000267028809,356371500,13.147872924804688,0.192953,,USIM5,01-12-2021
15.260000228881836,17.110000610351562,13.850000381469727,15.970000267028809,461983000,13.97035026550293,0.0,,USIM5,01-01-2022
16.020000457763672,17.559999465942383,13.449999809265137,14.710000038146973,413343300,12.868118286132812,0.0,,USIM5,01-02-2022
14.710000038146973,16.18000030517578,13.180000305175781,13.970000267028809,401244500,12.220776557922363,0.0,,USIM5,01-03-2022
14.0600004196167,14.199999809265137,11.300000190734863,11.3100004196167,361814800,9.893842697143555,0.629128,,USIM5,01-04-2022
11.25,11.90999984741211,9.680000305175781,10.960000038146973,388034100,10.105385780334473,0.0,,USIM5,01-05-2022
10.979999542236328,11.9399995803833,8.420000076293945,8.649999618530273,396744300,7.975509166717529,0.0,,USIM5,01-06-2022
8.529999732971191,9.300000190734863,7.929999828338623,8.609999656677246,351544600,7.938628196716309,0.0,,USIM5,01-07-2022
8.630000114440918,9.770000457763672,8.010000228881836,8.020000457763672,463831200,7.39463472366333,0.0,,USIM5,01-08-2022
7.989999771118164,8.729999542236328,6.889999866485596,7.519999980926514,495048500,6.933621883392334,0.0,,USIM5,01-09-2022
7.78000020980835,8.109999656677246,7.099999904632568,7.230000019073486,369067200,6.666234970092773,0.0,,USIM5,01-10-2022
7.409999847412109,8.149999618530273,7.179999828338623,7.820000171661377,406375900,7.210229396820068,0.0,,USIM5,01-11-2022
7.75,8.020000457763672,6.860000133514404,7.159999847412109,450618200,6.601693153381348,0.0,,USIM5,01-12-2022
7.150000095367432,8.670000076293945,6.889999866485596,8.529999732971191,318829300,7.864866256713867,0.0,,USIM5,01-01-2023
8.510000228881836,8.520000457763672,6.769999980926514,6.829999923706055,269849400,6.297425270080566,0.0,,USIM5,01-02-2023
6.929999828338623,7.53000020980835,6.53000020980835,7.289999961853027,343197400,6.721556663513184,0.0,,USIM5,01-03-2023
7.269999980926514,7.849999904632568,6.840000152587891,7.199999809265137,231102900,6.638574123382568,0.328767,,USIM5,01-04-2023
7.199999809265137,8.039999961853027,6.96999979019165,7.019999980926514,255056200,6.785952091217041,0.0,,USIM5,01-05-2023
7.130000114440918,7.539999961853027,7.010000228881836,7.070000171661377,238767400,6.834285259246826,0.0,,USIM5,01-06-2023
7.099999904632568,7.809999942779541,7.079999923706055,7.230000019073486,280309200,6.988950729370117,0.0,,USIM5,01-07-2023
7.190000057220459,7.239999771118164,6.739999771118164,6.880000114440918,198374800,6.650619983673096,0.0,,USIM5,01-08-2023
6.909999847412109,7.070000171661377,6.449999809265137,6.639999866485596,223948100,6.418621063232422,0.0,,USIM5,01-09-2023
6.639999866485596,6.829999923706055,5.840000152587891,6.610000133514404,256179100,6.389621734619141,0.0,,USIM5,01-10-2023
6.679999828338623,7.980000019073486,6.559999942779541,7.860000133514404,253299700,7.597946643829346,0.0,,USIM5,01-11-2023
7.860000133514404,9.380000114440918,7.840000152587891,9.289999961853027,200766200,8.980270385742188,0.0,,USIM5,01-12-2023
9.289999961853027,9.5600004196167,8.25,9.1899995803833,255871400,8.8836030960083,0.0,,USIM5,01-01-2024
9.180000305175781,11.130000114440918,9.010000228881836,11.069999694824219,298850500,10.700923919677734,0.0,,USIM5,01-02-2024
11.020000457763672,11.270000457763672,9.539999961853027,10.010000228881836,207791600,9.676265716552734,0.0,,USIM5,01-03-2024
10.069999694824219,10.729999542236328,7.900000095367432,7.909999847412109,354878700,7.646279335021973,0.283058,,USIM5,01-04-2024
7.989999771118164,8.380000114440918,7.519999980926514,7.570000171661377,216357700,7.570000171661377,0.0,,USIM5,01-05-2024
7.579999923706055,8.140000343322754,7.0,7.909999847412109,177176600,7.909999847412109,0.0,,USIM5,01-06-2024
7.960000038146973,8.699999809265137,5.909999847412109,6.21999979019165,412497500,6.21999979019165,0.0,,USIM5,01-07-2024
6.25,6.739999771118164,5.650000095367432,6.230000019073486,350060000,6.230000019073486,0.0,,USIM5,01-08-2024
6.190000057220459,6.440000057220459,5.420000076293945,6.239999771118164,317884300,6.239999771118164,0.0,,USIM5,01-09-2024
6.199999809265137,6.860000133514404,5.960000038146973,6.610000133514404,328079100,6.610000133514404,0.0,,USIM5,01-10-2024
6.579999923706055,6.71999979019165,5.900000095367432,6.139999866485596,231058600,6.139999866485596,0.0,,USIM5,01-11-2024
6.150000095367432,6.25,5.190000057220459,5.320000171661377,228943900,5.320000171661377,0.0,,USIM5,01-12-2024
5.320000171661377,5.670000076293945,4.679999828338623,5.510000228881836,279387700,5.510000228881836,0.0,,USIM5,01-01-2025
5.460000038146973,6.269999980926514,5.380000114440918,5.710000038146973,236869700,5.710000038146973,0.0,,USIM5,01-02-2025
5.710000038146973,6.050000190734863,5.579999923706055,5.679999828338623,190130300,5.679999828338623,0.0,,USIM5,01-03-2025
5.730000019073486,6.25,5.019999980926514,5.53000020980835,304504000,5.53000020980835,0.0,,USIM5,01-04-2025
5.53000020980835,5.690000057220459,5.119999885559082,5.199999809265137,202075700,5.199999809265137,0.0,,USIM5,01-05-2025
5.230000019073486,5.349999904632568,4.0,4.119999885559082,327524200,4.119999885559082,0.0,,USIM5,01-06-2025
4.099999904632568,4.489999771118164,3.9000000953674316,4.380000114440918,350651500,4.380000114440918,0.0,,USIM5,01-07-2025
4.449999809265137,4.599999904632568,3.9200000762939453,4.369999885559082,273694800,4.369999885559082,0.0,,USIM5,01-08-2025
4.349999904632568,4.78000020980835,4.269999980926514,4.46999979019165,81461800,4.46999979019165,0.0,,USIM5,01-09-2025
4.480000019073486,4.539999961853027,4.449999809265137,4.480000019073486,3515400,4.480000019073486,0.0,,USIM5,11-09-2025
14.402000427246094,15.699999809265137,13.522000312805176,14.767999649047852,285619500,14.21044635772705,0.0,0.0,ASAI3,01-03-2021
14.84000015258789,16.59000015258789,14.668000221252441,16.17799949645996,153041000,15.567214965820312,0.063308,0.0,ASAI3,01-04-2021
16.200000762939453,18.107999801635742,16.04400062561035,17.889999389648438,157170000,17.282981872558594,0.0,0.0,ASAI3,01-05-2021
18.020000457763672,18.263999938964844,16.246000289916992,17.308000564575195,169101500,16.72072982788086,0.0,0.0,ASAI3,01-06-2021
17.479999542236328,18.23200035095215,16.902000427246094,17.336000442504883,152681000,16.747777938842773,0.0,0.0,ASAI3,01-07-2021
17.5,18.530000686645508,16.34000015258789,16.809999465942383,197511000,16.239625930786133,0.0,5.0,ASAI3,01-08-2021
17.100000381469727,19.65999984741211,16.670000076293945,19.040000915527344,285132900,18.39396095275879,0.0,0.0,ASAI3,01-09-2021
19.09000015258789,19.5,15.180000305175781,15.289999961853027,323856400,14.771201133728027,0.047033,0.0,ASAI3,01-10-2021
15.449999809265137,16.239999771118164,12.390000343322754,12.75,200530700,12.347600936889648,0.0,0.0,ASAI3,01-11-2021
12.869999885559082,14.949999809265137,12.260000228881836,12.930000305175781,197632700,12.521920204162598,0.0,0.0,ASAI3,01-12-2021
13.079999923706055,13.079999923706055,11.029999732971191,12.529999732971191,236182200,12.134542465209961,0.0,0.0,ASAI3,01-01-2022
12.489999771118164,13.75,12.069999694824219,13.460000038146973,178464400,13.035192489624023,0.0,0.0,ASAI3,01-02-2022
13.460000038146973,16.670000076293945,12.0600004196167,16.290000915527344,204726900,15.775876998901367,0.0,0.0,ASAI3,01-03-2022
16.450000762939453,17.09000015258789,15.279999732971191,15.279999732971191,143497700,14.797750473022461,0.125038,0.0,ASAI3,01-04-2022
15.100000381469727,16.229999542236328,14.449999809265137,15.84000015258789,148612300,15.464588165283203,0.0,0.0,ASAI3,01-05-2022
15.979999542236328,16.34000015258789,13.850000381469727,14.270000457763672,189158000,13.931798934936523,0.0,0.0,ASAI3,01-06-2022
14.15999984741211,16.75,13.979999542236328,15.850000381469727,160378000,15.474352836608887,0.0,0.0,ASAI3,01-07-2022
15.529999732971191,18.670000076293945,15.369999885559082,18.389999389648438,191028800,17.954153060913086,0.0,0.0,ASAI3,01-08-2022
18.489999771118164,19.670000076293945,17.350000381469727,17.549999237060547,206020300,17.13405990600586,0.0,0.0,ASAI3,01-09-2022
17.899999618530273,19.979999542236328,16.600000381469727,19.81999969482422,357299000,19.350261688232422,0.0,0.0,ASAI3,01-10-2022
19.600000381469727,20.860000610351562,18.719999313354492,20.049999237060547,370934500,19.574811935424805,0.0,0.0,ASAI3,01-11-2022
19.799999237060547,20.799999237060547,18.219999313354492,19.469999313354492,253781700,19.008556365966797,0.03706,0.0,ASAI3,01-12-2022
19.0,21.360000610351562,18.3700008392334,19.649999618530273,173319300,19.220951080322266,0.0,0.0,ASAI3,01-01-2023
19.530000686645508,19.889999389648438,17.860000610351562,18.139999389648438,208735100,17.743919372558594,0.0,0.0,ASAI3,01-02-2023
18.139999389648438,18.450000762939453,14.520000457763672,15.539999961853027,472723900,15.200691223144531,0.0,0.0,ASAI3,01-03-2023
15.5,15.510000228881836,12.079999923706055,12.289999961853027,329747200,12.021653175354004,0.050019,0.0,ASAI3,01-04-2023
12.289999961853027,12.34000015258789,10.380000114440918,10.75,483017800,10.55821418762207,0.0,0.0,ASAI3,01-05-2023
10.850000381469727,14.59000015258789,10.539999961853027,13.75,806733200,13.504693031311035,0.0,0.0,ASAI3,01-06-2023
13.890000343322754,14.329999923706055,12.029999732971191,13.470000267028809,432297100,13.22968864440918,0.0,0.0,ASAI3,01-07-2023
13.40999984741211,14.300000190734863,11.489999771118164,11.609999656677246,422025900,11.402872085571289,0.0,0.0,ASAI3,01-08-2023
11.699999809265137,13.180000305175781,11.180000305175781,12.15999984741211,306774200,11.943059921264648,0.0,0.0,ASAI3,01-09-2023
12.199999809265137,12.399999618530273,10.720000267028809,10.9399995803833,250965000,10.744824409484863,0.0,0.0,ASAI3,01-10-2023
11.0,13.90999984741211,10.680000305175781,12.930000305175781,287510700,12.699322700500488,0.0,0.0,ASAI3,01-11-2023
12.920000076293945,13.84000015258789,11.770000457763672,13.529999732971191,232226800,13.288618087768555,0.0,0.0,ASAI3,01-12-2023
13.529999732971191,14.789999961853027,12.710000038146973,13.65999984741211,243044400,13.416298866271973,0.0,0.0,ASAI3,01-01-2024
13.609999656677246,15.079999923706055,13.0600004196167,14.199999809265137,208705500,13.946664810180664,0.0,0.0,ASAI3,01-02-2024
14.270000457763672,15.199999809265137,13.8100004196167,14.710000038146973,163491000,14.447566032409668,0.0,0.0,ASAI3,01-03-2024
14.65999984741211,14.8100004196167,12.710000038146973,13.119999885559082,292529800,12.885932922363281,0.0,0.0,ASAI3,01-04-2024
13.399999618530273,13.789999961853027,12.149999618530273,12.180000305175781,175552600,11.962703704833984,0.0,0.0,ASAI3,01-05-2024
12.119999885559082,12.460000038146973,10.260000228881836,10.34000015258789,221468600,10.155529975891113,0.0,0.0,ASAI3,01-06-2024
10.300000190734863,11.729999542236328,9.399999618530273,9.819999694824219,344304000,9.644805908203125,0.0,0.0,ASAI3,01-07-2024
9.869999885559082,10.770000457763672,9.119999885559082,9.569999694824219,341298100,9.399266242980957,0.0,0.0,ASAI3,01-08-2024
9.789999961853027,10.369999885559082,7.28000020980835,7.46999979019165,430214400,7.336731433868408,0.0,0.0,ASAI3,01-09-2024
7.519999980926514,7.840000152587891,6.429999828338623,7.489999771118164,521061900,7.356374740600586,0.0,0.0,ASAI3,01-10-2024
7.550000190734863,8.050000190734863,6.369999885559082,6.599999904632568,664692700,6.482252597808838,0.0,0.0,ASAI3,01-11-2024
6.570000171661377,6.900000095367432,5.050000190734863,5.630000114440918,497327700,5.529558181762695,0.0,0.0,ASAI3,01-12-2024
5.630000114440918,7.010000228881836,5.289999961853027,6.739999771118164,404020400,6.619754791259766,0.092701,0.0,ASAI3,01-01-2025
6.71999979019165,7.989999771118164,6.579999923706055,6.670000076293945,411859000,6.6595001220703125,0.0,0.0,ASAI3,01-02-2025
6.670000076293945,8.3100004196167,6.28000020980835,7.539999961853027,289533300,7.528130531311035,0.0,0.0,ASAI3,01-03-2025
7.550000190734863,9.479999542236328,7.489999771118164,9.1899995803833,274564900,9.175532341003418,0.014546,0.0,ASAI3,01-04-2025
9.1899995803833,11.550000190734863,8.779999732971191,11.220000267028809,315833400,11.220000267028809,0.0,0.0,ASAI3,01-05-2025
11.3100004196167,12.039999961853027,10.40999984741211,11.260000228881836,233759700,11.260000228881836,0.0,0.0,ASAI3,01-06-2025
11.25,11.369999885559082,9.40999984741211,9.40999984741211,304129600,9.40999984741211,0.0,0.0,ASAI3,01-07-2025
9.539999961853027,10.649999618530273,9.470000267028809,10.520000457763672,361772100,10.520000457763672,0.0,0.0,ASAI3,01-08-2025
10.729999542236328,10.760000228881836,9.880000114440918,9.9399995803833,88005000,9.9399995803833,0.0,0.0,ASAI3,01-09-2025
10.010000228881836,10.170000076293945,9.770000457763672,9.850000381469727,39022800,9.850000381469727,0.0,0.0,ASAI3,11-09-2025
4.498051166534424,5.128774166107178,3.7245850563049316,3.741183042526245,154962556,1.9866334199905396,0.268887,0.0,DIRR3,01-10-2020
3.741183042526245,4.38186502456665,3.661513090133667,4.15613317489624,81971129,2.3352184295654297,0.0,0.0,DIRR3,01-11-2020
4.225843906402588,4.508009910583496,4.049905776977539,4.3453497886657715,72619385,2.4415338039398193,0.0,0.0,DIRR3,01-12-2020
4.3453497886657715,4.986032009124756,4.1428542137146,4.617556095123291,122440822,2.5944793224334717,0.0,0.0,DIRR3,01-01-2021
4.687267780303955,4.98935079574585,4.235803127288818,4.259039878845215,62548884,2.393038749694824,0.0,0.0,DIRR3,01-02-2021
4.332070827484131,4.488091945648193,3.701348066329956,4.122937202453613,86970231,2.316566228866577,0.0,0.0,DIRR3,01-03-2021
4.1328959465026855,4.514648914337158,4.00675106048584,4.249081134796143,72791995,2.3874433040618896,0.0,0.0,DIRR3,01-04-2021
4.2723188400268555,4.830010890960693,4.1328959465026855,4.527926921844482,104184980,2.544118881225586,0.229052,0.0,DIRR3,01-05-2021
4.564443111419678,5.118814945220947,4.564443111419678,4.647432804107666,105399889,2.744140148162842,0.0,0.0,DIRR3,01-06-2021
4.620875835418701,4.727103233337402,4.1030192375183105,4.219204902648926,96756663,2.4912872314453125,0.0,0.0,DIRR3,01-07-2021
4.262360095977783,4.664031028747559,3.727905035018921,4.215885162353516,132364623,2.4893271923065186,0.0,0.0,DIRR3,01-08-2021
4.222525119781494,4.255721092224121,3.654874086380005,3.7909770011901855,84479264,2.238434314727783,0.0,0.0,DIRR3,01-09-2021
3.76774001121521,4.3851847648620605,3.110460042953491,3.1668930053710938,118823512,1.869935393333435,0.0,0.0,DIRR3,01-10-2021
3.2000889778137207,3.8872458934783936,3.1403369903564453,3.379347085952759,96637675,1.9953817129135132,0.0,0.0,DIRR3,01-11-2021
3.4125430583953857,4.411742210388184,3.379347085952759,4.219204902648926,128423781,2.4912872314453125,0.0,0.0,DIRR3,01-12-2021
4.219204902648926,4.597639083862305,3.379347085952759,4.564443111419678,109827838,2.6951377391815186,0.0,0.0,DIRR3,01-01-2022
4.557804107666016,4.7304229736328125,3.8938848972320557,4.039947032928467,77160300,2.385442018508911,0.0,0.0,DIRR3,01-02-2022
4.039947032928467,4.195968151092529,3.2465639114379883,4.036626815795898,147291440,2.383481502532959,0.0,0.0,DIRR3,01-03-2022
4.053225040435791,4.212565898895264,3.7113070487976074,3.8175339698791504,76898826,2.254115104675293,0.0,0.0,DIRR3,01-04-2022
3.8175339698791504,3.9270811080932617,3.249882936477661,3.6515541076660156,107362778,2.1561102867126465,0.0,0.0,DIRR3,01-05-2022
3.6714720726013184,3.761101007461548,3.004232883453369,3.422502040863037,105638170,2.0208630561828613,0.0,0.0,DIRR3,01-06-2022
3.3660690784454346,4.013390064239502,3.3527910709381104,3.9303998947143555,102251914,2.32075834274292,0.468063,0.0,DIRR3,01-07-2022
3.933720111846924,4.4847731590271,3.7378640174865723,4.298874855041504,117492327,2.8881871700286865,0.0,0.0,DIRR3,01-08-2022
4.288917064666748,5.633353233337402,4.288917064666748,5.593516826629639,133111700,3.757988691329956,0.0,0.0,DIRR3,01-09-2022
5.643311023712158,6.1113739013671875,5.165289878845215,5.6798272132873535,135549652,3.81597638130188,0.0,0.0,DIRR3,01-10-2022
5.805972099304199,5.9653120040893555,4.119616985321045,4.913000106811523,187755411,3.300785779953003,0.0,0.0,DIRR3,01-11-2022
4.913000106811523,5.410940170288086,4.398462772369385,5.191845893859863,175376493,3.488126754760742,0.232372,0.0,DIRR3,01-12-2022
5.1154961585998535,5.384383201599121,4.6972270011901855,5.301393032073975,123581020,3.7443790435791016,0.0,0.0,DIRR3,01-01-2023
5.308032035827637,5.450775146484375,4.8366498947143555,5.108857154846191,105348075,3.6083908081054688,0.0,0.0,DIRR3,01-02-2023
5.168609142303467,5.819250106811523,4.813413143157959,5.304712772369385,160064080,3.7467241287231445,0.0,0.0,DIRR3,01-03-2023
5.311351776123047,5.766136169433594,4.793495178222656,5.211763858795166,129928782,3.6810734272003174,0.0,0.0,DIRR3,01-04-2023
5.211763858795166,5.922156810760498,4.813413143157959,5.799332141876221,149967973,4.096073627471924,0.0,0.0,DIRR3,01-05-2023
5.815929889678955,6.75,5.759497165679932,6.550000190734863,160012799,4.626271724700928,0.0,0.0,DIRR3,01-06-2023
6.570000171661377,7.096665859222412,6.063333034515381,7.033332824707031,178142100,4.967649936676025,0.0,0.0,DIRR3,01-07-2023
7.03000020980835,7.493332862854004,6.613333225250244,6.75,129691500,4.7675323486328125,0.0,0.0,DIRR3,01-08-2023
6.8333330154418945,6.989999771118164,5.736666202545166,6.3933329582214355,151023300,4.515617370605469,0.0,0.0,DIRR3,01-09-2023
6.356666088104248,6.360000133514404,5.466666221618652,5.786665916442871,149259300,4.087127685546875,0.0,0.0,DIRR3,01-10-2023
5.786665916442871,6.960000038146973,5.699999809265137,6.650000095367432,141022200,4.696901321411133,0.0,0.0,DIRR3,01-11-2023
6.650000095367432,7.539999961853027,6.389999866485596,7.4633331298828125,118876800,5.271359920501709,0.47,0.0,DIRR3,01-12-2023
7.4633331298828125,7.496665954589844,6.926665782928467,7.263332843780518,103659900,5.521518707275391,0.0,0.0,DIRR3,01-01-2024
7.309999942779541,8.046666145324707,7.0833330154418945,7.889999866485596,101360400,5.997905731201172,0.0,0.0,DIRR3,01-02-2024
7.889999866485596,8.579999923706055,7.846665859222412,8.543333053588867,95762700,6.494563579559326,0.0,0.0,DIRR3,01-03-2024
8.566665649414062,8.59000015258789,7.320000171661377,7.7733330726623535,134930400,5.90921688079834,0.0,0.0,DIRR3,01-04-2024
7.7733330726623535,8.779999732971191,7.7733330726623535,8.229999542236328,111288600,6.2563700675964355,0.0,0.0,DIRR3,01-05-2024
8.220000267028809,9.020000457763672,8.09333324432373,8.863332748413086,127650300,6.737823963165283,0.0,0.0,DIRR3,01-06-2024
8.906665802001953,9.760000228881836,8.69333267211914,9.266666412353516,143623800,7.044435024261475,0.533333,0.0,DIRR3,01-07-2024
9.313332557678223,10.056666374206543,8.670000076293945,9.643333435058594,108241200,7.761995792388916,0.0,0.0,DIRR3,01-08-2024
9.643333435058594,11.296666145324707,9.59000015258789,10.083333015441895,128727900,8.116154670715332,0.153333,0.0,DIRR3,01-09-2024
10.083333015441895,10.543333053588867,9.579999923706055,10.426666259765625,118989900,8.510098457336426,0.0,0.0,DIRR3,01-10-2024
10.483332633972168,10.760000228881836,9.013333320617676,9.649999618530273,124367100,7.876193523406982,0.0,0.0,DIRR3,01-11-2024
9.583333015441895,10.539999961853027,8.653332710266113,8.866665840148926,162354900,7.236847877502441,0.0,0.0,DIRR3,01-12-2024
8.866665840148926,9.706665992736816,7.960000038146973,9.59333324432373,143600700,7.829943656921387,1.27,0.0,DIRR3,01-01-2025
9.59333324432373,10.853333473205566,9.486665725708008,9.783332824707031,100440000,9.32228946685791,0.0,0.0,DIRR3,01-02-2025
9.783332824707031,11.016666412353516,9.426666259765625,10.476666450500488,116055300,9.982949256896973,0.0,0.0,DIRR3,01-03-2025
10.4399995803833,12.276665687561035,10.383333206176758,12.116665840148926,122448600,11.545662879943848,0.0,0.0,DIRR3,01-04-2025
12.116665840148926,13.666666030883789,11.836666107177734,13.553333282470703,139115400,12.914627075195312,0.0,0.0,DIRR3,01-05-2025
13.649999618530273,14.44333267211914,13.103333473205566,13.60666561126709,98254800,12.965446472167969,0.666667,0.0,DIRR3,01-06-2025
13.603333473205566,13.833333015441895,12.533332824707031,12.996665954589844,101948700,12.996665954589844,0.0,3.0,DIRR3,01-07-2025
13.133333206176758,15.670000076293945,12.826665878295898,15.449999809265137,94183600,15.449999809265137,0.0,3.0,DIRR3,01-08-2025
15.359999656677246,16.25,14.859999656677246,15.199999809265137,37898800,15.199999809265137,0.0,0.0,DIRR3,01-09-2025
15.319999694824219,15.449999809265137,15.130000114440918,15.149999618530273,2190700,15.149999618530273,0.0,0.0,DIRR3,11-09-2025
23.299999237060547,27.579999923706055,22.469999313354492,22.790000915527344,150872800,17.689407348632812,0.0,,CYRE3,01-10-2020
22.790000915527344,28.440000534057617,22.420000076293945,27.059999465942383,136380000,21.003742218017578,0.0,,CYRE3,01-11-2020
27.719999313354492,31.899999618530273,27.200000762939453,29.479999542236328,127834100,22.882122039794922,1.560452,,CYRE3,01-12-2020
29.479999542236328,30.219999313354492,25.15999984741211,25.6299991607666,105248800,20.923431396484375,0.0,,CYRE3,01-01-2021
26.0,28.75,24.43000030517578,24.799999237060547,107662600,20.245847702026367,0.0,,CYRE3,01-02-2021
25.010000228881836,25.65999984741211,21.829999923706055,24.649999618530273,187314700,20.123394012451172,0.0,,CYRE3,01-03-2021
24.739999771118164,26.229999542236328,23.520000457763672,23.530000686645508,93748300,19.20906639099121,1.087273,,CYRE3,01-04-2021
23.6299991607666,24.489999771118164,21.56999969482422,23.899999618530273,134700700,20.380447387695312,0.0,,CYRE3,01-05-2021
24.100000381469727,26.540000915527344,22.18000030517578,23.34000015258789,148579900,19.902912139892578,0.0,,CYRE3,01-06-2021
23.450000762939453,23.90999984741211,20.709999084472656,20.850000381469727,111535400,17.77959442138672,0.0,,CYRE3,01-07-2021
21.149999618530273,21.489999771118164,17.899999618530273,20.219999313354492,179620000,17.242368698120117,0.0,,CYRE3,01-08-2021
20.40999984741211,20.59000015258789,17.709999084472656,18.0,158520800,15.349289894104004,0.0,,CYRE3,01-09-2021
18.010000228881836,18.940000534057617,14.020000457763672,14.09000015258789,190188400,12.015082359313965,0.0,,CYRE3,01-10-2021
14.300000190734863,17.030000686645508,13.199999809265137,13.600000381469727,151717700,11.597241401672363,0.0,,CYRE3,01-11-2021
13.760000228881836,16.65999984741211,13.15999984741211,15.760000228881836,153255700,13.439155578613281,0.0,,CYRE3,01-12-2021
15.920000076293945,17.610000610351562,13.390000343322754,17.479999542236328,175495800,14.905864715576172,0.0,,CYRE3,01-01-2022
17.469999313354492,17.65999984741211,14.430000305175781,15.180000305175781,109647500,12.94456672668457,0.0,,CYRE3,01-02-2022
15.180000305175781,19.170000076293945,13.539999961853027,17.489999771118164,209964400,14.914393424987793,0.0,,CYRE3,01-03-2022
17.639999389648438,18.079999923706055,14.0600004196167,14.149999618530273,120196700,12.066246032714844,0.564779,,CYRE3,01-04-2022
14.149999618530273,15.390000343322754,13.619999885559082,13.649999618530273,133297000,12.097506523132324,0.0,,CYRE3,01-05-2022
13.680000305175781,13.949999809265137,11.550000190734863,11.819999694824219,136876900,10.475643157958984,0.0,,CYRE3,01-06-2022
11.75,13.510000228881836,11.640000343322754,12.630000114440918,111091500,11.19351863861084,0.0,,CYRE3,01-07-2022
12.630000114440918,15.6899995803833,12.430000305175781,14.15999984741211,149630300,12.5495023727417,0.0,,CYRE3,01-08-2022
14.220000267028809,18.520000457763672,14.220000267028809,18.350000381469727,235742000,16.262948989868164,0.0,,CYRE3,01-09-2022
19.100000381469727,20.6299991607666,16.610000610351562,18.600000381469727,210321000,16.48451805114746,0.0,,CYRE3,01-10-2022
18.780000686645508,18.90999984741211,12.699999809265137,14.359999656677246,206905200,12.726755142211914,0.0,,CYRE3,01-11-2022
14.359999656677246,15.020000457763672,11.579999923706055,13.069999694824219,176095800,11.583473205566406,0.0,,CYRE3,01-12-2022
12.890000343322754,15.329999923706055,12.239999771118164,15.180000305175781,156250400,13.453492164611816,0.0,,CYRE3,01-01-2023
15.15999984741211,15.859999656677246,13.829999923706055,14.979999542236328,160761400,13.276239395141602,0.0,,CYRE3,01-02-2023
15.069999694824219,16.760000228881836,13.010000228881836,14.079999923706055,135072700,12.478601455688477,0.0,,CYRE3,01-03-2023
13.970000267028809,16.239999771118164,13.5600004196167,15.449999809265137,91214600,13.692784309387207,0.0,,CYRE3,01-04-2023
15.449999809265137,19.149999618530273,14.550000190734863,18.68000030517578,128651000,16.555418014526367,0.511295,,CYRE3,01-05-2023
18.809999465942383,20.450000762939453,18.6200008392334,20.1299991607666,143738300,18.46108055114746,0.0,,CYRE3,01-06-2023
20.209999084472656,24.219999313354492,19.459999084472656,23.81999969482422,125352100,21.845155715942383,0.0,,CYRE3,01-07-2023
23.610000610351562,25.899999618530273,22.3799991607666,22.440000534057617,132869800,20.57956886291504,0.0,,CYRE3,01-08-2023
22.649999618530273,23.100000381469727,19.469999313354492,20.270000457763672,119148300,18.589475631713867,0.0,,CYRE3,01-09-2023
20.200000762939453,20.200000762939453,17.440000534057617,17.989999771118164,110586200,16.498502731323242,0.0,,CYRE3,01-10-2023
18.18000030517578,21.950000762939453,17.860000610351562,21.84000015258789,126035400,20.029314041137695,0.0,,CYRE3,01-11-2023
21.959999084472656,25.059999465942383,21.3700008392334,24.079999923706055,108685300,22.083599090576172,0.333404,,CYRE3,01-12-2023
24.079999923706055,24.079999923706055,21.299999237060547,22.360000610351562,124686800,20.8142147064209,0.0,,CYRE3,01-01-2024
22.450000762939453,24.149999618530273,21.6200008392334,24.049999237060547,78582000,22.387380599975586,0.0,,CYRE3,01-02-2024
24.020000457763672,25.780000686645508,23.510000228881836,24.940000534057617,95753300,23.21585464477539,0.0,,CYRE3,01-03-2024
25.0,25.219999313354492,20.299999237060547,20.299999237060547,145889200,18.896625518798828,0.596783,,CYRE3,01-04-2024
20.780000686645508,22.100000381469727,18.940000534057617,19.110000610351562,108879500,18.309717178344727,0.0,,CYRE3,01-05-2024
19.100000381469727,20.459999084472656,18.450000762939453,18.850000381469727,119495900,18.060606002807617,0.0,,CYRE3,01-06-2024
18.850000381469727,21.25,18.450000762939453,19.489999771118164,122257000,18.673803329467773,0.0,,CYRE3,01-07-2024
19.6299991607666,22.920000076293945,18.739999771118164,21.81999969482422,124493900,20.90622901916504,0.0,,CYRE3,01-08-2024
21.6200008392334,22.790000915527344,19.809999465942383,20.520000457763672,106746000,19.66067123413086,0.0,,CYRE3,01-09-2024
20.829999923706055,22.719999313354492,20.489999771118164,21.739999771118164,136880300,20.829578399658203,0.0,,CYRE3,01-10-2024
21.959999084472656,22.43000030517578,17.799999237060547,18.399999618530273,131385600,17.62944984436035,0.0,,CYRE3,01-11-2024
18.450000762939453,20.010000228881836,16.90999984741211,16.950000762939453,180635500,16.24017333984375,0.0,,CYRE3,01-12-2024
16.899999618530273,20.84000015258789,16.110000610351562,20.43000030517578,132566900,19.574440002441406,0.0,,CYRE3,01-01-2025
20.270000457763672,22.889999389648438,20.1200008392334,20.75,105577100,19.881038665771484,0.0,,CYRE3,01-02-2025
20.75,24.700000762939453,20.25,23.899999618530273,110165000,22.89912223815918,0.0,,CYRE3,01-03-2025
23.93000030517578,27.049999237060547,23.739999771118164,24.790000915527344,121111100,23.751853942871094,1.069137,,CYRE3,01-04-2025
24.790000915527344,26.969999313354492,23.6299991607666,24.969999313354492,124234900,24.969999313354492,0.0,,CYRE3,01-05-2025
25.18000030517578,26.299999237060547,24.059999465942383,26.139999389648438,82812800,26.139999389648438,0.0,,CYRE3,01-06-2025
26.270000457763672,27.020000457763672,24.040000915527344,24.520000457763672,116972700,24.520000457763672,0.0,,CYRE3,01-07-2025
24.639999389648438,28.43000030517578,23.8700008392334,28.1200008392334,126399800,28.1200008392334,0.0,,CYRE3,01-08-2025
28.1200008392334,29.459999084472656,27.260000228881836,29.110000610351562,31687700,29.110000610351562,0.0,,CYRE3,01-09-2025
29.399999618530273,30.8799991607666,29.31999969482422,30.690000534057617,9250700,30.690000534057617,0.0,,CYRE3,11-09-2025
9.242193222045898,9.344147682189941,8.084932327270508,8.202776908874512,234642263,7.684878826141357,0.0,,PCAR3,01-10-2020
8.202776908874512,9.685765266418457,8.136571884155273,9.169366836547852,241794311,8.590441703796387,0.0,,PCAR3,01-11-2020
9.218358993530273,10.14787483215332,8.752277374267578,9.937342643737793,211097908,9.309929847717285,0.0,,PCAR3,01-12-2020
9.937342643737793,10.627198219299316,9.481854438781738,9.994278907775879,210125926,9.363271713256836,0.0,,PCAR3,01-01-2021
10.154495239257812,12.022794723510742,9.9995756149292,10.989999771118164,530544144,10.296125411987305,0.0,,PCAR3,01-02-2021
18.0,35.5,17.40999984741211,33.18000030517578,241119100,31.08511734008789,0.0,,PCAR3,01-03-2021
33.2599983215332,41.150001525878906,31.770000457763672,40.72999954223633,147324400,38.1584358215332,0.0,,PCAR3,01-04-2021
41.310001373291016,42.0,34.400001525878906,39.43000030517578,82267400,36.940513610839844,1.948627,,PCAR3,01-05-2021
39.709999084472656,41.83000183105469,37.349998474121094,38.65999984741211,74030500,38.08866500854492,0.0,,PCAR3,01-06-2021
38.849998474121094,39.59000015258789,31.0,31.030000686645508,62092100,30.571426391601562,0.0,,PCAR3,01-07-2021
31.670000076293945,31.780000686645508,28.329999923706055,28.329999923706055,44449000,27.911327362060547,0.0,,PCAR3,01-08-2021
28.450000762939453,28.950000762939453,25.200000762939453,25.739999771118164,51299200,25.359601974487305,0.0,,PCAR3,01-09-2021
25.709999084472656,33.220001220703125,23.540000915527344,25.530000686645508,112676300,25.152708053588867,0.0,,PCAR3,01-10-2021
25.729999542236328,26.020000457763672,22.049999237060547,22.399999618530273,59604500,22.06896209716797,0.0,,PCAR3,01-11-2021
22.639999389648438,23.860000610351562,21.329999923706055,21.729999542236328,46833400,21.408864974975586,0.0,,PCAR3,01-12-2021
21.729999542236328,22.850000381469727,18.889999389648438,22.6299991607666,57642500,22.295562744140625,0.0,,PCAR3,01-01-2022
22.6200008392334,23.6299991607666,20.950000762939453,23.299999237060547,40261500,22.95566177368164,0.0,,PCAR3,01-02-2022
23.299999237060547,25.5,21.940000534057617,24.149999618530273,61538000,23.793100357055664,0.0,,PCAR3,01-03-2022
24.389999389648438,26.299999237060547,20.329999923706055,20.329999923706055,40798600,20.02955436706543,0.317293,,PCAR3,01-04-2022
20.350000381469727,22.969999313354492,19.860000610351562,20.229999542236328,46996300,20.229999542236328,0.0,,PCAR3,01-05-2022
20.219999313354492,20.81999969482422,16.06999969482422,16.34000015258789,53730500,16.34000015258789,0.0,,PCAR3,01-06-2022
16.290000915527344,18.1299991607666,14.84000015258789,16.309999465942383,55506000,16.309999465942383,0.0,,PCAR3,01-07-2022
16.290000915527344,21.790000915527344,15.399999618530273,21.690000534057617,68072200,21.690000534057617,0.0,,PCAR3,01-08-2022
21.690000534057617,24.40999984741211,19.09000015258789,19.389999389648438,82175600,19.389999389648438,0.0,,PCAR3,01-09-2022
19.969999313354492,22.209999084472656,19.280000686645508,22.049999237060547,45656900,22.049999237060547,0.0,,PCAR3,01-10-2022
22.030000686645508,22.829999923706055,17.579999923706055,20.770000457763672,62670000,20.770000457763672,0.0,,PCAR3,01-11-2022
20.690000534057617,20.8799991607666,16.239999771118164,16.520000457763672,57805200,16.520000457763672,0.0,,PCAR3,01-12-2022
16.600000381469727,20.979999542236328,15.75,20.719999313354492,73142600,20.719999313354492,0.0,,PCAR3,01-01-2023
20.81999969482422,21.049999237060547,15.020000457763672,15.539999961853027,93555200,15.539999961853027,0.0,,PCAR3,01-02-2023
15.510000228881836,15.720000267028809,13.359999656677246,14.729999542236328,77944600,14.729999542236328,0.0,,PCAR3,01-03-2023
14.680000305175781,16.299999237060547,14.010000228881836,15.0,52633300,15.0,0.0,,PCAR3,01-04-2023
15.0,17.850000381469727,13.84000015258789,16.280000686645508,56483400,16.280000686645508,0.0,,PCAR3,01-05-2023
16.290000915527344,18.959999084472656,15.529999732971191,18.709999084472656,59272500,18.709999084472656,0.0,,PCAR3,01-06-2023
18.709999084472656,23.299999237060547,18.329999923706055,20.700000762939453,64964900,20.700000762939453,0.0,,PCAR3,01-07-2023
20.559999465942383,21.459999084472656,4.929999828338623,4.940000057220459,143507900,4.940000057220459,0.0,,PCAR3,01-08-2023
5.010000228881836,5.119999885559082,3.2100000381469727,3.5,192303700,3.5,0.0,,PCAR3,01-09-2023
3.5299999713897705,4.059999942779541,3.1500000953674316,3.619999885559082,207556200,3.619999885559082,0.0,,PCAR3,01-10-2023
3.5999999046325684,4.019999980926514,3.319999933242798,3.3499999046325684,132450500,3.3499999046325684,0.0,,PCAR3,01-11-2023
3.369999885559082,4.340000152587891,3.3399999141693115,4.059999942779541,187248400,4.059999942779541,0.0,,PCAR3,01-12-2023
4.059999942779541,5.559999942779541,3.6700000762939453,3.9100000858306885,272218100,3.9100000858306885,0.0,,PCAR3,01-01-2024
3.9600000381469727,4.460000038146973,3.5,3.811081886291504,196968057,3.811081886291504,0.0,,PCAR3,01-02-2024
4.0,4.059999942779541,2.930000066757202,2.9600000381469727,365393000,2.9600000381469727,0.0,,PCAR3,01-03-2024
2.990000009536743,3.0299999713897705,2.3499999046325684,2.930000066757202,449694300,2.930000066757202,0.0,,PCAR3,01-04-2024
2.930000066757202,3.569999933242798,2.869999885559082,2.869999885559082,267945100,2.869999885559082,0.0,,PCAR3,01-05-2024
2.859999895095825,3.1500000953674316,2.5799999237060547,2.700000047683716,257381800,2.700000047683716,0.0,,PCAR3,01-06-2024
2.7100000381469727,3.450000047683716,2.5799999237060547,2.6500000953674316,335044900,2.6500000953674316,0.0,,PCAR3,01-07-2024
2.6700000762939453,3.440000057220459,2.559999942779541,3.130000114440918,310984200,3.130000114440918,0.0,,PCAR3,01-08-2024
3.119999885559082,3.2799999713897705,2.740000009536743,2.819999933242798,173469800,2.819999933242798,0.0,,PCAR3,01-09-2024
2.8299999237060547,3.450000047683716,2.75,3.0,296800500,3.0,0.0,,PCAR3,01-10-2024
3.0199999809265137,3.240000009536743,2.569999933242798,2.640000104904175,241481700,2.640000104904175,0.0,,PCAR3,01-11-2024
2.640000104904175,2.940000057220459,2.180000066757202,2.549999952316284,412441400,2.549999952316284,0.0,,PCAR3,01-12-2024
2.549999952316284,2.9100000858306885,2.5299999713897705,2.700000047683716,225111400,2.700000047683716,0.0,,PCAR3,01-01-2025
2.7300000190734863,3.180000066757202,2.4700000286102295,2.5299999713897705,222070100,2.5299999713897705,0.0,,PCAR3,01-02-2025
2.5299999713897705,3.1600000858306885,2.3499999046325684,3.0899999141693115,135283200,3.0899999141693115,0.0,,PCAR3,01-03-2025
3.0399999618530273,4.949999809265137,2.950000047683716,4.230000019073486,440464800,4.230000019073486,0.0,,PCAR3,01-04-2025
4.230000019073486,4.239999771118164,2.700000047683716,3.009999990463257,324876200,3.009999990463257,0.0,,PCAR3,01-05-2025
3.0399999618530273,3.200000047683716,2.9100000858306885,3.0799999237060547,146688900,3.0799999237060547,0.0,,PCAR3,01-06-2025
3.069999933242798,3.950000047683716,3.049999952316284,3.5199999809265137,251911600,3.5199999809265137,0.0,,PCAR3,01-07-2025
3.609999895095825,3.8399999141693115,2.609999895095825,3.5899999141693115,369931900,3.5899999141693115,0.0,,PCAR3,01-08-2025
3.5899999141693115,4.5,3.450000047683716,4.269999980926514,167312500,4.269999980926514,0.0,,PCAR3,01-09-2025
4.340000152587891,4.420000076293945,4.099999904632568,4.119999885559082,11701400,4.119999885559082,0.0,,PCAR3,11-09-2025
27.540000915527344,29.889999389648438,27.030000686645508,27.8700008392334,63241800,20.367443084716797,0.0,,CPFE3,01-10-2020
27.8700008392334,31.8799991607666,27.719999313354492,31.350000381469727,51384500,22.910634994506836,0.0,,CPFE3,01-11-2020
31.34000015258789,33.13999938964844,29.829999923706055,32.54999923706055,45581500,23.787595748901367,0.0,,CPFE3,01-12-2020
32.54999923706055,32.630001068115234,30.149999618530273,31.110000610351562,40640600,22.735240936279297,0.0,,CPFE3,01-01-2021
31.540000915527344,34.06999969482422,28.700000762939453,28.860000610351562,53671600,21.0909366607666,0.0,,CPFE3,01-02-2021
28.969999313354492,31.850000381469727,27.3799991607666,30.420000076293945,60308000,22.230987548828125,0.0,,CPFE3,01-03-2021
30.6200008392334,31.389999389648438,29.350000381469727,29.350000381469727,47615800,21.44902992248535,0.0,,CPFE3,01-04-2021
27.969999313354492,29.649999618530273,26.899999618530273,28.709999084472656,46119900,20.98131561279297,1.501834,,CPFE3,01-05-2021
28.8700008392334,30.079999923706055,26.520000457763672,26.90999984741211,31979200,20.7264404296875,0.0,,CPFE3,01-06-2021
26.81999969482422,27.399999618530273,25.280000686645508,25.31999969482422,31973700,19.501800537109375,0.0,,CPFE3,01-07-2021
25.600000381469727,29.200000762939453,24.260000228881836,29.040000915527344,56959300,22.36699867248535,0.0,,CPFE3,01-08-2021
27.520000457763672,28.40999984741211,26.709999084472656,26.93000030517578,42800600,20.741846084594727,1.501832,,CPFE3,01-09-2021
27.200000762939453,27.31999969482422,24.209999084472656,26.309999465942383,54392600,21.36945343017578,0.0,,CPFE3,01-10-2021
26.56999969482422,28.649999618530273,24.899999618530273,26.399999618530273,127552500,21.442554473876953,0.0,,CPFE3,01-11-2021
26.530000686645508,28.540000915527344,26.239999771118164,26.649999618530273,59125100,21.64560890197754,0.697762,,CPFE3,01-12-2021
26.93000030517578,29.09000015258789,24.530000686645508,28.93000030517578,53509700,24.116117477416992,0.0,,CPFE3,01-01-2022
29.059999465942383,31.09000015258789,27.860000610351562,30.260000228881836,49035700,25.224807739257812,0.0,,CPFE3,01-02-2022
30.260000228881836,33.52000045776367,28.959999084472656,32.27000045776367,75405500,26.900348663330078,0.0,,CPFE3,01-03-2022
32.5,36.900001525878906,32.369998931884766,36.150001525878906,76875700,30.134729385375977,0.0,,CPFE3,01-04-2022
32.560001373291016,36.900001525878906,31.6200008392334,33.70000076293945,109312300,28.0924015045166,3.242281,,CPFE3,01-05-2022
34.25,36.619998931884766,30.299999237060547,30.8799991607666,66126300,28.277873992919922,0.0,,CPFE3,01-06-2022
30.8799991607666,32.91999816894531,30.25,32.84000015258789,35079300,30.07271385192871,0.0,,CPFE3,01-07-2022
33.22999954223633,36.619998931884766,31.84000015258789,34.970001220703125,50461000,32.02322769165039,0.0,,CPFE3,01-08-2022
35.040000915527344,37.060001373291016,33.27000045776367,33.7599983215332,54797100,30.91518783569336,0.0,,CPFE3,01-09-2022
34.25,36.150001525878906,32.310001373291016,35.41999816894531,54403200,32.435306549072266,0.0,,CPFE3,01-10-2022
35.22999954223633,37.040000915527344,32.2400016784668,34.900001525878906,38967100,31.95912742614746,0.0,,CPFE3,01-11-2022
34.619998931884766,35.13999938964844,29.559999465942383,33.20000076293945,40597200,30.40237808227539,0.0,,CPFE3,01-12-2022
32.720001220703125,34.0,31.3700008392334,33.279998779296875,37103800,30.475637435913086,0.0,,CPFE3,01-01-2023
33.279998779296875,34.150001525878906,29.56999969482422,30.290000915527344,33959100,27.737592697143555,0.0,,CPFE3,01-02-2023
30.290000915527344,32.47999954223633,28.90999984741211,31.649999618530273,56404900,28.982990264892578,0.0,,CPFE3,01-03-2023
31.920000076293945,34.33000183105469,31.110000610351562,33.13999938964844,36577400,30.347434997558594,0.0,,CPFE3,01-04-2023
33.13999938964844,33.13999938964844,30.190000534057617,30.280000686645508,45999400,27.728435516357422,2.102229,,CPFE3,01-05-2023
30.399999618530273,34.66999816894531,29.350000381469727,34.38999938964844,59652700,33.62510299682617,0.0,,CPFE3,01-06-2023
34.439998626708984,36.34000015258789,33.880001068115234,35.779998779296875,31469900,34.98418426513672,0.0,,CPFE3,01-07-2023
35.779998779296875,36.79999923706055,33.61000061035156,34.150001525878906,38284200,33.39044189453125,0.783358,,CPFE3,01-08-2023
34.349998474121094,36.119998931884766,33.36000061035156,33.61000061035156,34111200,33.61000061035156,0.0,,CPFE3,01-09-2023
33.54999923706055,34.400001525878906,31.940000534057617,33.439998626708984,34880800,33.439998626708984,0.0,,CPFE3,01-10-2023
33.65999984741211,37.38999938964844,33.59000015258789,37.04999923706055,31040800,37.04999923706055,0.0,,CPFE3,01-11-2023
37.119998931884766,38.959999084472656,36.65999984741211,38.5099983215332,29154000,38.5099983215332,0.0,,CPFE3,01-12-2023
38.5099983215332,39.0,35.540000915527344,36.2599983215332,38763200,36.2599983215332,0.0,,CPFE3,01-01-2024
36.470001220703125,36.900001525878906,34.560001373291016,35.38999938964844,38255600,35.38999938964844,0.0,,CPFE3,01-02-2024
35.40999984741211,35.790000915527344,33.290000915527344,34.810001373291016,46355000,34.810001373291016,0.0,,CPFE3,01-03-2024
34.900001525878906,36.5,31.860000610351562,31.899999618530273,46984000,31.899999618530273,0.0,,CPFE3,01-04-2024
32.209999084472656,35.209999084472656,30.889999389648438,34.099998474121094,47530400,34.099998474121094,0.0,,CPFE3,01-05-2024
34.099998474121094,34.869998931884766,32.040000915527344,32.72999954223633,29085300,32.72999954223633,0.0,,CPFE3,01-06-2024
32.88999938964844,33.93000030517578,32.310001373291016,32.47999954223633,29510700,32.47999954223633,0.0,,CPFE3,01-07-2024
32.470001220703125,34.16999816894531,32.279998779296875,34.09000015258789,36010300,34.09000015258789,0.0,,CPFE3,01-08-2024
33.529998779296875,35.13999938964844,32.86000061035156,33.93000030517578,37040300,33.93000030517578,0.0,,CPFE3,01-09-2024
33.93000030517578,34.45000076293945,32.400001525878906,32.77000045776367,49462400,32.77000045776367,0.0,,CPFE3,01-10-2024
32.75,33.880001068115234,32.02000045776367,32.619998931884766,32150900,32.619998931884766,0.0,,CPFE3,01-11-2024
32.59000015258789,32.91999816894531,31.190000534057617,31.59000015258789,32139600,31.59000015258789,0.0,,CPFE3,01-12-2024
31.59000015258789,34.66999816894531,30.93000030517578,34.380001068115234,35903200,34.380001068115234,0.0,,CPFE3,01-01-2025
34.47999954223633,36.04999923706055,33.060001373291016,35.08000183105469,49667500,35.08000183105469,0.0,,CPFE3,01-02-2025
35.08000183105469,39.22999954223633,34.939998626708984,37.70000076293945,49028700,37.70000076293945,0.0,,CPFE3,01-03-2025
37.68000030517578,40.189998626708984,36.060001373291016,38.189998626708984,35202200,38.189998626708984,0.0,,CPFE3,01-04-2025
38.150001525878906,41.47999954223633,36.79999923706055,40.4900016784668,29436800,40.4900016784668,0.0,,CPFE3,01-05-2025
40.56999969482422,41.47999954223633,39.75,40.86000061035156,22182900,40.86000061035156,0.0,,CPFE3,01-06-2025
40.959999084472656,41.290000915527344,37.0099983215332,37.90999984741211,25674900,37.90999984741211,0.0,,CPFE3,01-07-2025
38.310001373291016,40.77000045776367,37.400001525878906,39.369998931884766,32118600,39.369998931884766,0.0,,CPFE3,01-08-2025
39.5,39.58000183105469,37.439998626708984,37.81999969482422,9064900,37.81999969482422,0.0,,CPFE3,01-09-2025
38.099998474121094,38.349998474121094,37.7599983215332,38.2599983215332,777800,38.2599983215332,0.0,,CPFE3,11-09-2025
46.65999984741211,47.709999084472656,42.06999969482422,42.5,64026100,38.127803802490234,0.0,,SBSP3,01-10-2020
42.5,47.52000045776367,41.959999084472656,44.540000915527344,78927600,39.957942962646484,0.0,,SBSP3,01-11-2020
45.47999954223633,48.83000183105469,42.84000015258789,44.439998626708984,70144000,39.868221282958984,0.0,,SBSP3,01-12-2020
44.439998626708984,45.029998779296875,39.5,40.869998931884766,76850200,36.665489196777344,0.0,,SBSP3,01-01-2021
41.369998931884766,43.5,36.79999923706055,36.79999923706055,99478100,33.01419448852539,0.0,,SBSP3,01-02-2021
37.209999084472656,43.119998931884766,34.119998931884766,41.20000076293945,112433600,36.96154022216797,0.0,,SBSP3,01-03-2021
41.189998626708984,43.88999938964844,40.540000915527344,42.779998779296875,59339600,38.378997802734375,0.3979,,SBSP3,01-04-2021
41.959999084472656,42.97999954223633,38.5099983215332,39.130001068115234,62835100,35.43391036987305,0.0,,SBSP3,01-05-2021
39.099998474121094,40.13999938964844,36.029998779296875,36.58000183105469,60497800,33.124778747558594,0.0,,SBSP3,01-06-2021
36.540000915527344,37.83000183105469,35.040000915527344,35.459999084472656,47859700,32.11056137084961,0.0,,SBSP3,01-07-2021
35.83000183105469,37.849998474121094,31.25,36.130001068115234,82796200,32.717281341552734,0.0,,SBSP3,01-08-2021
35.93000030517578,40.439998626708984,33.25,38.56999969482422,69614800,34.92680740356445,0.0,,SBSP3,01-09-2021
38.79999923706055,39.38999938964844,34.400001525878906,35.20000076293945,47223100,31.875123977661133,0.0,,SBSP3,01-10-2021
35.619998931884766,37.54999923706055,33.18000030517578,33.68000030517578,41760500,30.49869728088379,0.0,,SBSP3,01-11-2021
33.650001525878906,40.77000045776367,33.209999084472656,40.29999923706055,55518100,36.49339294433594,0.0,,SBSP3,01-12-2021
40.47999954223633,40.7599983215332,34.25,37.36000061035156,46713500,33.83109664916992,0.0,,SBSP3,01-01-2022
37.529998779296875,42.16999816894531,35.04999923706055,41.40999984741211,46967400,37.49855041503906,0.0,,SBSP3,01-02-2022
41.40999984741211,47.709999084472656,40.22999954223633,47.709999084472656,73097300,43.203468322753906,0.0,,SBSP3,01-03-2022
48.08000183105469,52.349998474121094,44.529998779296875,44.529998779296875,72038400,40.3238410949707,0.9427,,SBSP3,01-04-2022
44.709999084472656,48.66999816894531,43.349998474121094,45.779998779296875,93891500,42.3173828125,0.0,,SBSP3,01-05-2022
45.790000915527344,46.599998474121094,39.90999984741211,42.16999816894531,64057800,38.980430603027344,0.0,,SBSP3,01-06-2022
42.20000076293945,44.880001068115234,40.650001525878906,44.66999816894531,44758300,41.29133605957031,0.0,,SBSP3,01-07-2022
44.5,49.560001373291016,42.95000076293945,49.150001525878906,68087000,45.4324951171875,0.0,,SBSP3,01-08-2022
49.61000061035156,53.939998626708984,43.209999084472656,49.599998474121094,121024200,45.848453521728516,0.0,,SBSP3,01-09-2022
57.20000076293945,61.689998626708984,54.29999923706055,60.099998474121094,138409200,55.55427932739258,0.0,,SBSP3,01-10-2022
60.209999084472656,61.689998626708984,53.439998626708984,60.290000915527344,91014200,55.72990798950195,0.0,,SBSP3,01-11-2022
59.88999938964844,61.689998626708984,52.65999984741211,57.15999984741211,90874500,52.836647033691406,0.0,,SBSP3,01-12-2022
56.349998474121094,56.560001373291016,51.95000076293945,55.65999984741211,68732000,51.45009994506836,0.0,,SBSP3,01-01-2023
55.369998931884766,56.619998931884766,51.38999938964844,51.75,61456600,47.835838317871094,0.0,,SBSP3,01-02-2023
52.97999954223633,54.060001373291016,45.0,50.61000061035156,71212200,46.78206253051758,0.0,,SBSP3,01-03-2023
50.849998474121094,52.06999969482422,45.31999969482422,46.130001068115234,71273000,42.64091491699219,0.0,,SBSP3,01-04-2023
46.130001068115234,53.90999984741211,43.779998779296875,52.54999923706055,71481400,48.5753288269043,1.276,,SBSP3,01-05-2023
52.70000076293945,57.70000076293945,51.16999816894531,56.56999969482422,52238200,53.778846740722656,0.0,,SBSP3,01-06-2023
56.349998474121094,58.130001068115234,53.29999923706055,58.099998474121094,53028100,55.23335647583008,0.0,,SBSP3,01-07-2023
58.06999969482422,60.439998626708984,52.099998474121094,57.91999816894531,72377900,55.06223678588867,0.0,,SBSP3,01-08-2023
58.060001373291016,62.54999923706055,57.150001525878906,61.029998779296875,51886800,58.01879119873047,0.0,,SBSP3,01-09-2023
61.09000015258789,63.16999816894531,58.099998474121094,58.369998931884766,65630400,55.49003601074219,0.0,,SBSP3,01-10-2023
58.59000015258789,69.0999984741211,58.40999984741211,67.55999755859375,47969700,64.22660064697266,0.0,,SBSP3,01-11-2023
67.9000015258789,75.62000274658203,66.94999694824219,75.37000274658203,51415200,71.65126037597656,0.0,,SBSP3,01-12-2023
75.37000274658203,80.25,71.86000061035156,78.86000061035156,54406300,74.96907043457031,0.0,,SBSP3,01-01-2024
79.01000213623047,83.69999694824219,77.41999816894531,79.16000366210938,55332500,75.25426483154297,0.0,,SBSP3,01-02-2024
79.16999816894531,85.62999725341797,75.77999877929688,84.69999694824219,62992200,80.52091217041016,0.0,,SBSP3,01-03-2024
84.69999694824219,85.61000061035156,79.44999694824219,80.81999969482422,68742900,76.83235931396484,1.4404,,SBSP3,01-04-2024
80.95999908447266,81.98999786376953,73.16999816894531,73.86000061035156,71974200,71.46239471435547,0.0,,SBSP3,01-05-2024
74.4000015258789,79.33000183105469,70.08000183105469,74.97000122070312,108492500,72.53636169433594,0.0,,SBSP3,01-06-2024
74.01000213623047,89.22000122070312,73.7300033569336,88.23999786376953,213607000,85.37559509277344,0.0,,SBSP3,01-07-2024
88.58000183105469,99.91999816894531,87.2699966430664,94.7300033569336,106874000,91.6549301147461,0.0,,SBSP3,01-08-2024
94.55999755859375,97.16999816894531,89.2300033569336,90.4000015258789,69149400,87.46548461914062,0.0,,SBSP3,01-09-2024
90.44999694824219,93.16999816894531,87.52999877929688,92.08000183105469,73071100,89.09095001220703,0.0,,SBSP3,01-10-2024
92.08999633789062,99.87999725341797,88.69999694824219,92.9800033569336,76204000,89.96173858642578,0.0,,SBSP3,01-11-2024
92.29000091552734,94.69999694824219,85.91999816894531,88.5,89041000,85.62715911865234,0.0,,SBSP3,01-12-2024
88.25,96.4800033569336,86.4000015258789,94.56999969482422,64178100,91.5001220703125,0.0,,SBSP3,01-01-2025
93.98999786376953,101.9000015258789,93.93000030517578,94.9800033569336,50815100,91.89681243896484,0.0,,SBSP3,01-02-2025
94.9800033569336,104.48999786376953,92.94999694824219,102.0,75332000,98.68893432617188,0.0,,SBSP3,01-03-2025
101.23999786376953,116.44999694824219,99.91000366210938,113.88999938964844,75215200,110.19296264648438,3.730472,,SBSP3,01-04-2025
113.5199966430664,120.83999633789062,110.41999816894531,117.37999725341797,78121200,117.37999725341797,0.0,,SBSP3,01-05-2025
117.38999938964844,119.83000183105469,111.9800033569336,119.12999725341797,49799200,119.12999725341797,0.0,,SBSP3,01-06-2025
119.6500015258789,121.30000305175781,105.80000305175781,108.30999755859375,56615800,108.30999755859375,0.0,,SBSP3,01-07-2025
109.70999908447266,123.66000366210938,107.02999877929688,122.48999786376953,63560400,122.48999786376953,0.0,,SBSP3,01-08-2025
121.2699966430664,126.87000274658203,120.11000061035156,124.87000274658203,19850900,124.87000274658203,0.0,,SBSP3,01-09-2025
125.16999816894531,127.19999694824219,124.87000274658203,126.38999938964844,1496200,126.38999938964844,0.0,,SBSP3,11-09-2025
5.360086917877197,5.917324066162109,5.2857890129089355,5.43969202041626,383608689,2.917717933654785,0.041948,0.0,CMIG4,01-10-2020
5.43969202041626,6.739911079406738,5.43969202041626,6.702762126922607,417593128,3.595198154449463,0.0,0.0,CMIG4,01-11-2020
6.755833148956299,7.785394191741943,6.633770942687988,7.727016925811768,353196503,4.144583225250244,0.0,0.0,CMIG4,01-12-2020
7.727016925811768,8.183420181274414,7.079561233520508,7.270613193511963,389359945,3.8997788429260254,0.151532,0.0,CMIG4,01-01-2021
7.382061004638672,7.764165878295898,6.246358871459961,6.34719181060791,332232936,3.472578763961792,0.0,0.0,CMIG4,01-02-2021
6.405569076538086,7.042410850524902,5.885481834411621,6.915042877197266,442337909,3.783252716064453,0.0,0.0,CMIG4,01-03-2021
6.925656795501709,7.55188512802124,6.586008071899414,7.344911098480225,392574554,4.018434524536133,0.0,0.0,CMIG4,01-04-2021
7.213016986846924,8.218934059143066,6.78698205947876,8.035502433776855,310377288,4.396260738372803,0.324628,1.1149689999999999,CMIG4,01-05-2021
8.136094093322754,8.301774978637695,7.112425804138184,7.17751407623291,294336315,4.108434677124023,0.0,0.0,CMIG4,01-06-2021
7.159762859344482,7.372780799865723,6.928994178771973,7.065087795257568,242160776,4.044082164764404,0.0,0.0,CMIG4,01-07-2021
7.130177021026611,7.994081974029541,6.686389923095703,7.994081974029541,343950659,4.575840950012207,0.0,0.0,CMIG4,01-08-2021
8.088756561279297,8.639053344726562,7.757396221160889,8.301774978637695,350189801,4.75196647644043,0.0,0.0,CMIG4,01-09-2021
8.260354995727539,9.053254127502441,7.568047046661377,7.621301174163818,439203284,4.362459182739258,0.0,0.0,CMIG4,01-10-2021
7.627217769622803,8.366863250732422,7.5739641189575195,7.775146961212158,263427398,4.450522422790527,0.0,0.0,CMIG4,01-11-2021
7.869822025299072,8.520709991455078,7.662721157073975,7.757396221160889,281069308,4.440361976623535,0.333935,0.0,CMIG4,01-12-2021
7.798816204071045,7.887572765350342,7.124259948730469,7.769229888916016,245175567,4.636610984802246,0.0,0.0,CMIG4,01-01-2022
7.810649871826172,7.928994178771973,7.325442790985107,7.5739641189575195,249675192,4.520077705383301,0.0,0.0,CMIG4,01-02-2022
7.5739641189575195,9.053254127502441,7.195265769958496,9.0,327085304,5.371124267578125,0.439146,0.0,CMIG4,01-03-2022
9.112425804138184,9.260354995727539,8.514792442321777,8.680473327636719,356657600,5.455883502960205,0.0,0.0,CMIG4,01-04-2022
8.300000190734863,9.376922607421875,7.715384006500244,8.961538314819336,328869190,5.632540702819824,0.459552,1.3,CMIG4,01-05-2022
9.01538372039795,9.04615306854248,7.8153839111328125,7.984614849090576,293453030,5.299057960510254,0.123397,0.0,CMIG4,01-06-2022
7.869229793548584,8.769229888916016,7.646152973175049,8.646153450012207,211438760,5.826097011566162,0.0,0.0,CMIG4,01-07-2022
8.684615135192871,10.100000381469727,8.51538372039795,9.30769157409668,237093610,6.271864891052246,0.0,0.0,CMIG4,01-08-2022
9.461538314819336,9.523076057434082,7.984614849090576,8.276923179626465,253839690,5.577295780181885,0.164831,0.0,CMIG4,01-09-2022
8.823076248168945,9.369230270385742,7.823075771331787,8.746152877807617,414327030,6.002106189727783,0.0,0.0,CMIG4,01-10-2022
8.715383529663086,9.323076248168945,7.746152877807617,8.830768585205078,334674340,6.060174465179443,0.0,0.0,CMIG4,01-11-2022
8.761537551879883,9.0,7.861537933349609,8.569230079650879,313651650,5.880692958831787,0.13934,0.0,CMIG4,01-12-2022
8.51538372039795,9.115384101867676,8.04615306854248,8.815383911132812,321207510,6.28499698638916,0.180207,0.0,CMIG4,01-01-2023
8.830768585205078,8.976922988891602,8.05384635925293,8.061537742614746,241659990,5.747537612915039,0.0,0.0,CMIG4,01-02-2023
8.115384101867676,8.869230270385742,7.838460922241211,8.800000190734863,324997790,6.274028778076172,0.148295,0.0,CMIG4,01-03-2023
8.830768585205078,9.692307472229004,8.715383529663086,9.5,284047400,6.895164966583252,0.086977,0.0,CMIG4,01-04-2023
9.5,9.730769157409668,8.923075675964355,9.0,291142540,6.59183931350708,0.0,0.0,CMIG4,01-05-2023
9.023076057434082,10.092307090759277,8.907691955566406,9.89230728149414,299841880,7.245389461517334,0.14916,0.0,CMIG4,01-06-2023
9.915384292602539,9.961538314819336,9.407691955566406,9.746152877807617,192313810,7.247193813323975,0.0,0.0,CMIG4,01-07-2023
9.723075866699219,9.923075675964355,9.061537742614746,9.484615325927734,289019250,7.052716255187988,0.0,0.0,CMIG4,01-08-2023
9.507692337036133,10.223075866699219,9.284614562988281,9.54615306854248,224341520,7.098475933074951,0.14611,0.0,CMIG4,01-09-2023
9.538460731506348,9.792306900024414,8.915384292602539,9.030769348144531,221089440,6.815279006958008,0.0,0.0,CMIG4,01-10-2023
9.092307090759277,10.484615325927734,8.061537742614746,8.51538372039795,507455390,6.426331043243408,0.0,0.0,CMIG4,01-11-2023
8.55384635925293,9.038460731506348,8.292306900024414,8.830768585205078,403143130,6.664343357086182,0.462324,0.0,CMIG4,01-12-2023
8.830768585205078,9.54615306854248,8.661538124084473,8.86153793334961,333257600,7.05668830871582,0.0,0.0,CMIG4,01-01-2024
8.938461303710938,9.338460922241211,8.538460731506348,9.20769214630127,263790410,7.332339286804199,0.0,0.0,CMIG4,01-02-2024
9.20769214630127,9.869230270385742,8.523076057434082,9.661538124084473,359427900,7.693749904632568,0.135051,0.0,CMIG4,01-03-2024
9.692307472229004,10.261537551879883,9.569999694824219,9.770000457763672,337478070,7.891221523284912,0.242269,1.3,CMIG4,01-04-2024
9.770000457763672,10.869999885559082,9.770000457763672,9.949999809265137,298580500,8.241141319274902,0.0,0.0,CMIG4,01-05-2024
9.970000267028809,10.670000076293945,9.84000015258789,9.890000343322754,244746500,8.191447257995605,0.150212,0.0,CMIG4,01-06-2024
9.899999618530273,11.3100004196167,9.829999923706055,10.859999656677246,259688400,9.125276565551758,0.0,0.0,CMIG4,01-07-2024
10.850000381469727,12.180000305175781,10.369999885559082,11.630000114440918,331362200,9.772279739379883,0.49636,0.0,CMIG4,01-08-2024
11.630000114440918,12.039999961853027,11.260000228881836,11.399999618530273,216503600,9.991976737976074,0.165202,0.0,CMIG4,01-09-2024
11.460000038146973,11.649999618530273,10.920000076293945,11.369999885559082,244299400,10.110546112060547,0.0,0.0,CMIG4,01-10-2024
11.369999885559082,12.5600004196167,11.119999885559082,11.899999618530273,310453900,10.58183765411377,0.0,0.0,CMIG4,01-11-2024
11.880000114440918,11.970000267028809,10.779999732971191,11.109999656677246,257512600,9.879344940185547,0.195808,0.0,CMIG4,01-12-2024
11.109999656677246,11.140000343322754,10.220000267028809,10.960000038146973,279739700,9.92096996307373,0.0,0.0,CMIG4,01-01-2025
10.9399995803833,11.510000228881836,10.850000381469727,11.130000114440918,209895500,10.074854850769043,0.0,0.0,CMIG4,01-02-2025
11.130000114440918,11.5600004196167,10.239999771118164,10.260000228881836,305346800,9.287332534790039,0.189118,0.0,CMIG4,01-03-2025
10.180000305175781,11.069999694824219,9.8100004196167,10.949999809265137,352115900,10.09111213684082,0.0,0.0,CMIG4,01-04-2025
10.329999923706055,11.029999732971191,10.069999694824219,10.84000015258789,266214400,9.989740371704102,0.658812,0.0,CMIG4,01-05-2025
10.84000015258789,10.920000076293945,10.229999542236328,10.800000190734863,224949300,10.590032577514648,0.208607,0.0,CMIG4,01-06-2025
10.850000381469727,11.270000457763672,10.199999809265137,10.329999923706055,240699200,10.329999923706055,0.0,0.0,CMIG4,01-07-2025
10.420000076293945,11.229999542236328,10.09000015258789,11.109999656677246,232119500,11.109999656677246,0.0,0.0,CMIG4,01-08-2025
11.0600004196167,11.239999771118164,10.75,11.069999694824219,65438000,11.069999694824219,0.0,0.0,CMIG4,01-09-2025
11.100000381469727,11.130000114440918,11.010000228881836,11.029999732971191,4613800,11.029999732971191,0.0,0.0,CMIG4,11-09-2025
22.225000381469727,22.614999771118164,20.725000381469727,21.334999084472656,3637000,15.891084671020508,0.180493,0.0,VIVT3,01-10-2020
21.334999084472656,23.65999984741211,21.094999313354492,22.375,33491000,16.66571807861328,0.118451,0.0,VIVT3,01-11-2020
22.375,24.100000381469727,21.579999923706055,23.25,111179200,17.411001205444336,0.43242,0.0,VIVT3,01-12-2020
23.25,23.299999237060547,21.540000915527344,22.600000381469727,116746200,17.249248504638672,0.0,0.0,VIVT3,01-01-2021
22.899999618530273,24.69499969482422,21.899999618530273,22.0,124330800,16.791305541992188,0.0,0.0,VIVT3,01-02-2021
21.850000381469727,23.625,21.045000076293945,22.114999771118164,142215600,16.879079818725586,0.044448,0.0,VIVT3,01-03-2021
22.21500015258789,22.59000015258789,21.299999237060547,21.600000381469727,91684400,16.519386291503906,0.080049,0.0,VIVT3,01-04-2021
21.5,22.3799991607666,21.114999771118164,22.100000381469727,84017800,17.327861785888672,0.470909,0.0,VIVT3,01-05-2021
22.155000686645508,23.774999618530273,20.90999984741211,21.0,96321800,16.528949737548828,0.083057,0.0,VIVT3,01-06-2021
20.885000228881836,21.344999313354492,20.170000076293945,20.604999542236328,91106800,16.218048095703125,0.18695,0.0,VIVT3,01-07-2021
20.71500015258789,22.145000457763672,20.405000686645508,21.864999771118164,112092200,17.364364624023438,0.0,0.0,VIVT3,01-08-2021
21.854999542236328,22.024999618530273,20.389999389648438,21.434999465942383,115669600,17.022876739501953,0.0,0.0,VIVT3,01-09-2021
21.204999923706055,23.450000762939453,20.989999771118164,22.760000228881836,113368600,18.075143814086914,0.178644,0.0,VIVT3,01-10-2021
23.0,27.059999465942383,22.790000915527344,25.145000457763672,128897600,20.137054443359375,0.0,0.0,VIVT3,01-11-2021
24.899999618530273,25.655000686645508,23.829999923706055,24.094999313354492,83355800,19.296161651611328,0.687264,0.0,VIVT3,01-12-2021
24.084999084472656,25.0,23.030000686645508,24.84000015258789,77618600,20.460132598876953,0.0,0.0,VIVT3,01-01-2022
24.84000015258789,25.354999542236328,24.075000762939453,25.084999084472656,67488800,20.661928176879883,0.0,0.0,VIVT3,01-02-2022
25.084999084472656,27.219999313354492,23.954999923706055,26.844999313354492,131465200,22.11159896850586,0.053698,0.0,VIVT3,01-03-2022
26.774999618530273,27.674999237060547,25.469999313354492,26.594999313354492,89079400,21.952678680419922,0.074646,0.0,VIVT3,01-04-2022
26.5049991607666,26.53499984741211,24.260000228881836,25.524999618530273,85405400,21.128204345703125,0.044811,0.0,VIVT3,01-05-2022
25.364999771118164,25.670000076293945,22.625,23.530000686645508,82208400,19.509721755981445,0.0,0.0,VIVT3,01-06-2022
23.729999542236328,24.190000534057617,22.209999084472656,22.299999237060547,68839000,18.48988151550293,0.143656,0.0,VIVT3,01-07-2022
22.100000381469727,23.469999313354492,20.56999969482422,20.56999969482422,116597400,17.160228729248047,0.0,0.0,VIVT3,01-08-2022
20.549999237060547,21.56999969482422,19.985000610351562,20.2450008392334,114683200,16.88910484313965,0.089875,0.0,VIVT3,01-09-2022
20.3700008392334,21.34000015258789,19.514999389648438,20.655000686645508,132303000,17.30675506591797,0.0,0.0,VIVT3,01-10-2022
20.600000381469727,21.065000534057617,18.8799991607666,19.024999618530273,121927200,15.9409818649292,0.0,0.0,VIVT3,01-11-2022
19.0,19.829999923706055,18.200000762939453,19.174999237060547,94731200,16.066667556762695,0.0,0.0,VIVT3,01-12-2022
18.5,20.90999984741211,17.815000534057617,20.90999984741211,125932000,17.520423889160156,0.515462,0.0,VIVT3,01-01-2023
20.844999313354492,20.90999984741211,19.05500030517578,19.469999313354492,89489400,16.764511108398438,0.0,0.0,VIVT3,01-02-2023
19.559999465942383,20.3799991607666,18.979999542236328,19.329999923706055,102697400,16.643964767456055,0.031886,0.0,VIVT3,01-03-2023
19.200000762939453,20.709999084472656,18.600000381469727,20.559999465942383,66155800,17.732091903686523,0.087263,0.0,VIVT3,01-04-2023
20.559999465942383,21.280000686645508,20.0,20.0,119370000,17.541034698486328,0.248769,0.0,VIVT3,01-05-2023
19.950000762939453,22.264999389648438,19.850000381469727,21.635000228881836,108738200,18.975011825561523,0.096391,0.0,VIVT3,01-06-2023
21.645000457763672,21.924999237060547,19.93000030517578,21.05500030517578,89170600,18.555747985839844,0.0,0.0,VIVT3,01-07-2023
20.895000457763672,21.575000762939453,20.450000762939453,20.674999237060547,91569200,18.220855712890625,0.122129,0.0,VIVT3,01-08-2023
20.739999771118164,22.450000762939453,20.55500030517578,21.59000015258789,96141800,19.138256072998047,0.079985,0.0,VIVT3,01-09-2023
21.5,23.415000915527344,21.5,22.6200008392334,105739600,20.18482780456543,0.060366,0.0,VIVT3,01-10-2023
22.924999237060547,26.540000915527344,22.90999984741211,26.3799991607666,120587400,23.587434768676758,0.045287,0.0,VIVT3,01-11-2023
26.315000534057617,27.3700008392334,26.104999542236328,26.719999313354492,66748400,23.89143943786621,0.257173,0.0,VIVT3,01-12-2023
26.719999313354492,26.719999313354492,24.790000915527344,25.68000030517578,86154600,23.182968139648438,0.0,0.0,VIVT3,01-01-2024
25.68000030517578,28.30500030517578,25.6200008392334,27.239999771118164,91107600,24.591278076171875,0.0,0.0,VIVT3,01-02-2024
27.2549991607666,27.3799991607666,25.0049991607666,25.299999237060547,85599000,22.839916229248047,0.0,0.0,VIVT3,01-03-2024
25.2549991607666,26.219999313354492,23.670000076293945,23.670000076293945,81409200,21.368410110473633,0.090767,0.0,VIVT3,01-04-2024
23.670000076293945,25.434999465942383,21.649999618530273,21.649999618530273,133494000,20.06427001953125,0.453835,0.0,VIVT3,01-05-2024
21.684999465942383,23.184999465942383,21.594999313354492,22.670000076293945,95903200,21.009563446044922,0.115047,0.0,VIVT3,01-06-2024
22.594999313354492,25.049999237060547,22.510000228881836,24.2549991607666,105424800,22.530298233032227,0.053113,0.0,VIVT3,01-07-2024
24.389999389648438,26.7450008392334,24.28499984741211,25.915000915527344,105401400,24.269418716430664,0.197812,0.0,VIVT3,01-08-2024
25.90999984741211,28.459999084472656,25.71500015258789,27.90999984741211,97601000,26.260120391845703,0.122082,0.0,VIVT3,01-09-2024
28.020000457763672,28.360000610351562,25.940000534057617,26.31999969482422,102148600,24.76411247253418,0.0,0.0,VIVT3,01-10-2024
26.315000534057617,27.364999771118164,24.354999542236328,24.760000228881836,86488600,23.29633140563965,0.0,0.0,VIVT3,01-11-2024
24.565000534057617,26.395000457763672,23.30500030517578,23.385000228881836,117087200,22.002614974975586,0.368849,0.0,VIVT3,01-12-2024
23.385000228881836,26.375,23.165000915527344,25.934999465942383,85433200,24.77939224243164,0.0,0.0,VIVT3,01-01-2025
25.75,27.125,23.850000381469727,24.170000076293945,96951600,23.093042373657227,0.055466,0.0,VIVT3,01-02-2025
24.170000076293945,25.850000381469727,23.770000457763672,24.915000915527344,92803000,24.45535659790039,0.616685,0.0,VIVT3,01-03-2025
24.915000915527344,27.8799991607666,24.6299991607666,27.790000915527344,92986000,27.34520149230957,0.061727,2.0,VIVT3,01-04-2025
27.790000915527344,28.889999389648438,27.059999465942383,28.65999984741211,159734400,28.284332275390625,0.074072,0.0,VIVT3,01-05-2025
28.770000457763672,31.510000228881836,28.360000610351562,30.889999389648438,145563300,30.655635833740234,0.154317,0.0,VIVT3,01-06-2025
30.920000076293945,32.77000045776367,30.15999984741211,31.479999542236328,144379900,31.304832458496094,0.061933,0.0,VIVT3,01-07-2025
31.639999389648438,35.099998474121094,31.239999771118164,33.869998931884766,111885300,33.794403076171875,0.102534,0.0,VIVT3,01-08-2025
34.0,34.310001373291016,32.95000076293945,33.209999084472656,27488000,33.209999084472656,0.07774,0.0,VIVT3,01-09-2025
33.29999923706055,33.5,33.0099983215332,33.33000183105469,2631100,33.33000183105469,0.0,0.0,VIVT3,11-09-2025
54.060001373291016,63.540000915527344,52.5099983215332,60.29999923706055,19510600,54.51909255981445,0.530726,,AZZA3,01-10-2020
60.29999923706055,73.23999786376953,59.0,69.44999694824219,14367700,63.3328857421875,0.0,,AZZA3,01-11-2020
69.5199966430664,71.9000015258789,65.87000274658203,68.18000030517578,9336700,62.174747467041016,0.0,,AZZA3,01-12-2020
68.18000030517578,73.61000061035156,62.11000061035156,70.56999969482422,12227200,64.35425567626953,0.0,,AZZA3,01-01-2021
71.69999694824219,78.41000366210938,70.1500015258789,71.31999969482422,11806000,65.03819274902344,0.0,,AZZA3,01-02-2021
72.95999908447266,79.83999633789062,67.19999694824219,70.3499984741211,15162000,64.15362548828125,0.0,,AZZA3,01-03-2021
69.19000244140625,82.56999969482422,67.31999969482422,75.6500015258789,15012800,68.9867935180664,0.0,,AZZA3,01-04-2021
75.66999816894531,89.5,74.41999816894531,88.62999725341797,13371800,80.82352447509766,0.0,,AZZA3,01-05-2021
88.72000122070312,96.26000213623047,84.6500015258789,94.5,12522700,86.176513671875,0.0,,AZZA3,01-06-2021
95.48999786376953,101.83999633789062,89.76000213623047,90.5199966430664,13161300,82.54706573486328,0.298651,,AZZA3,01-07-2021
91.3499984741211,94.3499984741211,85.30000305175781,89.41999816894531,12308900,81.80521392822266,0.0,,AZZA3,01-08-2021
89.8499984741211,90.68000030517578,80.41999816894531,82.87000274658203,15064900,75.81300354003906,0.0,,AZZA3,01-09-2021
84.19999694824219,90.0,73.52999877929688,73.9000015258789,16759800,67.60686492919922,0.0,,AZZA3,01-10-2021
75.08999633789062,84.87000274658203,64.83000183105469,67.16000366210938,22178700,61.440826416015625,0.0,,AZZA3,01-11-2021
68.12000274658203,79.9800033569336,67.94000244140625,76.7699966430664,19163100,70.23246002197266,0.602467,,AZZA3,01-12-2021
78.0,84.72000122070312,63.38999938964844,81.79000091552734,24475900,75.43765258789062,0.0,,AZZA3,01-01-2022
81.45999908447266,87.52999877929688,77.5199966430664,81.22000122070312,21901900,74.91191864013672,0.0,,AZZA3,01-02-2022
81.22000122070312,91.98999786376953,72.75,90.18000030517578,25193600,83.176025390625,0.0,,AZZA3,01-03-2022
91.5,95.68000030517578,88.5999984741211,89.47000122070312,18988700,82.52117919921875,0.0,,AZZA3,01-04-2022
88.0199966430664,89.66999816894531,77.55000305175781,80.19999694824219,22695800,73.97113800048828,0.455559,,AZZA3,01-05-2022
79.2699966430664,82.66000366210938,67.22000122070312,69.55000305175781,20840200,64.47659301757812,0.0,,AZZA3,01-06-2022
70.5999984741211,80.4000015258789,66.06999969482422,79.1500015258789,20813700,73.37630462646484,0.634895,,AZZA3,01-07-2022
79.0,93.58999633789062,78.20999908447266,92.4000015258789,27113100,86.4447021484375,0.0,,AZZA3,01-08-2022
93.69999694824219,101.52999877929688,90.37999725341797,98.41000366210938,24869900,92.06735229492188,0.0,,AZZA3,01-09-2022
99.54000091552734,104.94999694824219,93.87999725341797,104.5,22673100,97.76484680175781,0.0,,AZZA3,01-10-2022
105.0,105.98999786376953,82.38999938964844,89.56999969482422,31084700,83.79711151123047,0.0,,AZZA3,01-11-2022
89.20999908447266,89.25,72.86000061035156,78.25,31986700,73.20669555664062,0.745175,,AZZA3,01-12-2022
77.88999938964844,89.27999877929688,70.87999725341797,87.5999984741211,27669000,82.7883071899414,0.0,,AZZA3,01-01-2023
87.7300033569336,91.0,74.20999908447266,74.5999984741211,21092400,70.50238037109375,0.0,,AZZA3,01-02-2023
74.5999984741211,80.16000366210938,59.720001220703125,63.5099983215332,45166800,60.021522521972656,0.0,,AZZA3,01-03-2023
63.40999984741211,70.91000366210938,59.290000915527344,66.37999725341797,36388100,62.73387908935547,0.0,,AZZA3,01-04-2023
66.37999725341797,75.8499984741211,58.099998474121094,73.7699966430664,40845200,69.71796417236328,0.0,,AZZA3,01-05-2023
74.30000305175781,81.4000015258789,73.5199966430664,79.06999969482422,36000600,74.72685241699219,0.0,,AZZA3,01-06-2023
79.70999908447266,85.93000030517578,76.41999816894531,82.4000015258789,28738700,77.87393951416016,0.84977,,AZZA3,01-07-2023
82.06999969482422,84.4800033569336,70.66999816894531,70.66999816894531,38067600,67.51380920410156,0.0,,AZZA3,01-08-2023
71.0,74.27999877929688,60.52000045776367,64.95999908447266,28722300,62.0588264465332,0.0,,AZZA3,01-09-2023
64.91000366210938,68.06999969482422,56.790000915527344,58.38999938964844,34672300,55.782249450683594,0.0,,AZZA3,01-10-2023
59.0,63.81999969482422,57.220001220703125,59.34000015258789,45076800,56.68982696533203,1.082697,,AZZA3,01-11-2023
59.66999816894531,69.30000305175781,57.5,64.52999877929688,35728000,62.79987716674805,0.0,,AZZA3,01-12-2023
64.52999877929688,66.02999877929688,55.29999923706055,62.59000015258789,59218800,60.91189193725586,0.0,,AZZA3,01-01-2024
62.47999954223633,66.0,57.5,59.22999954223633,50444300,57.6419792175293,0.0,,AZZA3,01-02-2024
59.29999923706055,65.0199966430664,56.79999923706055,64.2699966430664,41701800,62.546844482421875,0.0,,AZZA3,01-03-2024
64.01000213623047,64.26000213623047,50.0,51.91999816894531,55396100,50.5279655456543,0.0,,AZZA3,01-04-2024
51.91999816894531,54.06999969482422,46.0,49.400001525878906,49675900,48.075531005859375,0.0,,AZZA3,01-05-2024
49.400001525878906,52.20000076293945,47.81999969482422,51.349998474121094,39529200,49.97324752807617,0.0,,AZZA3,01-06-2024
51.369998931884766,55.16999816894531,48.599998474121094,48.650001525878906,29462600,47.34564208984375,0.540743,,AZZA3,01-07-2024
49.0,56.290000915527344,47.5,49.0,40751900,48.170867919921875,0.0,,AZZA3,01-08-2024
48.7400016784668,49.310001373291016,41.43000030517578,42.16999816894531,44804500,41.45643615722656,0.0,,AZZA3,01-09-2024
42.54999923706055,43.0099983215332,39.70000076293945,41.2400016784668,40314400,40.542179107666016,0.0,,AZZA3,01-10-2024
41.22999954223633,44.380001068115234,34.52000045776367,36.689998626708984,37680300,36.06916427612305,0.0,,AZZA3,01-11-2024
36.52000045776367,37.79999923706055,28.540000915527344,29.579999923706055,50305900,29.07947540283203,0.575146,,AZZA3,01-12-2024
29.579999923706055,35.15999984741211,28.190000534057617,34.150001525878906,36768900,34.150001525878906,0.0,,AZZA3,01-01-2025
33.95000076293945,34.560001373291016,25.719999313354492,26.0,42639800,26.0,0.0,,AZZA3,01-02-2025
26.0,26.889999389648438,21.239999771118164,24.5,84888300,24.5,0.0,,AZZA3,01-03-2025
24.649999618530273,31.84000015258789,23.299999237060547,31.84000015258789,39823800,31.84000015258789,0.0,,AZZA3,01-04-2025
31.579999923706055,45.060001373291016,30.979999542236328,44.150001525878906,67030500,44.150001525878906,0.0,,AZZA3,01-05-2025
45.119998931884766,45.65999984741211,38.5099983215332,43.0,58340900,43.0,0.0,,AZZA3,01-06-2025
42.83000183105469,43.290000915527344,34.279998779296875,35.68000030517578,42089900,35.68000030517578,0.0,,AZZA3,01-07-2025
36.380001068115234,38.4900016784668,30.8700008392334,34.709999084472656,50328400,34.709999084472656,0.0,,AZZA3,01-08-2025
34.79999923706055,35.18000030517578,31.25,31.81999969482422,16389900,31.81999969482422,0.0,,AZZA3,01-09-2025
32.02000045776367,33.040000915527344,31.940000534057617,32.439998626708984,1684500,32.439998626708984,0.0,,AZZA3,11-09-2025
10.6899995803833,11.350000381469727,9.720000267028809,10.789999961853027,18855400,7.674732208251953,0.0,,CURY3,01-10-2020
10.789999961853027,11.779999732971191,10.380000114440918,11.300000190734863,14400100,8.03748607635498,0.0,,CURY3,01-11-2020
11.380000114440918,11.479999542236328,9.960000038146973,10.399999618530273,16156400,7.397331714630127,0.0,,CURY3,01-12-2020
10.399999618530273,11.760000228881836,10.100000381469727,10.800000190734863,13959900,7.681844711303711,0.0,,CURY3,01-01-2021
11.010000228881836,11.680000305175781,9.430000305175781,9.550000190734863,10771400,6.7927422523498535,0.0,,CURY3,01-02-2021
9.630000114440918,9.779999732971191,8.239999771118164,9.739999771118164,24109100,6.927886009216309,0.0,,CURY3,01-03-2021
9.569999694824219,10.5,9.430000305175781,9.829999923706055,25155900,6.991900444030762,0.394004,,CURY3,01-04-2021
9.729999542236328,10.369999885559082,9.050000190734863,9.399999618530273,22447300,6.960287570953369,0.0,,CURY3,01-05-2021
9.489999771118164,10.600000381469727,9.430000305175781,10.239999771118164,13644400,7.582270622253418,0.0,,CURY3,01-06-2021
10.199999809265137,10.430000305175781,9.029999732971191,9.119999885559082,15911400,6.752960681915283,0.0,,CURY3,01-07-2021
9.140000343322754,9.470000267028809,7.71999979019165,7.860000133514404,20642300,5.819985866546631,0.0,,CURY3,01-08-2021
7.909999847412109,8.520000457763672,7.03000020980835,7.210000038146973,25175000,5.338688850402832,0.0,,CURY3,01-09-2021
7.349999904632568,8.09000015258789,6.389999866485596,6.739999771118164,22853900,4.9906744956970215,0.0,,CURY3,01-10-2021
6.809999942779541,7.679999828338623,6.380000114440918,6.730000019073486,14524600,4.983270168304443,0.0,,CURY3,01-11-2021
6.71999979019165,7.340000152587891,6.429999828338623,6.920000076293945,15597100,5.12395715713501,0.171306,,CURY3,01-12-2021
7.0,8.380000114440918,5.71999979019165,8.229999542236328,24163100,6.249100208282471,0.0,,CURY3,01-01-2022
8.220000267028809,8.600000381469727,6.900000095367432,7.539999961853027,20200800,5.7251787185668945,0.0,,CURY3,01-02-2022
7.539999961853027,8.09000015258789,6.21999979019165,7.570000171661377,24103800,5.747957706451416,0.0,,CURY3,01-03-2022
7.619999885559082,8.270000457763672,7.139999866485596,7.329999923706055,14887400,5.565723419189453,0.0,,CURY3,01-04-2022
6.889999866485596,7.150000095367432,6.059999942779541,6.599999904632568,23077600,5.011429309844971,0.51535,,CURY3,01-05-2022
6.570000171661377,6.730000019073486,5.809999942779541,6.150000095367432,19989700,5.022884368896484,0.0,,CURY3,01-06-2022
6.110000133514404,8.270000457763672,5.960000038146973,8.119999885559082,29628300,6.631841659545898,0.0,,CURY3,01-07-2022
8.130000114440918,9.529999732971191,7.590000152587891,8.970000267028809,29495300,7.326060771942139,0.0,,CURY3,01-08-2022
9.25,11.989999771118164,8.920000076293945,11.890000343322754,60276100,9.71091079711914,0.0,,CURY3,01-09-2022
12.0,12.869999885559082,11.09000015258789,12.460000038146973,36887800,10.176445007324219,0.0,,CURY3,01-10-2022
12.800000190734863,13.34000015258789,9.970000267028809,11.010000228881836,40481200,8.992188453674316,0.0,,CURY3,01-11-2022
10.920000076293945,12.800000190734863,10.130000114440918,12.65999984741211,41798700,10.339790344238281,0.0,,CURY3,01-12-2022
12.5,13.619999885559082,11.430000305175781,13.479999542236328,32644300,11.009509086608887,0.206979,,CURY3,01-01-2023
13.5600004196167,13.569999694824219,12.039999961853027,12.600000381469727,21317000,10.45650577545166,0.0,,CURY3,01-02-2023
12.569999694824219,13.710000038146973,11.65999984741211,12.829999923706055,35093700,10.647378921508789,0.0,,CURY3,01-03-2023
13.130000114440918,13.579999923706055,11.010000228881836,12.380000114440918,38303500,10.273931503295898,0.0,,CURY3,01-04-2023
12.380000114440918,14.039999961853027,11.319999694824219,13.8100004196167,36706900,11.460662841796875,0.063293,,CURY3,01-05-2023
13.789999961853027,16.239999771118164,13.40999984741211,16.049999237060547,54276300,13.388042449951172,0.0,,CURY3,01-06-2023
16.200000762939453,17.8799991607666,14.819999694824219,17.770000457763672,33749400,14.822773933410645,0.0,,CURY3,01-07-2023
17.700000762939453,18.440000534057617,16.200000762939453,16.309999465942383,39254500,13.60491943359375,0.0,,CURY3,01-08-2023
16.270000457763672,17.06999969482422,14.8100004196167,16.260000228881836,33981900,13.563215255737305,0.517448,,CURY3,01-09-2023
16.280000686645508,16.40999984741211,14.010000228881836,14.739999771118164,41640100,12.700996398925781,0.0,,CURY3,01-10-2023
14.789999961853027,17.479999542236328,14.609999656677246,17.479999542236328,36808500,15.061969757080078,0.0,,CURY3,01-11-2023
17.540000915527344,18.40999984741211,16.020000457763672,17.989999771118164,34975600,15.501420021057129,0.344965,,CURY3,01-12-2023
17.989999771118164,19.139999389648438,16.700000762939453,18.5,34956500,16.266740798950195,0.0,,CURY3,01-01-2024
18.5,19.450000762939453,17.68000030517578,19.280000686645508,36022900,16.95258331298828,0.0,,CURY3,01-02-2024
19.239999771118164,21.040000915527344,18.920000076293945,20.360000610351562,37083500,17.90220832824707,0.0,,CURY3,01-03-2024
20.34000015258789,20.989999771118164,17.549999237060547,19.600000381469727,49281100,17.233951568603516,0.0,,CURY3,01-04-2024
19.510000228881836,20.700000762939453,18.06999969482422,18.43000030517578,35685200,16.205190658569336,0.40891,,CURY3,01-05-2024
18.329999923706055,20.979999542236328,18.329999923706055,20.600000381469727,36399800,19.363943099975586,0.914158,,CURY3,01-06-2024
20.709999084472656,22.389999389648438,20.3799991607666,22.200000762939453,35444600,20.867938995361328,0.0,,CURY3,01-07-2024
22.149999618530273,24.219999313354492,20.399999618530273,23.81999969482422,31538600,22.39073371887207,0.0,,CURY3,01-08-2024
23.729999542236328,25.93000030517578,22.360000610351562,22.360000610351562,52127400,21.018339157104492,0.0,,CURY3,01-09-2024
22.690000534057617,25.760000228881836,21.84000015258789,24.440000534057617,55421900,22.973533630371094,0.344965,,CURY3,01-10-2024
24.520000457763672,24.65999984741211,19.549999237060547,20.559999465942383,35718500,19.62537384033203,0.0,,CURY3,01-11-2024
20.6299991607666,21.3700008392334,17.459999084472656,17.459999084472656,49186200,16.666296005249023,0.0,,CURY3,01-12-2024
17.469999313354492,21.799999237060547,17.079999923706055,21.6200008392334,45155200,20.637189865112305,0.0,,CURY3,01-01-2025
21.59000015258789,23.950000762939453,21.200000762939453,21.209999084472656,39113200,20.245826721191406,0.603689,,CURY3,01-02-2025
21.209999084472656,25.190000534057617,20.760000228881836,24.549999237060547,36963500,24.07192039489746,0.0,,CURY3,01-03-2025
24.450000762939453,28.010000228881836,24.450000762939453,27.549999237060547,41132100,27.013500213623047,0.532411,,CURY3,01-04-2025
27.549999237060547,31.309999465942383,26.940000534057617,28.65999984741211,56023400,28.65999984741211,0.0,,CURY3,01-05-2025
28.6200008392334,30.950000762939453,28.040000915527344,29.520000457763672,44159600,29.520000457763672,0.0,,CURY3,01-06-2025
29.559999465942383,30.56999969482422,28.110000610351562,29.440000534057617,39383700,29.440000534057617,0.0,,CURY3,01-07-2025
29.799999237060547,34.70000076293945,29.200000762939453,34.15999984741211,52203500,34.15999984741211,0.0,,CURY3,01-08-2025
34.13999938964844,35.150001525878906,32.90999984741211,33.2599983215332,16022600,33.2599983215332,0.0,,CURY3,01-09-2025
33.290000915527344,33.540000915527344,32.97999954223633,33.0099983215332,2080700,33.0099983215332,0.0,,CURY3,11-09-2025
9.050000190734863,9.4399995803833,8.09000015258789,9.1899995803833,133938300,5.198067665100098,0.0,,CMIN3,01-03-2021
9.300000190734863,11.199999809265137,9.020000457763672,10.489999771118164,135478000,5.933375835418701,0.0,,CMIN3,01-04-2021
10.539999961853027,11.069999694824219,8.90999984741211,9.390000343322754,344080100,5.311191082000732,0.051581,,CMIN3,01-05-2021
9.59000015258789,9.890000343322754,9.020000457763672,9.15999984741211,122955200,5.206699848175049,0.0,,CMIN3,01-06-2021
9.1899995803833,9.5,8.760000228881836,9.199999809265137,102427200,5.22943639755249,0.0,,CMIN3,01-07-2021
8.989999771118164,9.100000381469727,6.650000095367432,7.119999885559082,169961700,4.047129154205322,0.330526,,CMIN3,01-08-2021
7.03000020980835,7.239999771118164,5.429999828338623,6.369999885559082,227786800,3.7557485103607178,0.0,,CMIN3,01-09-2021
6.389999866485596,6.789999961853027,5.230000019073486,5.269999980926514,196524200,3.107189178466797,0.0,,CMIN3,01-10-2021
5.28000020980835,6.489999771118164,4.96999979019165,5.96999979019165,195489000,3.5199084281921387,0.0,,CMIN3,01-11-2021
6.070000171661377,7.25,5.860000133514404,6.929999828338623,214367500,4.085923671722412,0.086308,,CMIN3,01-12-2021
6.829999923706055,7.590000152587891,6.590000152587891,6.980000019073486,167805600,4.170102119445801,0.0,,CMIN3,01-01-2022
6.96999979019165,7.369999885559082,5.78000020980835,6.199999809265137,139304500,3.7041022777557373,0.0,,CMIN3,01-02-2022
6.199999809265137,7.0,5.599999904632568,6.03000020980835,158007300,3.6025381088256836,0.0,,CMIN3,01-03-2022
6.090000152587891,6.300000190734863,5.070000171661377,5.199999809265137,102245600,3.10666561126709,0.0,,CMIN3,01-04-2022
4.809999942779541,5.300000190734863,4.079999923706055,4.829999923706055,178742700,2.8856148719787598,0.459438,,CMIN3,01-05-2022
4.829999923706055,5.340000152587891,3.859999895095825,3.859999895095825,186770800,2.5296013355255127,0.0,,CMIN3,01-06-2022
3.8399999141693115,3.859999895095825,3.2699999809265137,3.5,174500900,2.293680191040039,0.0,,CMIN3,01-07-2022
3.5,4.059999942779541,3.430000066757202,3.619999885559082,195247700,2.3723204135894775,0.0,,CMIN3,01-08-2022
3.559999942779541,3.819999933242798,3.180000066757202,3.309999942779541,208845600,2.169166088104248,0.0,,CMIN3,01-09-2022
3.369999885559082,3.7699999809265137,3.1600000858306885,3.299999952316284,178656500,2.1626126766204834,0.0,,CMIN3,01-10-2022
3.3299999237060547,4.139999866485596,3.319999933242798,3.869999885559082,249939200,2.5361545085906982,0.445689,,CMIN3,01-11-2022
3.859999895095825,4.170000076293945,3.680000066757202,4.079999923706055,182108200,3.0016703605651855,0.015993,,CMIN3,01-12-2022
4.099999904632568,5.400000095367432,3.9000000953674316,5.340000152587891,191077700,3.9440033435821533,0.0,,CMIN3,01-01-2023
5.329999923706055,5.389999866485596,4.53000020980835,4.659999847412109,137360200,3.4417707920074463,0.0,,CMIN3,01-02-2023
4.75,5.199999809265137,4.409999847412109,4.840000152587891,187492000,3.5747153759002686,0.0,,CMIN3,01-03-2023
4.840000152587891,4.989999771118164,4.25,4.639999866485596,123400900,3.42699933052063,0.0,,CMIN3,01-04-2023
4.639999866485596,4.989999771118164,4.260000228881836,4.400000095367432,229771800,3.2497410774230957,0.1152,,CMIN3,01-05-2023
4.449999809265137,4.820000171661377,4.179999828338623,4.179999828338623,217706800,3.4033126831054688,0.333513,,CMIN3,01-06-2023
4.190000057220459,4.539999961853027,4.079999923706055,4.449999809265137,137276600,3.6231439113616943,0.0,,CMIN3,01-07-2023
4.449999809265137,4.449999809265137,4.019999980926514,4.28000020980835,137992800,3.484731435775757,0.0,,CMIN3,01-08-2023
4.329999923706055,4.869999885559082,4.159999847412109,4.849999904632568,170118000,3.948819637298584,0.0,,CMIN3,01-09-2023
4.849999904632568,5.230000019073486,4.559999942779541,5.179999828338623,195390700,4.217502117156982,0.0,,CMIN3,01-10-2023
5.230000019073486,7.190000057220459,5.199999809265137,7.159999847412109,254838000,5.829597473144531,0.248842,,CMIN3,01-11-2023
7.159999847412109,7.960000038146973,6.75,7.829999923706055,135593500,6.605981826782227,0.0,,CMIN3,01-12-2023
7.829999923706055,8.050000190734863,6.460000038146973,6.800000190734863,159618800,5.736995697021484,0.079347,,CMIN3,01-01-2024
6.78000020980835,6.849999904632568,6.039999961853027,6.070000171661377,119928700,5.173540115356445,0.0,,CMIN3,01-02-2024
6.070000171661377,6.349999904632568,5.170000076293945,5.300000190734863,171898400,4.517258644104004,0.0,,CMIN3,01-03-2024
5.349999904632568,5.480000019073486,4.900000095367432,4.940000057220459,233036600,4.210426330566406,0.0,,CMIN3,01-04-2024
4.940000057220459,5.579999923706055,4.920000076293945,4.940000057220459,227983400,4.210426330566406,0.186869,,CMIN3,01-05-2024
4.920000076293945,5.239999771118164,4.610000133514404,5.190000057220459,207026100,4.58329439163208,0.0,,CMIN3,01-06-2024
5.289999961853027,5.639999866485596,4.909999847412109,5.119999885559082,193111300,4.521477222442627,0.0,,CMIN3,01-07-2024
5.139999866485596,5.829999923706055,4.730000019073486,5.679999828338623,254287900,5.0160136222839355,0.0,,CMIN3,01-08-2024
5.570000171661377,7.289999961853027,5.550000190734863,6.900000095367432,335415300,6.093397617340088,0.0,,CMIN3,01-09-2024
7.03000020980835,7.400000095367432,5.78000020980835,6.210000038146973,182689400,5.484057426452637,0.522823,,CMIN3,01-10-2024
6.25,6.360000133514404,5.099999904632568,5.28000020980835,172999600,5.027868747711182,0.0,,CMIN3,01-11-2024
5.25,5.829999923706055,5.010000228881836,5.150000095367432,148991700,4.90407657623291,0.0,,CMIN3,01-12-2024
5.150000095367432,5.650000095367432,4.599999904632568,5.460000038146973,185921700,5.199273109436035,0.038956,,CMIN3,01-01-2025
5.400000095367432,5.630000114440918,4.96999979019165,5.099999904632568,115085400,4.894522190093994,0.0,,CMIN3,01-02-2025
5.099999904632568,6.510000228881836,5.099999904632568,6.190000057220459,159328900,5.940606594085693,0.0,,CMIN3,01-03-2025
6.199999809265137,6.389999866485596,5.380000114440918,6.139999866485596,156172600,5.89262056350708,0.0,,CMIN3,01-04-2025
6.139999866485596,6.269999980926514,4.989999771118164,5.050000190734863,164390700,4.846537113189697,0.239321,,CMIN3,01-05-2025
5.059999942779541,5.090000152587891,4.800000190734863,4.960000038146973,128995400,4.960000038146973,0.0,,CMIN3,01-06-2025
4.960000038146973,5.409999847412109,4.900000095367432,5.039999961853027,112262000,5.039999961853027,0.0,,CMIN3,01-07-2025
4.980000019073486,5.28000020980835,4.75,5.199999809265137,103431400,5.199999809265137,0.0,,CMIN3,01-08-2025
5.150000095367432,5.28000020980835,5.039999961853027,5.050000190734863,31239400,5.050000190734863,0.0,,CMIN3,01-09-2025
5.03000020980835,5.079999923706055,5.019999980926514,5.050000190734863,3605700,5.050000190734863,0.0,,CMIN3,11-09-2025
186.43881225585938,221.53610229492188,145.61642456054688,152.83502197265625,64852760,152.83502197265625,,0.0,IRBR3,01-10-2020
152.83502197265625,183.7007293701172,149.1012725830078,165.03195190429688,41611322,165.03195190429688,,0.0,IRBR3,01-11-2020
168.51678466796875,212.07725524902344,164.7830352783203,203.6140899658203,52295464,203.6140899658203,,0.0,IRBR3,01-12-2020
203.6140899658203,207.34783935546875,156.31985473632812,179.22021484375,43458228,179.22021484375,,0.0,IRBR3,01-01-2021
181.46047973632812,188.67906188964844,149.35018920898438,149.35018920898438,20837743,149.35018920898438,,0.0,IRBR3,01-02-2021
152.33718872070312,165.03195190429688,140.38917541503906,152.5861053466797,32164874,152.5861053466797,,0.0,IRBR3,01-03-2021
153.8306884765625,165.03195190429688,150.09693908691406,151.59043884277344,22710634,151.59043884277344,,0.0,IRBR3,01-04-2021
152.83502197265625,163.28953552246094,147.10992431640625,147.856689453125,18794521,147.856689453125,,0.0,IRBR3,01-05-2021
149.1012725830078,158.06227111816406,142.8783416748047,143.62509155273438,20937248,143.62509155273438,,0.0,IRBR3,01-06-2021
144.1229248046875,152.08827209472656,135.90866088867188,141.3848419189453,18260969,141.3848419189453,,0.0,IRBR3,01-07-2021
142.131591796875,147.60775756835938,125.45415496826172,132.92166137695312,16206497,132.92166137695312,,0.0,IRBR3,01-08-2021
133.1705780029297,138.64675903320312,117.2398910522461,117.73772430419922,11005297,117.73772430419922,,0.0,IRBR3,01-09-2021
118.98231506347656,134.16624450683594,116.4931411743164,116.74205780029297,11723642,116.74205780029297,,0.0,IRBR3,01-10-2021
117.98664855957031,128.19224548339844,98.57112121582031,107.28321838378906,11800800,107.28321838378906,,0.0,IRBR3,01-11-2021
108.27888488769531,111.76371765136719,97.3265380859375,100.06462097167969,9677528,100.06462097167969,,0.0,IRBR3,01-12-2021
100.81137084960938,102.05596160888672,77.41317749023438,81.3958511352539,11798732,81.3958511352539,,0.0,IRBR3,01-01-2022
81.3958511352539,85.12960815429688,69.94567108154297,76.16859436035156,13277765,76.16859436035156,,0.0,IRBR3,01-02-2022
76.16859436035156,90.35685729980469,70.19458770751953,87.12094116210938,16026768,87.12094116210938,,0.0,IRBR3,01-03-2022
87.36985778808594,90.35685729980469,68.45216369628906,68.95000457763672,9462748,68.95000457763672,,0.0,IRBR3,01-04-2022
69.44783782958984,76.41751098632812,58.99332046508789,73.18158721923828,14018000,73.18158721923828,,0.0,IRBR3,01-05-2022
73.6794204711914,75.919677734375,50.53014373779297,50.53014373779297,12059872,50.53014373779297,,0.0,IRBR3,01-06-2022
50.77906036376953,57.00198745727539,46.796390533447266,47.54314041137695,12576842,47.54314041137695,,0.0,IRBR3,01-07-2022
48.04097366333008,65.4000015258789,47.29422378540039,49.20000076293945,29341042,49.20000076293945,,0.0,IRBR3,01-08-2022
49.20000076293945,49.20000076293945,30.0,33.0,54068136,33.0,,0.0,IRBR3,01-09-2022
33.599998474121094,35.400001525878906,25.5,28.200000762939453,30792552,28.200000762939453,,0.0,IRBR3,01-10-2022
28.799999237060547,32.099998474121094,21.899999618530273,22.5,38504280,22.5,,0.0,IRBR3,01-11-2022
21.600000381469727,31.200000762939453,18.899999618530273,25.799999237060547,45089081,25.799999237060547,,0.0,IRBR3,01-12-2022
25.799999237060547,40.5,21.5,26.1299991607666,60747146,26.1299991607666,,0.03333333333333333,IRBR3,01-01-2023
25.850000381469727,26.559999465942383,18.8799991607666,18.8799991607666,40695800,18.8799991607666,,0.0,IRBR3,01-02-2023
18.969999313354492,22.940000534057617,18.270000457763672,22.239999771118164,42317500,22.239999771118164,,0.0,IRBR3,01-03-2023
22.299999237060547,31.469999313354492,20.81999969482422,31.469999313354492,49046400,31.469999313354492,,0.0,IRBR3,01-04-2023
31.469999313354492,39.599998474121094,30.399999618530273,38.0,73953600,38.0,,0.0,IRBR3,01-05-2023
38.25,44.4900016784668,37.119998931884766,43.54999923706055,56235100,43.54999923706055,,0.0,IRBR3,01-06-2023
43.349998474121094,55.45000076293945,40.22999954223633,41.119998931884766,68591700,41.119998931884766,,0.0,IRBR3,01-07-2023
41.20000076293945,48.0,36.56999969482422,42.959999084472656,65451500,42.959999084472656,,0.0,IRBR3,01-08-2023
43.130001068115234,44.79999923706055,38.61000061035156,44.0,38460700,44.0,,0.0,IRBR3,01-09-2023
43.810001373291016,44.630001068115234,39.0099983215332,40.689998626708984,40633200,40.689998626708984,,0.0,IRBR3,01-10-2023
40.84000015258789,51.349998474121094,40.61000061035156,50.5,40787900,50.5,,0.0,IRBR3,01-11-2023
50.7400016784668,54.56999969482422,44.08000183105469,44.29999923706055,38200000,44.29999923706055,,0.0,IRBR3,01-12-2023
44.29999923706055,44.40999984741211,37.5099983215332,40.7599983215332,38714000,40.7599983215332,,0.0,IRBR3,01-01-2024
40.869998931884766,42.970001220703125,38.5,38.81999969482422,25160500,38.81999969482422,,0.0,IRBR3,01-02-2024
39.0,43.97999954223633,36.529998779296875,37.349998474121094,33485500,37.349998474121094,,0.0,IRBR3,01-03-2024
38.150001525878906,43.779998779296875,37.060001373291016,42.47999954223633,39851400,42.47999954223633,,0.0,IRBR3,01-04-2024
42.47999954223633,45.20000076293945,31.329999923706055,31.559999465942383,45596800,31.559999465942383,,0.0,IRBR3,01-05-2024
31.600000381469727,33.15999984741211,30.270000457763672,31.600000381469727,17613200,31.600000381469727,,0.0,IRBR3,01-06-2024
31.739999771118164,32.65999984741211,28.40999984741211,29.309999465942383,20543400,29.309999465942383,,0.0,IRBR3,01-07-2024
29.309999465942383,50.45000076293945,27.510000228881836,48.380001068115234,53339400,48.380001068115234,,0.0,IRBR3,01-08-2024
49.86000061035156,52.5,43.650001525878906,44.7599983215332,29926500,44.7599983215332,,0.0,IRBR3,01-09-2024
44.75,48.45000076293945,41.31999969482422,43.34000015258789,25633300,43.34000015258789,,0.0,IRBR3,01-10-2024
43.34000015258789,45.880001068115234,38.25,40.9900016784668,23833300,40.9900016784668,,0.0,IRBR3,01-11-2024
40.689998626708984,44.119998931884766,36.29999923706055,42.45000076293945,23546300,42.45000076293945,,0.0,IRBR3,01-12-2024
43.0,54.720001220703125,41.5,52.900001525878906,45090600,52.900001525878906,,0.0,IRBR3,01-01-2025
52.11000061035156,57.9900016784668,44.720001220703125,47.13999938964844,35488100,47.13999938964844,,0.0,IRBR3,01-02-2025
47.13999938964844,53.81999969482422,44.54999923706055,51.2599983215332,21619000,51.2599983215332,,0.0,IRBR3,01-03-2025
50.709999084472656,53.689998626708984,44.630001068115234,47.83000183105469,26025000,47.83000183105469,,0.0,IRBR3,01-04-2025
48.540000915527344,50.150001525878906,44.0,49.15999984741211,26857600,49.15999984741211,,0.0,IRBR3,01-05-2025
49.47999954223633,51.150001525878906,43.90999984741211,45.2400016784668,17756700,45.2400016784668,,0.0,IRBR3,01-06-2025
44.91999816894531,46.810001373291016,42.58000183105469,45.5,13794200,45.5,,0.0,IRBR3,01-07-2025
45.790000915527344,49.5,44.31999969482422,47.849998474121094,16767300,47.849998474121094,,0.0,IRBR3,01-08-2025
47.79999923706055,48.25,45.79999923706055,46.29999923706055,6366600,46.29999923706055,,0.0,IRBR3,01-09-2025
46.4900016784668,47.04999923706055,46.400001525878906,46.52000045776367,319500,46.52000045776367,,0.0,IRBR3,11-09-2025
19.420000076293945,22.270000457763672,18.360000610351562,18.969999313354492,125449700,15.824718475341797,0.0,,MULT3,01-10-2020
18.969999313354492,25.260000228881836,18.479999542236328,22.670000076293945,165315600,18.91124725341797,0.0,,MULT3,01-11-2020
23.170000076293945,26.020000457763672,23.15999984741211,23.530000686645508,91889800,19.628660202026367,0.454975,,MULT3,01-12-2020
23.530000686645508,23.690000534057617,20.059999465942383,21.200000762939453,133287500,18.022987365722656,0.0,,MULT3,01-01-2021
21.510000228881836,23.0,19.200000762939453,19.68000030517578,180151200,16.730770111083984,0.0,,MULT3,01-02-2021
19.549999237060547,25.09000015258789,18.649999618530273,24.489999771118164,191874800,20.819948196411133,0.0,,MULT3,01-03-2021
24.600000381469727,24.700000762939453,22.75,23.030000686645508,102861400,19.57874298095703,0.0,,MULT3,01-04-2021
23.030000686645508,25.920000076293945,22.899999618530273,25.65999984741211,109325000,21.814613342285156,0.0,,MULT3,01-05-2021
25.84000015258789,28.40999984741211,22.649999618530273,23.5,148600000,19.978309631347656,0.0,,MULT3,01-06-2021
23.440000534057617,25.31999969482422,22.440000534057617,23.350000381469727,128167400,19.850786209106445,0.0,,MULT3,01-07-2021
23.709999084472656,24.329999923706055,20.93000030517578,21.100000381469727,121829100,17.93796730041504,0.0,,MULT3,01-08-2021
21.18000030517578,21.459999084472656,18.68000030517578,19.030000686645508,146796500,16.17818260192871,0.0,,MULT3,01-09-2021
19.219999313354492,20.729999542236328,16.709999084472656,18.520000457763672,178117500,15.744609832763672,0.0,,MULT3,01-10-2021
18.790000915527344,21.950000762939453,18.59000015258789,19.600000381469727,165380900,16.66275978088379,0.0,,MULT3,01-11-2021
19.969999313354492,21.3700008392334,18.229999542236328,18.649999618530273,138376700,15.855127334594727,0.4989,,MULT3,01-12-2021
18.780000686645508,21.790000915527344,16.15999984741211,21.5,178072700,18.766164779663086,0.0,,MULT3,01-01-2022
21.489999771118164,22.8799991607666,20.329999923706055,22.09000015258789,112018400,19.281137466430664,0.0,,MULT3,01-02-2022
22.09000015258789,25.469999313354492,19.5,24.479999542236328,135996000,21.36724090576172,0.0,,MULT3,01-03-2022
24.709999084472656,25.940000534057617,22.829999923706055,24.649999618530273,116891100,21.515623092651367,0.0,,MULT3,01-04-2022
24.639999389648438,26.25,22.8799991607666,24.09000015258789,123307100,21.026832580566406,0.0,,MULT3,01-05-2022
23.969999313354492,24.959999084472656,21.56999969482422,21.950000762939453,90486300,19.1589412689209,0.247154,,MULT3,01-06-2022
21.649999618530273,24.899999618530273,21.610000610351562,23.799999237060547,77754800,21.00432777404785,0.0,,MULT3,01-07-2022
23.799999237060547,26.850000381469727,22.860000610351562,24.100000381469727,94721700,21.269092559814453,0.0,,MULT3,01-08-2022
24.149999618530273,25.100000381469727,23.209999084472656,24.170000076293945,89202100,21.33086585998535,0.170702,,MULT3,01-09-2022
24.959999084472656,26.3799991607666,23.299999237060547,26.360000610351562,82544900,23.432035446166992,0.0,,MULT3,01-10-2022
26.360000610351562,27.81999969482422,20.940000534057617,22.93000030517578,128571800,20.383024215698242,0.0,,MULT3,01-11-2022
22.690000534057617,23.190000534057617,19.459999084472656,21.899999618530273,135110400,19.46743392944336,0.299001,,MULT3,01-12-2022
21.770000457763672,23.950000762939453,19.920000076293945,23.790000915527344,104984600,21.43490219116211,0.0,,MULT3,01-01-2023
23.899999618530273,25.989999771118164,22.219999313354492,25.170000076293945,106651000,22.678285598754883,0.0,,MULT3,01-02-2023
25.200000762939453,25.690000534057617,23.040000915527344,24.639999389648438,96819500,22.200756072998047,0.128143,,MULT3,01-03-2023
24.510000228881836,26.489999771118164,23.850000381469727,25.899999618530273,64084200,23.455913543701172,0.0,,MULT3,01-04-2023
25.899999618530273,27.549999237060547,25.360000610351562,26.530000686645508,104650400,24.026464462280273,0.0,,MULT3,01-05-2023
26.579999923706055,28.780000686645508,25.770000457763672,27.670000076293945,129879100,25.058883666992188,0.248168,,MULT3,01-06-2023
27.81999969482422,28.190000534057617,25.200000762939453,26.40999984741211,89962500,24.13385009765625,0.0,,MULT3,01-07-2023
26.450000762939453,27.780000686645508,24.510000228881836,24.739999771118164,91608700,22.60778045654297,0.0,,MULT3,01-08-2023
24.860000610351562,26.34000015258789,23.639999389648438,24.56999969482422,84179800,22.452428817749023,0.206055,,MULT3,01-09-2023
24.43000030517578,26.670000076293945,23.5,24.739999771118164,82020200,22.804473876953125,0.0,,MULT3,01-10-2023
24.93000030517578,27.600000381469727,24.709999084472656,27.190000534057617,58972900,25.062795639038086,0.224954,,MULT3,01-11-2023
27.190000534057617,29.290000915527344,26.959999084472656,28.420000076293945,45810700,26.43500518798828,0.188988,,MULT3,01-12-2023
28.420000076293945,29.280000686645508,26.940000534057617,27.860000610351562,60717100,26.08753204345703,0.0,,MULT3,01-01-2024
27.780000686645508,28.1200008392334,25.350000381469727,26.40999984741211,91747800,24.729782104492188,0.0,,MULT3,01-02-2024
26.420000076293945,27.049999237060547,25.56999969482422,25.59000015258789,69760100,23.96195411682129,0.0,,MULT3,01-03-2024
25.739999771118164,25.75,22.540000915527344,22.889999389648438,180888300,21.433727264404297,0.15483,,MULT3,01-04-2024
23.200000762939453,24.780000686645508,22.459999084472656,22.700000762939453,101960400,21.388383865356445,0.0,,MULT3,01-05-2024
22.670000076293945,23.420000076293945,21.989999771118164,22.540000915527344,71245900,21.23763084411621,0.233675,,MULT3,01-06-2024
22.420000076293945,25.889999389648438,22.40999984741211,23.959999084472656,107705500,22.807296752929688,0.0,,MULT3,01-07-2024
24.15999984741211,27.450000762939453,23.899999618530273,25.639999389648438,101266500,24.40647315979004,0.0,,MULT3,01-08-2024
25.68000030517578,27.700000762939453,25.18000030517578,25.649999618530273,88975000,24.41599464416504,0.0,,MULT3,01-09-2024
25.809999465942383,26.43000030517578,24.770000457763672,25.59000015258789,70257800,24.3588809967041,0.0,,MULT3,01-10-2024
25.600000381469727,26.3799991607666,22.649999618530273,23.790000915527344,75986700,22.645479202270508,0.0,,MULT3,01-11-2024
23.670000076293945,23.979999542236328,21.0,21.079999923706055,95517700,20.065853118896484,0.235329,,MULT3,01-12-2024
21.079999923706055,22.579999923706055,19.940000534057617,22.399999618530273,88575800,21.548736572265625,0.409267,,MULT3,01-01-2025
22.290000915527344,23.479999542236328,20.950000762939453,20.950000762939453,124992500,20.552873611450195,0.0,,MULT3,01-02-2025
20.950000762939453,23.889999389648438,20.520000457763672,22.600000381469727,89343700,22.171594619750977,0.0,,MULT3,01-03-2025
22.549999237060547,25.93000030517578,22.15999984741211,25.739999771118164,102705400,25.252071380615234,0.225157,,MULT3,01-04-2025
25.739999771118164,27.389999389648438,25.149999618530273,26.8799991607666,75201700,26.635826110839844,0.0,,MULT3,01-05-2025
27.030000686645508,27.56999969482422,25.549999237060547,27.209999084472656,77539400,26.96282958984375,0.245626,,MULT3,01-06-2025
27.329999923706055,27.6200008392334,24.729999542236328,25.299999237060547,75972000,25.299999237060547,0.0,,MULT3,01-07-2025
25.799999237060547,28.280000686645508,24.969999313354492,27.850000381469727,68539100,27.850000381469727,0.0,,MULT3,01-08-2025
27.290000915527344,28.540000915527344,27.06999969482422,28.049999237060547,26806500,28.049999237060547,0.0,,MULT3,01-09-2025
28.200000762939453,28.709999084472656,28.170000076293945,28.56999969482422,2022700,28.56999969482422,0.0,,MULT3,11-09-2025
21.60909080505371,23.936363220214844,21.209089279174805,21.62727165222168,105170230,16.993614196777344,0.0,0.0,KLBN11,01-10-2020
21.62727165222168,23.0,20.59090805053711,22.73636245727539,89212530,17.86508560180664,0.0,0.0,KLBN11,01-11-2020
22.92727279663086,24.136362075805664,21.363636016845703,24.136362075805664,72697790,18.965129852294922,0.0,0.0,KLBN11,01-12-2020
24.136362075805664,27.418180465698242,23.09090805053711,25.363636016845703,83856850,19.92946434020996,0.0,0.0,KLBN11,01-01-2021
25.92727279663086,28.672727584838867,25.01818084716797,27.154544830322266,166034660,21.336673736572266,0.0,0.0,KLBN11,01-02-2021
27.454544067382812,28.600000381469727,24.918180465698242,25.118181228637695,197358040,19.736595153808594,0.0,0.0,KLBN11,01-03-2021
25.100000381469727,27.8454532623291,24.80908966064453,25.3454532623291,138070350,19.91517448425293,0.0,0.0,KLBN11,01-04-2021
25.363636016845703,25.727272033691406,23.399999618530273,23.954544067382812,141460660,18.82227325439453,0.0,0.0,KLBN11,01-05-2021
24.063636779785156,24.218181610107422,22.64545440673828,23.945453643798828,183647090,18.81513023376465,0.0,0.0,KLBN11,01-06-2021
23.73636245727539,24.990909576416016,22.209089279174805,22.372726440429688,131476510,17.579357147216797,0.0,0.0,KLBN11,01-07-2021
22.372726440429688,24.39090919494629,21.27272605895996,23.918180465698242,165950950,18.793699264526367,0.0,0.0,KLBN11,01-08-2021
24.0,24.16363525390625,20.46363639831543,22.009090423583984,143837210,17.29363441467285,0.0,0.0,KLBN11,01-09-2021
22.14545440673828,22.336362838745117,19.945453643798828,20.85454559326172,165552640,16.386449813842773,0.0,0.0,KLBN11,01-10-2021
20.936363220214844,21.881818771362305,19.918180465698242,21.64545440673828,94244150,17.007905960083008,0.332702,0.0,KLBN11,01-11-2021
21.85454559326172,24.16363525390625,21.62727165222168,23.381818771362305,91434420,18.67010498046875,0.0,0.0,KLBN11,01-12-2021
23.399999618530273,24.09090805053711,21.60909080505371,22.790908813476562,92810080,18.198272705078125,0.0,0.0,KLBN11,01-01-2022
22.563636779785156,23.39090919494629,19.872726440429688,20.790908813476562,94391660,16.601295471191406,0.312013,0.0,KLBN11,01-02-2022
20.790908813476562,24.709089279174805,20.790908813476562,21.92727279663086,147867280,17.763439178466797,0.0,0.0,KLBN11,01-03-2022
22.154544830322266,22.154544830322266,18.85454559326172,18.85454559326172,110615780,15.274200439453125,0.0,0.0,KLBN11,01-04-2022
18.990909576416016,20.818180084228516,18.700000762939453,20.245454788208008,148160980,16.40098762512207,0.285833,0.0,KLBN11,01-05-2022
20.53636360168457,20.89090919494629,17.563636779785156,18.363636016845703,121642180,15.08858871459961,0.0,0.0,KLBN11,01-06-2022
18.263635635375977,18.60909080505371,15.909090042114258,18.118181228637695,154586410,14.886905670166016,0.0,0.0,KLBN11,01-07-2022
18.245454788208008,19.05454444885254,17.118181228637695,17.118181228637695,173856430,14.065250396728516,0.329624,0.0,KLBN11,01-08-2022
17.27272605895996,17.51818084716797,16.027271270751953,16.5,160996330,13.81060791015625,0.0,0.0,KLBN11,01-09-2022
16.872726440429688,20.03636360168457,16.509090423583984,19.654544830322266,151003930,16.450984954833984,0.0,0.0,KLBN11,01-10-2022
19.62727165222168,21.80908966064453,17.64545440673828,17.80908966064453,128938150,14.90632438659668,0.41472,0.0,KLBN11,01-11-2022
17.909090042114258,19.55454444885254,17.318180084228516,18.14545440673828,110735460,15.515243530273438,0.029741,0.0,KLBN11,01-12-2022
18.16363525390625,18.89090919494629,17.03636360168457,17.727272033691406,115386810,15.18273639678955,0.0,0.0,KLBN11,01-01-2023
17.581817626953125,18.245454788208008,16.96363639831543,17.745454788208008,107080490,15.198308944702148,0.285019,0.0,KLBN11,01-02-2023
17.781818389892578,18.154544830322266,16.154544830322266,16.445453643798828,159070230,14.313518524169922,0.0,0.0,KLBN11,01-03-2023
16.454544067382812,17.581817626953125,16.12727165222168,17.39090919494629,129756990,15.136409759521484,0.0,0.0,KLBN11,01-04-2023
17.39090919494629,20.636362075805664,17.336362838745117,19.12727165222168,154219560,16.647676467895508,0.320633,0.0,KLBN11,01-05-2023
19.172727584838867,21.14545440673828,18.618181228637695,19.790908813476562,137141730,17.535919189453125,0.0,0.0,KLBN11,01-06-2023
19.863636016845703,21.12727165222168,18.863636016845703,20.909090042114258,107399270,18.526695251464844,0.0,0.0,KLBN11,01-07-2023
20.85454559326172,21.636362075805664,20.063636779785156,20.690908432006836,111539340,18.333370208740234,0.221618,0.0,KLBN11,01-08-2023
20.799999237060547,22.23636245727539,19.936363220214844,21.64545440673828,90649460,19.380111694335938,0.0,0.0,KLBN11,01-09-2023
21.690908432006836,22.172727584838867,19.372726440429688,19.454544067382812,108063340,17.41849136352539,0.262839,0.0,KLBN11,01-10-2023
19.372726440429688,21.42727279663086,19.3454532623291,20.51818084716797,84005790,18.615459442138672,0.0,0.0,KLBN11,01-11-2023
20.118181228637695,20.200000762939453,18.59090805053711,20.200000762939453,121584650,18.326786041259766,0.140896,0.0,KLBN11,01-12-2023
20.200000762939453,20.68181800842285,19.318180084228516,19.35454559326172,72875770,17.685758590698242,0.0,0.0,KLBN11,01-01-2024
19.445453643798828,20.727272033691406,18.64545440673828,20.51818084716797,73371100,18.749061584472656,0.158201,0.0,KLBN11,01-02-2024
20.527271270751953,23.03636360168457,19.66363525390625,22.96363639831543,110922240,21.1536922454834,0.0,0.0,KLBN11,01-03-2024
22.96363639831543,23.07272720336914,20.790908813476562,20.945453643798828,93967830,19.294580459594727,0.0,0.0,KLBN11,01-04-2024
20.945453643798828,21.889999389648438,20.18000030517578,20.31999969482422,96282100,18.71842384338379,0.271398,1.1,KLBN11,01-05-2024
20.420000076293945,21.690000534057617,19.649999618530273,21.440000534057617,93815200,20.006153106689453,0.0,0.0,KLBN11,01-06-2024
21.6200008392334,22.329999923706055,20.6299991607666,22.09000015258789,94986900,20.61268424987793,0.0,0.0,KLBN11,01-07-2024
21.920000076293945,22.3799991607666,20.420000076293945,21.59000015258789,86014900,20.146121978759766,0.337195,0.0,KLBN11,01-08-2024
21.6299991607666,22.469999313354492,20.700000762939453,20.889999389648438,82408400,19.804553985595703,0.0,0.0,KLBN11,01-09-2024
20.950000762939453,21.540000915527344,19.899999618530273,20.860000610351562,116334100,19.77611541748047,0.0,0.0,KLBN11,01-10-2024
20.850000381469727,22.389999389648438,20.18000030517578,22.209999084472656,109117500,21.055965423583984,0.349544,0.0,KLBN11,01-11-2024
22.0,24.049999237060547,21.959999084472656,23.200000762939453,118241400,22.370647430419922,0.212196,0.0,KLBN11,01-12-2024
23.200000762939453,23.229999542236328,21.1299991607666,22.440000534057617,96584100,21.836084365844727,0.0,0.0,KLBN11,01-01-2025
22.450000762939453,22.700000762939453,19.770000457763672,19.770000457763672,82514200,19.23794174194336,0.0,0.0,KLBN11,01-02-2025
20.100000381469727,20.489999771118164,18.65999984741211,18.65999984741211,90915100,18.157814025878906,0.044413,0.0,KLBN11,01-03-2025
18.700000762939453,19.079999923706055,17.65999984741211,18.530000686645508,128531300,18.071910858154297,0.0,0.0,KLBN11,01-04-2025
18.530000686645508,20.040000915527344,18.309999465942383,18.309999465942383,105983100,17.857349395751953,0.228801,0.0,KLBN11,01-05-2025
18.43000030517578,18.84000015258789,17.450000762939453,18.450000762939453,108954700,18.205547332763672,0.0,0.0,KLBN11,01-06-2025
18.579999923706055,19.790000915527344,18.239999771118164,18.600000381469727,98322100,18.353561401367188,0.0,0.0,KLBN11,01-07-2025
18.719999313354492,18.969999313354492,17.81999969482422,18.510000228881836,87885800,18.264753341674805,0.250945,0.0,KLBN11,01-08-2025
18.600000381469727,18.93000030517578,18.149999618530273,18.469999313354492,36357300,18.469999313354492,0.0,0.0,KLBN11,01-09-2025
18.59000015258789,18.770000457763672,18.399999618530273,18.6299991607666,2720200,18.6299991607666,0.0,0.0,KLBN11,11-09-2025
10.100000381469727,12.949999809265137,9.5,12.289999961853027,124523900,8.791630744934082,0.0,,CXSE3,01-05-2021
12.25,13.40999984741211,10.960000038146973,13.069999694824219,108947900,9.349600791931152,0.0,,CXSE3,01-06-2021
13.0,13.0600004196167,10.050000190734863,10.960000038146973,104951600,7.840217590332031,0.0,,CXSE3,01-07-2021
11.100000381469727,11.25,9.670000076293945,9.869999885559082,51057400,7.060487270355225,0.0,,CXSE3,01-08-2021
9.859999656677246,10.029999732971191,8.1899995803833,8.270000457763672,61276000,5.915930271148682,0.0,,CXSE3,01-09-2021
8.229999542236328,9.930000305175781,7.670000076293945,8.75,95754000,6.2592973709106445,0.0,,CXSE3,01-10-2021
8.890000343322754,9.75,8.100000381469727,8.220000267028809,69518700,5.880162715911865,0.244612,,CXSE3,01-11-2021
8.300000190734863,9.109999656677246,7.960000038146973,8.3100004196167,67036000,6.109494686126709,0.0,,CXSE3,01-12-2021
8.359999656677246,9.0,7.699999809265137,9.0,67919700,6.616781711578369,0.0,,CXSE3,01-01-2022
8.989999771118164,9.550000190734863,8.029999732971191,8.319999694824219,42646900,6.116846561431885,0.0,,CXSE3,01-02-2022
8.319999694824219,9.0600004196167,7.519999980926514,8.890000343322754,45302900,6.535910606384277,0.0,,CXSE3,01-03-2022
8.9399995803833,9.050000190734863,7.570000171661377,7.840000152587891,60318700,5.763952732086182,0.29579,,CXSE3,01-04-2022
7.809999942779541,7.989999771118164,7.360000133514404,7.860000133514404,54094600,5.989307403564453,0.0,,CXSE3,01-05-2022
7.860000133514404,7.909999847412109,6.75,6.929999828338623,54420800,5.280648231506348,0.0,,CXSE3,01-06-2022
6.989999771118164,7.510000228881836,6.590000152587891,7.449999809265137,34388100,5.676887512207031,0.0,,CXSE3,01-07-2022
7.449999809265137,9.420000076293945,7.28000020980835,9.109999656677246,60462800,6.941804885864258,0.0,,CXSE3,01-08-2022
9.109999656677246,9.199999809265137,8.319999694824219,8.510000228881836,61750400,6.484605312347412,0.0,,CXSE3,01-09-2022
8.529999732971191,9.039999961853027,8.3100004196167,8.819999694824219,47199300,6.720825672149658,0.0,,CXSE3,01-10-2022
8.84000015258789,9.079999923706055,7.789999961853027,8.050000190734863,53586200,6.134087085723877,0.35278,,CXSE3,01-11-2022
8.020000457763672,8.489999771118164,7.360000133514404,8.350000381469727,55651200,6.621965408325195,0.0,,CXSE3,01-12-2022
8.239999771118164,8.819999694824219,7.920000076293945,8.6899995803833,36814500,6.8916015625,0.0,,CXSE3,01-01-2023
8.6899995803833,8.720000267028809,8.180000305175781,8.470000267028809,27414600,6.7171311378479,0.0,,CXSE3,01-02-2023
8.470000267028809,8.9399995803833,8.25,8.800000190734863,47359900,6.978837013244629,0.0,,CXSE3,01-03-2023
8.800000190734863,10.1899995803833,8.529999732971191,9.460000038146973,59461700,7.502249717712402,0.510369,,CXSE3,01-04-2023
9.460000038146973,10.380000114440918,9.270000457763672,10.239999771118164,60938800,8.561293601989746,0.0,,CXSE3,01-05-2023
10.270000457763672,10.869999885559082,10.100000381469727,10.300000190734863,43172200,8.611457824707031,0.0,,CXSE3,01-06-2023
10.350000381469727,10.800000190734863,9.90999984741211,10.789999961853027,46373000,9.02112865447998,0.0,,CXSE3,01-07-2023
10.789999961853027,11.029999732971191,10.399999618530273,10.800000190734863,65716800,9.02949047088623,0.0,,CXSE3,01-08-2023
10.869999885559082,11.619999885559082,10.770000457763672,11.15999984741211,81683500,9.330472946166992,0.0,,CXSE3,01-09-2023
11.1899995803833,11.649999618530273,10.819999694824219,10.819999694824219,77679200,9.046211242675781,0.5,,CXSE3,01-10-2023
10.819999694824219,11.699999809265137,10.649999618530273,11.430000305175781,78998800,9.98705768585205,0.0,,CXSE3,01-11-2023
11.5,12.899999618530273,11.350000381469727,12.899999618530273,44714900,11.271482467651367,0.0,,CXSE3,01-12-2023
12.899999618530273,14.970000267028809,12.699999809265137,14.130000114440918,88066900,12.346205711364746,0.0,,CXSE3,01-01-2024
14.180000305175781,15.020000457763672,13.569999694824219,14.369999885559082,183376700,12.555908203125,0.0,,CXSE3,01-02-2024
14.369999885559082,16.8700008392334,14.25,15.619999885559082,100254000,13.64810562133789,0.0,,CXSE3,01-03-2024
15.600000381469727,16.420000076293945,14.949999809265137,15.65999984741211,75924800,13.683055877685547,0.566339,,CXSE3,01-04-2024
15.640000343322754,16.850000381469727,14.550000190734863,14.869999885559082,81330300,13.459576606750488,0.0,,CXSE3,01-05-2024
14.829999923706055,15.0,14.020000457763672,14.3100004196167,54477500,12.952693939208984,0.0,,CXSE3,01-06-2024
14.319999694824219,15.039999961853027,14.119999885559082,14.420000076293945,57537400,13.052260398864746,0.0,,CXSE3,01-07-2024
14.479999542236328,16.479999542236328,13.420000076293945,16.350000381469727,82633100,14.799200057983398,0.28,,CXSE3,01-08-2024
16.299999237060547,16.469999313354492,14.300000190734863,14.550000190734863,79446400,13.42690372467041,0.0,,CXSE3,01-09-2024
14.550000190734863,14.8100004196167,14.010000228881836,14.399999618530273,77611200,13.288480758666992,0.0,,CXSE3,01-10-2024
14.5,15.229999542236328,14.079999923706055,14.529999732971191,73468100,13.408446311950684,0.234,,CXSE3,01-11-2024
14.40999984741211,16.520000457763672,14.170000076293945,14.25,123374500,13.357328414916992,0.0,,CXSE3,01-12-2024
14.25,15.039999961853027,13.850000381469727,14.680000305175781,74336200,13.760392189025879,0.311697,,CXSE3,01-01-2025
14.699999809265137,15.800000190734863,14.199999809265137,15.199999809265137,81673300,14.565070152282715,0.0,,CXSE3,01-02-2025
15.199999809265137,16.149999618530273,14.75,14.90999984741211,118234500,14.28718376159668,0.0,,CXSE3,01-03-2025
14.970000267028809,16.829999923706055,14.699999809265137,16.360000610351562,94225300,15.676614761352539,0.0,,CXSE3,01-04-2025
16.360000610351562,16.360000610351562,14.850000381469727,15.069999694824219,101267600,14.440500259399414,0.320175,,CXSE3,01-05-2025
15.050000190734863,15.109999656677246,14.0600004196167,14.6899995803833,103403500,14.357355117797852,0.0,,CXSE3,01-06-2025
14.710000038146973,14.970000267028809,13.579999923706055,13.779999732971191,93741600,13.467961311340332,0.0,,CXSE3,01-07-2025
13.869999885559082,14.460000038146973,13.170000076293945,14.100000381469727,87798500,13.780715942382812,0.31,,CXSE3,01-08-2025
14.270000457763672,14.539999961853027,13.869999885559082,14.25,43432600,14.25,0.0,,CXSE3,01-09-2025
14.260000228881836,14.300000190734863,13.960000038146973,13.970000267028809,5623300,13.970000267028809,0.0,,CXSE3,11-09-2025
27.540000915527344,28.639999389648438,22.6299991607666,22.920000076293945,69277200,20.878135681152344,0.0,,YDUQ3,01-10-2020
22.920000076293945,33.16999816894531,22.75,33.02000045776367,96982300,30.0783634185791,0.0,,YDUQ3,01-11-2020
34.18000030517578,38.150001525878906,31.3700008392334,32.91999816894531,65601600,29.987272262573242,0.0,,YDUQ3,01-12-2020
32.91999816894531,35.95000076293945,31.739999771118164,33.54999923706055,72427700,30.56114959716797,0.0,,YDUQ3,01-01-2021
33.900001525878906,35.4900016784668,29.6299991607666,30.1200008392334,65112700,27.436717987060547,0.0,,YDUQ3,01-02-2021
30.110000610351562,30.149999618530273,26.110000610351562,26.709999084472656,76794400,24.33049964904785,0.0,,YDUQ3,01-03-2021
26.920000076293945,33.060001373291016,26.329999923706055,29.260000228881836,55956300,26.65332794189453,0.469672,,YDUQ3,01-04-2021
29.139999389648438,34.439998626708984,27.18000030517578,32.900001525878906,45882800,30.447324752807617,0.0,,YDUQ3,01-05-2021
33.36000061035156,35.95000076293945,32.2400016784668,32.84000015258789,60998400,30.39179801940918,0.0,,YDUQ3,01-06-2021
32.810001373291016,33.119998931884766,28.219999313354492,28.260000228881836,37533500,26.15323257446289,0.0,,YDUQ3,01-07-2021
28.3700008392334,28.920000076293945,22.989999771118164,25.59000015258789,75441500,23.682281494140625,0.0,,YDUQ3,01-08-2021
25.799999237060547,26.309999465942383,22.440000534057617,23.760000228881836,54146000,21.988706588745117,0.0,,YDUQ3,01-09-2021
23.59000015258789,27.670000076293945,20.670000076293945,20.860000610351562,64505100,19.304899215698242,0.0,,YDUQ3,01-10-2021
21.040000915527344,25.6299991607666,20.34000015258789,21.829999923706055,61988800,20.202585220336914,0.0,,YDUQ3,01-11-2021
21.959999084472656,24.739999771118164,20.010000228881836,20.59000015258789,57466600,19.05502700805664,0.0,,YDUQ3,01-12-2021
20.59000015258789,22.110000610351562,17.8799991607666,22.110000610351562,60206500,20.461713790893555,0.0,,YDUQ3,01-01-2022
22.110000610351562,23.040000915527344,20.860000610351562,21.25,51435100,19.66582489013672,0.0,,YDUQ3,01-02-2022
21.25,22.389999389648438,15.119999885559082,20.940000534057617,91892500,19.378934860229492,0.0,,YDUQ3,01-03-2022
21.09000015258789,22.329999923706055,15.8100004196167,16.1200008392334,52640700,14.918264389038086,0.126471,,YDUQ3,01-04-2022
16.1200008392334,18.260000228881836,14.170000076293945,16.18000030517578,54264800,15.08723258972168,0.0,,YDUQ3,01-05-2022
16.270000457763672,17.200000762939453,12.819999694824219,13.069999694824219,50879900,12.187275886535645,0.0,,YDUQ3,01-06-2022
12.850000381469727,15.5600004196167,11.930000305175781,13.25,84714200,12.355118751525879,0.0,,YDUQ3,01-07-2022
13.260000228881836,16.75,11.930000305175781,12.3100004196167,96047400,11.478605270385742,0.0,,YDUQ3,01-08-2022
12.289999961853027,14.59000015258789,10.550000190734863,14.449999809265137,120724700,13.47407341003418,0.0,,YDUQ3,01-09-2022
14.5,16.459999084472656,11.729999542236328,16.1299991607666,157814900,15.040608406066895,0.0,,YDUQ3,01-10-2022
16.190000534057617,16.8799991607666,10.859999656677246,11.5,135780700,10.723310470581055,0.0,,YDUQ3,01-11-2022
11.460000038146973,11.729999542236328,9.40999984741211,10.170000076293945,83966400,9.483137130737305,0.0,,YDUQ3,01-12-2022
10.050000190734863,10.359999656677246,8.880000114440918,10.329999923706055,113876900,9.632330894470215,0.0,,YDUQ3,01-01-2023
10.489999771118164,10.630000114440918,7.050000190734863,7.050000190734863,96297100,6.573855876922607,0.0,,YDUQ3,01-02-2023
7.110000133514404,7.909999847412109,6.480000019073486,7.050000190734863,120274900,6.573855876922607,0.0,,YDUQ3,01-03-2023
7.039999961853027,8.449999809265137,6.730000019073486,8.119999885559082,57272200,7.571589946746826,0.0,,YDUQ3,01-04-2023
8.119999885559082,14.579999923706055,7.650000095367432,14.069999694824219,144278200,13.119736671447754,0.0,,YDUQ3,01-05-2023
14.180000305175781,21.18000030517578,14.100000381469727,19.81999969482422,140765700,18.48139190673828,0.0,,YDUQ3,01-06-2023
20.020000457763672,22.270000457763672,18.100000381469727,22.190000534057617,83701300,20.691328048706055,0.0,,YDUQ3,01-07-2023
21.899999618530273,24.6200008392334,19.920000076293945,20.3700008392334,136109800,18.994247436523438,0.27493,,YDUQ3,01-08-2023
20.5,21.860000610351562,18.600000381469727,19.8700008392334,98979100,18.75773048400879,0.0,,YDUQ3,01-09-2023
19.799999237060547,21.479999542236328,17.3799991607666,17.729999542236328,111006500,16.737520217895508,0.0,,YDUQ3,01-10-2023
17.760000228881836,21.719999313354492,17.459999084472656,20.09000015258789,101624400,18.96541404724121,0.0,,YDUQ3,01-11-2023
20.030000686645508,23.56999969482422,19.899999618530273,22.420000076293945,54042700,21.16498565673828,0.0,,YDUQ3,01-12-2023
22.420000076293945,22.559999465942383,18.639999389648438,19.280000686645508,73105700,18.200756072998047,0.0,,YDUQ3,01-01-2024
19.31999969482422,20.81999969482422,18.100000381469727,20.360000610351562,66052800,19.220300674438477,0.0,,YDUQ3,01-02-2024
20.43000030517578,21.93000030517578,17.309999465942383,18.110000610351562,94315700,17.096250534057617,0.0,,YDUQ3,01-03-2024
18.18000030517578,18.59000015258789,13.699999809265137,14.59000015258789,91829500,13.773289680480957,0.273695,,YDUQ3,01-04-2024
14.59000015258789,16.729999542236328,11.979999542236328,12.109999656677246,134927800,11.636667251586914,0.0,,YDUQ3,01-05-2024
12.100000381469727,12.329999923706055,10.40999984741211,10.40999984741211,96136700,10.003113746643066,0.0,,YDUQ3,01-06-2024
10.399999618530273,12.520000457763672,10.25,10.9399995803833,78930700,10.512397766113281,0.0,,YDUQ3,01-07-2024
11.119999885559082,11.210000038146973,9.680000305175781,9.850000381469727,97559200,9.465002059936523,0.0,,YDUQ3,01-08-2024
9.859999656677246,11.180000305175781,9.0600004196167,9.1899995803833,137961100,8.830798149108887,0.0,,YDUQ3,01-09-2024
9.300000190734863,11.319999694824219,8.930000305175781,10.609999656677246,112710000,10.195296287536621,0.0,,YDUQ3,01-10-2024
10.630000114440918,11.199999809265137,8.850000381469727,9.25,89733700,8.888453483581543,0.0,,YDUQ3,01-11-2024
9.25,9.630000114440918,7.849999904632568,8.550000190734863,94502400,8.215813636779785,0.0,,YDUQ3,01-12-2024
8.550000190734863,10.5,7.949999809265137,10.25,113797700,9.849367141723633,0.0,,YDUQ3,01-01-2025
10.109999656677246,12.399999618530273,9.670000076293945,10.399999618530273,97977200,9.993504524230957,0.0,,YDUQ3,01-02-2025
10.399999618530273,12.75,10.09000015258789,11.539999961853027,102955800,11.088946342468262,0.0,,YDUQ3,01-03-2025
11.510000228881836,15.100000381469727,11.5,14.289999961853027,108414200,13.731459617614746,0.570657,,YDUQ3,01-04-2025
14.289999961853027,16.350000381469727,13.710000038146973,15.850000381469727,103741200,15.850000381469727,0.0,,YDUQ3,01-05-2025
15.949999809265137,17.799999237060547,15.75,16.489999771118164,67307800,16.489999771118164,0.0,,YDUQ3,01-06-2025
16.489999771118164,16.790000915527344,12.229999542236328,12.9399995803833,93376200,12.9399995803833,0.0,,YDUQ3,01-07-2025
13.199999809265137,13.779999732971191,12.149999618530273,13.149999618530273,75287700,13.149999618530273,0.0,,YDUQ3,01-08-2025
13.180000305175781,14.380000114440918,12.640000343322754,13.800000190734863,31036700,13.800000190734863,0.0,,YDUQ3,01-09-2025
13.9399995803833,13.949999809265137,13.779999732971191,13.819999694824219,2624100,13.819999694824219,0.0,,YDUQ3,11-09-2025
20.850000381469727,25.479999542236328,20.360000610351562,22.84000015258789,71093700,20.212722778320312,0.0,,BRKM5,01-10-2020
22.84000015258789,25.670000076293945,21.6299991607666,22.600000381469727,97202500,20.000329971313477,0.0,,BRKM5,01-11-2020
22.90999984741211,24.420000076293945,21.040000915527344,23.56999969482422,76523100,20.858749389648438,0.0,,BRKM5,01-12-2020
23.56999969482422,25.959999084472656,22.610000610351562,24.219999313354492,57619400,21.43398094177246,0.0,,BRKM5,01-01-2021
24.610000610351562,33.25,24.309999465942383,31.260000228881836,76627100,27.66417121887207,0.0,,BRKM5,01-02-2021
32.029998779296875,40.95000076293945,28.559999465942383,39.689998626708984,87130200,35.12446975708008,0.0,,BRKM5,01-03-2021
40.029998779296875,57.779998779296875,39.619998931884766,52.5,84886800,46.460941314697266,0.0,,BRKM5,01-04-2021
52.849998474121094,54.79999923706055,48.33000183105469,50.06999969482422,102373300,44.310462951660156,0.0,,BRKM5,01-05-2021
50.45000076293945,61.529998779296875,50.0,59.54999923706055,67515200,52.699981689453125,0.0,,BRKM5,01-06-2021
59.790000915527344,63.790000915527344,56.54999923706055,57.75,49404200,51.10703659057617,0.0,,BRKM5,01-07-2021
57.209999084472656,65.98999786376953,52.220001220703125,65.98999786376953,64921700,58.39918899536133,0.0,,BRKM5,01-08-2021
66.4800033569336,70.55000305175781,55.43000030517578,59.34000015258789,85288100,52.514137268066406,0.0,,BRKM5,01-09-2021
59.709999084472656,61.869998931884766,53.11000061035156,54.459999084472656,51632200,48.19548034667969,0.0,,BRKM5,01-10-2021
55.13999938964844,57.5,45.849998474121094,50.04999923706055,61886000,44.292762756347656,0.0,,BRKM5,01-11-2021
51.29999923706055,69.66000366210938,51.099998474121094,57.56999969482422,90989100,50.94773864746094,7.539048,,BRKM5,01-12-2021
57.91999816894531,59.150001525878906,45.709999084472656,49.16999816894531,85241300,49.16999816894531,0.0,,BRKM5,01-01-2022
49.2599983215332,55.31999969482422,45.220001220703125,47.72999954223633,51892400,47.72999954223633,0.0,,BRKM5,01-02-2022
47.72999954223633,49.689998626708984,44.06999969482422,44.29999923706055,60848500,44.29999923706055,0.0,,BRKM5,01-03-2022
44.58000183105469,46.45000076293945,39.720001220703125,40.220001220703125,53397700,40.220001220703125,0.0,,BRKM5,01-04-2022
40.16999816894531,45.5,38.720001220703125,44.5,55320000,44.5,0.0,,BRKM5,01-05-2022
44.86000061035156,46.959999084472656,36.029998779296875,37.2400016784668,47743500,37.2400016784668,0.0,,BRKM5,01-06-2022
36.709999084472656,37.599998474121094,32.61000061035156,36.689998626708984,38393300,36.689998626708984,0.0,,BRKM5,01-07-2022
36.02000045776367,37.349998474121094,30.450000762939453,30.450000762939453,44961700,30.450000762939453,0.0,,BRKM5,01-08-2022
30.68000030517578,33.25,25.360000610351562,26.239999771118164,51782300,26.239999771118164,0.0,,BRKM5,01-09-2022
27.0,38.900001525878906,26.729999542236328,33.709999084472656,96322400,33.709999084472656,0.0,,BRKM5,01-10-2022
34.0,35.08000183105469,28.139999389648438,28.139999389648438,55097200,28.139999389648438,0.0,,BRKM5,01-11-2022
28.010000228881836,28.610000610351562,22.219999313354492,23.760000228881836,53665300,23.760000228881836,0.0,,BRKM5,01-12-2022
23.860000610351562,24.329999923706055,21.309999465942383,23.329999923706055,65588800,23.329999923706055,0.0,,BRKM5,01-01-2023
23.299999237060547,23.950000762939453,19.530000686645508,20.1200008392334,86791300,20.1200008392334,0.0,,BRKM5,01-02-2023
20.1200008392334,21.40999984741211,16.469999313354492,19.360000610351562,83185500,19.360000610351562,0.0,,BRKM5,01-03-2023
19.209999084472656,21.690000534057617,18.260000228881836,19.790000915527344,52036300,19.790000915527344,0.0,,BRKM5,01-04-2023
19.790000915527344,29.149999618530273,18.280000686645508,22.459999084472656,142836500,22.459999084472656,0.0,,BRKM5,01-05-2023
22.65999984741211,31.540000915527344,22.350000381469727,27.860000610351562,99998900,27.860000610351562,0.0,,BRKM5,01-06-2023
27.770000457763672,29.200000762939453,24.1200008392334,25.399999618530273,82264800,25.399999618530273,0.0,,BRKM5,01-07-2023
25.299999237060547,25.690000534057617,21.229999542236328,22.239999771118164,80869700,22.239999771118164,0.0,,BRKM5,01-08-2023
22.190000534057617,24.479999542236328,19.90999984741211,20.520000457763672,91834300,20.520000457763672,0.0,,BRKM5,01-09-2023
20.360000610351562,20.799999237060547,16.0,16.06999969482422,57501400,16.06999969482422,0.0,,BRKM5,01-10-2023
16.059999465942383,21.260000228881836,15.75,19.1299991607666,87088700,19.1299991607666,0.0,,BRKM5,01-11-2023
18.360000610351562,22.09000015258789,16.25,21.860000610351562,134151100,21.860000610351562,0.0,,BRKM5,01-12-2023
21.860000610351562,21.860000610351562,17.110000610351562,17.809999465942383,65963700,17.809999465942383,0.0,,BRKM5,01-01-2024
17.809999465942383,21.5,16.920000076293945,21.040000915527344,74786800,21.040000915527344,0.0,,BRKM5,01-02-2024
21.06999969482422,27.530000686645508,19.93000030517578,26.399999618530273,110557600,26.399999618530273,0.0,,BRKM5,01-03-2024
26.299999237060547,26.799999237060547,21.020000457763672,21.280000686645508,56242800,21.280000686645508,0.0,,BRKM5,01-04-2024
21.43000030517578,23.049999237060547,18.809999465942383,18.899999618530273,66542900,18.899999618530273,0.0,,BRKM5,01-05-2024
19.020000457763672,19.190000534057617,17.270000457763672,17.860000610351562,51594400,17.860000610351562,0.0,,BRKM5,01-06-2024
17.8799991607666,19.84000015258789,17.360000610351562,17.549999237060547,44374600,17.549999237060547,0.0,,BRKM5,01-07-2024
17.579999923706055,18.209999084472656,15.329999923706055,18.040000915527344,66769300,18.040000915527344,0.0,,BRKM5,01-08-2024
18.049999237060547,20.979999542236328,17.309999465942383,19.93000030517578,79735400,19.93000030517578,0.0,,BRKM5,01-09-2024
19.959999084472656,20.639999389648438,17.15999984741211,17.559999465942383,55213200,17.559999465942383,0.0,,BRKM5,01-10-2024
17.670000076293945,18.100000381469727,14.050000190734863,15.0,76890700,15.0,0.0,,BRKM5,01-11-2024
15.010000228881836,15.630000114440918,11.40999984741211,11.579999923706055,71613400,11.579999923706055,0.0,,BRKM5,01-12-2024
11.579999923706055,15.119999885559082,11.010000228881836,13.8100004196167,69296000,13.8100004196167,0.0,,BRKM5,01-01-2025
13.729999542236328,13.899999618530273,10.90999984741211,10.970000267028809,61173600,10.970000267028809,0.0,,BRKM5,01-02-2025
10.970000267028809,12.260000228881836,10.170000076293945,11.0,62807200,11.0,0.0,,BRKM5,01-03-2025
11.0,11.850000381469727,8.710000038146973,10.670000076293945,75660400,10.670000076293945,0.0,,BRKM5,01-04-2025
10.699999809265137,12.59000015258789,9.890000343322754,11.010000228881836,96489200,11.010000228881836,0.0,,BRKM5,01-05-2025
11.100000381469727,11.430000305175781,8.829999923706055,9.069999694824219,66693800,9.069999694824219,0.0,,BRKM5,01-06-2025
9.069999694824219,10.329999923706055,8.229999542236328,8.720000267028809,93231200,8.720000267028809,0.0,,BRKM5,01-07-2025
8.75,9.859999656677246,7.610000133514404,9.369999885559082,86840600,9.369999885559082,0.0,,BRKM5,01-08-2025
9.430000305175781,9.680000305175781,8.829999923706055,8.869999885559082,19117700,8.869999885559082,0.0,,BRKM5,01-09-2025
8.949999809265137,9.0600004196167,8.880000114440918,8.970000267028809,1869600,8.970000267028809,0.0,,BRKM5,11-09-2025
21.055089950561523,21.99397850036621,19.506921768188477,19.906448364257812,163949130,17.928510665893555,0.0,,EQTL3,01-10-2020
19.906448364257812,22.942855834960938,19.566850662231445,21.764249801635742,147594603,19.60171890258789,0.0,,EQTL3,01-11-2020
21.88410758972168,23.41230010986328,20.825361251831055,23.132631301879883,143751560,20.834135055541992,0.0,,EQTL3,01-12-2020
23.132631301879883,23.58209991455078,21.324769973754883,22.49338722229004,193179470,20.258407592773438,0.0,,EQTL3,01-01-2021
22.77305793762207,23.87175750732422,19.96637725830078,20.07624626159668,163966249,18.081438064575195,0.0,,EQTL3,01-02-2021
20.345928192138672,24.820634841918945,19.057453155517578,24.770692825317383,220761062,22.30943489074707,0.0,,EQTL3,01-03-2021
24.84061050415039,26.92814064025879,23.81182861328125,25.01041030883789,149441783,22.525333404541016,0.0,,EQTL3,01-04-2021
23.931686401367188,26.079145431518555,23.04273796081543,24.700775146484375,132833359,22.24646759033203,0.714276,,EQTL3,01-05-2021
24.600894927978516,25.639665603637695,24.341201782226562,24.770692825317383,132673069,22.965303421020508,0.0,,EQTL3,01-06-2021
24.511001586914062,25.23015022277832,23.512182235717773,24.171401977539062,121762074,22.409692764282227,0.0,,EQTL3,01-07-2021
24.291261672973633,25.979263305664062,22.86294937133789,25.310054779052734,170399250,23.465354919433594,0.0,,EQTL3,01-08-2021
25.86939239501953,26.64847183227539,24.331212997436523,25.320043563842773,143751459,23.47461700439453,0.0,,EQTL3,01-09-2021
25.330032348632812,25.71957015991211,22.233694076538086,22.852962493896484,153763194,21.187347412109375,0.0,,EQTL3,01-10-2021
22.98280906677246,25.200185775756836,22.21371841430664,22.5433292388916,149295513,20.90028190612793,0.0,,EQTL3,01-11-2021
22.59326934814453,24.361177444458008,22.27364730834961,22.583280563354492,111191884,20.937320709228516,0.0,,EQTL3,01-12-2021
22.27364730834961,23.15260887145996,21.01513671875,22.9328670501709,138616793,21.26142692565918,0.0,,EQTL3,01-01-2022
22.942855834960938,25.749534606933594,22.822998046875,25.539783477783203,175375831,23.678340911865234,0.0,,EQTL3,01-02-2022
25.539783477783203,28.06679344177246,24.1813907623291,27.177845001220703,177033590,25.1970157623291,0.0,,EQTL3,01-03-2022
27.067974090576172,27.707218170166016,24.970457077026367,25.60970115661621,176391531,23.743162155151367,0.0,,EQTL3,01-04-2022
24.970457077026367,25.200185775756836,22.87293815612793,23.75189971923828,213745573,22.020767211914062,0.634912,,EQTL3,01-05-2022
23.75189971923828,24.660823822021484,21.983989715576172,22.81300926208496,223170308,21.687990188598633,0.0,,EQTL3,01-06-2022
22.683162689208984,24.860586166381836,21.84415626525879,24.780681610107422,130715660,23.558626174926758,0.0,,EQTL3,01-07-2022
24.700775146484375,25.969274520874023,23.53215980529785,24.151426315307617,173363552,22.960403442382812,0.0,,EQTL3,01-08-2022
24.321224212646484,27.507455825805664,23.8417911529541,26.86821174621582,186243674,25.543210983276367,0.0,,EQTL3,01-09-2022
27.557395935058594,30.024478912353516,26.968093872070312,29.9945125579834,151531053,28.51534080505371,0.0,,EQTL3,01-10-2022
29.814725875854492,30.453968048095703,26.528614044189453,27.517444610595703,154824245,26.160429000854492,0.0,,EQTL3,01-11-2022
27.357633590698242,28.1866512298584,25.479854583740234,26.988069534301758,131201330,25.65715980529785,0.0,,EQTL3,01-12-2022
26.898176193237305,28.156686782836914,25.22016143798828,27.986888885498047,146690532,26.606719970703125,0.0,,EQTL3,01-01-2023
27.867029190063477,28.376426696777344,25.350008010864258,25.399948120117188,126241870,24.147354125976562,0.0,,EQTL3,01-02-2023
25.409936904907227,27.647289276123047,24.131450653076172,26.92814064025879,203287815,25.60018539428711,0.0,,EQTL3,01-03-2023
26.918153762817383,29.025659561157227,26.27890968322754,27.30769157409668,153795031,25.961017608642578,0.0,,EQTL3,01-04-2023
27.30769157409668,29.719999313354492,25.8799991607666,28.149999618530273,180025300,26.761789321899414,0.347628,,EQTL3,01-05-2023
28.15999984741211,32.54999923706055,27.260000228881836,32.150001525878906,269607400,30.958637237548828,0.0,,EQTL3,01-06-2023
32.150001525878906,34.869998931884766,32.02000045776367,33.540000915527344,166867200,32.29712677001953,0.0,,EQTL3,01-07-2023
33.54999923706055,33.65999984741211,31.219999313354492,31.65999984741211,158673300,30.486793518066406,0.0,,EQTL3,01-08-2023
31.989999771118164,34.34000015258789,30.690000534057617,32.060001373291016,155184800,30.871971130371094,0.0,,EQTL3,01-09-2023
31.950000762939453,32.95000076293945,29.8799991607666,31.600000381469727,134561200,30.429018020629883,0.0,,EQTL3,01-10-2023
31.6200008392334,35.060001373291016,31.610000610351562,34.060001373291016,147896600,32.79785919189453,0.0,,EQTL3,01-11-2023
34.0099983215332,35.79999923706055,33.70000076293945,35.720001220703125,143099700,34.39634704589844,0.0,,EQTL3,01-12-2023
35.720001220703125,35.86000061035156,33.7400016784668,35.43000030517578,161359500,34.11709213256836,0.0,,EQTL3,01-01-2024
35.65999984741211,36.34000015258789,33.220001220703125,34.18000030517578,130959100,32.913414001464844,0.0,,EQTL3,01-02-2024
34.16999816894531,34.16999816894531,32.0,32.54999923706055,145005000,31.34381103515625,0.0,,EQTL3,01-03-2024
32.099998474121094,32.900001525878906,29.371641159057617,29.516376495361328,192572983,28.422603607177734,0.0,,EQTL3,01-04-2024
29.516376495361328,31.899999618530273,29.18000030517578,29.229999542236328,154175700,28.146839141845703,0.447184,,EQTL3,01-05-2024
29.3700008392334,31.469999313354492,28.600000381469727,30.690000534057617,169576800,30.007360458374023,0.0,,EQTL3,01-06-2024
31.209999084472656,34.380001068115234,30.739999771118164,32.63999938964844,173208100,31.913986206054688,0.0,,EQTL3,01-07-2024
32.63999938964844,36.13999938964844,31.141189575195312,34.20000076293945,170001265,33.43928527832031,0.0,,EQTL3,01-08-2024
34.0099983215332,35.91999816894531,32.150001525878906,32.5,147430500,31.777101516723633,0.0,,EQTL3,01-09-2024
32.56999969482422,33.099998474121094,31.360000610351562,32.119998931884766,163843700,31.405550003051758,0.0,,EQTL3,01-10-2024
32.130001068115234,33.439998626708984,29.780000686645508,30.610000610351562,180023100,29.929140090942383,0.0,,EQTL3,01-11-2024
30.549999237060547,31.34000015258789,26.989999771118164,27.399999618530273,208115600,26.79054069519043,0.0,,EQTL3,01-12-2024
27.399999618530273,30.649999618530273,26.239999771118164,30.149999618530273,210899680,29.4793701171875,0.089125,,EQTL3,01-01-2025
29.90999984741211,32.099998474121094,29.479999542236328,30.059999465942383,148298600,29.488224029541016,0.0,,EQTL3,01-02-2025
30.059999465942383,33.77000045776367,29.440000534057617,32.0,164141500,31.39132308959961,0.0,,EQTL3,01-03-2025
32.0,36.810001373291016,31.75,36.810001373291016,182514200,36.109832763671875,0.0,,EQTL3,01-04-2025
35.65999984741211,37.52000045776367,35.45000076293945,36.59000015258789,161316500,35.89401626586914,0.700169,,EQTL3,01-05-2025
36.849998474121094,37.2400016784668,35.0,35.959999084472656,159689700,35.959999084472656,0.0,,EQTL3,01-06-2025
36.4900016784668,36.529998779296875,33.15999984741211,34.06999969482422,127655700,34.06999969482422,0.0,,EQTL3,01-07-2025
34.33000183105469,37.08000183105469,33.81999969482422,36.56999969482422,144017200,36.56999969482422,0.0,,EQTL3,01-08-2025
36.619998931884766,36.72999954223633,35.33000183105469,36.45000076293945,40670700,36.45000076293945,0.0,,EQTL3,01-09-2025
36.45000076293945,36.75,36.06999969482422,36.540000915527344,3477600,36.540000915527344,0.0,,EQTL3,11-09-2025
4.059999942779541,4.429999828338623,3.7799999713897705,3.930000066757202,115016400,2.673429250717163,0.0,,STBP3,01-10-2020
3.930000066757202,5.039999961853027,3.799999952316284,4.889999866485596,112153500,3.326479911804199,0.0,,STBP3,01-11-2020
4.920000076293945,5.360000133514404,4.829999923706055,5.25,120477800,3.5713746547698975,0.0,,STBP3,01-12-2020
5.25,6.400000095367432,5.21999979019165,6.159999847412109,146475600,4.190412998199463,0.0,,STBP3,01-01-2021
6.320000171661377,6.829999923706055,5.71999979019165,5.789999961853027,109809600,3.9387168884277344,0.0,,STBP3,01-02-2021
5.809999942779541,7.070000171661377,5.260000228881836,6.820000171661377,144865100,4.639386177062988,0.0,,STBP3,01-03-2021
6.900000095367432,7.619999885559082,6.579999923706055,7.059999942779541,152632300,4.802649021148682,0.0,,STBP3,01-04-2021
7.019999980926514,8.979999542236328,6.920000076293945,8.979999542236328,130840100,6.108752250671387,0.0,,STBP3,01-05-2021
9.050000190734863,9.600000381469727,8.720000267028809,9.029999732971191,100769900,6.142765998840332,0.0,,STBP3,01-06-2021
8.880000114440918,9.989999771118164,8.699999809265137,9.0600004196167,102189400,6.163173198699951,0.0,,STBP3,01-07-2021
9.0,9.319999694824219,6.960000038146973,7.869999885559082,125951600,5.353661060333252,0.0,,STBP3,01-08-2021
7.929999828338623,8.399999618530273,7.110000133514404,7.929999828338623,70305300,5.394476890563965,0.0,,STBP3,01-09-2021
7.929999828338623,8.390000343322754,4.889999866485596,5.150000095367432,129645100,3.5033485889434814,0.0,,STBP3,01-10-2021
5.400000095367432,6.460000038146973,5.349999904632568,5.989999771118164,125224500,4.074769020080566,0.0,,STBP3,01-11-2021
5.900000095367432,6.989999771118164,5.730000019073486,6.369999885559082,118662300,4.333268642425537,0.259952,,STBP3,01-12-2021
6.730000019073486,7.320000171661377,5.150000095367432,6.980000019073486,113772000,4.944460391998291,0.0,,STBP3,01-01-2022
7.03000020980835,7.489999771118164,6.300000190734863,6.480000019073486,82391000,4.590272426605225,0.0,,STBP3,01-02-2022
6.480000019073486,8.079999923706055,5.679999828338623,7.619999885559082,122574800,5.397820949554443,0.039375,,STBP3,01-03-2022
7.730000019073486,7.960000038146973,7.039999961853027,7.090000152587891,61076900,5.053039073944092,0.0,,STBP3,01-04-2022
7.130000114440918,8.050000190734863,6.150000095367432,7.28000020980835,125583900,5.188451290130615,0.0,,STBP3,01-05-2022
7.300000190734863,7.380000114440918,6.170000076293945,6.519999980926514,64130200,4.646800994873047,0.0,,STBP3,01-06-2022
6.610000133514404,6.96999979019165,5.949999809265137,6.519999980926514,63777700,4.646800994873047,0.0,,STBP3,01-07-2022
6.539999961853027,8.479999542236328,6.309999942779541,8.0600004196167,91349500,5.744357585906982,0.0,,STBP3,01-08-2022
8.039999961853027,8.899999618530273,7.519999980926514,7.639999866485596,82429600,5.445023536682129,0.378066,,STBP3,01-09-2022
7.71999979019165,9.130000114440918,7.710000038146973,9.100000381469727,93989600,6.778094291687012,0.0,,STBP3,01-10-2022
9.079999923706055,9.34000015258789,7.110000133514404,7.610000133514404,96510400,5.668275356292725,0.226784,,STBP3,01-11-2022
7.590000152587891,8.420000076293945,6.190000057220459,7.809999942779541,126922400,5.9887285232543945,0.014695,,STBP3,01-12-2022
7.820000171661377,8.989999771118164,7.0,8.8100004196167,111805300,6.7686872482299805,0.0,,STBP3,01-01-2023
8.770000457763672,8.960000038146973,7.510000228881836,8.010000228881836,103144900,6.154050827026367,0.0,,STBP3,01-02-2023
8.0600004196167,8.420000076293945,7.199999809265137,8.119999885559082,88997100,6.23856258392334,0.0,,STBP3,01-03-2023
9.050000190734863,9.229999542236328,7.929999828338623,8.460000038146973,109871900,6.499783515930176,0.035873,,STBP3,01-04-2023
8.460000038146973,10.279999732971191,8.220000267028809,9.949999809265137,104507000,7.676565170288086,0.014981,,STBP3,01-05-2023
10.020000457763672,10.59000015258789,9.020000457763672,10.15999984741211,117954500,7.852422714233398,0.0,,STBP3,01-06-2023
10.239999771118164,10.569999694824219,9.579999923706055,9.609999656677246,61231900,7.427340030670166,0.050416,,STBP3,01-07-2023
9.569999694824219,10.09000015258789,8.449999809265137,8.630000114440918,86143900,6.704133033752441,0.103775,,STBP3,01-08-2023
8.649999618530273,9.529999732971191,8.229999542236328,8.569999694824219,76381900,6.726704120635986,0.0,,STBP3,01-09-2023
8.600000381469727,8.600000381469727,7.119999885559082,7.400000095367432,113919200,5.808356761932373,0.152846,,STBP3,01-10-2023
7.389999866485596,8.770000457763672,7.269999980926514,8.420000076293945,96645700,6.749324321746826,0.0,,STBP3,01-11-2023
8.470000267028809,9.800000190734863,8.279999732971191,9.369999885559082,74940400,7.5108256340026855,0.083819,,STBP3,01-12-2023
9.369999885559082,10.369999885559082,9.010000228881836,10.079999923706055,72011200,8.150304794311523,0.0,,STBP3,01-01-2024
10.180000305175781,11.300000190734863,10.100000381469727,10.550000190734863,91921400,8.530329704284668,0.0,,STBP3,01-02-2024
10.569999694824219,13.729999542236328,10.350000381469727,13.319999694824219,131141200,10.770047187805176,0.163734,,STBP3,01-03-2024
13.34000015258789,14.149999618530273,12.510000228881836,13.579999923706055,120719400,11.117342948913574,0.0,,STBP3,01-04-2024
13.579999923706055,14.359999656677246,11.479999542236328,11.510000228881836,105103500,9.422725677490234,0.109039,,STBP3,01-05-2024
11.5,13.800000190734863,11.479999542236328,13.649999618530273,90356400,11.275506019592285,0.0,,STBP3,01-06-2024
13.729999542236328,15.289999961853027,12.949999809265137,13.109999656677246,117861200,10.82944107055664,0.0,,STBP3,01-07-2024
12.850000381469727,14.75,12.510000228881836,13.0,150552500,10.738576889038086,0.242227,,STBP3,01-08-2024
13.069999694824219,15.140000343322754,12.59000015258789,14.760000228881836,173111300,12.409449577331543,0.0,,STBP3,01-09-2024
14.779999732971191,14.869999885559082,12.550000190734863,12.630000114440918,198482700,10.618653297424316,1.852314,,STBP3,01-10-2024
12.619999885559082,12.949999809265137,12.569999694824219,12.819999694824219,109832000,12.514037132263184,0.189372,,STBP3,01-11-2024
12.850000381469727,13.199999809265137,12.739999771118164,13.130000114440918,89620800,12.816638946533203,0.046089,,STBP3,01-12-2024
13.100000381469727,13.260000228881836,12.899999618530273,13.180000305175781,115809200,12.910799026489258,0.0,,STBP3,01-01-2025
13.199999809265137,13.4399995803833,13.109999656677246,13.359999656677246,90402400,13.087121963500977,0.0,,STBP3,01-02-2025
13.359999656677246,13.479999542236328,13.079999923706055,13.3100004196167,87344600,13.0381441116333,0.273286,,STBP3,01-03-2025
13.319999694824219,13.5600004196167,13.239999771118164,13.539999961853027,81349100,13.539999961853027,0.0,,STBP3,01-04-2025
13.539999961853027,13.84000015258789,13.5,13.680000305175781,137063300,13.680000305175781,0.0,,STBP3,01-05-2025
13.670000076293945,13.829999923706055,13.649999618530273,13.829999923706055,79832300,13.829999923706055,0.0,,STBP3,01-06-2025
13.819999694824219,14.0,13.75,13.949999809265137,63836300,13.949999809265137,0.0,,STBP3,01-07-2025
13.970000267028809,14.220000267028809,13.9399995803833,14.220000267028809,109346600,14.220000267028809,0.0,,STBP3,01-08-2025
14.210000038146973,14.359999656677246,14.210000038146973,14.350000381469727,115305200,14.350000381469727,0.0,,STBP3,01-09-2025
14.350000381469727,14.380000114440918,14.34000015258789,14.359999656677246,2995600,14.359999656677246,0.0,,STBP3,11-09-2025
8.516548156738281,9.278672218322754,7.194547176361084,8.63247013092041,55196994,7.670192241668701,0.0,0.0,VAMO3,01-03-2021
8.64480209350586,10.356497764587402,8.3956937789917,10.260307312011719,34063934,9.116571426391602,0.0,0.0,VAMO3,01-04-2021
10.260307312011719,13.387727737426758,10.151784896850586,13.072026252746582,65184342,11.614863395690918,0.0,0.0,VAMO3,01-05-2021
13.19534683227539,14.295371055603027,12.356764793395996,13.967336654663086,45233565,12.410371780395508,0.0,0.0,VAMO3,01-06-2021
14.55434513092041,18.727527618408203,14.485284805297852,18.155317306518555,80288420,16.13150978088379,0.0,0.0,VAMO3,01-07-2021
18.377296447753906,18.62887191772461,13.427190780639648,15.00570011138916,67829267,13.332986831665039,0.0,4.0,VAMO3,01-08-2021
15.380596160888672,17.758224487304688,14.532147407531738,14.749192237854004,69894101,13.105072975158691,0.0,0.0,VAMO3,01-09-2021
14.86758041381836,15.844283103942871,10.654934883117676,11.177816390991211,91327091,9.931804656982422,0.0,0.0,VAMO3,01-10-2021
10.83251667022705,13.545578956604004,10.516815185546875,11.029829978942871,69065979,9.800314903259277,0.0,0.0,VAMO3,01-11-2021
11.207412719726562,13.367997169494629,10.516815185546875,11.819085121154785,48411957,10.50158977508545,0.193446,0.0,VAMO3,01-12-2021
11.819085121154785,12.213711738586426,9.49078369140625,12.115055084228516,60207391,10.934869766235352,0.0,0.0,VAMO3,01-01-2022
12.322235107421875,12.637935638427734,10.585874557495117,10.90157699584961,61085892,9.83960247039795,0.0,0.0,VAMO3,01-02-2022
10.90157699584961,13.328534126281738,9.79662036895752,12.618205070495605,55411675,11.389005661010742,0.0,0.0,VAMO3,01-03-2022
12.677398681640625,13.76262378692627,11.740159034729004,13.476518630981445,52838110,12.16370677947998,0.0,0.0,VAMO3,01-04-2022
13.269339561462402,15.449654579162598,12.559011459350586,14.86758041381836,69417502,13.419259071350098,0.0,0.0,VAMO3,01-05-2022
14.482818603515625,15.10435676574707,11.246874809265137,11.552712440490723,49576599,10.42730712890625,0.0,0.0,VAMO3,01-06-2022
11.33566665649414,13.417325019836426,10.270173072814941,13.417325019836426,40490657,12.11028003692627,0.0,0.0,VAMO3,01-07-2022
13.466653823852539,16.347431182861328,12.835249900817871,13.920475006103516,77838815,12.56441593170166,0.0,0.0,VAMO3,01-08-2022
14.078326225280762,15.508849143981934,12.807316780090332,13.540295600891113,71123563,12.221271514892578,0.0,0.0,VAMO3,01-09-2022
13.956311225891113,16.27410888671875,13.896880149841309,15.967049598693848,61507484,14.411623001098633,0.0,0.0,VAMO3,01-10-2022
15.848189353942871,16.53164291381836,11.450316429138184,13.134185791015625,95457408,11.854722023010254,0.0,0.0,VAMO3,01-11-2022
13.094566345214844,13.272857666015625,10.568760871887207,12.520069122314453,96860219,11.300429344177246,0.258962,0.0,VAMO3,01-12-2022
12.361586570739746,14.758625984191895,10.73714828491211,14.481282234191895,69365842,13.350954055786133,0.0,0.0,VAMO3,01-01-2023
14.6793851852417,15.243975639343262,12.916274070739746,13.153996467590332,59494283,12.127267837524414,0.0,0.0,VAMO3,01-02-2023
13.153996467590332,14.590238571166992,11.896045684814453,13.223332405090332,72246073,12.191193580627441,0.0,0.0,VAMO3,01-03-2023
13.19361686706543,14.411946296691895,11.737565040588379,12.10405445098877,86315063,11.159279823303223,0.0,0.0,VAMO3,01-04-2023
12.10405445098877,13.570011138916016,10.558855056762695,12.747886657714844,139758037,11.752857208251953,0.017134,0.0,VAMO3,01-05-2023
12.827128410339355,14.78834056854248,11.199999809265137,12.109999656677246,207103604,11.181727409362793,0.0,0.0,VAMO3,01-06-2023
12.25,12.4399995803833,10.989999771118164,11.9399995803833,128797700,11.024758338928223,0.0,0.0,VAMO3,01-07-2023
11.979999542236328,12.680000305175781,11.3100004196167,11.710000038146973,146107900,10.81238842010498,0.0,0.0,VAMO3,01-08-2023
11.800000190734863,12.329999923706055,9.25,9.75,199642900,9.002629280090332,0.0,0.0,VAMO3,01-09-2023
9.760000228881836,9.760000228881836,7.519999980926514,7.829999923706055,186200300,7.229804039001465,0.0,0.0,VAMO3,01-10-2023
7.880000114440918,10.210000038146973,7.820000171661377,9.229999542236328,182512000,8.522488594055176,0.0,0.0,VAMO3,01-11-2023
9.25,10.220000267028809,9.100000381469727,10.069999694824219,153785400,9.298100471496582,0.319217,0.0,VAMO3,01-12-2023
10.069999694824219,10.069999694824219,7.920000076293945,8.170000076293945,122452300,7.791468143463135,0.0,0.0,VAMO3,01-01-2024
8.170000076293945,9.260000228881836,7.570000171661377,8.729999542236328,127327900,8.325521469116211,0.0,0.0,VAMO3,01-02-2024
8.729999542236328,9.010000228881836,7.989999771118164,8.350000381469727,149872800,7.963128566741943,0.0,0.0,VAMO3,01-03-2024
8.399999618530273,8.710000038146973,6.730000019073486,7.110000133514404,186382300,6.780580043792725,0.0,0.0,VAMO3,01-04-2024
7.110000133514404,8.800000190734863,7.070000171661377,8.109999656677246,151838100,7.73424768447876,0.0,0.0,VAMO3,01-05-2024
8.149999618530273,8.369999885559082,6.889999866485596,7.570000171661377,126178100,7.21926736831665,0.0,0.0,VAMO3,01-06-2024
7.559999942779541,9.59000015258789,7.46999979019165,8.630000114440918,171820700,8.230154991149902,0.0,0.0,VAMO3,01-07-2024
8.600000381469727,9.050000190734863,7.53000020980835,7.599999904632568,197552300,7.24787712097168,0.0,0.0,VAMO3,01-08-2024
7.550000190734863,7.909999847412109,6.420000076293945,6.610000133514404,160401800,6.303746223449707,0.0,0.0,VAMO3,01-09-2024
6.610000133514404,6.710000038146973,5.380000114440918,6.289999961853027,285611200,5.998571872711182,0.0,0.0,VAMO3,01-10-2024
6.289999961853027,6.519999980926514,5.449999809265137,5.789999961853027,188826900,5.521738052368164,0.0,0.0,VAMO3,01-11-2024
5.579999923706055,6.389999866485596,4.340000152587891,4.75,233342900,4.529923439025879,0.268262,0.0,VAMO3,01-12-2024
4.75,5.019999980926514,4.25,4.840000152587891,108162100,4.840000152587891,0.0,0.0,VAMO3,01-01-2025
4.820000171661377,5.400000095367432,3.740000009536743,3.809999942779541,185194500,3.809999942779541,0.0,0.0,VAMO3,01-02-2025
3.809999942779541,5.340000152587891,3.5399999618530273,4.389999866485596,242481200,4.389999866485596,0.0,0.0,VAMO3,01-03-2025
4.349999904632568,5.53000020980835,3.9700000286102295,4.920000076293945,244504700,4.920000076293945,0.0,0.0,VAMO3,01-04-2025
4.920000076293945,5.099999904632568,4.070000171661377,4.96999979019165,304925700,4.96999979019165,0.0,0.0,VAMO3,01-05-2025
5.039999961853027,5.130000114440918,4.03000020980835,4.179999828338623,346633300,4.179999828338623,0.0,0.0,VAMO3,01-06-2025
4.199999809265137,4.329999923706055,3.7699999809265137,3.8399999141693115,285387900,3.8399999141693115,0.0,0.0,VAMO3,01-07-2025
3.9200000762939453,4.429999828338623,3.5999999046325684,4.329999923706055,289759300,4.329999923706055,0.0,0.0,VAMO3,01-08-2025
4.340000152587891,4.409999847412109,3.9600000381469727,4.03000020980835,75844100,4.03000020980835,0.0,0.0,VAMO3,01-09-2025
4.050000190734863,4.199999809265137,4.010000228881836,4.099999904632568,8371800,4.099999904632568,0.0,0.0,VAMO3,11-09-2025
45.599998474121094,52.970001220703125,45.06999969482422,50.04999923706055,201540200,45.16971969604492,0.0,,SUZB3,01-10-2020
50.04999923706055,56.5,47.29999923706055,56.5,165830100,50.99079132080078,0.0,,SUZB3,01-11-2020
55.900001525878906,59.099998474121094,49.52000045776367,58.540000915527344,193788700,52.83187484741211,0.0,,SUZB3,01-12-2020
58.540000915527344,67.80000305175781,57.34000015258789,62.04999923706055,182295300,55.99961853027344,0.0,,SUZB3,01-01-2021
62.72999954223633,78.8499984741211,61.709999084472656,73.16999816894531,156077400,66.03533172607422,0.0,,SUZB3,01-02-2021
74.16999816894531,79.80999755859375,68.55000305175781,68.55000305175781,207529200,61.86582946777344,0.0,,SUZB3,01-03-2021
68.79000091552734,73.80000305175781,67.26000213623047,68.66999816894531,132370300,61.97412109375,0.0,,SUZB3,01-04-2021
68.27999877929688,70.75,60.43000030517578,60.72999954223633,144285600,54.80833435058594,0.0,,SUZB3,01-05-2021
60.61000061035156,61.439998626708984,55.25,59.810001373291016,157850200,53.97804260253906,0.0,,SUZB3,01-06-2021
59.810001373291016,61.72999954223633,54.02000045776367,54.06999969482422,123028000,48.7977409362793,0.0,,SUZB3,01-07-2021
54.540000915527344,62.90999984741211,53.83000183105469,61.0,164204200,55.05200958251953,0.0,,SUZB3,01-08-2021
61.29999923706055,63.93000030517578,50.310001373291016,54.52000045776367,183311100,49.203861236572266,0.0,,SUZB3,01-09-2021
53.66999816894531,54.0,47.130001068115234,49.22999954223633,201789500,44.42967987060547,0.0,,SUZB3,01-10-2021
49.77000045776367,57.470001220703125,47.900001525878906,56.15999984741211,133254400,50.68394470214844,0.0,,SUZB3,01-11-2021
56.88999938964844,61.95000076293945,55.560001373291016,59.97999954223633,118143800,54.131465911865234,0.0,,SUZB3,01-12-2021
60.34000015258789,63.41999816894531,55.400001525878906,59.20000076293945,139992300,53.427520751953125,0.741168,,SUZB3,01-01-2022
58.7599983215332,61.810001373291016,52.099998474121094,55.06999969482422,117652500,50.29331970214844,0.0,,SUZB3,01-02-2022
55.06999969482422,64.55999755859375,52.709999084472656,55.150001525878906,171741200,50.36638259887695,0.0,,SUZB3,01-03-2022
55.4900016784668,55.7599983215332,49.61000061035156,49.61000061035156,114800100,45.30691146850586,0.0,,SUZB3,01-04-2022
49.68000030517578,54.709999084472656,48.15999984741211,53.5,127624900,48.859500885009766,0.0,,SUZB3,01-05-2022
53.5,54.689998626708984,44.90999984741211,49.689998626708984,131354700,45.379974365234375,0.0,,SUZB3,01-06-2022
49.709999084472656,50.79999923706055,43.5099983215332,48.290000915527344,109828900,44.10140609741211,0.0,,SUZB3,01-07-2022
48.36000061035156,51.400001525878906,44.2599983215332,44.2599983215332,133367900,40.42095947265625,0.0,,SUZB3,01-08-2022
44.47999954223633,45.90999984741211,41.900001525878906,44.5,109135700,40.6401481628418,0.0,,SUZB3,01-09-2022
44.68000030517578,55.400001525878906,44.220001220703125,53.20000076293945,120249300,48.58552169799805,0.0,,SUZB3,01-10-2022
52.86000061035156,59.880001068115234,51.720001220703125,53.150001525878906,148536300,48.539859771728516,0.0,,SUZB3,01-11-2022
52.810001373291016,55.459999084472656,46.0,48.2400016784668,141176000,44.05574417114258,1.794781,,SUZB3,01-12-2022
48.2400016784668,51.70000076293945,44.150001525878906,46.36000061035156,130689200,43.8697624206543,0.0,,SUZB3,01-01-2023
46.20000076293945,48.84000015258789,44.400001525878906,47.7400016784668,90087000,45.175636291503906,0.0,,SUZB3,01-02-2023
48.09000015258789,48.68000030517578,41.599998474121094,41.599998474121094,117365000,39.36544418334961,0.0,,SUZB3,01-03-2023
41.79999923706055,43.36000061035156,37.150001525878906,39.79999923706055,139036000,37.66212844848633,0.0,,SUZB3,01-04-2023
39.79999923706055,47.560001373291016,39.529998779296875,44.779998779296875,166726800,42.37462615966797,0.0,,SUZB3,01-05-2023
45.02000045776367,48.79999923706055,43.560001373291016,44.220001220703125,148556800,41.84471130371094,0.0,,SUZB3,01-06-2023
44.310001373291016,48.61000061035156,43.279998779296875,48.06999969482422,90122300,45.4879035949707,0.0,,SUZB3,01-07-2023
48.11000061035156,51.880001068115234,47.66999816894531,50.150001525878906,99523000,47.456180572509766,0.0,,SUZB3,01-08-2023
50.31999969482422,56.900001525878906,47.47999954223633,54.279998779296875,127188500,51.36433410644531,0.0,,SUZB3,01-09-2023
54.099998474121094,59.04999923706055,51.25,51.56999969482422,152957500,48.799903869628906,0.0,,SUZB3,01-10-2023
51.43000030517578,55.119998931884766,50.40999984741211,53.779998779296875,109709000,50.89119338989258,0.0,,SUZB3,01-11-2023
53.400001525878906,56.02000045776367,49.72999954223633,55.630001068115234,120466000,52.64181900024414,1.163375,,SUZB3,01-12-2023
55.630001068115234,56.290000915527344,50.310001373291016,51.619998931884766,75642800,49.989559173583984,0.0,,SUZB3,01-01-2024
51.619998931884766,58.040000915527344,50.709999084472656,56.349998474121094,79429800,54.570159912109375,0.0,,SUZB3,01-02-2024
56.45000076293945,64.08000183105469,56.400001525878906,63.97999954223633,114574400,61.959163665771484,0.0,,SUZB3,01-03-2024
64.0,65.51000213623047,58.099998474121094,58.459999084472656,122249400,56.6135139465332,0.0,,SUZB3,01-04-2024
59.040000915527344,59.95000076293945,47.7400016784668,48.70000076293945,303891700,47.16178894042969,0.0,,SUZB3,01-05-2024
48.70000076293945,59.09000015258789,46.18000030517578,57.0099983215332,186635300,55.209312438964844,0.0,,SUZB3,01-06-2024
57.16999816894531,58.119998931884766,51.45000076293945,53.86000061035156,180442200,52.158809661865234,0.0,,SUZB3,01-07-2024
53.7400016784668,57.09000015258789,51.33000183105469,55.0,151432000,53.26279830932617,0.0,,SUZB3,01-08-2024
54.72999954223633,55.9900016784668,51.16999816894531,54.439998626708984,100570200,52.72048568725586,0.0,,SUZB3,01-09-2024
54.5099983215332,60.880001068115234,53.70000076293945,59.77000045776367,127927500,57.882137298583984,0.0,,SUZB3,01-10-2024
59.79999923706055,63.29999923706055,57.650001525878906,62.400001525878906,133891800,60.42906951904297,0.0,,SUZB3,01-11-2024
62.060001373291016,66.81999969482422,59.130001068115234,61.779998779296875,159757800,59.82864761352539,2.017363,,SUZB3,01-12-2024
61.779998779296875,63.540000915527344,59.7400016784668,62.369998931884766,107584200,62.369998931884766,0.0,,SUZB3,01-01-2025
62.54999923706055,63.5099983215332,56.04999923706055,56.310001373291016,114882900,56.310001373291016,0.0,,SUZB3,01-02-2025
56.310001373291016,56.61000061035156,52.939998626708984,52.939998626708984,105168800,52.939998626708984,0.0,,SUZB3,01-03-2025
53.25,53.66999816894531,49.900001525878906,50.08000183105469,128415100,50.08000183105469,0.0,,SUZB3,01-04-2025
50.040000915527344,54.150001525878906,49.2599983215332,49.650001525878906,127787900,49.650001525878906,0.0,,SUZB3,01-05-2025
49.95000076293945,55.41999816894531,49.439998626708984,51.209999084472656,135686000,51.209999084472656,0.0,,SUZB3,01-06-2025
51.63999938964844,53.09000015258789,49.150001525878906,52.150001525878906,96986200,52.150001525878906,0.0,,SUZB3,01-07-2025
52.279998779296875,55.279998779296875,50.279998779296875,52.45000076293945,91271200,52.45000076293945,0.0,,SUZB3,01-08-2025
52.59000015258789,53.66999816894531,50.79999923706055,50.79999923706055,32318000,50.79999923706055,0.0,,SUZB3,01-09-2025
51.119998931884766,51.47999954223633,50.84000015258789,51.40999984741211,1904000,51.40999984741211,0.0,,SUZB3,11-09-2025
7.099999904632568,7.440000057220459,6.349999904632568,7.099999904632568,162808000,6.261024475097656,0.0,,RAIZ4,01-09-2021
7.179999828338623,7.53000020980835,5.880000114440918,6.78000020980835,249947000,5.9788384437561035,0.016239,,RAIZ4,01-10-2021
6.75,7.0,5.409999847412109,5.460000038146973,226252400,4.825807571411133,0.0,,RAIZ4,01-11-2021
5.539999961853027,6.460000038146973,5.369999885559082,6.340000152587891,222122400,5.603593349456787,0.0,,RAIZ4,01-12-2021
6.440000057220459,6.579999923706055,5.489999771118164,6.420000076293945,175975200,5.674301624298096,0.022011,,RAIZ4,01-01-2022
6.5,6.630000114440918,5.380000114440918,5.710000038146973,193376300,5.066028118133545,0.0,,RAIZ4,01-02-2022
5.710000038146973,7.489999771118164,5.670000076293945,7.03000020980835,257816300,6.237159252166748,0.0,,RAIZ4,01-03-2022
7.050000190734863,7.239999771118164,6.679999828338623,6.900000095367432,200527300,6.121820449829102,0.02776,,RAIZ4,01-04-2022
6.900000095367432,6.949999809265137,4.980000019073486,6.130000114440918,400895000,5.46000862121582,0.0,,RAIZ4,01-05-2022
6.170000076293945,6.349999904632568,4.550000190734863,4.590000152587891,200902400,4.088326454162598,0.0,,RAIZ4,01-06-2022
4.519999980926514,4.710000038146973,3.9000000953674316,4.409999847412109,184596700,3.9279990196228027,0.0,,RAIZ4,01-07-2022
4.46999979019165,5.380000114440918,4.349999904632568,4.840000152587891,235642400,4.311001777648926,0.0,,RAIZ4,01-08-2022
4.880000114440918,4.96999979019165,4.059999942779541,4.190000057220459,335280800,3.7320449352264404,0.0,,RAIZ4,01-09-2022
4.25,4.519999980926514,3.950000047683716,4.289999961853027,275057300,3.821115255355835,0.031595,,RAIZ4,01-10-2022
4.309999942779541,4.880000114440918,3.740000009536743,4.050000190734863,297331800,3.6347548961639404,0.0,,RAIZ4,01-11-2022
4.0,4.039999961853027,3.190000057220459,3.740000009536743,254911000,3.356539487838745,0.089046,,RAIZ4,01-12-2022
3.690000057220459,3.7100000381469727,3.1600000858306885,3.2899999618530273,350209100,3.02756404876709,0.0,,RAIZ4,01-01-2023
3.2899999618530273,3.359999895095825,2.859999895095825,3.0799999237060547,975264200,2.834315299987793,0.0,,RAIZ4,01-02-2023
3.0899999141693115,3.1700000762939453,2.25,2.8499999046325684,685759100,2.622661828994751,0.089066,,RAIZ4,01-03-2023
2.880000114440918,3.309999942779541,2.75,3.190000057220459,347765200,3.0345425605773926,0.0,,RAIZ4,01-04-2023
3.190000057220459,3.759999990463257,3.0,3.630000114440918,571024600,3.4531004428863525,0.0,,RAIZ4,01-05-2023
3.6500000953674316,4.71999979019165,3.549999952316284,4.400000095367432,539272400,4.185575485229492,0.0,,RAIZ4,01-06-2023
4.449999809265137,4.519999980926514,4.010000228881836,4.159999847412109,343096300,3.9572718143463135,0.024211,,RAIZ4,01-07-2023
4.150000095367432,4.21999979019165,3.430000066757202,3.630000114440918,503898400,3.4730257987976074,0.0,,RAIZ4,01-08-2023
3.6600000858306885,4.119999885559082,3.4800000190734863,3.5799999237060547,387433900,3.425187587738037,0.0,,RAIZ4,01-09-2023
3.5899999141693115,3.880000114440918,3.2799999713897705,3.630000114440918,407477800,3.4730257987976074,0.02421,,RAIZ4,01-10-2023
3.640000104904175,4.03000020980835,3.509999990463257,3.6500000953674316,459179300,3.516554832458496,0.0,,RAIZ4,01-11-2023
3.6700000762939453,4.21999979019165,3.450000047683716,4.03000020980835,494720500,3.882662057876587,0.129032,,RAIZ4,01-12-2023
4.03000020980835,4.150000095367432,3.5999999046325684,3.8299999237060547,242408500,3.81234073638916,0.0,,RAIZ4,01-01-2024
3.8299999237060547,4.070000171661377,3.5,3.5399999618530273,252001500,3.5236778259277344,0.0,,RAIZ4,01-02-2024
3.559999942779541,3.680000066757202,3.200000047683716,3.5399999618530273,323384200,3.5236778259277344,0.01623,,RAIZ4,01-03-2024
3.5299999713897705,3.5299999713897705,2.880000114440918,3.059999942779541,387625400,3.059999942779541,0.0,,RAIZ4,01-04-2024
3.059999942779541,3.2799999713897705,2.759999990463257,2.8499999046325684,298697900,2.8499999046325684,0.0,,RAIZ4,01-05-2024
2.859999895095825,3.0,2.6500000953674316,2.950000047683716,322281800,2.950000047683716,0.0,,RAIZ4,01-06-2024
2.950000047683716,3.200000047683716,2.940000057220459,2.990000009536743,330880100,2.990000009536743,0.0,,RAIZ4,01-07-2024
3.009999990463257,3.4000000953674316,2.819999933242798,3.2100000381469727,386964100,3.2100000381469727,0.0,,RAIZ4,01-08-2024
3.190000057220459,3.200000047683716,2.9200000762939453,3.0999999046325684,309375500,3.0999999046325684,0.0,,RAIZ4,01-09-2024
3.109999895095825,3.240000009536743,2.799999952316284,2.799999952316284,266595000,2.799999952316284,0.0,,RAIZ4,01-10-2024
2.809999942779541,2.940000057220459,2.4100000858306885,2.640000104904175,348824600,2.640000104904175,0.0,,RAIZ4,01-11-2024
2.640000104904175,2.6500000953674316,2.0999999046325684,2.1600000858306885,260057400,2.1600000858306885,0.0,,RAIZ4,01-12-2024
2.1600000858306885,2.2300000190734863,1.8300000429153442,1.899999976158142,382782600,1.899999976158142,0.0,,RAIZ4,01-01-2025
1.8899999856948853,1.9199999570846558,1.6200000047683716,1.649999976158142,484693800,1.649999976158142,0.0,,RAIZ4,01-02-2025
1.649999976158142,1.9199999570846558,1.649999976158142,1.850000023841858,238986100,1.850000023841858,0.0,,RAIZ4,01-03-2025
1.840000033378601,1.899999976158142,1.659999966621399,1.809999942779541,264781300,1.809999942779541,0.0,,RAIZ4,01-04-2025
1.809999942779541,2.2300000190734863,1.659999966621399,1.940000057220459,466808200,1.940000057220459,0.0,,RAIZ4,01-05-2025
1.9700000286102295,2.059999942779541,1.590000033378601,1.649999976158142,290721100,1.649999976158142,0.0,,RAIZ4,01-06-2025
1.649999976158142,1.7200000286102295,1.3899999856948853,1.4199999570846558,309418100,1.4199999570846558,0.0,,RAIZ4,01-07-2025
1.4199999570846558,1.440000057220459,1.0099999904632568,1.1699999570846558,707247200,1.1699999570846558,0.0,,RAIZ4,01-08-2025
1.2000000476837158,1.4199999570846558,1.1799999475479126,1.2799999713897705,395691700,1.2799999713897705,0.0,,RAIZ4,01-09-2025
1.2699999809265137,1.2999999523162842,1.2599999904632568,1.2699999809265137,10307800,1.2699999809265137,0.0,,RAIZ4,11-09-2025
19.000999450683594,20.75,17.5,18.25,35498700,16.485246658325195,0.0,10.0,IGTI11,01-12-2021
18.06999969482422,20.549999237060547,14.649999618530273,19.860000610351562,48233000,17.939559936523438,0.0,0.0,IGTI11,01-01-2022
20.5,20.5,17.65999984741211,19.020000457763672,30268900,17.180788040161133,0.0,0.0,IGTI11,01-02-2022
19.020000457763672,21.739999771118164,16.969999313354492,20.450000762939453,53647800,18.47250747680664,0.0,0.0,IGTI11,01-03-2022
20.649999618530273,22.3799991607666,19.200000762939453,20.989999771118164,51026500,18.960290908813477,0.0,0.0,IGTI11,01-04-2022
20.65999984741211,21.639999389648438,18.700000762939453,19.84000015258789,73513600,17.921493530273438,0.34131,0.0,IGTI11,01-05-2022
19.600000381469727,19.889999389648438,17.489999771118164,17.989999771118164,54095400,16.518999099731445,0.0,0.0,IGTI11,01-06-2022
17.709999084472656,20.1299991607666,17.530000686645508,19.760000228881836,49270300,18.14426612854004,0.0,0.0,IGTI11,01-07-2022
19.65999984741211,21.899999618530273,19.40999984741211,19.68000030517578,64797000,18.07080841064453,0.0,0.0,IGTI11,01-08-2022
19.68000030517578,21.079999923706055,18.81999969482422,20.360000610351562,72787800,18.69520378112793,0.0,0.0,IGTI11,01-09-2022
20.989999771118164,22.450000762939453,20.239999771118164,21.920000076293945,57864000,20.127649307250977,0.0,0.0,IGTI11,01-10-2022
21.709999084472656,22.8799991607666,16.81999969482422,18.780000686645508,61679100,17.24439811706543,0.0,0.0,IGTI11,01-11-2022
18.920000076293945,19.350000381469727,16.469999313354492,18.479999542236328,57913600,16.968931198120117,0.0,0.0,IGTI11,01-12-2022
18.229999542236328,19.649999618530273,16.440000534057617,19.600000381469727,50156500,17.99734878540039,0.0,0.0,IGTI11,01-01-2023
19.530000686645508,19.8700008392334,18.200000762939453,19.3700008392334,43173600,17.78615379333496,0.0,0.0,IGTI11,01-02-2023
19.450000762939453,20.31999969482422,17.700000762939453,19.290000915527344,72379500,17.71269989013672,0.091508,0.0,IGTI11,01-03-2023
19.280000686645508,20.780000686645508,18.389999389648438,20.360000610351562,58363400,18.790363311767578,0.274525,0.0,IGTI11,01-04-2023
20.360000610351562,23.239999771118164,19.8700008392334,21.760000228881836,76923800,20.370389938354492,0.0,0.0,IGTI11,01-05-2023
21.770000457763672,23.389999389648438,21.139999389648438,22.420000076293945,85086100,20.98824119567871,0.0,0.0,IGTI11,01-06-2023
22.43000030517578,23.200000762939453,20.940000534057617,21.8799991607666,73187800,20.482725143432617,0.0,0.0,IGTI11,01-07-2023
21.770000457763672,23.280000686645508,20.469999313354492,20.600000381469727,73457700,19.284469604492188,0.0,0.0,IGTI11,01-08-2023
20.639999389648438,21.700000762939453,19.360000610351562,20.25,60775700,18.956819534301758,0.0,0.0,IGTI11,01-09-2023
20.149999618530273,21.309999465942383,18.739999771118164,20.06999969482422,79859100,18.788312911987305,0.0,0.0,IGTI11,01-10-2023
20.100000381469727,23.270000457763672,19.8799991607666,23.09000015258789,63833500,21.615453720092773,0.0,0.0,IGTI11,01-11-2023
23.31999969482422,24.8799991607666,22.610000610351562,24.3799991607666,46436700,22.823074340820312,0.0,0.0,IGTI11,01-12-2023
24.3799991607666,24.860000610351562,23.1299991607666,23.8799991607666,58554600,22.355003356933594,0.0,0.0,IGTI11,01-01-2024
23.860000610351562,24.59000015258789,22.81999969482422,23.520000457763672,57798500,22.017993927001953,0.16763,0.0,IGTI11,01-02-2024
23.600000381469727,24.510000228881836,23.1200008392334,23.309999465942383,72708300,21.978517532348633,0.0,0.0,IGTI11,01-03-2024
23.0,23.739999771118164,20.200000762939453,20.920000076293945,78370100,19.72503662109375,0.50544,0.0,IGTI11,01-04-2024
21.350000381469727,22.450000762939453,20.1299991607666,20.25,74319300,19.561220169067383,0.0,0.0,IGTI11,01-05-2024
20.350000381469727,21.020000457763672,19.100000381469727,20.579999923706055,87560000,19.879995346069336,0.0,0.0,IGTI11,01-06-2024
20.459999084472656,22.239999771118164,20.329999923706055,21.079999923706055,57219000,20.362987518310547,0.0,0.0,IGTI11,01-07-2024
20.969999313354492,23.850000381469727,20.770000457763672,22.09000015258789,59627700,21.338634490966797,0.0,0.0,IGTI11,01-08-2024
22.229999542236328,22.8799991607666,20.90999984741211,21.079999923706055,61928500,20.362987518310547,0.0,0.0,IGTI11,01-09-2024
21.09000015258789,21.739999771118164,20.649999618530273,21.139999389648438,61501000,20.42094612121582,0.0,0.0,IGTI11,01-10-2024
21.200000762939453,21.389999389648438,18.510000228881836,19.149999618530273,56666800,18.49863624572754,0.0,0.0,IGTI11,01-11-2024
19.15999984741211,19.799999237060547,17.0,17.270000457763672,61628700,16.68258285522461,0.0,0.0,IGTI11,01-12-2024
17.260000228881836,18.6200008392334,16.610000610351562,18.43000030517578,51436500,17.803125381469727,0.0,0.0,IGTI11,01-01-2025
18.31999969482422,20.139999389648438,17.510000228881836,17.65999984741211,74627600,17.059314727783203,0.168504,0.0,IGTI11,01-02-2025
17.31999969482422,19.440000534057617,17.219999313354492,18.5,45022400,18.027080535888672,0.0,0.0,IGTI11,01-03-2025
18.59000015258789,20.65999984741211,18.040000915527344,20.540000915527344,52100700,20.01493263244629,0.506662,0.0,IGTI11,01-04-2025
20.809999465942383,22.790000915527344,20.219999313354492,22.649999618530273,63736800,22.649999618530273,0.0,0.0,IGTI11,01-05-2025
22.709999084472656,23.6299991607666,21.68000030517578,23.190000534057617,61265600,23.190000534057617,0.0,0.0,IGTI11,01-06-2025
23.18000030517578,23.5,20.459999084472656,20.729999542236328,53015600,20.729999542236328,0.0,0.0,IGTI11,01-07-2025
20.979999542236328,23.700000762939453,20.510000228881836,23.489999771118164,54561200,23.489999771118164,0.0,0.0,IGTI11,01-08-2025
23.600000381469727,24.0,22.969999313354492,23.469999313354492,17176800,23.469999313354492,0.0,0.0,IGTI11,01-09-2025
23.68000030517578,24.100000381469727,23.56999969482422,23.850000381469727,1257500,23.850000381469727,0.0,0.0,IGTI11,11-09-2025
15.802781105041504,19.8439884185791,15.616866111755371,19.325382232666016,17932837,14.517006874084473,0.0,,RECV3,01-06-2021
19.43301773071289,20.352807998657227,17.2607479095459,17.50537109375,13739890,13.149833679199219,0.0,,RECV3,01-07-2021
17.681501388549805,18.092472076416016,14.129546165466309,17.24117660522461,15216435,12.951374053955078,0.0,,RECV3,01-08-2021
16.986766815185547,21.057327270507812,15.0101957321167,19.667858123779297,16717407,14.774271965026855,0.0,,RECV3,01-09-2021
19.91248321533203,20.157108306884766,13.082550048828125,13.268465042114258,27726600,9.967117309570312,0.0,,RECV3,01-10-2021
13.405454635620117,16.575796127319336,12.788999557495117,13.473950386047363,11710563,10.121477127075195,0.0,,RECV3,01-11-2021
13.689220428466797,18.297956466674805,13.121689796447754,18.297956466674805,19105552,13.74521541595459,0.0,,RECV3,01-12-2021
18.297956466674805,20.66592788696289,15.695145606994629,19.961408615112305,16417257,14.994780540466309,0.0,,RECV3,01-01-2022
20.05925750732422,21.879268646240234,19.286243438720703,20.215818405151367,18562681,15.185890197753906,0.0,,RECV3,01-02-2022
20.215818405151367,26.17488670349121,18.33709716796875,23.621000289916992,25990678,17.743824005126953,0.0,,RECV3,01-03-2022
23.865625381469727,25.28445053100586,22.143463134765625,24.746274948120117,12708825,18.58911895751953,0.159763,,RECV3,01-04-2022
24.853910446166992,30.23566246032715,22.8675537109375,28.112316131591797,30807539,21.262540817260742,0.0,,RECV3,01-05-2022
28.1710262298584,28.611352920532227,22.649999618530273,25.639999389648438,40357703,19.392623901367188,0.0,,RECV3,01-06-2022
25.6299991607666,27.309999465942383,21.170000076293945,24.520000457763672,32564700,18.545520782470703,0.0,,RECV3,01-07-2022
24.520000457763672,27.90999984741211,22.75,27.280000686645508,50932600,20.633024215698242,0.0,,RECV3,01-08-2022
27.139999389648438,30.059999465942383,24.100000381469727,25.059999465942383,53567500,18.953943252563477,0.0,,RECV3,01-09-2022
26.0,32.5,25.739999771118164,31.360000610351562,43223200,23.718900680541992,0.0,,RECV3,01-10-2022
32.099998474121094,36.65999984741211,28.06999969482422,30.729999542236328,56464400,23.242406845092773,0.0,,RECV3,01-11-2022
30.729999542236328,33.529998779296875,27.299999237060547,33.130001068115234,44544400,25.05763053894043,0.614971,,RECV3,01-12-2022
32.650001525878906,34.790000915527344,29.850000381469727,31.579999923706055,55200200,24.366344451904297,0.0,,RECV3,01-01-2023
31.56999969482422,31.709999084472656,28.079999923706055,28.299999237060547,43315600,21.83557891845703,0.0,,RECV3,01-02-2023
28.299999237060547,29.809999465942383,19.389999389648438,20.329999923706055,107810000,15.686125755310059,0.0,,RECV3,01-03-2023
20.950000762939453,22.469999313354492,18.5,19.68000030517578,44438400,15.184600830078125,0.444138,,RECV3,01-04-2023
19.68000030517578,20.059999465942383,16.81999969482422,17.229999542236328,61574500,13.609551429748535,0.0,,RECV3,01-05-2023
17.280000686645508,20.25,16.6200008392334,19.170000076293945,44675200,15.141910552978516,0.0,,RECV3,01-06-2023
19.290000915527344,23.959999084472656,18.920000076293945,22.989999771118164,61582700,18.15923500061035,0.0,,RECV3,01-07-2023
23.0,24.219999313354492,22.010000228881836,23.15999984741211,56405800,18.29351234436035,0.0,,RECV3,01-08-2023
23.450000762939453,23.920000076293945,19.219999313354492,20.940000534057617,75509700,16.539989471435547,0.0,,RECV3,01-09-2023
21.0,22.479999542236328,18.729999542236328,20.739999771118164,54028300,16.382015228271484,0.0,,RECV3,01-10-2023
20.889999389648438,21.940000534057617,18.6200008392334,19.799999237060547,59568500,15.639532089233398,0.0,,RECV3,01-11-2023
20.100000381469727,22.280000686645508,19.200000762939453,21.719999313354492,59476300,17.156091690063477,0.545972,,RECV3,01-12-2023
21.719999313354492,24.3700008392334,20.079999923706055,23.049999237060547,67952200,18.700578689575195,0.0,,RECV3,01-01-2024
23.6200008392334,24.40999984741211,21.600000381469727,23.0,39903000,18.66001319885254,0.0,,RECV3,01-02-2024
23.09000015258789,23.780000686645508,20.690000534057617,23.549999237060547,66399900,19.106229782104492,0.0,,RECV3,01-03-2024
23.700000762939453,23.770000457763672,20.1200008392334,21.790000915527344,92681000,17.678335189819336,0.059283,,RECV3,01-04-2024
21.790000915527344,22.149999618530273,19.520000457763672,20.739999771118164,43384700,16.87174415588379,0.0,,RECV3,01-05-2024
21.100000381469727,21.440000534057617,17.489999771118164,18.540000915527344,47587700,15.082070350646973,1.398827,,RECV3,01-06-2024
18.719999313354492,21.5,18.440000534057617,20.65999984741211,45159400,18.046545028686523,0.0,,RECV3,01-07-2024
20.989999771118164,22.290000915527344,18.979999542236328,20.399999618530273,40757400,17.819435119628906,0.0,,RECV3,01-08-2024
20.399999618530273,20.670000076293945,17.579999923706055,17.719999313354492,42460200,15.478448867797852,0.0,,RECV3,01-09-2024
17.5,18.739999771118164,16.649999618530273,16.979999542236328,43865000,14.832058906555176,0.0,,RECV3,01-10-2024
17.049999237060547,18.690000534057617,15.949999809265137,16.540000915527344,49509000,14.44771957397461,1.293078,,RECV3,01-11-2024
16.510000228881836,16.850000381469727,15.170000076293945,16.209999084472656,50063400,15.242408752441406,0.0,,RECV3,01-12-2024
16.209999084472656,17.100000381469727,15.550000190734863,15.869999885559082,39251300,14.922704696655273,0.0,,RECV3,01-01-2025
15.829999923706055,17.139999389648438,15.329999923706055,15.890000343322754,48905700,14.941511154174805,0.0,,RECV3,01-02-2025
15.890000343322754,16.959999084472656,15.319999694824219,16.489999771118164,47067000,15.505696296691895,0.0,,RECV3,01-03-2025
16.329999923706055,16.81999969482422,12.819999694824219,12.84000015258789,86193000,12.073568344116211,0.0,,RECV3,01-04-2025
12.84000015258789,15.670000076293945,12.630000114440918,14.470000267028809,75676600,13.606271743774414,0.90014,,RECV3,01-05-2025
14.850000381469727,16.1299991607666,14.079999923706055,14.329999923706055,58049900,14.329999923706055,0.0,,RECV3,01-06-2025
14.479999542236328,14.850000381469727,13.180000305175781,13.420000076293945,53865600,13.420000076293945,0.0,,RECV3,01-07-2025
13.640000343322754,13.640000343322754,12.220000267028809,12.930000305175781,46003500,12.930000305175781,0.0,,RECV3,01-08-2025
13.010000228881836,13.420000076293945,12.729999542236328,13.069999694824219,16707500,13.069999694824219,0.0,,RECV3,01-09-2025
13.050000190734863,13.109999656677246,12.949999809265137,12.979999542236328,970500,12.979999542236328,0.0,,RECV3,11-09-2025
15.989999771118164,16.649999618530273,14.65999984741211,14.65999984741211,72652100,11.414776802062988,0.0,,AURE3,01-04-2022
14.6899995803833,15.0,13.800000190734863,13.960000038146973,50850800,10.869732856750488,0.086049,,AURE3,01-05-2022
13.970000267028809,14.289999961853027,12.59000015258789,13.619999885559082,69712100,10.668352127075195,0.0,,AURE3,01-06-2022
13.6899995803833,14.670000076293945,13.399999618530273,14.1899995803833,55360100,11.114826202392578,0.0,,AURE3,01-07-2022
14.119999885559082,15.420000076293945,13.630000114440918,15.369999885559082,72655800,12.039101600646973,0.0,,AURE3,01-08-2022
15.5,15.520000457763672,13.529999732971191,13.550000190734863,52199900,10.61352252960205,0.0,,AURE3,01-09-2022
13.720000267028809,14.970000267028809,13.270000457763672,14.920000076293945,80302200,11.686624526977539,0.0,,AURE3,01-10-2022
14.90999984741211,15.15999984741211,13.399999618530273,13.829999923706055,67810700,10.832841873168945,0.0,,AURE3,01-11-2022
13.739999771118164,15.4399995803833,13.300000190734863,14.729999542236328,77193500,11.537798881530762,0.0,,AURE3,01-12-2022
14.539999961853027,15.619999885559082,13.649999618530273,15.40999984741211,85906600,12.070433616638184,0.0,,AURE3,01-01-2023
15.430000305175781,15.569999694824219,14.670000076293945,14.800000190734863,78110300,11.592629432678223,0.0,,AURE3,01-02-2023
14.8100004196167,15.180000305175781,14.119999885559082,14.670000076293945,84589800,11.490802764892578,0.0,,AURE3,01-03-2023
14.789999961853027,15.899999618530273,14.359999656677246,15.779999732971191,71502800,12.360249519348145,0.0,,AURE3,01-04-2023
15.779999732971191,16.149999618530273,13.510000228881836,14.079999923706055,91947900,11.028663635253906,1.5,,AURE3,01-05-2023
14.170000076293945,15.100000381469727,13.829999923706055,14.329999923706055,74303500,12.406009674072266,0.0,,AURE3,01-06-2023
14.40999984741211,14.489999771118164,13.899999618530273,14.0,46234100,12.120315551757812,0.0,,AURE3,01-07-2023
14.0,14.300000190734863,13.449999809265137,13.609999656677246,61192600,11.782679557800293,0.0,,AURE3,01-08-2023
13.75,14.1899995803833,13.520000457763672,13.729999542236328,61516200,11.886567115783691,0.0,,AURE3,01-09-2023
13.75,14.09000015258789,13.25,13.420000076293945,88114400,11.618189811706543,0.0,,AURE3,01-10-2023
13.350000381469727,14.949999809265137,13.029999732971191,14.6899995803833,112592700,12.71767520904541,0.0,,AURE3,01-11-2023
14.699999809265137,15.329999923706055,12.819999694824219,13.3100004196167,105000900,11.522958755493164,1.5,,AURE3,01-12-2023
13.3100004196167,13.609999656677246,13.0,13.180000305175781,86813300,12.684844970703125,0.0,,AURE3,01-01-2024
13.180000305175781,13.359999656677246,12.819999694824219,12.829999923706055,98448200,12.347992897033691,0.0,,AURE3,01-02-2024
12.869999885559082,12.930000305175781,11.729999542236328,11.899999618530273,85278000,11.452932357788086,0.4,,AURE3,01-03-2024
11.949999809265137,12.229999542236328,11.260000228881836,11.59000015258789,92993200,11.512958526611328,0.0,,AURE3,01-04-2024
11.640000343322754,12.4399995803833,11.25,11.9399995803833,150455600,11.860631942749023,0.0,,AURE3,01-05-2024
11.979999542236328,12.550000190734863,11.930000305175781,12.34000015258789,78003600,12.257973670959473,0.0,,AURE3,01-06-2024
12.369999885559082,12.579999923706055,11.819999694824219,11.880000114440918,53278900,11.801031112670898,0.0,,AURE3,01-07-2024
11.920000076293945,12.359999656677246,11.279999732971191,11.390000343322754,92743600,11.314288139343262,0.0,,AURE3,01-08-2024
11.449999809265137,11.5,10.319999694824219,10.460000038146973,99752000,10.390469551086426,0.0,,AURE3,01-09-2024
10.460000038146973,10.760000228881836,10.029999732971191,10.25,134943500,10.181865692138672,0.0,,AURE3,01-10-2024
10.239999771118164,10.680000305175781,9.680000305175781,9.859999656677246,117008000,9.794458389282227,0.0,,AURE3,01-11-2024
9.899999618530273,10.050000190734863,8.630000114440918,8.770000457763672,115760000,8.71170425415039,0.0,,AURE3,01-12-2024
8.779999732971191,8.800000190734863,7.550000190734863,8.109999656677246,142763800,8.056090354919434,0.0,,AURE3,01-01-2025
8.119999885559082,9.020000457763672,7.789999961853027,7.789999961853027,112827700,7.738217830657959,0.0,,AURE3,01-02-2025
7.789999961853027,8.140000343322754,7.389999866485596,7.440000057220459,128844300,7.390544891357422,0.0,,AURE3,01-03-2025
7.440000057220459,9.09000015258789,7.340000152587891,8.930000305175781,110839900,8.870640754699707,0.057033,,AURE3,01-04-2025
8.930000305175781,10.050000190734863,8.699999809265137,9.880000114440918,103812700,9.880000114440918,0.0,,AURE3,01-05-2025
9.930000305175781,10.399999618530273,9.600000381469727,10.170000076293945,80650400,10.170000076293945,0.0,,AURE3,01-06-2025
10.09000015258789,10.199999809265137,8.779999732971191,9.270000457763672,84099300,9.270000457763672,0.0,,AURE3,01-07-2025
9.359999656677246,11.020000457763672,9.359999656677246,10.859999656677246,103884700,10.859999656677246,0.0,,AURE3,01-08-2025
10.8100004196167,10.90999984741211,10.010000228881836,10.520000457763672,31367600,10.520000457763672,0.0,,AURE3,01-09-2025
10.550000190734863,10.859999656677246,10.510000228881836,10.640000343322754,2161000,10.640000343322754,0.0,,AURE3,11-09-2025
19.100000381469727,19.739999771118164,17.309999465942383,18.34000015258789,211854900,17.417558670043945,0.0,,RAIL3,01-10-2020
18.34000015258789,20.700000762939453,18.139999389648438,18.959999084472656,228631000,18.00637435913086,0.0,,RAIL3,01-11-2020
19.219999313354492,21.0,18.549999237060547,19.239999771118164,223428300,18.272293090820312,0.0,,RAIL3,01-12-2020
19.239999771118164,21.420000076293945,18.790000915527344,20.299999237060547,232781500,19.27897834777832,0.0,,RAIL3,01-01-2021
20.8799991607666,21.979999542236328,18.100000381469727,18.100000381469727,267418700,17.18963050842285,0.0,,RAIL3,01-02-2021
18.1299991607666,20.979999542236328,17.43000030517578,20.25,279842600,19.231491088867188,0.0,,RAIL3,01-03-2021
20.200000762939453,21.399999618530273,19.670000076293945,20.0,166925600,18.99406623840332,0.0,,RAIL3,01-04-2021
20.020000457763672,21.649999618530273,19.809999465942383,20.670000076293945,160612200,19.6303653717041,0.0,,RAIL3,01-05-2021
20.790000915527344,22.0,19.149999618530273,19.149999618530273,174230700,18.186817169189453,0.0,,RAIL3,01-06-2021
19.209999084472656,21.860000610351562,19.059999465942383,20.65999984741211,190111700,19.62087059020996,0.0,,RAIL3,01-07-2021
20.790000915527344,21.25,17.5,18.719999313354492,209559400,17.778446197509766,0.0,,RAIL3,01-08-2021
18.739999771118164,19.540000915527344,16.760000228881836,16.790000915527344,230575700,15.945518493652344,0.0,,RAIL3,01-09-2021
16.739999771118164,18.75,15.630000114440918,15.989999771118164,261038200,15.185755729675293,0.0,,RAIL3,01-10-2021
16.229999542236328,17.979999542236328,16.040000915527344,17.56999969482422,268080200,16.68628692626953,0.0,,RAIL3,01-11-2021
17.829999923706055,19.1299991607666,17.049999237060547,17.760000228881836,239882400,16.866729736328125,0.0,,RAIL3,01-12-2021
17.899999618530273,17.899999618530273,15.390000343322754,15.619999885559082,228186900,14.834365844726562,0.0,,RAIL3,01-01-2022
15.760000228881836,16.979999542236328,14.720000267028809,15.5,290608700,14.7204008102417,0.0,,RAIL3,01-02-2022
15.5,19.229999542236328,14.979999542236328,18.549999237060547,256168700,17.616994857788086,0.0,,RAIL3,01-03-2022
18.700000762939453,19.09000015258789,16.3700008392334,16.3700008392334,164512300,15.54664421081543,0.019307,,RAIL3,01-04-2022
16.360000610351562,17.81999969482422,14.979999542236328,17.68000030517578,266364400,16.80912208557129,0.0,,RAIL3,01-05-2022
17.68000030517578,18.729999542236328,15.829999923706055,15.970000267028809,217792700,15.183353424072266,0.0,,RAIL3,01-06-2022
15.819999694824219,17.729999542236328,15.220000267028809,17.540000915527344,154505500,16.67601776123047,0.0,,RAIL3,01-07-2022
17.489999771118164,20.81999969482422,17.3700008392334,20.209999084472656,235806100,19.21449851989746,0.0,,RAIL3,01-08-2022
20.5,20.90999984741211,17.979999542236328,18.479999542236328,271635800,17.56971549987793,0.0,,RAIL3,01-09-2022
18.950000762939453,22.299999237060547,18.06999969482422,22.139999389648438,282972200,21.04943084716797,0.0,,RAIL3,01-10-2022
22.34000015258789,22.34000015258789,18.0,19.459999084472656,287666600,18.501441955566406,0.0,,RAIL3,01-11-2022
19.1299991607666,19.549999237060547,16.209999084472656,18.610000610351562,231241800,17.693313598632812,0.0,,RAIL3,01-12-2022
18.309999465942383,19.25,17.110000610351562,18.3799991607666,186687600,17.474639892578125,0.0,,RAIL3,01-01-2023
18.329999923706055,18.670000076293945,16.93000030517578,17.959999084472656,189853400,17.075328826904297,0.0,,RAIL3,01-02-2023
18.059999465942383,19.610000610351562,17.15999984741211,18.850000381469727,251347500,17.921491622924805,0.0,,RAIL3,01-03-2023
18.959999084472656,19.90999984741211,18.43000030517578,19.700000762939453,177314600,18.72962188720703,0.066017,,RAIL3,01-04-2023
19.700000762939453,21.420000076293945,19.43000030517578,20.81999969482422,228361100,19.862356185913086,0.0,,RAIL3,01-05-2023
20.829999923706055,23.3700008392334,20.610000610351562,22.200000762939453,344328500,21.178882598876953,0.0,,RAIL3,01-06-2023
21.860000610351562,24.440000534057617,21.40999984741211,23.239999771118164,292533300,22.171045303344727,0.0,,RAIL3,01-07-2023
23.059999465942383,24.360000610351562,21.739999771118164,22.350000381469727,348871700,21.321983337402344,0.0,,RAIL3,01-08-2023
22.399999618530273,24.360000610351562,21.739999771118164,22.81999969482422,314334900,21.770362854003906,0.0,,RAIL3,01-09-2023
22.809999465942383,23.1200008392334,21.09000015258789,22.309999465942383,280957200,21.283823013305664,0.0,,RAIL3,01-10-2023
22.299999237060547,23.940000534057617,22.219999313354492,22.899999618530273,305476400,21.846683502197266,0.0,,RAIL3,01-11-2023
22.920000076293945,23.59000015258789,21.559999465942383,22.950000762939453,237043500,21.894386291503906,0.0,,RAIL3,01-12-2023
22.950000762939453,23.920000076293945,21.510000228881836,23.059999465942383,258127500,21.999326705932617,0.0,,RAIL3,01-01-2024
23.1200008392334,24.549999237060547,22.280000686645508,22.719999313354492,195890900,21.674964904785156,0.0,,RAIL3,01-02-2024
22.739999771118164,22.780000686645508,21.75,22.260000228881836,195443200,21.236122131347656,0.0,,RAIL3,01-03-2024
22.299999237060547,23.290000915527344,20.040000915527344,20.15999984741211,256123700,19.23271369934082,0.0,,RAIL3,01-04-2024
20.15999984741211,21.440000534057617,19.450000762939453,19.709999084472656,201420200,18.80341339111328,0.092402,,RAIL3,01-05-2024
19.760000228881836,21.209999084472656,19.15999984741211,20.719999313354492,242846800,19.857973098754883,0.0,,RAIL3,01-06-2024
20.549999237060547,23.56999969482422,20.459999084472656,22.149999618530273,200882800,21.22848129272461,0.0,,RAIL3,01-07-2024
22.3799991607666,24.399999618530273,21.690000534057617,21.850000381469727,290225400,20.940961837768555,0.0,,RAIL3,01-08-2024
21.700000762939453,21.940000534057617,19.549999237060547,20.0,288038300,19.16792869567871,0.0,,RAIL3,01-09-2024
20.0,20.25,18.729999542236328,19.899999618530273,335635700,19.07208824157715,0.0,,RAIL3,01-10-2024
19.950000762939453,20.850000381469727,18.739999771118164,19.450000762939453,302111300,18.640811920166016,0.0,,RAIL3,01-11-2024
19.15999984741211,20.399999618530273,17.670000076293945,17.84000015258789,233679600,17.09779167175293,0.0,,RAIL3,01-12-2024
17.760000228881836,18.510000228881836,16.579999923706055,18.399999618530273,281956100,17.63449478149414,0.0,,RAIL3,01-01-2025
18.5,20.06999969482422,16.93000030517578,16.93000030517578,284583700,16.22565269470215,0.0,,RAIL3,01-02-2025
16.93000030517578,18.5,16.010000228881836,16.219999313354492,200522100,15.54518985748291,0.0,,RAIL3,01-03-2025
16.219999313354492,20.0,15.949999809265137,19.399999618530273,272480500,18.5928897857666,0.0,,RAIL3,01-04-2025
19.209999084472656,19.450000762939453,17.280000686645508,18.81999969482422,239660100,18.037019729614258,0.0,,RAIL3,01-05-2025
19.040000915527344,20.530000686645508,17.420000076293945,18.530000686645508,231562300,17.75908660888672,0.810438,,RAIL3,01-06-2025
18.59000015258789,18.950000762939453,16.170000076293945,16.540000915527344,210604700,16.540000915527344,0.0,,RAIL3,01-07-2025
16.770000457763672,16.989999771118164,14.220000267028809,14.550000190734863,296501800,14.550000190734863,0.0,,RAIL3,01-08-2025
14.579999923706055,15.350000381469727,14.020000457763672,14.609999656677246,94790500,14.609999656677246,0.0,,RAIL3,01-09-2025
14.699999809265137,14.949999809265137,14.569999694824219,14.880000114440918,7375000,14.880000114440918,0.0,,RAIL3,11-09-2025
27.540000915527344,29.850000381469727,24.65999984741211,27.0,37630000,25.57617950439453,0.0,,SMFT3,01-08-2021
27.239999771118164,27.43000030517578,24.5,25.600000381469727,19273600,24.250009536743164,0.0,,SMFT3,01-09-2021
25.56999969482422,25.790000915527344,19.93000030517578,20.170000076293945,19248900,19.10635757446289,0.0,,SMFT3,01-10-2021
20.5,24.530000686645508,17.540000915527344,18.09000015258789,34985700,17.13604164123535,0.0,,SMFT3,01-11-2021
18.34000015258789,19.739999771118164,16.0,16.139999389648438,26324700,15.288870811462402,0.0,,SMFT3,01-12-2021
16.0,18.190000534057617,13.699999809265137,17.309999465942383,29732600,16.397174835205078,0.0,,SMFT3,01-01-2022
17.299999237060547,19.020000457763672,15.729999542236328,18.5,26456000,17.524417877197266,0.0,,SMFT3,01-02-2022
18.5,22.6299991607666,16.84000015258789,21.5,27021000,20.366220474243164,0.0,,SMFT3,01-03-2022
21.719999313354492,23.510000228881836,17.860000610351562,17.950000762939453,17110100,17.0034236907959,0.0,,SMFT3,01-04-2022
17.950000762939453,18.079999923706055,14.380000114440918,14.550000190734863,26359400,13.782719612121582,0.0,,SMFT3,01-05-2022
14.630000114440918,14.779999732971191,9.890000343322754,10.09000015258789,38465800,9.557913780212402,0.0,,SMFT3,01-06-2022
10.010000228881836,11.869999885559082,9.630000114440918,11.539999961853027,37299300,10.931449890136719,0.0,,SMFT3,01-07-2022
11.550000190734863,16.799999237060547,11.199999809265137,16.639999389648438,38748500,15.762504577636719,0.0,,SMFT3,01-08-2022
16.649999618530273,17.020000457763672,14.34000015258789,15.199999809265137,31840800,14.398441314697266,0.0,,SMFT3,01-09-2022
15.680000305175781,17.860000610351562,15.020000457763672,17.329999923706055,22764900,16.416120529174805,0.0,,SMFT3,01-10-2022
17.56999969482422,18.559999465942383,13.84000015258789,15.180000305175781,33362700,14.379498481750488,0.0,,SMFT3,01-11-2022
15.130000114440918,15.84000015258789,12.140000343322754,13.59000015258789,30915800,12.873344421386719,0.0,,SMFT3,01-12-2022
13.40999984741211,16.34000015258789,12.109999656677246,15.869999885559082,23400900,15.033110618591309,0.0,,SMFT3,01-01-2023
16.209999084472656,17.270000457763672,15.4399995803833,15.529999732971191,22117100,14.711041450500488,0.0,,SMFT3,01-02-2023
15.699999809265137,16.84000015258789,13.010000228881836,13.34000015258789,58709500,12.636528015136719,0.0,,SMFT3,01-03-2023
13.520000457763672,15.449999809265137,12.949999809265137,15.25,32082900,14.445805549621582,0.0,,SMFT3,01-04-2023
15.25,19.059999465942383,15.109999656677246,19.049999237060547,95610000,18.045413970947266,0.0,,SMFT3,01-05-2023
19.25,21.829999923706055,18.549999237060547,21.5,66992400,20.366220474243164,0.0,,SMFT3,01-06-2023
21.190000534057617,23.270000457763672,20.68000030517578,22.860000610351562,37650700,21.65450096130371,0.0,,SMFT3,01-07-2023
22.760000228881836,24.260000228881836,20.219999313354492,20.600000381469727,60597600,19.51367950439453,0.0,,SMFT3,01-08-2023
20.639999389648438,22.56999969482422,19.600000381469727,21.5,53631700,20.366220474243164,0.0,,SMFT3,01-09-2023
21.559999465942383,22.399999618530273,18.40999984741211,19.3700008392334,40931300,18.348543167114258,0.351557,,SMFT3,01-10-2023
19.399999618530273,23.350000381469727,18.90999984741211,23.149999618530273,43964800,22.2836856842041,0.0,,SMFT3,01-11-2023
23.079999923706055,26.510000228881836,22.940000534057617,26.030000686645508,43507700,25.055912017822266,0.101077,,SMFT3,01-12-2023
26.030000686645508,26.25,24.100000381469727,24.25,46689100,23.43941879272461,0.0,,SMFT3,01-01-2024
24.15999984741211,25.479999542236328,23.899999618530273,24.459999084472656,34243500,23.64240074157715,0.0,,SMFT3,01-02-2024
24.459999084472656,27.239999771118164,24.209999084472656,26.0,42159000,25.13092613220215,0.0,,SMFT3,01-03-2024
25.889999389648438,26.81999969482422,23.200000762939453,24.190000534057617,47340700,23.381425857543945,0.0,,SMFT3,01-04-2024
24.209999084472656,25.709999084472656,21.600000381469727,22.5,42014000,21.747913360595703,0.0,,SMFT3,01-05-2024
22.940000534057617,23.34000015258789,21.200000762939453,21.600000381469727,44919400,20.87799835205078,0.085081,,SMFT3,01-06-2024
21.90999984741211,23.600000381469727,20.719999313354492,21.200000762939453,69159400,20.571287155151367,0.0,,SMFT3,01-07-2024
21.0,24.059999465942383,19.579999923706055,22.049999237060547,63322900,21.396080017089844,0.0,,SMFT3,01-08-2024
22.34000015258789,23.65999984741211,21.1200008392334,21.440000534057617,41918500,20.804170608520508,0.0,,SMFT3,01-09-2024
21.600000381469727,23.56999969482422,21.020000457763672,21.850000381469727,42117600,21.20201301574707,0.0,,SMFT3,01-10-2024
22.020000457763672,22.280000686645508,17.649999618530273,18.219999313354492,58078800,17.679664611816406,0.0,,SMFT3,01-11-2024
18.219999313354492,19.950000762939453,16.649999618530273,16.959999084472656,51551700,16.45703125,0.440944,,SMFT3,01-12-2024
16.959999084472656,19.8799991607666,16.43000030517578,19.479999542236328,55817600,19.36255645751953,0.0,,SMFT3,01-01-2025
19.770000457763672,20.31999969482422,17.3700008392334,17.84000015258789,69630800,17.73244285583496,0.0,,SMFT3,01-02-2025
17.84000015258789,21.59000015258789,17.510000228881836,20.420000076293945,58255400,20.29688835144043,0.066974,,SMFT3,01-03-2025
20.56999969482422,24.8799991607666,19.520000457763672,24.450000762939453,72585200,24.38224983215332,0.0,,SMFT3,01-04-2025
24.450000762939453,24.729999542236328,21.950000762939453,24.010000228881836,263042500,23.943470001220703,0.0,,SMFT3,01-05-2025
24.270000457763672,25.389999389648438,23.56999969482422,24.84000015258789,76111700,24.771169662475586,0.066974,,SMFT3,01-06-2025
24.899999618530273,25.06999969482422,20.479999542236328,20.719999313354492,93273200,20.719999313354492,0.0,,SMFT3,01-07-2025
21.229999542236328,24.899999618530273,20.809999465942383,24.40999984741211,86949400,24.40999984741211,0.0,,SMFT3,01-08-2025
24.6200008392334,25.360000610351562,24.020000457763672,24.440000534057617,21217500,24.440000534057617,0.0,,SMFT3,01-09-2025
24.600000381469727,25.43000030517578,24.440000534057617,25.219999313354492,2276000,25.219999313354492,0.0,,SMFT3,11-09-2025
6.872000217437744,7.699999809265137,6.111999988555908,6.263999938964844,337778500,6.253954887390137,0.0,0.0,PRIO3,01-10-2020
6.263999938964844,10.753999710083008,6.263999938964844,10.034000396728516,722460000,10.01791000366211,0.0,0.0,PRIO3,01-11-2020
10.20199966430664,14.27400016784668,10.017999649047852,14.038000106811523,654889000,14.015488624572754,0.0,0.0,PRIO3,01-12-2020
14.038000106811523,16.920000076293945,13.508000373840332,14.097999572753906,555965000,14.07539176940918,0.0,0.0,PRIO3,01-01-2021
14.442000389099121,18.799999237060547,13.9399995803833,16.722000122070312,603533000,16.6951847076416,0.0,0.0,PRIO3,01-02-2021
17.121999740600586,20.277999877929688,16.631999969482422,18.45599937438965,892155000,18.426403045654297,0.0,0.0,PRIO3,01-03-2021
18.56599998474121,20.670000076293945,17.760000228881836,18.31599998474121,503748000,18.28662872314453,0.0,0.0,PRIO3,01-04-2021
18.582000732421875,20.239999771118164,17.079999923706055,19.729999542236328,267627900,19.698360443115234,0.0,5.0,PRIO3,01-05-2021
20.219999313354492,20.979999542236328,18.479999542236328,19.489999771118164,240157000,19.4587459564209,0.0,0.0,PRIO3,01-06-2021
19.799999237060547,21.989999771118164,17.559999465942383,17.850000381469727,305535100,17.82137680053711,0.0,0.0,PRIO3,01-07-2021
18.059999465942383,19.899999618530273,16.219999313354492,19.170000076293945,305607400,19.139259338378906,0.0,0.0,PRIO3,01-08-2021
19.229999542236328,25.399999618530273,17.670000076293945,25.020000457763672,500643500,24.979877471923828,0.0,0.0,PRIO3,01-09-2021
25.020000457763672,28.920000076293945,23.110000610351562,23.469999313354492,550845100,23.432363510131836,0.0,0.0,PRIO3,01-10-2021
24.0,28.860000610351562,19.25,20.290000915527344,442554600,20.257463455200195,0.0,0.0,PRIO3,01-11-2021
20.850000381469727,22.899999618530273,18.75,20.719999313354492,349026300,20.6867733001709,0.0,0.0,PRIO3,01-12-2021
20.65999984741211,24.899999618530273,18.489999771118164,23.920000076293945,456277200,23.881641387939453,0.0,0.0,PRIO3,01-01-2022
23.889999389648438,26.6299991607666,22.209999084472656,25.81999969482422,482397400,25.778594970703125,0.0,0.0,PRIO3,01-02-2022
25.81999969482422,29.690000534057617,22.25,23.809999465942383,543797700,23.771818161010742,0.0,0.0,PRIO3,01-03-2022
24.100000381469727,28.100000381469727,22.760000228881836,26.700000762939453,367881200,26.657184600830078,0.0,0.0,PRIO3,01-04-2022
26.399999618530273,29.479999542236328,24.110000610351562,27.989999771118164,395044500,27.945114135742188,0.0,0.0,PRIO3,01-05-2022
27.90999984741211,28.940000534057617,20.270000457763672,21.989999771118164,402253200,21.954736709594727,0.0,0.0,PRIO3,01-06-2022
22.219999313354492,24.530000686645508,20.020000457763672,24.219999313354492,351336200,24.18115997314453,0.0,0.0,PRIO3,01-07-2022
23.75,28.040000915527344,22.90999984741211,27.309999465942383,340031000,27.266204833984375,0.0,0.0,PRIO3,01-08-2022
27.25,29.770000457763672,26.799999237060547,27.530000686645508,298214800,27.48585319519043,0.0,0.0,PRIO3,01-09-2022
28.579999923706055,35.540000915527344,28.5,35.38999938964844,232440600,35.333248138427734,0.0,0.0,PRIO3,01-10-2022
36.58000183105469,39.25,32.86000061035156,36.04999923706055,294704200,35.9921875,0.0,0.0,PRIO3,01-11-2022
36.099998474121094,37.599998474121094,32.189998626708984,37.209999084472656,248348000,37.15032958984375,0.0,0.0,PRIO3,01-12-2022
36.880001068115234,43.790000915527344,33.099998474121094,42.099998474121094,216743300,42.03248596191406,0.0,0.0,PRIO3,01-01-2023
42.22999954223633,43.16999816894531,33.70000076293945,33.70000076293945,204193100,33.645957946777344,0.0,0.0,PRIO3,01-02-2023
33.27000045776367,35.33000183105469,29.010000228881836,31.190000534057617,356167700,31.139984130859375,0.0,0.0,PRIO3,01-03-2023
32.599998474121094,37.18000030517578,32.150001525878906,34.75,244643600,34.69427490234375,0.0,0.0,PRIO3,01-04-2023
34.75,37.34000015258789,32.349998474121094,34.189998626708984,279282100,34.135169982910156,0.0,0.0,PRIO3,01-05-2023
34.290000915527344,38.77000045776367,32.90999984741211,37.08000183105469,272288200,37.020538330078125,0.0,0.0,PRIO3,01-06-2023
37.45000076293945,46.560001373291016,37.400001525878906,45.619998931884766,226225500,45.54684066772461,0.0,0.0,PRIO3,01-07-2023
45.27000045776367,49.060001373291016,44.099998474121094,46.41999816894531,187267500,46.345558166503906,0.0,0.0,PRIO3,01-08-2023
46.9900016784668,49.83000183105469,45.2599983215332,47.040000915527344,155140300,46.964569091796875,0.0,0.0,PRIO3,01-09-2023
47.119998931884766,51.349998474121094,43.13999938964844,47.70000076293945,213136300,47.62350845336914,0.0,0.0,PRIO3,01-10-2023
48.79999923706055,49.400001525878906,44.560001373291016,45.93000030517578,205968200,45.856346130371094,0.0,0.0,PRIO3,01-11-2023
46.08000183105469,47.849998474121094,41.150001525878906,46.04999923706055,217084400,45.97615432739258,0.072644,0.0,PRIO3,01-12-2023
46.04999923706055,47.54999923706055,43.5099983215332,43.93000030517578,198957000,43.93000030517578,0.0,0.0,PRIO3,01-01-2024
44.209999084472656,47.779998779296875,41.61000061035156,43.709999084472656,175257600,43.709999084472656,0.0,0.0,PRIO3,01-02-2024
44.060001373291016,49.72999954223633,43.2400016784668,48.7400016784668,186287800,48.7400016784668,0.0,0.0,PRIO3,01-03-2024
48.91999816894531,52.130001068115234,47.349998474121094,48.0,189751500,48.0,0.0,0.0,PRIO3,01-04-2024
48.0,48.45000076293945,41.38999938964844,41.61000061035156,207214600,41.61000061035156,0.0,0.0,PRIO3,01-05-2024
41.689998626708984,44.150001525878906,39.290000915527344,43.7599983215332,193734900,43.7599983215332,0.0,0.0,PRIO3,01-06-2024
43.83000183105469,48.68000030517578,43.619998931884766,48.04999923706055,158489500,48.04999923706055,0.0,0.0,PRIO3,01-07-2024
48.40999984741211,50.119998931884766,43.25,46.84000015258789,204160600,46.84000015258789,0.0,0.0,PRIO3,01-08-2024
46.79999923706055,47.119998931884766,40.540000915527344,43.33000183105469,228149800,43.33000183105469,0.0,0.0,PRIO3,01-09-2024
43.0,45.68000030517578,39.90999984741211,40.97999954223633,213298700,40.97999954223633,0.0,0.0,PRIO3,01-10-2024
41.36000061035156,41.459999084472656,38.58000183105469,40.13999938964844,161528800,40.13999938964844,0.0,0.0,PRIO3,01-11-2024
40.130001068115234,42.47999954223633,38.79999923706055,40.150001525878906,167256500,40.150001525878906,0.0,0.0,PRIO3,01-12-2024
40.310001373291016,43.709999084472656,40.209999084472656,40.9900016784668,204020900,40.9900016784668,0.0,0.0,PRIO3,01-01-2025
41.099998474121094,41.68000030517578,36.02000045776367,38.16999816894531,185198200,38.16999816894531,0.0,0.0,PRIO3,01-02-2025
38.16999816894531,41.279998779296875,36.470001220703125,39.79999923706055,157218700,39.79999923706055,0.0,0.0,PRIO3,01-03-2025
39.849998474121094,40.38999938964844,32.68000030517578,33.709999084472656,338287800,33.709999084472656,0.0,0.0,PRIO3,01-04-2025
33.709999084472656,40.58000183105469,33.709999084472656,38.95000076293945,240173900,38.95000076293945,0.0,0.0,PRIO3,01-05-2025
40.5,45.650001525878906,39.20000076293945,42.400001525878906,211700300,42.400001525878906,0.0,0.0,PRIO3,01-06-2025
42.61000061035156,43.88999938964844,41.189998626708984,42.189998626708984,159451700,42.189998626708984,0.0,0.0,PRIO3,01-07-2025
42.540000915527344,42.75,36.150001525878906,37.869998931884766,184770300,37.869998931884766,0.0,0.0,PRIO3,01-08-2025
38.08000183105469,38.400001525878906,36.33000183105469,37.630001068115234,50885100,37.630001068115234,0.0,0.0,PRIO3,01-09-2025
37.40999984741211,37.790000915527344,37.34000015258789,37.59000015258789,3134200,37.59000015258789,0.0,0.0,PRIO3,11-09-2025
24.059999465942383,38.560001373291016,23.959999084472656,37.20000076293945,5961900,37.20000076293945,,,BRAV3,01-12-2020
38.0,38.099998474121094,30.559999465942383,32.5,7423100,32.5,,,BRAV3,01-01-2021
34.0,41.0,32.939998626708984,35.970001220703125,7718800,35.970001220703125,,,BRAV3,01-02-2021
37.290000915527344,50.9900016784668,36.709999084472656,38.20000076293945,18639400,38.20000076293945,,,BRAV3,01-03-2021
38.5099983215332,47.41999816894531,36.5099983215332,43.66999816894531,30420800,43.66999816894531,,,BRAV3,01-04-2021
43.689998626708984,43.84000015258789,35.279998779296875,40.970001220703125,43417900,40.970001220703125,,,BRAV3,01-05-2021
42.0,49.97999954223633,38.79999923706055,45.34000015258789,32572500,45.34000015258789,,,BRAV3,01-06-2021
45.0,48.08000183105469,37.79999923706055,38.709999084472656,32966500,38.709999084472656,,,BRAV3,01-07-2021
40.75,41.970001220703125,31.649999618530273,38.439998626708984,32487000,38.439998626708984,,,BRAV3,01-08-2021
38.599998474121094,43.18000030517578,31.059999465942383,42.599998474121094,38351400,42.599998474121094,,,BRAV3,01-09-2021
42.0,44.810001373291016,32.29999923706055,32.34000015258789,52181400,32.34000015258789,,,BRAV3,01-10-2021
33.5,37.06999969482422,26.350000381469727,27.6200008392334,73466700,27.6200008392334,,,BRAV3,01-11-2021
28.100000381469727,34.29999923706055,27.020000457763672,33.54999923706055,54867700,33.54999923706055,,,BRAV3,01-12-2021
34.13999938964844,39.70000076293945,31.079999923706055,38.2400016784668,67240000,38.2400016784668,,,BRAV3,01-01-2022
36.5,40.16999816894531,31.510000228881836,33.880001068115234,127015100,33.880001068115234,,,BRAV3,01-02-2022
36.0,43.20000076293945,33.279998779296875,41.849998474121094,120278600,41.849998474121094,,,BRAV3,01-03-2022
42.18000030517578,48.06999969482422,41.20000076293945,46.22999954223633,69275000,46.22999954223633,,,BRAV3,01-04-2022
43.9900016784668,51.22999954223633,39.54999923706055,48.75,73652100,48.75,,,BRAV3,01-05-2022
48.599998474121094,49.91999816894531,32.4900016784668,35.150001525878906,79285000,35.150001525878906,,,BRAV3,01-06-2022
35.2599983215332,36.81999969482422,26.860000610351562,34.02000045776367,104952200,34.02000045776367,,,BRAV3,01-07-2022
33.0099983215332,39.15999984741211,32.0,37.38999938964844,84269300,37.38999938964844,,,BRAV3,01-08-2022
37.060001373291016,40.119998931884766,34.220001220703125,35.61000061035156,89127700,35.61000061035156,,,BRAV3,01-09-2022
37.5,46.70000076293945,36.72999954223633,46.5,86599000,46.5,,,BRAV3,01-10-2022
47.599998474121094,51.58000183105469,34.040000915527344,36.9900016784668,97673700,36.9900016784668,,,BRAV3,01-11-2022
36.9900016784668,38.5,31.450000762939453,37.75,87172800,37.75,,,BRAV3,01-12-2022
37.2400016784668,50.189998626708984,33.220001220703125,44.83000183105469,113350600,44.83000183105469,,,BRAV3,01-01-2023
44.869998931884766,45.2400016784668,36.40999984741211,36.40999984741211,69718900,36.40999984741211,,,BRAV3,01-02-2023
36.29999923706055,36.40999984741211,26.360000610351562,29.469999313354492,225746300,29.469999313354492,,,BRAV3,01-03-2023
30.700000762939453,33.56999969482422,26.350000381469727,31.670000076293945,191856700,31.670000076293945,,,BRAV3,01-04-2023
31.5,35.5,28.84000015258789,30.309999465942383,161870700,30.309999465942383,,,BRAV3,01-05-2023
30.459999084472656,35.13999938964844,29.260000228881836,29.850000381469727,120760700,29.850000381469727,,,BRAV3,01-06-2023
30.149999618530273,37.02000045776367,29.8700008392334,35.54999923706055,106724800,35.54999923706055,,,BRAV3,01-07-2023
35.5,38.97999954223633,30.860000610351562,32.91999816894531,122179700,32.91999816894531,,,BRAV3,01-08-2023
33.40999984741211,33.75,30.530000686645508,31.579999923706055,95002500,31.579999923706055,,,BRAV3,01-09-2023
31.700000762939453,33.65999984741211,27.899999618530273,32.439998626708984,119302500,32.439998626708984,,,BRAV3,01-10-2023
32.650001525878906,34.380001068115234,29.700000762939453,29.979999542236328,107813500,29.979999542236328,,,BRAV3,01-11-2023
29.90999984741211,29.979999542236328,25.979999542236328,26.280000686645508,131669800,26.280000686645508,,,BRAV3,01-12-2023
26.5,31.899999618530273,25.610000610351562,27.3799991607666,140683600,27.3799991607666,,,BRAV3,01-01-2024
27.799999237060547,29.920000076293945,26.31999969482422,27.950000762939453,93966900,27.950000762939453,,,BRAV3,01-02-2024
28.110000610351562,33.0,26.84000015258789,32.9900016784668,95821000,32.9900016784668,,,BRAV3,01-03-2024
33.0,36.70000076293945,32.25,33.16999816894531,122086300,33.16999816894531,,,BRAV3,01-04-2024
33.15999984741211,34.25,27.06999969482422,28.200000762939453,103149900,28.200000762939453,,,BRAV3,01-05-2024
28.200000762939453,28.34000015258789,25.0,27.479999542236328,73077800,27.479999542236328,,,BRAV3,01-06-2024
27.549999237060547,28.950000762939453,25.219999313354492,27.059999465942383,102457600,27.059999465942383,,,BRAV3,01-07-2024
27.260000228881836,30.280000686645508,25.670000076293945,26.3700008392334,116974400,26.3700008392334,,,BRAV3,01-08-2024
26.399999618530273,27.219999313354492,17.0,17.6299991607666,208125400,17.6299991607666,,,BRAV3,01-09-2024
17.5,18.600000381469727,16.399999618530273,16.979999542236328,153050200,16.979999542236328,,,BRAV3,01-10-2024
17.149999618530273,21.739999771118164,15.260000228881836,19.8799991607666,174543500,19.8799991607666,,,BRAV3,01-11-2024
19.829999923706055,24.1299991607666,18.979999542236328,23.520000457763672,220249700,23.520000457763672,,,BRAV3,01-12-2024
24.350000381469727,25.979999542236328,21.770000457763672,22.43000030517578,216888000,22.43000030517578,,,BRAV3,01-01-2025
22.5,22.729999542236328,17.860000610351562,18.010000228881836,135413900,18.010000228881836,,,BRAV3,01-02-2025
17.75,23.700000762939453,15.949999809265137,23.100000381469727,178163700,23.100000381469727,,,BRAV3,01-03-2025
23.100000381469727,23.6299991607666,15.729999542236328,17.360000610351562,299893300,17.360000610351562,,,BRAV3,01-04-2025
17.469999313354492,21.059999465942383,16.989999771118164,18.899999618530273,159191100,18.899999618530273,,,BRAV3,01-05-2025
19.799999237060547,21.799999237060547,16.8700008392334,17.399999618530273,186050900,17.399999618530273,,,BRAV3,01-06-2025
17.549999237060547,20.420000076293945,17.139999389648438,19.739999771118164,156701500,19.739999771118164,,,BRAV3,01-07-2025
19.940000534057617,20.649999618530273,18.469999313354492,20.049999237060547,166296900,20.049999237060547,,,BRAV3,01-08-2025
20.190000534057617,20.450000762939453,18.15999984741211,18.399999618530273,53676000,18.399999618530273,,,BRAV3,01-09-2025
18.299999237060547,18.469999313354492,18.1200008392334,18.309999465942383,5931500,18.309999465942383,,,BRAV3,11-09-2025
17.515050888061523,18.1623477935791,15.649317741394043,15.972965240478516,196488926,15.540204048156738,0.0,,BRFS3,01-10-2020
15.972965240478516,21.598724365234375,15.858736991882324,20.97046661376953,198902821,20.402307510375977,0.0,,BRFS3,01-11-2020
21.10373306274414,22.769567489624023,19.59972381591797,20.9799861907959,235547129,20.41156768798828,0.0,,BRFS3,01-12-2020
20.9799861907959,21.275075912475586,18.685895919799805,20.199424743652344,186940915,19.65215492248535,0.0,,BRFS3,01-01-2021
20.465957641601562,23.54060935974121,19.85673713684082,20.599224090576172,164426169,20.041122436523438,0.0,,BRFS3,01-02-2021
21.037099838256836,24.55914878845215,19.82818031311035,24.007043838500977,208993742,23.356613159179688,0.0,,BRFS3,01-03-2021
24.026081085205078,24.10223388671875,19.790103912353516,19.790103912353516,144655602,19.253923416137695,0.0,,BRFS3,01-04-2021
19.799623489379883,25.977487564086914,19.285594940185547,24.521072387695312,341165966,23.856714248657227,0.0,,BRFS3,01-05-2021
24.740009307861328,30.44192123413086,24.39732551574707,26.015562057495117,281413050,25.310714721679688,0.0,,BRFS3,01-06-2021
25.844219207763672,26.101234436035156,24.168867111206055,24.387805938720703,97080894,23.72705841064453,0.0,,BRFS3,01-07-2021
24.71145248413086,24.740009307861328,21.655838012695312,22.293615341186523,111737191,21.689607620239258,0.0,,BRFS3,01-08-2021
22.37928581237793,26.205944061279297,21.303632736206055,25.787105560302734,145918227,25.08844757080078,0.0,,BRFS3,01-09-2021
25.92989158630371,26.40584373474121,19.85673713684082,22.11275291442871,176557837,21.51364517211914,0.0,,BRFS3,01-10-2021
22.293615341186523,23.06465721130371,18.23849868774414,18.80012321472168,130087551,18.2907657623291,0.0,,BRFS3,01-11-2021
19.00954246520996,22.05563735961914,18.00052261352539,21.436899185180664,166686686,20.856101989746094,0.0,,BRFS3,01-12-2021
21.436899185180664,24.5,20.903833389282227,22.329999923706055,240615291,21.725006103515625,0.0,,BRFS3,01-01-2022
22.190000534057617,22.360000610351562,16.56999969482422,16.709999084472656,324398700,16.25726890563965,0.0,,BRFS3,01-02-2022
16.709999084472656,18.68000030517578,14.260000228881836,18.59000015258789,204143200,18.086334228515625,0.0,,BRFS3,01-03-2022
18.690000534057617,19.06999969482422,13.430000305175781,13.579999923706055,183068200,13.212072372436523,0.0,,BRFS3,01-04-2022
13.630000114440918,15.649999618530273,11.710000038146973,15.649999618530273,267174800,15.22598934173584,0.0,,BRFS3,01-05-2022
15.460000038146973,15.630000114440918,12.199999809265137,13.59000015258789,237078800,13.2218017578125,0.0,,BRFS3,01-06-2022
13.380000114440918,16.700000762939453,13.270000457763672,15.960000038146973,174165900,15.52759075164795,0.0,,BRFS3,01-07-2022
15.859999656677246,17.850000381469727,14.949999809265137,15.850000381469727,245194700,15.420570373535156,0.0,,BRFS3,01-08-2022
16.09000015258789,16.649999618530273,12.770000457763672,12.880000114440918,228268900,12.531038284301758,0.0,,BRFS3,01-09-2022
13.199999809265137,15.619999885559082,11.920000076293945,12.5600004196167,238580300,12.219707489013672,0.0,,BRFS3,01-10-2022
12.649999618530273,13.25,9.260000228881836,9.420000076293945,233130500,9.164780616760254,0.0,,BRFS3,01-11-2022
9.40999984741211,9.40999984741211,6.619999885559082,8.279999732971191,425702800,8.05566692352295,0.0,,BRFS3,01-12-2022
8.199999809265137,9.34000015258789,7.420000076293945,7.960000038146973,441903900,7.74433708190918,0.0,,BRFS3,01-01-2023
7.949999809265137,8.710000038146973,6.159999847412109,6.159999847412109,553565400,5.993104934692383,0.0,,BRFS3,01-02-2023
6.050000190734863,7.269999980926514,5.480000019073486,6.210000038146973,504659600,6.041750431060791,0.0,,BRFS3,01-03-2023
6.25,6.960000038146973,5.670000076293945,6.340000152587891,266399600,6.1682281494140625,0.0,,BRFS3,01-04-2023
6.340000152587891,8.720000267028809,6.039999961853027,8.130000114440918,539528300,7.909730911254883,0.0,,BRFS3,01-05-2023
8.15999984741211,9.800000190734863,8.140000343322754,8.90999984741211,316953300,8.668598175048828,0.0,,BRFS3,01-06-2023
8.949999809265137,10.149999618530273,8.170000076293945,9.760000228881836,458600200,9.495569229125977,0.0,,BRFS3,01-07-2023
9.619999885559082,10.699999809265137,8.899999618530273,9.039999961853027,403453400,8.795076370239258,0.0,,BRFS3,01-08-2023
9.039999961853027,10.380000114440918,8.5600004196167,10.1899995803833,540829900,9.913918495178223,0.0,,BRFS3,01-09-2023
10.170000076293945,11.34000015258789,9.970000267028809,10.670000076293945,455086700,10.380914688110352,0.0,,BRFS3,01-10-2023
10.739999771118164,15.489999771118164,10.6899995803833,14.65999984741211,360264900,14.262811660766602,0.0,,BRFS3,01-11-2023
14.600000381469727,15.390000343322754,13.369999885559082,13.8100004196167,147204800,13.43584156036377,0.0,,BRFS3,01-12-2023
13.8100004196167,14.930000305175781,12.199999809265137,13.949999809265137,190733200,13.57204818725586,0.0,,BRFS3,01-01-2024
13.970000267028809,15.850000381469727,13.40999984741211,15.100000381469727,163237200,14.690890312194824,0.0,,BRFS3,01-02-2024
15.109999656677246,17.290000915527344,14.600000381469727,16.31999969482422,178795500,15.877837181091309,0.0,,BRFS3,01-03-2024
16.3700008392334,18.100000381469727,15.529999732971191,16.8799991607666,189997100,16.42266273498535,0.0,,BRFS3,01-04-2024
17.049999237060547,19.829999923706055,15.8100004196167,18.579999923706055,341574900,18.07660484313965,0.0,,BRFS3,01-05-2024
18.56999969482422,22.799999237060547,17.979999542236328,22.670000076293945,166188600,22.05579376220703,0.0,,BRFS3,01-06-2024
22.690000534057617,23.8799991607666,20.360000610351562,21.059999465942383,140662000,20.48941421508789,0.0,,BRFS3,01-07-2024
21.270000457763672,26.329999923706055,20.25,26.229999542236328,160919000,25.51934242248535,0.0,,BRFS3,01-08-2024
26.200000762939453,26.200000762939453,23.40999984741211,23.649999618530273,126538600,23.009241104125977,0.0,,BRFS3,01-09-2024
23.850000381469727,26.770000457763672,22.399999618530273,26.229999542236328,150527900,25.51934242248535,0.0,,BRFS3,01-10-2024
26.260000228881836,26.3799991607666,23.389999389648438,24.809999465942383,189686400,24.137813568115234,0.581656,,BRFS3,01-11-2024
24.68000030517578,29.0,24.40999984741211,25.360000610351562,180907200,25.249998092651367,0.122972,,BRFS3,01-12-2024
25.360000610351562,25.360000610351562,21.209999084472656,21.889999389648438,168596300,21.889999389648438,0.0,,BRFS3,01-01-2025
21.899999618530273,22.3700008392334,17.329999923706055,17.93000030517578,198297400,17.93000030517578,0.0,,BRFS3,01-02-2025
17.93000030517578,20.8799991607666,17.309999465942383,19.68000030517578,159061200,19.68000030517578,0.0,,BRFS3,01-03-2025
19.510000228881836,23.309999465942383,18.780000686645508,22.700000762939453,141478600,22.700000762939453,0.0,,BRFS3,01-04-2025
22.549999237060547,22.700000762939453,18.989999771118164,20.299999237060547,231799400,20.299999237060547,0.0,,BRFS3,01-05-2025
20.350000381469727,21.920000076293945,19.479999542236328,20.139999389648438,198544400,20.139999389648438,0.0,,BRFS3,01-06-2025
20.209999084472656,23.170000076293945,18.860000610351562,20.049999237060547,235453300,20.049999237060547,0.0,,BRFS3,01-07-2025
20.299999237060547,21.549999237060547,18.31999969482422,20.6299991607666,132443100,20.6299991607666,0.0,,BRFS3,01-08-2025
20.489999771118164,21.139999389648438,18.90999984741211,20.239999771118164,247343500,20.239999771118164,0.0,,BRFS3,01-09-2025
20.450000762939453,21.079999923706055,20.420000076293945,20.559999465942383,5349000,20.559999465942383,0.0,,BRFS3,11-09-2025
6.289999961853027,7.170000076293945,5.769999980926514,6.03000020980835,315604000,6.0237932205200195,0.0,,EMBR3,01-10-2020
6.03000020980835,8.670000076293945,5.980000019073486,8.100000381469727,381386000,8.091662406921387,0.0,,EMBR3,01-11-2020
8.229999542236328,9.920000076293945,8.069999694824219,8.850000381469727,346067300,8.840890884399414,0.0,,EMBR3,01-12-2020
8.850000381469727,10.09000015258789,8.210000038146973,8.789999961853027,331264000,8.780951499938965,0.0,,EMBR3,01-01-2021
8.930000305175781,13.329999923706055,8.770000457763672,12.229999542236328,336879300,12.21741008758545,0.0,,EMBR3,01-02-2021
12.529999732971191,15.039999961853027,11.489999771118164,14.010000228881836,406182600,13.99557876586914,0.0,,EMBR3,01-03-2021
14.180000305175781,16.549999237060547,13.859999656677246,15.399999618530273,235399200,15.384147644042969,0.0,,EMBR3,01-04-2021
15.220000267028809,18.030000686645508,15.140000343322754,17.280000686645508,216676200,17.2622127532959,0.0,,EMBR3,01-05-2021
17.790000915527344,21.559999465942383,17.149999618530273,18.8700008392334,241084100,18.850576400756836,0.0,,EMBR3,01-06-2021
18.989999771118164,19.920000076293945,16.719999313354492,18.59000015258789,190193700,18.570863723754883,0.0,,EMBR3,01-07-2021
18.790000915527344,23.850000381469727,17.84000015258789,23.420000076293945,288123800,23.395893096923828,0.0,,EMBR3,01-08-2021
23.600000381469727,24.65999984741211,19.959999084472656,23.1299991607666,239583800,23.106189727783203,0.0,,EMBR3,01-09-2021
23.350000381469727,26.600000381469727,21.510000228881836,21.93000030517578,196525400,21.907426834106445,0.0,,EMBR3,01-10-2021
22.09000015258789,23.729999542236328,18.719999313354492,19.139999389648438,189953100,19.120296478271484,0.0,,EMBR3,01-11-2021
19.799999237060547,25.110000610351562,18.139999389648438,25.020000457763672,214900500,24.994245529174805,0.0,,EMBR3,01-12-2021
24.81999969482422,25.6200008392334,19.190000534057617,20.309999465942383,214820000,20.289093017578125,0.0,,EMBR3,01-01-2022
20.229999542236328,21.200000762939453,15.539999961853027,17.600000381469727,184779600,17.58188247680664,0.0,,EMBR3,01-02-2022
17.600000381469727,17.950000762939453,12.930000305175781,14.960000038146973,261767100,14.944601058959961,0.0,,EMBR3,01-03-2022
15.119999885559082,15.34000015258789,13.260000228881836,14.210000038146973,200772800,14.195372581481934,0.0,,EMBR3,01-04-2022
14.210000038146973,14.6899995803833,11.8100004196167,12.739999771118164,210212900,12.726885795593262,0.0,,EMBR3,01-05-2022
12.779999732971191,13.75,11.029999732971191,11.4399995803833,156196600,11.428223609924316,0.0,,EMBR3,01-06-2022
11.390000343322754,12.260000228881836,10.75,11.75,127649800,11.73790454864502,0.0,,EMBR3,01-07-2022
11.75,15.390000343322754,11.649999618530273,13.819999694824219,137001100,13.805773735046387,0.0,,EMBR3,01-08-2022
13.789999961853027,14.119999885559082,11.569999694824219,11.649999618530273,144585100,11.638007164001465,0.0,,EMBR3,01-09-2022
11.90999984741211,13.829999923706055,11.390000343322754,13.75,137679100,13.735846519470215,0.0,,EMBR3,01-10-2022
13.800000190734863,14.649999618530273,12.65999984741211,13.550000190734863,182195000,13.536051750183105,0.0,,EMBR3,01-11-2022
13.720000267028809,14.430000305175781,12.880000114440918,14.3100004196167,142402600,14.295269966125488,0.0,,EMBR3,01-12-2022
14.15999984741211,17.079999923706055,13.90999984741211,16.350000381469727,157159400,16.33316993713379,0.0,,EMBR3,01-01-2023
16.450000762939453,17.25,15.779999732971191,16.59000015258789,121262600,16.57292366027832,0.0,,EMBR3,01-02-2023
16.6299991607666,21.270000457763672,16.440000534057617,20.790000915527344,246441400,20.768600463867188,0.0,,EMBR3,01-03-2023
20.760000228881836,21.040000915527344,18.709999084472656,19.420000076293945,145071000,19.400009155273438,0.0,,EMBR3,01-04-2023
19.420000076293945,19.510000228881836,16.110000610351562,19.020000457763672,240823400,19.00042152404785,0.0,,EMBR3,01-05-2023
18.959999084472656,20.8799991607666,16.860000610351562,18.540000915527344,226222800,18.520915985107422,0.0,,EMBR3,01-06-2023
18.399999618530273,18.889999389648438,16.959999084472656,18.510000228881836,110674500,18.49094581604004,0.0,,EMBR3,01-07-2023
18.43000030517578,19.690000534057617,17.239999771118164,19.489999771118164,163628000,19.46993637084961,0.0,,EMBR3,01-08-2023
19.59000015258789,20.170000076293945,16.549999237060547,17.219999313354492,127822600,17.202274322509766,0.0,,EMBR3,01-09-2023
17.18000030517578,18.290000915527344,16.219999313354492,17.59000015258789,113018400,17.5718936920166,0.0,,EMBR3,01-10-2023
17.579999923706055,21.6200008392334,17.579999923706055,21.5,122565700,21.477869033813477,0.0,,EMBR3,01-11-2023
21.549999237060547,24.65999984741211,21.540000915527344,22.389999389648438,169050500,22.36695098876953,0.0,,EMBR3,01-12-2023
22.389999389648438,23.25,20.81999969482422,22.780000686645508,117911500,22.75655174255371,0.0,,EMBR3,01-01-2024
22.690000534057617,24.43000030517578,21.450000762939453,24.43000030517578,111114400,24.40485191345215,0.0,,EMBR3,01-02-2024
24.93000030517578,33.90999984741211,24.719999313354492,33.310001373291016,226703300,33.27571487426758,0.0,,EMBR3,01-03-2024
33.5099983215332,33.83000183105469,30.559999465942383,33.349998474121094,119667000,33.315670013427734,0.0,,EMBR3,01-04-2024
33.36000061035156,39.77000045776367,32.720001220703125,36.22999954223633,141012400,36.19270706176758,0.0,,EMBR3,01-05-2024
36.400001525878906,40.849998474121094,35.2599983215332,36.150001525878906,141737200,36.112789154052734,0.0,,EMBR3,01-06-2024
36.25,44.220001220703125,35.70000076293945,43.810001373291016,158996500,43.7649040222168,0.0,,EMBR3,01-07-2024
43.869998931884766,47.439998626708984,37.41999816894531,46.83000183105469,222965000,46.781795501708984,0.0,,EMBR3,01-08-2024
46.83000183105469,51.93000030517578,44.849998474121094,47.970001220703125,145244900,47.920623779296875,0.0,,EMBR3,01-09-2024
48.54999923706055,50.650001525878906,45.16999816894531,48.47999954223633,110907400,48.43009567260742,0.0,,EMBR3,01-10-2024
48.7400016784668,58.779998779296875,47.939998626708984,58.130001068115234,134263900,58.07016372680664,0.0,,EMBR3,01-11-2024
57.959999084472656,58.81999969482422,54.439998626708984,56.189998626708984,103174500,56.13215637207031,0.0,,EMBR3,01-12-2024
56.189998626708984,62.900001525878906,55.810001373291016,59.70000076293945,106980600,59.638545989990234,0.0,,EMBR3,01-01-2025
59.849998474121094,70.30999755859375,57.18000030517578,69.72000122070312,159861600,69.64823150634766,0.0,,EMBR3,01-02-2025
69.72000122070312,79.83000183105469,63.810001373291016,65.75,143611000,65.68231964111328,0.0,,EMBR3,01-03-2025
66.05999755859375,67.94000244140625,58.119998931884766,64.91999816894531,116961900,64.8531723022461,0.0,,EMBR3,01-04-2025
64.7300033569336,70.83999633789062,62.439998626708984,65.48999786376953,81968900,65.4225845336914,0.070109,,EMBR3,01-05-2025
66.0,77.58000183105469,63.90999984741211,77.01000213623047,95566200,77.01000213623047,0.0,,EMBR3,01-06-2025
78.0,83.94999694824219,65.05999755859375,80.66000366210938,206990900,80.66000366210938,0.0,,EMBR3,01-07-2025
80.69999694824219,83.16000366210938,74.37000274658203,76.19999694824219,119110800,76.19999694824219,0.0,,EMBR3,01-08-2025
75.70999908447266,84.06999969482422,75.5999984741211,80.19000244140625,40275600,80.19000244140625,0.0,,EMBR3,01-09-2025
80.70999908447266,81.30000305175781,79.51000213623047,79.83999633789062,4108000,79.83999633789062,0.0,,EMBR3,11-09-2025
5.199999809265137,5.610000133514404,4.03000020980835,4.289999961853027,1206574500,4.176866054534912,0.0,,COGN3,01-10-2020
4.289999961853027,5.289999961853027,4.159999847412109,4.690000057220459,1443084800,4.566317558288574,0.0,,COGN3,01-11-2020
4.829999923706055,5.449999809265137,4.489999771118164,4.630000114440918,1201713900,4.507899761199951,0.0,,COGN3,01-12-2020
4.630000114440918,4.920000076293945,4.25,4.519999980926514,1070235000,4.400800704956055,0.0,,COGN3,01-01-2021
4.599999904632568,4.769999980926514,3.740000009536743,3.740000009536743,810117900,3.6413705348968506,0.0,,COGN3,01-02-2021
3.7899999618530273,4.329999923706055,3.4200000762939453,3.9800000190734863,1313417200,3.8750412464141846,0.0,,COGN3,01-03-2021
3.990000009536743,4.400000095367432,3.8399999141693115,3.869999885559082,900007600,3.767941951751709,0.0,,COGN3,01-04-2021
3.9000000953674316,4.360000133514404,3.759999990463257,4.21999979019165,779613000,4.1087117195129395,0.0,,COGN3,01-05-2021
4.260000228881836,4.900000095367432,4.25,4.329999923706055,981314700,4.215811252593994,0.0,,COGN3,01-06-2021
4.400000095367432,4.460000038146973,3.640000104904175,3.640000104904175,670752700,3.5440077781677246,0.0,,COGN3,01-07-2021
3.700000047683716,3.7300000190734863,3.0399999618530273,3.2100000381469727,899547500,3.125347375869751,0.0,,COGN3,01-08-2021
3.2300000190734863,3.3299999237060547,2.680000066757202,2.7100000381469727,845722900,2.638533115386963,0.0,,COGN3,01-09-2021
2.7200000286102295,3.2200000286102295,2.4700000286102295,2.4800000190734863,805102200,2.4145987033843994,0.0,,COGN3,01-10-2021
2.549999952316284,3.009999990463257,2.2899999618530273,2.4800000190734863,847143900,2.4145987033843994,0.0,,COGN3,01-11-2021
2.5,2.9000000953674316,2.3299999237060547,2.490000009536743,703444300,2.424334764480591,0.0,,COGN3,01-12-2021
2.490000009536743,2.609999895095825,1.9800000190734863,2.5799999237060547,657964500,2.5119614601135254,0.0,,COGN3,01-01-2022
2.5799999237060547,2.700000047683716,2.180000066757202,2.259999990463257,596310300,2.2004003524780273,0.0,,COGN3,01-02-2022
2.259999990463257,3.0,2.0299999713897705,2.8299999237060547,883012500,2.75536847114563,0.0,,COGN3,01-03-2022
2.859999895095825,3.130000114440918,2.450000047683716,2.450000047683716,874684800,2.385389804840088,0.0,,COGN3,01-04-2022
2.450000047683716,2.809999942779541,2.25,2.6500000953674316,761395400,2.580115556716919,0.0,,COGN3,01-05-2022
2.6600000858306885,2.759999990463257,2.0999999046325684,2.140000104904175,623867700,2.0835649967193604,0.0,,COGN3,01-06-2022
2.140000104904175,2.509999990463257,1.9500000476837158,2.259999990463257,643764700,2.2004003524780273,0.0,,COGN3,01-07-2022
2.25,2.7899999618530273,2.2300000190734863,2.4800000190734863,578278900,2.4145987033843994,0.0,,COGN3,01-08-2022
2.4800000190734863,3.0299999713897705,2.4700000286102295,2.940000057220459,820840100,2.8624677658081055,0.0,,COGN3,01-09-2022
2.9700000286102295,3.4800000190734863,2.700000047683716,3.2899999618530273,1049574100,3.203237533569336,0.0,,COGN3,01-10-2022
3.2899999618530273,3.390000104904175,2.1600000858306885,2.240000009536743,845840500,2.1809277534484863,0.0,,COGN3,01-11-2022
2.2300000190734863,2.2799999713897705,1.899999976158142,2.119999885559082,611551600,2.0640921592712402,0.0,,COGN3,01-12-2022
2.0899999141693115,2.430000066757202,1.9199999570846558,2.380000114440918,672090400,2.3172359466552734,0.0,,COGN3,01-01-2023
2.380000114440918,2.440000057220459,2.0199999809265137,2.0199999809265137,456178400,1.9667295217514038,0.0,,COGN3,01-02-2023
2.0399999618530273,2.319999933242798,1.7200000286102295,1.8700000047683716,776268500,1.8206852674484253,0.0,,COGN3,01-03-2023
1.8600000143051147,2.0999999046325684,1.75,2.0399999618530273,447334300,1.9862020015716553,0.0,,COGN3,01-04-2023
2.0399999618530273,2.940000057220459,1.899999976158142,2.890000104904175,776149100,2.813786268234253,0.0,,COGN3,01-05-2023
2.9000000953674316,3.4700000286102295,2.859999895095825,3.259999990463257,645105200,3.1740288734436035,0.0,,COGN3,01-06-2023
3.2799999713897705,3.680000066757202,3.0899999141693115,3.3499999046325684,419302600,3.261655330657959,0.0,,COGN3,01-07-2023
3.3299999237060547,3.5399999618530273,2.880000114440918,2.9200000762939453,515482600,2.8429951667785645,0.0,,COGN3,01-08-2023
2.950000047683716,3.0399999618530273,2.490000009536743,2.6600000858306885,383448600,2.5898518562316895,0.0,,COGN3,01-09-2023
2.640000104904175,2.690000057220459,2.3299999237060547,2.4000000953674316,401608400,2.3367083072662354,0.0,,COGN3,01-10-2023
2.4100000858306885,3.259999990463257,2.390000104904175,3.2300000190734863,528839100,3.144819974899292,0.0,,COGN3,01-11-2023
3.190000057220459,3.559999942779541,3.1500000953674316,3.490000009536743,401542100,3.397963285446167,0.0,,COGN3,01-12-2023
3.490000009536743,3.490000009536743,2.8499999046325684,2.9200000762939453,444953100,2.8429951667785645,0.0,,COGN3,01-01-2024
2.9200000762939453,2.940000057220459,2.3299999237060547,2.5199999809265137,781830500,2.4535436630249023,0.0,,COGN3,01-02-2024
2.5299999713897705,2.890000104904175,2.3299999237060547,2.359999895095825,675292300,2.2977631092071533,0.0,,COGN3,01-03-2024
2.380000114440918,2.4600000381469727,1.899999976158142,2.1700000762939453,758844300,2.112773895263672,0.0,,COGN3,01-04-2024
2.1700000762939453,2.380000114440918,1.8600000143051147,1.8600000143051147,645842200,1.8109489679336548,0.0,,COGN3,01-05-2024
1.8600000143051147,1.940000057220459,1.5800000429153442,1.7699999809265137,751925000,1.7233223915100098,0.0,,COGN3,01-06-2024
1.7799999713897705,1.9700000286102295,1.5,1.5199999809265137,646689100,1.4799152612686157,0.0,,COGN3,01-07-2024
1.5299999713897705,1.6200000047683716,1.3200000524520874,1.3700000047683716,1015060500,1.3338710069656372,0.0,,COGN3,01-08-2024
1.3700000047683716,1.5299999713897705,1.2400000095367432,1.2799999713897705,758088100,1.2462444305419922,0.0,,COGN3,01-09-2024
1.2899999618530273,1.5199999809265137,1.2200000286102295,1.409999966621399,773436500,1.3728160858154297,0.0,,COGN3,01-10-2024
1.4199999570846558,1.5499999523162842,1.25,1.2899999618530273,945622000,1.2559807300567627,0.0,,COGN3,01-11-2024
1.2899999618530273,1.350000023841858,0.9800000190734863,1.090000033378601,934234000,1.0612550973892212,0.0,,COGN3,01-12-2024
1.090000033378601,1.4199999570846558,1.0700000524520874,1.409999966621399,729487300,1.3728160858154297,0.0,,COGN3,01-01-2025
1.399999976158142,1.7999999523162842,1.340000033378601,1.5199999809265137,999488700,1.4799152612686157,0.0,,COGN3,01-02-2025
1.5199999809265137,2.1500000953674316,1.4900000095367432,2.0899999141693115,1011255900,2.034883499145508,0.0,,COGN3,01-03-2025
2.0899999141693115,2.6600000858306885,1.9299999475479126,2.5799999237060547,1352503100,2.5119614601135254,0.06672,,COGN3,01-04-2025
2.5799999237060547,3.190000057220459,2.549999952316284,2.9700000286102295,1122437800,2.9700000286102295,0.0,,COGN3,01-05-2025
3.0,3.1600000858306885,2.700000047683716,2.809999942779541,679264400,2.809999942779541,0.0,,COGN3,01-06-2025
2.799999952316284,2.9700000286102295,2.490000009536743,2.759999990463257,647040200,2.759999990463257,0.0,,COGN3,01-07-2025
2.799999952316284,3.1700000762939453,2.6500000953674316,2.9200000762939453,680476600,2.9200000762939453,0.0,,COGN3,01-08-2025
2.9000000953674316,3.0899999141693115,2.8299999237060547,3.009999990463257,194352800,3.009999990463257,0.0,,COGN3,01-09-2025
3.0199999809265137,3.069999933242798,3.0,3.0,16393400,3.0,0.0,,COGN3,11-09-2025
11.579999923706055,14.1899995803833,11.510000228881836,11.800000190734863,50119400,11.262681007385254,0.0,,CEAB3,01-10-2020
11.800000190734863,14.479999542236328,11.640000343322754,13.319999694824219,37055000,12.71346664428711,0.0,,CEAB3,01-11-2020
13.449999809265137,14.09000015258789,12.550000190734863,12.890000343322754,22073000,12.303047180175781,0.0,,CEAB3,01-12-2020
12.890000343322754,13.350000381469727,11.390000343322754,12.5,47687700,11.930806159973145,0.0,,CEAB3,01-01-2021
12.579999923706055,12.890000343322754,10.850000381469727,11.020000457763672,32357200,10.51819896697998,0.0,,CEAB3,01-02-2021
11.069999694824219,11.800000190734863,9.779999732971191,11.779999732971191,50019800,11.24359130859375,0.0,,CEAB3,01-03-2021
11.800000190734863,14.880000114440918,11.569999694824219,12.3100004196167,62148500,11.749457359313965,0.0,,CEAB3,01-04-2021
12.359999656677246,14.329999923706055,12.039999961853027,14.050000190734863,32419000,13.410225868225098,0.0,,CEAB3,01-05-2021
14.119999885559082,15.579999923706055,13.930000305175781,14.359999656677246,31713000,13.706109046936035,0.0,,CEAB3,01-06-2021
14.399999618530273,14.569999694824219,11.779999732971191,11.850000381469727,37353400,11.310403823852539,0.0,,CEAB3,01-07-2021
11.960000038146973,12.220000267028809,8.8100004196167,8.890000343322754,67353100,8.485189437866211,0.0,,CEAB3,01-08-2021
8.949999809265137,9.199999809265137,7.150000095367432,7.210000038146973,46770000,6.881688594818115,0.0,,CEAB3,01-09-2021
7.230000019073486,7.699999809265137,5.920000076293945,6.059999942779541,51096100,5.784054279327393,0.0,,CEAB3,01-10-2021
6.130000114440918,8.420000076293945,6.090000152587891,6.460000038146973,80813500,6.165840148925781,0.0,,CEAB3,01-11-2021
6.550000190734863,6.980000019073486,5.809999942779541,6.199999809265137,53905600,5.917679309844971,0.0,,CEAB3,01-12-2021
6.170000076293945,6.630000114440918,5.050000190734863,6.579999923706055,58604500,6.2803754806518555,0.0,,CEAB3,01-01-2022
6.579999923706055,6.769999980926514,4.920000076293945,5.170000076293945,45937400,4.934581279754639,0.0,,CEAB3,01-02-2022
5.170000076293945,5.849999904632568,4.269999980926514,5.510000228881836,73648000,5.25909948348999,0.0,,CEAB3,01-03-2022
5.550000190734863,5.670000076293945,4.300000190734863,4.380000114440918,66134000,4.180554389953613,0.0,,CEAB3,01-04-2022
4.389999866485596,4.429999828338623,2.9100000858306885,3.109999895095825,127521600,2.9683845043182373,0.0,,CEAB3,01-05-2022
3.119999885559082,3.130000114440918,2.200000047683716,2.299999952316284,78243100,2.195268154144287,0.0,,CEAB3,01-06-2022
2.259999990463257,2.8399999141693115,2.119999885559082,2.809999942779541,77197100,2.6820449829101562,0.0,,CEAB3,01-07-2022
2.809999942779541,3.950000047683716,2.75,3.2300000190734863,170221600,3.0829200744628906,0.0,,CEAB3,01-08-2022
3.2200000286102295,3.75,3.009999990463257,3.2799999713897705,105165000,3.130643129348755,0.0,,CEAB3,01-09-2022
3.4100000858306885,3.930000066757202,2.6600000858306885,3.0199999809265137,97212100,2.8824825286865234,0.0,,CEAB3,01-10-2022
3.049999952316284,3.2300000190734863,2.200000047683716,2.369999885559082,106424600,2.262080669403076,0.0,,CEAB3,01-11-2022
2.369999885559082,2.490000009536743,1.909999966621399,2.2899999618530273,94870300,2.185723304748535,0.0,,CEAB3,01-12-2022
2.2799999713897705,3.200000047683716,2.119999885559082,2.9800000190734863,157382900,2.844304084777832,0.0,,CEAB3,01-01-2023
2.9700000286102295,3.140000104904175,1.9800000190734863,2.0199999809265137,68049700,1.9280180931091309,0.0,,CEAB3,01-02-2023
2.0299999713897705,3.190000057220459,1.8799999952316284,2.7899999618530273,132118200,2.6629557609558105,0.0,,CEAB3,01-03-2023
2.809999942779541,3.2300000190734863,2.5899999141693115,2.7799999713897705,70651700,2.6534111499786377,0.0,,CEAB3,01-04-2023
2.7799999713897705,4.630000114440918,2.640000104904175,4.599999904632568,115424800,4.390536308288574,0.0,,CEAB3,01-05-2023
4.599999904632568,5.739999771118164,4.519999980926514,5.429999828338623,123053200,5.182742118835449,0.0,,CEAB3,01-06-2023
5.449999809265137,6.079999923706055,4.78000020980835,5.699999809265137,88275600,5.440446853637695,0.0,,CEAB3,01-07-2023
5.650000095367432,6.900000095367432,5.300000190734863,5.349999904632568,110772500,5.10638427734375,0.0,,CEAB3,01-08-2023
5.400000095367432,5.800000190734863,4.800000190734863,5.5,75355200,5.249554634094238,0.0,,CEAB3,01-09-2023
5.489999771118164,5.489999771118164,4.699999809265137,5.159999847412109,71337400,4.925036430358887,0.0,,CEAB3,01-10-2023
5.159999847412109,8.5,5.079999923706055,8.130000114440918,102527700,7.759795665740967,0.0,,CEAB3,01-11-2023
8.220000267028809,9.140000343322754,7.739999771118164,7.829999923706055,59154400,7.473456859588623,0.0,,CEAB3,01-12-2023
7.829999923706055,8.180000305175781,6.800000190734863,7.300000190734863,59856500,6.96759033203125,0.0,,CEAB3,01-01-2024
7.300000190734863,9.600000381469727,6.940000057220459,9.369999885559082,79835900,8.943331718444824,0.0,,CEAB3,01-02-2024
9.369999885559082,10.779999732971191,8.880000114440918,10.640000343322754,75878000,10.155501365661621,0.0,,CEAB3,01-03-2024
10.699999809265137,12.800000190734863,9.760000228881836,11.020000457763672,89602300,10.51819896697998,0.0,,CEAB3,01-04-2024
11.020000457763672,12.539999961853027,9.260000228881836,9.609999656677246,85143700,9.172403335571289,0.0,,CEAB3,01-05-2024
9.59000015258789,10.539999961853027,9.029999732971191,9.34000015258789,57020100,8.914698600769043,0.0,,CEAB3,01-06-2024
9.359999656677246,11.1899995803833,8.149999618530273,8.4399995803833,57889000,8.055680274963379,0.0,,CEAB3,01-07-2024
8.539999961853027,10.779999732971191,8.229999542236328,10.170000076293945,70718100,9.706903457641602,0.0,,CEAB3,01-08-2024
9.949999809265137,11.199999809265137,9.729999542236328,10.5,40175100,10.021876335144043,0.0,,CEAB3,01-09-2024
10.449999809265137,13.479999542236328,9.550000190734863,13.029999732971191,76008800,12.436671257019043,0.0,,CEAB3,01-10-2024
13.199999809265137,14.100000381469727,9.819999694824219,10.569999694824219,160974500,10.088688850402832,0.0,,CEAB3,01-11-2024
10.579999923706055,11.25,7.980000019073486,8.050000190734863,88724000,7.683438777923584,0.0,,CEAB3,01-12-2024
8.050000190734863,10.0,7.320000171661377,9.789999961853027,105033300,9.344206809997559,0.344691,,CEAB3,01-01-2025
9.6899995803833,10.779999732971191,8.949999809265137,9.869999885559082,74665700,9.841985702514648,0.0,,CEAB3,01-02-2025
9.869999885559082,11.449999809265137,9.529999732971191,10.619999885559082,71439000,10.58985710144043,0.0,,CEAB3,01-03-2025
10.619999885559082,13.65999984741211,10.539999961853027,13.3100004196167,73149900,13.272222518920898,0.0,,CEAB3,01-04-2025
13.279999732971191,18.200000762939453,12.40999984741211,17.829999923706055,70050000,17.77939224243164,0.037778,,CEAB3,01-05-2025
17.950000762939453,20.209999084472656,16.56999969482422,19.65999984741211,51479900,19.65999984741211,0.0,,CEAB3,01-06-2025
19.799999237060547,21.299999237060547,15.100000381469727,16.469999313354492,70077600,16.469999313354492,0.0,,CEAB3,01-07-2025
16.950000762939453,18.780000686645508,14.880000114440918,16.799999237060547,92747300,16.799999237060547,0.0,,CEAB3,01-08-2025
17.049999237060547,17.920000076293945,16.540000915527344,17.469999313354492,29692700,17.469999313354492,0.0,,CEAB3,01-09-2025
17.540000915527344,18.270000457763672,17.5,17.940000534057617,2937900,17.940000534057617,0.0,,CEAB3,11-09-2025
