open,high,low,close,volume,adjclose,dividends,splits,Ativo,Data
9.052735328674316,9.052735328674316,8.169034004211426,8.807317733764648,53153.0,5.453424453735352,0.0,0.0,ARRI11,01-10-2020
8.807317733764648,9.321903228759766,8.31252384185791,9.30211067199707,86916.0,5.75979471206665,0.0,0.0,ARRI11,01-11-2020
9.222944259643555,9.400079727172852,8.609399795532227,9.18336009979248,137256.0,5.686265468597412,0.0,0.0,ARRI11,01-12-2020
9.18336009979248,9.598986625671387,8.808306694030762,9.401068687438965,129692.0,5.821070194244385,0.0,0.0,ARRI11,01-01-2021
9.303099632263184,9.994820594787598,9.303099632263184,9.993831634521484,158645.0,6.188104629516602,0.0,0.0,ARRI11,01-02-2021
9.871123313903809,9.876070976257324,9.336746215820312,9.876070976257324,315032.0,6.115187644958496,0.0,0.0,ARRI11,01-03-2021
9.885967254638672,11.201127052307129,9.747425079345703,11.201127052307129,266264.0,6.935653209686279,0.0,0.0,ARRI11,01-04-2021
10.885449409484863,11.324825286865234,9.92258071899414,9.961174964904785,405688.0,6.167881965637207,0.0,0.0,ARRI11,01-05-2021
10.006695747375488,10.390656471252441,9.845394134521484,10.141280174255371,478908.0,6.2794013023376465,0.0,0.0,ARRI11,01-06-2021
10.19174861907959,11.281283378601074,10.045289993286133,11.266440391540527,356209.0,6.9760942459106445,0.0,0.0,ARRI11,01-07-2021
10.232321739196777,10.387686729431152,9.648466110229492,10.08685302734375,521701.0,6.245702743530273,0.0,0.0,ARRI11,01-08-2021
9.992841720581055,9.994820594787598,9.598986625671387,9.643518447875977,219505.0,5.971194267272949,0.0,0.0,ARRI11,01-09-2021
9.758310317993164,9.846383094787598,8.84294319152832,9.54455852508545,666544.0,5.909918785095215,0.0,0.0,ARRI11,01-10-2021
9.405028343200684,9.542579650878906,8.94783878326416,9.323882102966309,741015.0,5.773276329040527,0.0,0.0,ARRI11,01-11-2021
9.177422523498535,9.802841186523438,8.955756187438965,9.695965766906738,1016596.0,6.00366735458374,0.0,0.0,ARRI11,01-12-2021
9.572267532348633,10.093779563903809,9.42185115814209,10.082894325256348,1529254.0,6.243250370025635,0.0,0.0,ARRI11,01-01-2022
9.945342063903809,9.983936309814453,9.698934555053711,9.943363189697266,844961.0,6.156854629516602,0.0,0.0,ARRI11,01-02-2022
9.943363189697266,9.943363189697266,9.606903076171875,9.796903610229492,831154.0,6.066166877746582,0.0,0.0,ARRI11,01-03-2022
9.697944641113281,9.859882354736328,9.57028865814209,9.840956687927246,901926.0,6.09344482421875,0.0,0.0,ARRI11,01-04-2022
9.612861633300781,9.67660903930664,9.324007987976074,9.58198356628418,655881.0,5.93309211730957,0.127206,0.0,ARRI11,01-05-2022
9.440545082092285,9.785178184509277,9.331975936889648,9.661667823791504,775305.0,6.0607757568359375,0.140125,0.0,ARRI11,01-06-2022
9.481383323669434,9.481383323669434,9.11384105682373,9.153682708740234,576786.0,5.827330112457275,0.117268,0.0,ARRI11,01-07-2022
9.023200988769531,9.562063217163086,8.57597541809082,9.352892875671387,1012629.0,6.02730655670166,0.130187,10.0,ARRI11,01-08-2022
9.233366966247559,9.243328094482422,8.815027236938477,8.964433670043945,710329.0,5.860319137573242,0.109318,0.0,ARRI11,01-09-2022
8.83494758605957,9.442537307739258,8.675580024719238,9.36285400390625,968978.0,6.193164825439453,0.139132,0.0,ARRI11,01-10-2022
9.233366966247559,9.253288269042969,8.87479019165039,9.11384105682373,687065.0,6.123493194580078,0.109318,0.0,ARRI11,01-11-2022
8.914631843566895,9.36285400390625,8.864829063415527,9.253288269042969,710428.0,6.290633678436279,0.129194,0.0,ARRI11,01-12-2022
9.123802185058594,9.449999809265137,8.994316101074219,9.420000076293945,850400.0,6.496054172515869,0.129194,0.0,ARRI11,01-01-2023
9.359999656677246,9.390000343322754,9.149999618530273,9.300000190734863,676627.0,6.5041117668151855,0.129706,0.0,ARRI11,01-02-2023
9.010000228881836,9.149999618530273,8.199999809265137,8.850000381469727,1161838.0,6.275811672210693,0.069842,0.0,ARRI11,01-03-2023
8.829999923706055,8.829999923706055,8.0,8.279999732971191,695649.0,5.916033744812012,0.109851,0.0,ARRI11,01-04-2023
8.279999732971191,8.779999732971191,8.140000343322754,8.75,602762.0,6.330423355102539,0.109751,0.0,ARRI11,01-05-2023
8.640000343322754,8.989999771118164,8.420000076293945,8.930000305175781,649719.0,6.547435283660889,0.109751,0.0,ARRI11,01-06-2023
8.850000381469727,9.279999732971191,8.710000038146973,9.279999732971191,531291.0,6.8904805183410645,0.109751,0.0,ARRI11,01-07-2023
9.0,9.170000076293945,8.720000267028809,8.880000114440918,726333.0,6.675520420074463,0.099774,0.0,ARRI11,01-08-2023
8.779999732971191,9.0,8.59000015258789,8.90999984741211,694071.0,6.77086877822876,0.099774,0.0,ARRI11,01-09-2023
8.84000015258789,8.989999771118164,8.619999885559082,8.880000114440918,466924.0,6.824754238128662,0.099774,0.0,ARRI11,01-10-2023
8.779999732971191,9.140000343322754,8.640000343322754,9.0600004196167,708301.0,7.041949272155762,0.089797,0.0,ARRI11,01-11-2023
8.949999809265137,9.149999618530273,8.8100004196167,9.079999923706055,489039.0,7.12959098815918,0.099774,0.0,ARRI11,01-12-2023
9.079999923706055,9.149999618530273,8.890000343322754,9.109999656677246,684178.0,7.232796669006348,0.099774,0.0,ARRI11,01-01-2024
8.899999618530273,9.300000190734863,8.859999656677246,9.270000457763672,795068.0,7.441598892211914,0.099774,0.0,ARRI11,01-02-2024
9.1899995803833,9.300000190734863,8.979999542236328,9.300000190734863,658277.0,7.548352241516113,0.099939,0.0,ARRI11,01-03-2024
9.1899995803833,9.220000267028809,9.069999694824219,9.210000038146973,831977.0,7.556772708892822,0.099939,0.0,ARRI11,01-04-2024
9.140000343322754,9.149999618530273,9.010000228881836,9.08446979522705,996513.0,7.534744739532471,0.099939,0.0,ARRI11,01-05-2024
8.974536895751953,9.180000305175781,8.934560775756836,9.180000305175781,962745.0,7.697506904602051,0.104936,0.0,ARRI11,01-06-2024
9.069999694824219,9.180000305175781,8.880000114440918,9.170000076293945,1014962.0,7.778977870941162,0.105,0.0,ARRI11,01-07-2024
9.100000381469727,9.100000381469727,8.949999809265137,9.069999694824219,779695.0,7.783169269561768,0.1,0.0,ARRI11,01-08-2024
9.020000457763672,9.050000190734863,8.520000457763672,8.829999923706055,916449.0,7.660762786865234,0.1,0.0,ARRI11,01-09-2024
8.649999618530273,8.890000343322754,8.300000190734863,8.460000038146973,1596695.0,7.421581268310547,0.0,0.0,ARRI11,01-10-2024
8.289999961853027,8.75,8.289999961853027,8.6899995803833,1464355.0,7.623350143432617,0.09,0.0,ARRI11,01-11-2024
8.579999923706055,8.579999923706055,7.090000152587891,8.180000305175781,1407026.0,7.253109931945801,0.09,0.0,ARRI11,01-12-2024
8.029999732971191,8.050000190734863,7.320000171661377,7.610000133514404,1660029.0,6.818314075469971,0.09,0.0,ARRI11,01-01-2025
7.519999980926514,7.929999828338623,7.179999828338623,7.929999828338623,1109353.0,7.184064865112305,0.09,0.0,ARRI11,01-02-2025
7.929999828338623,7.929999828338623,7.340000152587891,7.630000114440918,524361.0,6.995012283325195,0.09,0.0,ARRI11,01-03-2025
7.480000019073486,7.550000190734863,7.199999809265137,7.489999771118164,636693.0,6.945488929748535,0.09,0.0,ARRI11,01-04-2025
7.429999828338623,7.460000038146973,7.300000190734863,7.349999904632568,488416.0,6.8970208168029785,0.09,0.0,ARRI11,01-05-2025
7.260000228881836,7.349999904632568,6.989999771118164,7.139999866485596,659448.0,6.781449317932129,0.09,0.0,ARRI11,01-06-2025
7.059999942779541,7.110000133514404,6.650000095367432,6.940000057220459,704397.0,6.673205375671387,0.09,0.0,ARRI11,01-07-2025
6.880000114440918,6.900000095367432,6.610000133514404,6.730000019073486,470756.0,6.553890228271484,0.09,0.0,ARRI11,01-08-2025
6.690000057220459,6.71999979019165,6.480000019073486,6.559999942779541,434159.0,6.472273349761963,0.09,0.0,ARRI11,01-09-2025
0.0,0.0,0.0,6.559999942779541,0.0,6.559999942779541,0.0,0.0,ARRI11,15-09-2025
126.19999694824219,129.10000610351562,120.01000213623047,123.44999694824219,310509.0,89.96112060546875,0.0,,BRCO11,01-10-2020
123.44999694824219,125.0,117.0,120.22000122070312,300040.0,87.60736083984375,0.0,,BRCO11,01-11-2020
120.2300033569336,121.98999786376953,110.01000213623047,115.5,449961.0,84.16780090332031,0.0,,BRCO11,01-12-2020
115.5,117.12000274658203,113.19999694824219,113.9000015258789,450998.0,83.00181579589844,0.0,,BRCO11,01-01-2021
113.80999755859375,114.83999633789062,111.12000274658203,112.30000305175781,414392.0,81.83586120605469,0.0,,BRCO11,01-02-2021
111.9000015258789,112.66999816894531,108.93000030517578,111.5,717274.0,81.25288391113281,0.0,,BRCO11,01-03-2021
111.4000015258789,113.13999938964844,108.4000015258789,110.79000091552734,460680.0,80.7354736328125,0.0,,BRCO11,01-04-2021
110.68000030517578,112.19999694824219,105.0,109.30000305175781,523142.0,79.64968872070312,0.0,,BRCO11,01-05-2021
109.27999877929688,114.5,94.2300033569336,100.23999786376953,1110888.0,73.04742431640625,0.0,,BRCO11,01-06-2021
101.66999816894531,109.27999877929688,100.41999816894531,106.52999877929688,600916.0,77.63111114501953,0.0,,BRCO11,01-07-2021
106.98999786376953,107.0,98.36000061035156,102.0,600745.0,74.3299789428711,0.0,,BRCO11,01-08-2021
102.1500015258789,102.80000305175781,98.05000305175781,98.44999694824219,577821.0,71.74299621582031,0.0,,BRCO11,01-09-2021
98.27999877929688,101.58999633789062,94.55000305175781,95.75,633969.0,69.77543640136719,0.0,,BRCO11,01-10-2021
95.20999908447266,95.80000305175781,83.5,86.0,666070.0,62.67041015625,0.0,,BRCO11,01-11-2021
85.44999694824219,104.44999694824219,85.0999984741211,103.3499984741211,584453.0,75.31377410888672,0.0,,BRCO11,01-12-2021
103.06999969482422,106.76000213623047,95.47000122070312,98.0199966430664,836772.0,71.42964935302734,0.0,,BRCO11,01-01-2022
97.69999694824219,108.08000183105469,97.22000122070312,100.0,564158.0,72.87250518798828,0.0,,BRCO11,01-02-2022
100.0,100.9800033569336,95.0199966430664,99.25,537011.0,72.32598876953125,0.0,,BRCO11,01-03-2022
99.26000213623047,101.87999725341797,98.05000305175781,101.37000274658203,549591.0,73.8708724975586,0.629828,,BRCO11,01-04-2022
101.30000305175781,101.5,97.0,99.86000061035156,499885.0,73.23527526855469,0.629828,,BRCO11,01-05-2022
99.5999984741211,100.29000091552734,97.70999908447266,98.54000091552734,473041.0,72.71900177001953,0.649822,,BRCO11,01-06-2022
98.16999816894531,100.0,96.52999877929688,99.98999786376953,514537.0,74.27237701416016,0.769789,,BRCO11,01-07-2022
99.69999694824219,109.9000015258789,98.30000305175781,109.0,780426.0,81.60247039794922,0.649822,,BRCO11,01-08-2022
109.0,111.29000091552734,107.01000213623047,108.5,681490.0,81.75946807861328,0.699809,,BRCO11,01-09-2022
108.20999908447266,114.33999633789062,108.18000030517578,109.6500015258789,687744.0,83.15995788574219,0.699809,,BRCO11,01-10-2022
109.73999786376953,111.9800033569336,99.0199966430664,99.66000366210938,665142.0,76.07410430908203,0.699809,,BRCO11,01-11-2022
99.26000213623047,103.9800033569336,93.3499984741211,98.31999969482422,601302.0,75.53328704833984,0.699809,,BRCO11,01-12-2022
98.0,100.25,93.80999755859375,96.19999694824219,668964.0,74.42723846435547,0.649822,,BRCO11,01-01-2023
96.19999694824219,97.9000015258789,92.3499984741211,93.26000213623047,443483.0,72.63273620605469,0.61983,,BRCO11,01-02-2023
92.58000183105469,96.69999694824219,90.0,93.2300033569336,507266.0,73.08020782470703,0.61983,,BRCO11,01-03-2023
92.77999877929688,103.48999786376953,92.61000061035156,102.33999633789062,489523.0,80.75798797607422,0.61983,,BRCO11,01-04-2023
102.33999633789062,114.3499984741211,99.0,113.0,767364.0,89.76676177978516,0.61983,,BRCO11,01-05-2023
112.8499984741211,118.38999938964844,109.19999694824219,116.56999969482422,855609.0,93.7369384765625,0.61983,,BRCO11,01-06-2023
116.5999984741211,121.77999877929688,115.80999755859375,120.63999938964844,616257.0,97.65770721435547,0.749795,,BRCO11,01-07-2023
119.69999694824219,127.73999786376953,118.81999969482422,125.72000122070312,615222.0,102.53501892089844,0.869762,,BRCO11,01-08-2023
124.9000015258789,128.99000549316406,121.62000274658203,124.4800033569336,519479.0,102.26094818115234,0.869762,,BRCO11,01-09-2023
123.01000213623047,125.30000305175781,122.01000213623047,122.0999984741211,388176.0,101.0045394897461,0.869762,,BRCO11,01-10-2023
121.19999694824219,123.87999725341797,115.51000213623047,118.5,484261.0,98.71626281738281,0.869762,,BRCO11,01-11-2023
117.5999984741211,125.0,116.5,123.38999938964844,650044.0,103.55294036865234,0.899754,,BRCO11,01-12-2023
123.38999938964844,127.58999633789062,121.19000244140625,123.47000122070312,466292.0,104.45726013183594,0.94974,,BRCO11,01-01-2024
122.0,126.9000015258789,120.05000305175781,122.9000015258789,553701.0,104.8157958984375,0.989729,,BRCO11,01-02-2024
122.0999984741211,124.0,121.0,122.62999725341797,475996.0,105.32746124267578,0.869762,,BRCO11,01-03-2024
122.5999984741211,122.62999725341797,118.11000061035156,119.79000091552734,460895.0,103.62149047851562,0.869762,,BRCO11,01-04-2024
119.48999786376953,120.30000305175781,116.0,116.3499984741211,381401.0,101.36495208740234,0.87,,BRCO11,01-05-2024
115.55000305175781,115.77999877929688,109.01000213623047,113.52999877929688,717222.0,99.63172912597656,0.87,,BRCO11,01-06-2024
112.94000244140625,118.4800033569336,108.4000015258789,116.95999908447266,700004.0,103.4151382446289,0.87,,BRCO11,01-07-2024
116.08999633789062,118.31999969482422,110.05999755859375,115.11000061035156,558701.0,102.56534576416016,0.87,,BRCO11,01-08-2024
114.75,114.75,109.55000305175781,111.5999984741211,434920.0,100.18307495117188,0.87,,BRCO11,01-09-2024
110.7300033569336,110.80999755859375,105.37999725341797,107.87999725341797,747712.0,97.58114624023438,0.87,,BRCO11,01-10-2024
107.8499984741211,107.8499984741211,100.06999969482422,100.30000305175781,697365.0,91.43761444091797,0.87,,BRCO11,01-11-2024
99.43000030517578,104.0,93.47000122070312,101.98999786376953,920699.0,93.73419952392578,0.87,,BRCO11,01-12-2024
101.98999786376953,102.9000015258789,92.98999786376953,95.23999786376953,733395.0,88.29646301269531,0.87,,BRCO11,01-01-2025
95.19999694824219,103.55999755859375,93.51000213623047,101.1500015258789,603831.0,94.58240509033203,0.87,,BRCO11,01-02-2025
101.1500015258789,106.75,99.33999633789062,106.4800033569336,464231.0,100.4842529296875,0.87,,BRCO11,01-03-2025
104.3499984741211,114.18000030517578,100.7699966430664,112.80000305175781,568392.0,107.37188720703125,0.87,,BRCO11,01-04-2025
111.30999755859375,111.73999786376953,108.0,109.30000305175781,581786.0,104.89739227294922,0.87,,BRCO11,01-05-2025
108.86000061035156,111.13999938964844,106.58999633789062,110.19999694824219,730624.0,106.58318328857422,0.87,,BRCO11,01-06-2025
109.1500015258789,111.80000305175781,106.87999725341797,109.97000122070312,577119.0,107.21412658691406,0.87,,BRCO11,01-07-2025
109.0999984741211,111.69000244140625,105.80000305175781,111.08000183105469,500182.0,109.33810424804688,1.05,,BRCO11,01-08-2025
110.19999694824219,113.80000305175781,109.48999786376953,113.5199966430664,445066.0,112.63088989257812,0.87,,BRCO11,01-09-2025
0.0,113.5199966430664,113.5199966430664,113.5199966430664,0.0,113.5199966430664,0.87,,BRCO11,15-09-2025
98.98999786376953,98.98999786376953,88.12000274658203,92.0,34410.0,49.1488151550293,0.04,,HSAF11,01-10-2020
89.5,93.80000305175781,89.5,91.25,24945.0,48.76788330078125,0.22,,HSAF11,01-11-2020
90.11000061035156,94.5,88.13999938964844,94.4000015258789,40040.0,50.572322845458984,0.4,,HSAF11,01-12-2020
93.47000122070312,95.9000015258789,90.5,94.69999694824219,59240.0,50.95638656616211,0.7,,HSAF11,01-01-2021
94.19999694824219,99.9800033569336,93.0,98.0,53933.0,53.12599182128906,0.8,,HSAF11,01-02-2021
97.79000091552734,101.75,93.66999816894531,99.77999877929688,96510.0,54.551780700683594,1.0,,HSAF11,01-03-2021
98.68000030517578,108.87999725341797,97.0,101.0999984741211,113423.0,55.84328079223633,1.1,,HSAF11,01-04-2021
99.9000015258789,102.19999694824219,98.0,101.91000366210938,159371.0,56.91815948486328,1.1,,HSAF11,01-05-2021
100.0,104.98999786376953,93.62000274658203,100.9800033569336,105134.0,57.01913833618164,1.1,,HSAF11,01-06-2021
99.63999938964844,100.9800033569336,98.12000274658203,99.55000305175781,74348.0,56.825042724609375,1.0,,HSAF11,01-07-2021
99.4800033569336,99.4800033569336,88.22000122070312,92.12999725341797,109888.0,53.115577697753906,0.85,,HSAF11,01-08-2021
90.11000061035156,91.0,86.30000305175781,89.94999694824219,118143.0,52.30534744262695,0.82,,HSAF11,01-09-2021
88.69000244140625,92.0,88.04000091552734,91.30000305175781,109569.0,53.56712341308594,1.0,,HSAF11,01-10-2021
90.62999725341797,92.30000305175781,85.0,89.4000015258789,95610.0,53.04205322265625,1.05,,HSAF11,01-11-2021
88.41000366210938,94.9800033569336,85.68000030517578,94.75,99434.0,56.87031555175781,1.05,,HSAF11,01-12-2021
93.0,94.87999725341797,90.33000183105469,94.86000061035156,85137.0,57.61297607421875,1.0,,HSAF11,01-01-2022
93.69999694824219,95.98999786376953,91.0,95.98999786376953,96590.0,58.92115020751953,1.1,,HSAF11,01-02-2022
94.80000305175781,96.05000305175781,92.0999984741211,95.25,75561.0,59.15286636352539,1.15,,HSAF11,01-03-2022
93.9000015258789,96.4000015258789,93.9000015258789,95.4000015258789,94655.0,59.96440124511719,1.15,,HSAF11,01-04-2022
95.19999694824219,95.55000305175781,92.04000091552734,95.22000122070312,79358.0,60.58272171020508,1.15,,HSAF11,01-05-2022
94.0199966430664,95.69999694824219,91.69999694824219,94.58999633789062,88029.0,60.91619873046875,1.25,,HSAF11,01-06-2022
94.3499984741211,95.05999755859375,91.55000305175781,93.73999786376953,66822.0,61.17183303833008,1.25,,HSAF11,01-07-2022
92.79000091552734,92.79000091552734,86.0199966430664,86.98999786376953,98823.0,57.52720642089844,1.0,,HSAF11,01-08-2022
86.88999938964844,87.94000244140625,83.13999938964844,84.69999694824219,135186.0,56.616790771484375,1.0,,HSAF11,01-09-2022
84.13999938964844,84.97000122070312,83.05000305175781,84.94999694824219,162650.0,57.444252014160156,1.0,,HSAF11,01-10-2022
84.61000061035156,86.58999633789062,82.0,83.52999877929688,114569.0,57.15886688232422,1.0,,HSAF11,01-11-2022
82.0,84.48999786376953,76.51000213623047,78.9000015258789,109165.0,54.63374328613281,0.6,,HSAF11,01-12-2022
79.98999786376953,80.0,77.02999877929688,79.3499984741211,91812.0,55.34285354614258,0.8,,HSAF11,01-01-2023
78.3499984741211,79.55999755859375,75.79000091552734,78.45999908447266,93407.0,55.28265380859375,0.9,,HSAF11,01-02-2023
75.5999984741211,79.80000305175781,75.30999755859375,78.80000305175781,125432.0,56.1591911315918,0.9,,HSAF11,01-03-2023
78.0199966430664,80.63999938964844,75.36000061035156,80.38999938964844,109547.0,57.9571647644043,0.95,,HSAF11,01-04-2023
80.63999938964844,84.5999984741211,78.5999984741211,84.5999984741211,108184.0,61.73664855957031,1.1,,HSAF11,01-05-2023
83.05000305175781,87.3499984741211,82.41999816894531,87.19999694824219,96679.0,64.51680755615234,1.1,,HSAF11,01-06-2023
85.98999786376953,91.0,85.05999755859375,88.94000244140625,116684.0,66.67105865478516,1.1,,HSAF11,01-07-2023
86.77999877929688,89.5,85.80000305175781,85.80000305175781,108253.0,65.13897705078125,0.8,,HSAF11,01-08-2023
84.68000030517578,88.23999786376953,82.12999725341797,85.0999984741211,101626.0,65.19393157958984,0.75,,HSAF11,01-09-2023
83.51000213623047,86.29000091552734,82.05999755859375,82.6500015258789,100105.0,63.87537384033203,0.0,,HSAF11,01-10-2023
82.11000061035156,87.29000091552734,80.16999816894531,84.88999938964844,149973.0,65.60655212402344,0.8,,HSAF11,01-11-2023
84.73999786376953,87.0,82.25,86.58999633789062,98898.0,67.5744400024414,0.8,,HSAF11,01-12-2023
86.5,89.98999786376953,83.61000061035156,89.08000183105469,171986.0,70.17900848388672,0.75,,HSAF11,01-01-2024
88.2699966430664,88.8499984741211,86.19000244140625,87.55999755859375,234142.0,69.58422088623047,0.85,,HSAF11,01-02-2024
86.48999786376953,90.16999816894531,85.91999816894531,90.13999938964844,157690.0,72.32466888427734,0.9,,HSAF11,01-03-2024
89.1500015258789,89.63999938964844,83.16000366210938,85.43000030517578,345176.0,69.2574234008789,1.0,,HSAF11,01-04-2024
84.9000015258789,86.83999633789062,83.0999984741211,85.87000274658203,175292.0,70.39508056640625,1.05,,HSAF11,01-05-2024
85.4000015258789,86.80000305175781,83.30000305175781,86.33999633789062,179246.0,71.6611557006836,1.0,,HSAF11,01-06-2024
84.77999877929688,86.68000030517578,83.04000091552734,84.51000213623047,173985.0,70.96875,0.9,,HSAF11,01-07-2024
83.97000122070312,86.3499984741211,82.41000366210938,84.72000122070312,144628.0,71.89452362060547,0.8,,HSAF11,01-08-2024
84.22000122070312,84.72000122070312,81.0,81.93000030517578,120646.0,70.19134521484375,0.8,,HSAF11,01-09-2024
81.18000030517578,81.77999877929688,76.0,79.4000015258789,165624.0,68.67229461669922,0.8,,HSAF11,01-10-2024
78.27999877929688,81.0,75.41000366210938,76.08000183105469,140928.0,66.44971466064453,0.8,,HSAF11,01-11-2024
74.58999633789062,76.66999816894531,60.5,70.0,208688.0,61.761592864990234,0.8,,HSAF11,01-12-2024
68.80999755859375,78.12999725341797,67.2300033569336,71.1500015258789,118658.0,63.44337463378906,1.2,,HSAF11,01-01-2025
69.88999938964844,80.19000244140625,67.94999694824219,79.25,105556.0,71.89857482910156,0.95,,HSAF11,01-02-2025
78.83000183105469,82.36000061035156,74.4000015258789,80.0199966430664,61613.0,73.57958984375,0.95,,HSAF11,01-03-2025
79.52999877929688,82.19000244140625,76.0999984741211,80.01000213623047,82952.0,74.4630126953125,0.95,,HSAF11,01-04-2025
79.2300033569336,84.0,77.04000091552734,82.44999694824219,98163.0,77.65576934814453,0.95,,HSAF11,01-05-2025
81.4800033569336,83.63999938964844,77.25,79.69999694824219,139849.0,75.96768951416016,0.95,,HSAF11,01-06-2025
78.73999786376953,80.44999694824219,77.0,78.4800033569336,70080.0,75.6767807006836,0.95,,HSAF11,01-07-2025
78.69999694824219,78.98999786376953,76.5,78.33000183105469,56030.0,76.44332122802734,0.95,,HSAF11,01-08-2025
77.9000015258789,79.0,76.43000030517578,78.5,103979.0,77.54793548583984,0.95,,HSAF11,01-09-2025
0.0,0.0,0.0,78.5,0.0,78.5,0.0,,HSAF11,15-09-2025
91.70323181152344,95.4922103881836,86.42858123779297,88.20341491699219,832210.0,62.31666946411133,0.0,,HSML11,01-10-2020
88.20341491699219,95.41244506835938,88.20341491699219,92.43111419677734,767035.0,65.3035659790039,0.0,,HSML11,01-11-2020
92.48097229003906,95.82125854492188,92.13198852539062,94.0165023803711,921878.0,66.42367553710938,0.0,,HSML11,01-12-2020
94.0165023803711,97.70577239990234,93.72734832763672,97.51632690429688,787432.0,68.89633178710938,0.0,,HSML11,01-01-2021
97.49638366699219,97.49638366699219,91.40410614013672,91.75308990478516,633010.0,64.82451629638672,0.0,,HSML11,01-02-2021
91.33430480957031,91.33430480957031,84.2648696899414,87.54532623291016,810703.0,61.85169982910156,0.0,,HSML11,01-03-2021
87.24620056152344,89.67912292480469,85.65084075927734,89.58938598632812,574407.0,63.29585647583008,0.0,,HSML11,01-04-2021
89.73895263671875,92.53083038330078,87.89431762695312,90.82579040527344,703367.0,64.16940307617188,0.0,,HSML11,01-05-2021
90.82579040527344,91.24456787109375,84.02556610107422,89.14068603515625,629500.0,62.978851318359375,0.0,,HSML11,01-06-2021
89.04097747802734,89.61929321289062,83.95577239990234,86.47843170166016,685557.0,61.09791946411133,0.0,,HSML11,01-07-2021
86.13941955566406,86.21918487548828,78.15265655517578,80.75508117675781,547421.0,57.0543327331543,0.0,,HSML11,01-08-2021
80.58557891845703,82.73931121826172,79.13978576660156,79.75798034667969,451614.0,56.34987258911133,0.0,,HSML11,01-09-2021
79.3691177368164,81.19380950927734,75.34083557128906,77.11566925048828,488846.0,54.48305130004883,0.0,,HSML11,01-10-2021
77.10569763183594,77.10569763183594,68.1617202758789,69.89666748046875,525708.0,49.38274002075195,0.0,,HSML11,01-11-2021
69.39811706542969,81.36331176757812,67.78282165527344,81.36331176757812,573323.0,57.48405456542969,0.0,,HSML11,01-12-2021
81.17386627197266,81.26360321044922,74.84228515625,75.91915130615234,497813.0,53.6376838684082,0.0,,HSML11,01-01-2022
75.67984771728516,77.77375793457031,74.80239868164062,76.77665710449219,449171.0,54.24352264404297,0.0,,HSML11,01-02-2022
76.77665710449219,81.33340454101562,71.29261016845703,81.01432800292969,590865.0,57.23748779296875,0.0,,HSML11,01-03-2022
80.40609741210938,83.73641204833984,79.65827178955078,80.51577758789062,501208.0,56.885257720947266,0.59826,,HSML11,01-04-2022
80.76505279541016,81.75218200683594,76.537353515625,80.27647399902344,597630.0,57.13812255859375,0.59826,,HSML11,01-05-2022
79.97734832763672,80.82488250732422,76.77665710449219,77.76378631591797,620499.0,55.76402282714844,0.618202,,HSML11,01-06-2022
77.41480255126953,78.21247863769531,74.98188018798828,78.00308990478516,606535.0,56.36973190307617,0.648115,,HSML11,01-07-2022
77.66407775878906,91.55367279052734,76.78662872314453,91.1348876953125,940245.0,66.41307830810547,0.648115,,HSML11,01-08-2022
90.82579040527344,94.68456268310547,88.33303833007812,93.97662353515625,591456.0,69.0577163696289,0.668057,,HSML11,01-09-2022
92.610595703125,94.47517395019531,89.73895263671875,90.73604583740234,558313.0,67.16878509521484,0.678028,,HSML11,01-10-2022
90.73604583740234,90.88561248779297,80.76505279541016,81.26360321044922,543786.0,60.593841552734375,0.678028,,HSML11,01-11-2022
80.76505279541016,82.6595458984375,76.76668548583984,81.60261535644531,556343.0,61.30472946166992,0.678028,,HSML11,01-12-2022
81.26360321044922,81.36331176757812,73.775390625,79.76795196533203,710471.0,60.43062973022461,0.69797,,HSML11,01-01-2023
78.91044616699219,80.74510955810547,76.39775848388672,78.56146240234375,416507.0,60.030067443847656,0.69797,,HSML11,01-02-2023
78.29224395751953,80.19670867919922,76.1983413696289,79.4189682006836,654999.0,61.22099685668945,0.737854,,HSML11,01-03-2023
78.87056732177734,85.15229034423828,78.15265655517578,85.04261016845703,556762.0,66.1775894165039,0.737854,,HSML11,01-04-2023
85.04261016845703,87.95413970947266,83.6267318725586,87.73477935791016,724114.0,68.91278076171875,0.737854,,HSML11,01-05-2023
86.9969253540039,93.69743347167969,86.40863800048828,93.32850646972656,628188.0,73.94805908203125,0.737854,,HSML11,01-06-2023
93.41824340820312,94.67459106445312,90.75598907470703,94.22589874267578,752791.0,75.29232788085938,0.737854,,HSML11,01-07-2023
93.21882629394531,97.1872787475586,92.95957946777344,96.2200927734375,748139.0,77.49849700927734,0.737854,,HSML11,01-08-2023
95.45233154296875,95.47227478027344,91.52375793457031,93.54786682128906,581349.0,75.94088745117188,0.737854,,HSML11,01-09-2023
93.20885467529297,93.20885467529297,90.94544219970703,91.41407775878906,490144.0,74.78216552734375,0.737854,,HSML11,01-10-2023
90.86566925048828,94.92386627197266,90.23749542236328,93.22879791259766,424186.0,76.87303924560547,0.737854,,HSML11,01-11-2023
92.4909439086914,99.50054931640625,90.73604583740234,96.46936798095703,589175.0,80.19236755371094,0.737854,,HSML11,01-12-2023
96.46936798095703,96.9800033569336,94.51000213623047,96.68000030517578,803931.0,81.00860595703125,0.757796,,HSML11,01-01-2024
96.0999984741211,97.69999694824219,95.4000015258789,96.94000244140625,933933.0,81.86955261230469,0.76,,HSML11,01-02-2024
96.5,99.22000122070312,95.87000274658203,98.0,1324884.0,83.4205551147461,0.8,,HSML11,01-03-2024
97.19999694824219,98.48999786376953,94.23999786376953,96.75,1210912.0,83.04179382324219,0.8,,HSML11,01-04-2024
95.97000122070312,98.0,95.33999633789062,96.75,817210.0,83.72527313232422,0.8,,HSML11,01-05-2024
95.94999694824219,97.76000213623047,92.61000061035156,97.3499984741211,965715.0,84.9468994140625,0.8,,HSML11,01-06-2024
96.69999694824219,98.58000183105469,90.5999984741211,96.87999725341797,936544.0,85.24163055419922,0.8,,HSML11,01-07-2024
96.19000244140625,97.4800033569336,93.83999633789062,96.55000305175781,653541.0,85.65516662597656,0.8,,HSML11,01-08-2024
95.73999786376953,96.27999877929688,89.52999877929688,92.38999938964844,714590.0,82.64705657958984,0.8,,HSML11,01-09-2024
91.5999984741211,92.12999725341797,84.5199966430664,87.16000366210938,915464.0,78.62003326416016,0.8,,HSML11,01-10-2024
86.36000061035156,87.95999908447266,82.3499984741211,82.80000305175781,882712.0,75.33956909179688,0.8,,HSML11,01-11-2024
82.69000244140625,82.97000122070312,69.01000213623047,72.91000366210938,1617305.0,66.95523834228516,0.8,,HSML11,01-12-2024
72.91000366210938,75.68000030517578,70.22000122070312,73.27999877929688,1103869.0,67.9515380859375,0.8,,HSML11,01-01-2025
71.01000213623047,78.30999755859375,70.69999694824219,76.69999694824219,810666.0,71.91191101074219,0.65,,HSML11,01-02-2025
76.69999694824219,84.36000061035156,75.11000061035156,83.94999694824219,589494.0,79.41373443603516,0.65,,HSML11,01-03-2025
83.68000030517578,86.38999938964844,78.6500015258789,85.86000061035156,507792.0,81.91472625732422,0.65,,HSML11,01-04-2025
85.69000244140625,86.66000366210938,82.69999694824219,85.98999786376953,489111.0,82.67889404296875,0.65,,HSML11,01-05-2025
85.33999633789062,86.19999694824219,82.75,85.30999755859375,602922.0,82.65078735351562,0.65,,HSML11,01-06-2025
84.66000366210938,85.8499984741211,78.86000061035156,79.5999984741211,608404.0,77.70616149902344,0.65,,HSML11,01-07-2025
80.6500015258789,83.5,78.37000274658203,83.0,824370.0,81.64735412597656,0.66,,HSML11,01-08-2025
82.6500015258789,85.44999694824219,80.52999877929688,84.75,745373.0,84.06587219238281,0.67,,HSML11,01-09-2025
0.0,0.0,0.0,84.75,0.0,84.75,0.0,,HSML11,15-09-2025
122.82181549072266,128.98287963867188,118.82760620117188,119.1771011352539,749355.0,87.39128875732422,0.0,,LVBI11,01-10-2020
119.1771011352539,121.12427520751953,113.33557891845703,116.63079833984375,539628.0,85.52407836914062,0.0,,LVBI11,01-11-2020
116.63079833984375,119.69635009765625,108.39274597167969,119.69635009765625,445227.0,87.77201843261719,0.0,,LVBI11,01-12-2020
119.69635009765625,119.69635009765625,114.93325805664062,117.3497543334961,435404.0,86.05128479003906,0.0,,LVBI11,01-01-2021
117.33976745605469,118.82760620117188,114.61372375488281,117.82905578613281,420577.0,86.40277099609375,0.0,,LVBI11,01-02-2021
117.23991394042969,117.90894317626953,108.86206817626953,113.83485412597656,626412.0,83.47386932373047,0.0,,LVBI11,01-03-2021
112.7763900756836,112.7763900756836,105.08753967285156,111.677978515625,578848.0,81.89224243164062,0.0,,LVBI11,01-04-2021
111.4882583618164,111.98753356933594,103.86930847167969,105.2972412109375,476554.0,77.21333312988281,0.0,,LVBI11,01-05-2021
104.47842407226562,115.77204132080078,101.86222076416016,105.7565689086914,598946.0,77.55016326904297,0.0,,LVBI11,01-06-2021
105.74658966064453,107.84354400634766,100.85368347167969,104.84789276123047,473132.0,76.88380432128906,0.0,,LVBI11,01-07-2021
104.0790023803711,105.2972412109375,99.08625030517578,101.48277282714844,483120.0,74.41621398925781,0.0,,LVBI11,01-08-2021
100.85368347167969,104.32864379882812,100.65397644042969,101.33299255371094,396696.0,74.306396484375,0.0,,LVBI11,01-09-2021
101.09333801269531,102.04196166992188,96.4600601196289,97.8580322265625,405695.0,71.75823974609375,0.0,,LVBI11,01-10-2021
98.28740692138672,99.84514617919922,84.89683532714844,86.80406951904297,567845.0,63.652469635009766,0.0,,LVBI11,01-11-2021
86.12505340576172,102.96062469482422,86.12505340576172,102.94065856933594,556620.0,75.48524475097656,0.0,,LVBI11,01-12-2021
102.2217025756836,105.6067886352539,99.38581085205078,99.63545227050781,506957.0,73.06157684326172,0.0,,LVBI11,01-01-2022
99.1561508178711,102.75093078613281,96.33024597167969,98.63690185546875,417346.0,72.32936096191406,0.0,,LVBI11,01-02-2022
98.63690185546875,101.30303192138672,95.90087127685547,100.02488708496094,514728.0,73.34715270996094,0.0,,LVBI11,01-03-2022
99.84514617919922,100.85368347167969,98.45716094970703,99.5655517578125,489622.0,73.01033020019531,0.0,,LVBI11,01-04-2022
99.22604370117188,102.5711898803711,96.16049194335938,102.05194854736328,438764.0,74.83360290527344,0.737879,,LVBI11,01-05-2022
101.32300567626953,102.25165557861328,97.25890350341797,98.32734680175781,437615.0,72.64070129394531,0.737879,,LVBI11,01-06-2022
97.55846405029297,102.05194854736328,95.86093139648438,99.83515930175781,407885.0,74.29178619384766,0.737879,,LVBI11,01-07-2022
99.3059310913086,113.83485412597656,97.72821807861328,113.27566528320312,459133.0,84.93081665039062,0.737879,,LVBI11,01-08-2022
112.43688201904297,116.48101043701172,108.84209442138672,115.83195495605469,444518.0,87.49413299560547,0.74785,,LVBI11,01-09-2022
113.44541931152344,119.77622985839844,109.41127014160156,110.63948822021484,458319.0,84.12738800048828,0.74785,,LVBI11,01-10-2022
110.83919525146484,111.23861694335938,99.89507293701172,102.60115051269531,390093.0,78.52217102050781,0.74785,,LVBI11,01-11-2022
101.1732177734375,105.89636993408203,96.47004699707031,102.88074493408203,426368.0,79.27202606201172,0.74785,,LVBI11,01-12-2022
102.83081817626953,102.85078430175781,92.36599731445312,96.7596206665039,571443.0,75.10296630859375,0.74785,,LVBI11,01-01-2023
95.62127685546875,99.415771484375,92.06643676757812,94.20333099365234,326562.0,73.65420532226562,0.74785,,LVBI11,01-02-2023
93.56426239013672,97.26888275146484,91.36744689941406,94.62272644042969,420894.0,74.55838775634766,0.717936,,LVBI11,01-03-2023
94.25325775146484,102.7908706665039,92.59566497802734,102.2217025756836,247209.0,81.16459655761719,0.74785,,LVBI11,01-04-2023
102.2217025756836,107.24441528320312,98.41722106933594,105.646728515625,588625.0,84.55235290527344,0.757822,,LVBI11,01-05-2023
104.88783264160156,121.21414947509766,104.88783264160156,117.4595947265625,469115.0,94.70867156982422,0.757822,,LVBI11,01-06-2023
116.63079833984375,118.52804565429688,113.83485412597656,117.22992706298828,329354.0,95.20642852783203,0.777764,,LVBI11,01-07-2023
116.43108367919922,119.60647583007812,113.0360107421875,116.53093719482422,552285.0,95.2695541381836,0.787736,,LVBI11,01-08-2023
115.82196807861328,119.48999786376953,115.78202819824219,118.69000244140625,440519.0,97.69114685058594,0.787736,,LVBI11,01-09-2023
117.88999938964844,122.0,114.36000061035156,117.29000091552734,554746.0,97.19586944580078,0.788878,,LVBI11,01-10-2023
116.41999816894531,119.0,112.80000305175781,113.54000091552734,682331.0,94.71786499023438,0.868765,,LVBI11,01-11-2023
112.69999694824219,119.79000091552734,111.12000274658203,117.87000274658203,964232.0,99.06383514404297,0.898722,,LVBI11,01-12-2023
117.87000274658203,119.9800033569336,116.97000122070312,118.93000030517578,692927.0,100.75220489501953,0.898722,,LVBI11,01-01-2024
117.87000274658203,119.44999694824219,116.33000183105469,117.8499984741211,674492.0,100.60435485839844,1.048509,,LVBI11,01-02-2024
117.1034927368164,119.31999969482422,115.94999694824219,119.19999694824219,775520.0,102.6618881225586,0.898722,,LVBI11,01-03-2024
118.30000305175781,119.87999725341797,113.26000213623047,115.83000183105469,676682.0,100.52606964111328,0.9,,LVBI11,01-04-2024
115.0,117.79000091552734,113.97000122070312,116.0999984741211,598963.0,101.52693939208984,0.9,,LVBI11,01-05-2024
115.41999816894531,118.4000015258789,109.0,111.62000274658203,870526.0,98.3736572265625,0.9,,LVBI11,01-06-2024
110.72000122070312,117.73999786376953,104.48999786376953,115.29000091552734,985541.0,102.40192413330078,0.9,,LVBI11,01-07-2024
115.29000091552734,115.68000030517578,109.7300033569336,111.58999633789062,948726.0,99.92122650146484,0.9,,LVBI11,01-08-2024
109.44000244140625,111.91000366210938,107.0,108.19999694824219,835759.0,97.64799499511719,0.9,,LVBI11,01-09-2024
106.88999938964844,109.0,100.02999877929688,103.0,926000.0,93.71089935302734,0.83,,LVBI11,01-10-2024
101.9000015258789,103.02999877929688,96.19999694824219,97.52999877929688,711868.0,89.42015838623047,0.83,,LVBI11,01-11-2024
97.0,98.5,88.0,97.11000061035156,844336.0,89.75838470458984,0.83,,LVBI11,01-12-2024
96.0999984741211,98.87000274658203,88.4000015258789,91.7699966430664,790742.0,85.55069732666016,0.83,,LVBI11,01-01-2025
90.91999816894531,100.36000061035156,88.0,97.45999908447266,762397.0,91.63831329345703,0.83,,LVBI11,01-02-2025
97.45999908447266,105.88999938964844,95.05000305175781,104.4000015258789,463327.0,99.0596923828125,0.83,,LVBI11,01-03-2025
101.58999633789062,103.25,95.05999755859375,102.83999633789062,465066.0,98.41764831542969,0.75,,LVBI11,01-04-2025
102.83999633789062,103.5,99.30999755859375,101.58000183105469,488620.0,97.91524505615234,0.75,,LVBI11,01-05-2025
101.2300033569336,103.86000061035156,99.0199966430664,102.8499984741211,510359.0,99.86775207519531,0.75,,LVBI11,01-06-2025
101.98999786376953,110.4000015258789,99.33000183105469,102.22000122070312,647791.0,99.99430847167969,0.75,,LVBI11,01-07-2025
102.47000122070312,104.79000091552734,100.05999755859375,102.68000030517578,571662.0,101.18212890625,0.75,,LVBI11,01-08-2025
102.9800033569336,107.37999725341797,102.01000213623047,107.0,538917.0,106.21844482421875,0.75,,LVBI11,01-09-2025
0.0,0.0,0.0,107.0,0.0,107.0,0.0,,LVBI11,15-09-2025
9.98900032043457,10.085000038146973,9.920000076293945,9.994000434875488,767020.0,6.152541637420654,0.0,0.0,PORD11,01-10-2020
9.994000434875488,10.34000015258789,9.939000129699707,10.300000190734863,822640.0,6.340917110443115,0.0,0.0,PORD11,01-11-2020
10.199000358581543,10.4399995803833,10.00100040435791,10.439000129699707,957790.0,6.4264912605285645,0.0,0.0,PORD11,01-12-2020
10.439000129699707,10.498000144958496,10.21500015258789,10.347000122070312,952690.0,6.369852542877197,0.0,0.0,PORD11,01-01-2021
10.260000228881836,10.439000129699707,10.192000389099121,10.350000381469727,652760.0,6.371698379516602,0.0,0.0,PORD11,01-02-2021
10.298999786376953,10.559000015258789,10.182000160217285,10.460000038146973,485270.0,6.439418315887451,0.0,0.0,PORD11,01-03-2021
10.333999633789062,10.477999687194824,10.201000213623047,10.350000381469727,535330.0,6.371698379516602,0.0,0.0,PORD11,01-04-2021
10.199999809265137,10.397000312805176,10.081999778747559,10.300000190734863,595070.0,6.340917110443115,0.0,0.0,PORD11,01-05-2021
10.199000358581543,10.399999618530273,9.869000434875488,10.25,948900.0,6.310137748718262,0.0,0.0,PORD11,01-06-2021
10.140000343322754,10.140000343322754,9.755999565124512,9.95199966430664,2133510.0,6.126683712005615,0.0,0.0,PORD11,01-07-2021
9.899999618530273,9.982000350952148,9.300999641418457,9.560999870300293,2268290.0,5.885972499847412,0.0,0.0,PORD11,01-08-2021
9.449999809265137,9.800999641418457,9.302000045776367,9.574000358581543,1124110.0,5.893977642059326,0.0,0.0,PORD11,01-09-2021
9.482000350952148,9.685999870300293,9.331000328063965,9.399999618530273,1185890.0,5.786859512329102,0.0,0.0,PORD11,01-10-2021
9.300000190734863,9.387999534606934,8.72700023651123,9.131999969482422,1547470.0,5.621871471405029,0.0,0.0,PORD11,01-11-2021
9.100000381469727,9.614999771118164,8.833999633789062,9.600000381469727,1474060.0,5.909982681274414,0.0,0.0,PORD11,01-12-2021
9.470000267028809,9.593999862670898,9.302000045776367,9.446999549865723,1537210.0,5.815792560577393,0.0,0.0,PORD11,01-01-2022
9.315999984741211,9.494999885559082,9.149999618530273,9.418999671936035,1835230.0,5.798556804656982,0.0,0.0,PORD11,01-02-2022
9.418999671936035,9.607999801635742,9.131999969482422,9.486000061035156,2691690.0,5.8398003578186035,0.0,0.0,PORD11,01-03-2022
9.373000144958496,9.510000228881836,9.161999702453613,9.472999572753906,2207000.0,5.831798553466797,0.122,0.0,PORD11,01-04-2022
9.36299991607666,9.680000305175781,9.170999526977539,9.652000427246094,1848460.0,6.019412517547607,0.141,0.0,PORD11,01-05-2022
9.5,9.814000129699707,9.359999656677246,9.746999740600586,1858870.0,6.170500755310059,0.151,0.0,PORD11,01-06-2022
9.588000297546387,9.859999656677246,9.345000267028809,9.859999656677246,1885370.0,6.341241359710693,0.172,0.0,PORD11,01-07-2022
9.604999542236328,9.789999961853027,9.531999588012695,9.649999618530273,2191760.0,6.317672252655029,0.15,0.0,PORD11,01-08-2022
9.529999732971191,9.720999717712402,9.420999526977539,9.699999809265137,1338250.0,6.4485063552856445,0.115,0.0,PORD11,01-09-2022
9.588000297546387,9.699999809265137,9.461000442504883,9.571000099182129,1466010.0,6.439488410949707,0.11,0.0,PORD11,01-10-2022
9.479999542236328,9.520000457763672,9.008999824523926,9.11400032043457,1643230.0,6.2023491859436035,0.09,0.0,PORD11,01-11-2022
9.0,9.248000144958496,8.899999618530273,9.083999633789062,1298330.0,6.240614891052246,0.09,0.0,PORD11,01-12-2022
9.013999938964844,9.291999816894531,8.902000427246094,9.140000343322754,1267620.0,6.341710567474365,0.091,0.0,PORD11,01-01-2023
8.968999862670898,9.0,8.720999717712402,8.788999557495117,1489560.0,6.1598801612854,0.112,0.0,PORD11,01-02-2023
8.666000366210938,8.699000358581543,8.222000122070312,8.420000076293945,1812070.0,5.974470615386963,0.105,0.0,PORD11,01-03-2023
8.329000473022461,8.437999725341797,8.026000022888184,8.32699966430664,1220530.0,5.97992467880249,0.1,0.0,PORD11,01-04-2023
8.32699966430664,8.888999938964844,8.102999687194824,8.60200023651123,2468670.0,6.251659393310547,0.1,0.0,PORD11,01-05-2023
8.5,9.189000129699707,8.456000328063965,8.972000122070312,1452940.0,6.5998215675354,0.105,0.0,PORD11,01-06-2023
8.859999656677246,9.13700008392334,8.75,9.133999824523926,1894410.0,6.802017688751221,0.108,0.0,PORD11,01-07-2023
8.982000350952148,9.09000015258789,8.904000282287598,9.09000015258789,1659440.0,6.851729869842529,0.1,0.0,PORD11,01-08-2023
8.984999656677246,9.100000381469727,8.751999855041504,9.100000381469727,1208700.0,6.935193061828613,0.103,0.0,PORD11,01-09-2023
8.98799991607666,9.071999549865723,8.815999984741211,8.965999603271484,1309660.0,6.9113850593566895,0.1,0.0,PORD11,01-10-2023
8.899999618530273,9.02400016784668,8.550000190734863,8.8149995803833,1870420.0,6.870486259460449,0.103,0.0,PORD11,01-11-2023
8.696999549865723,9.081999778747559,8.649999618530273,9.081999778747559,1739600.0,7.160852909088135,0.098,0.0,PORD11,01-12-2023
9.081999778747559,9.267000198364258,8.960000038146973,9.206999778747559,1191180.0,7.341022968292236,0.101,0.0,PORD11,01-01-2024
9.107999801635742,9.274999618530273,8.996999740600586,9.22700023651123,1113790.0,7.439707279205322,0.099,0.0,PORD11,01-02-2024
9.135000228881836,9.270000457763672,8.960000038146973,9.255000114440918,1186720.0,7.543394088745117,0.093,0.0,PORD11,01-03-2024
9.149999618530273,9.5,9.029999732971191,9.300000190734863,1282998.0,7.657252788543701,0.093,10.0,PORD11,01-04-2024
9.300000190734863,9.350000381469727,8.800000190734863,9.210000038146973,1440980.0,7.660120964050293,0.094,0.0,PORD11,01-05-2024
9.0600004196167,9.210000038146973,8.880000114440918,9.079999923706055,988418.0,7.629109859466553,0.091,0.0,PORD11,01-06-2024
9.09000015258789,9.210000038146973,8.899999618530273,9.140000343322754,1172776.0,7.756158351898193,0.091,0.0,PORD11,01-07-2024
9.050000190734863,9.119999885559082,8.760000228881836,8.819999694824219,1816275.0,7.560377597808838,0.089,0.0,PORD11,01-08-2024
8.789999961853027,8.819999694824219,8.40999984741211,8.710000038146973,1437598.0,7.5395026206970215,0.089,0.0,PORD11,01-09-2024
8.600000381469727,8.65999984741211,7.869999885559082,8.109999656677246,1565893.0,7.09169340133667,0.089,0.0,PORD11,01-10-2024
8.109999656677246,8.350000381469727,7.760000228881836,7.940000057220459,1454341.0,7.0147175788879395,0.091,0.0,PORD11,01-11-2024
8.0,8.119999885559082,6.760000228881836,7.849999904632568,1761559.0,7.013906002044678,0.089,0.0,PORD11,01-12-2024
7.809999942779541,7.820000171661377,6.929999828338623,7.460000038146973,1793392.0,6.741004943847656,0.089,0.0,PORD11,01-01-2025
7.460000038146973,7.900000095367432,7.269999980926514,7.789999961853027,1169019.0,7.119922161102295,0.082,0.0,PORD11,01-02-2025
7.789999961853027,8.25,7.619999885559082,8.0600004196167,1101981.0,7.44857120513916,0.09,0.0,PORD11,01-03-2025
8.0,8.5,7.670000076293945,8.399999618530273,1353619.0,7.853513717651367,0.088,0.0,PORD11,01-04-2025
8.399999618530273,8.550000190734863,8.15999984741211,8.479999542236328,1077619.0,8.015826225280762,0.092,0.0,PORD11,01-05-2025
8.369999885559082,8.600000381469727,8.010000228881836,8.59000015258789,938702.0,8.209721565246582,0.093,0.0,PORD11,01-06-2025
8.5,8.529999732971191,8.229999542236328,8.350000381469727,1011311.0,8.06883716583252,0.095,0.0,PORD11,01-07-2025
8.420000076293945,8.420000076293945,7.619999885559082,7.929999828338623,2972766.0,7.748674392700195,0.092,0.0,PORD11,01-08-2025
7.849999904632568,7.929999828338623,7.760000228881836,7.929999828338623,1210601.0,7.835000038146973,0.095,0.0,PORD11,01-09-2025
0.0,0.0,0.0,7.929999828338623,0.0,7.929999828338623,0.0,0.0,PORD11,15-09-2025
100.0,100.98999786376953,96.06999969482422,97.12999725341797,485008.0,67.0638198852539,0.45,,PVBI11,01-10-2020
99.55999755859375,100.0,96.0,97.30999755859375,445624.0,67.49308776855469,0.48,,PVBI11,01-11-2020
97.5,97.5,92.26000213623047,96.8499984741211,646859.0,67.50762939453125,0.47,,PVBI11,01-12-2020
96.8499984741211,97.9800033569336,92.0,96.0,836589.0,67.23992156982422,0.47,,PVBI11,01-01-2021
95.9800033569336,100.0,94.93000030517578,97.62999725341797,390014.0,68.71507263183594,0.491036,,PVBI11,01-02-2021
100.0,100.0,94.62000274658203,96.45999908447266,575510.0,68.24063873291016,0.5,,PVBI11,01-03-2021
96.7699966430664,97.81999969482422,95.55000305175781,96.6500015258789,439734.0,68.72701263427734,0.5,,PVBI11,01-04-2021
96.70999908447266,97.0,90.0,95.0,454706.0,67.90570068359375,0.5,,PVBI11,01-05-2021
93.87000274658203,96.0,90.0,94.33999633789062,516562.0,67.78460693359375,0.54,,PVBI11,01-06-2021
94.33999633789062,98.94999694824219,93.44000244140625,96.19999694824219,554265.0,69.5162124633789,0.56,,PVBI11,01-07-2021
96.12999725341797,96.12999725341797,90.9000015258789,94.0,549576.0,68.33203125,0.59,,PVBI11,01-08-2021
94.48999786376953,95.30000305175781,85.23999786376953,85.80999755859375,860815.0,62.763389587402344,0.56,,PVBI11,01-09-2021
84.95999908447266,88.0,84.11000061035156,87.98999786376953,580642.0,64.74356079101562,0.56,,PVBI11,01-10-2021
87.80000305175781,89.87000274658203,80.01000213623047,83.88999938964844,522927.0,62.13224792480469,0.56,,PVBI11,01-11-2021
83.3499984741211,95.0,83.3499984741211,95.0,555470.0,70.81143951416016,0.54,,PVBI11,01-12-2021
93.98999786376953,94.44000244140625,85.30000305175781,88.5,532221.0,66.40926361083984,0.02,,PVBI11,01-01-2022
87.93000030517578,89.9800033569336,86.16999816894531,88.4000015258789,564209.0,66.7275619506836,0.56,,PVBI11,01-02-2022
87.8499984741211,92.5,86.3499984741211,91.88999938964844,601490.0,69.80363464355469,0.56,,PVBI11,01-03-2022
90.5,94.98999786376953,90.5,94.80000305175781,530152.0,72.47329711914062,0.56,,PVBI11,01-04-2022
94.23999786376953,98.98999786376953,89.98999786376953,95.80000305175781,1045257.0,73.68685150146484,0.56,,PVBI11,01-05-2022
95.4000015258789,97.0,90.19999694824219,91.80000305175781,684739.0,71.02973175048828,0.56,,PVBI11,01-06-2022
91.23999786376953,93.98999786376953,88.20999908447266,91.80000305175781,479639.0,71.44738006591797,0.56,,PVBI11,01-07-2022
91.23999786376953,99.12999725341797,89.41999816894531,98.6500015258789,1036414.0,77.24992370605469,0.56,,PVBI11,01-08-2022
97.69000244140625,99.0,95.1500015258789,99.0,654294.0,77.99981689453125,0.56,,PVBI11,01-09-2022
98.41999816894531,98.41999816894531,92.16999816894531,96.0,487358.0,76.06802368164062,0.56,,PVBI11,01-10-2022
95.43000030517578,98.0,90.02999877929688,90.7699966430664,439982.0,72.34036254882812,0.57,,PVBI11,01-11-2022
90.19999694824219,94.63999938964844,86.41999816894531,93.75,487780.0,75.16160583496094,0.57,,PVBI11,01-12-2022
90.94000244140625,91.98999786376953,84.69999694824219,85.0,746139.0,68.57715606689453,0.57,,PVBI11,01-01-2023
84.7300033569336,88.98999786376953,84.38999938964844,85.75,529173.0,69.60545349121094,0.57,,PVBI11,01-02-2023
86.0199966430664,89.98999786376953,85.0,89.5,602234.0,73.17455291748047,0.61,,PVBI11,01-03-2023
89.80000305175781,96.9000015258789,86.44999694824219,96.1500015258789,470498.0,79.17475128173828,0.61,,PVBI11,01-04-2023
95.54000091552734,98.19999694824219,90.25,93.36000061035156,782528.0,77.40491485595703,0.61,,PVBI11,01-05-2023
92.9800033569336,100.52999877929688,92.69999694824219,98.6500015258789,1150151.0,82.3130874633789,0.61,,PVBI11,01-06-2023
98.87000274658203,103.98999786376953,98.19999694824219,102.77999877929688,718867.0,86.32316589355469,0.61,,PVBI11,01-07-2023
102.62999725341797,106.37000274658203,100.4000015258789,105.11000061035156,749202.0,88.82936096191406,0.61,,PVBI11,01-08-2023
104.61000061035156,109.88999938964844,102.0,107.08999633789062,723435.0,91.14115142822266,0.72,,PVBI11,01-09-2023
106.38999938964844,107.80000305175781,102.76000213623047,103.36000061035156,780606.0,88.53099060058594,0.67,,PVBI11,01-10-2023
102.63999938964844,106.38999938964844,100.75,100.9800033569336,806481.0,86.492431640625,0.7,,PVBI11,01-11-2023
100.73999786376953,104.25,100.5,103.20999908447266,970470.0,89.00527954101562,0.7,,PVBI11,01-12-2023
102.51000213623047,104.7300033569336,102.02999877929688,102.98999786376953,915371.0,89.43555450439453,0.7,,PVBI11,01-01-2024
102.31999969482422,104.44999694824219,101.72000122070312,102.97000122070312,1182354.0,90.02877044677734,0.7,,PVBI11,01-02-2024
102.19999694824219,102.98999786376953,101.16000366210938,101.55000305175781,1285942.0,89.39483642578125,0.65,,PVBI11,01-03-2024
101.37999725341797,102.44999694824219,99.5999984741211,100.36000061035156,1051162.0,88.90850830078125,0.65,,PVBI11,01-04-2024
99.0999984741211,100.4000015258789,93.5,95.66000366210938,1584177.0,85.29071807861328,0.65,,PVBI11,01-05-2024
95.01000213623047,97.0199966430664,87.4000015258789,92.26000213623047,1473607.0,82.7955093383789,0.65,,PVBI11,01-06-2024
91.61000061035156,97.79000091552734,89.0,94.3499984741211,1358785.0,85.25037384033203,0.65,,PVBI11,01-07-2024
93.75,94.88999938964844,91.31999969482422,93.69000244140625,1037723.0,85.25467681884766,0.65,,PVBI11,01-08-2024
92.43000030517578,93.5,83.5999984741211,84.23999786376953,2445648.0,77.18724060058594,0.65,,PVBI11,01-09-2024
82.9000015258789,86.22000122070312,79.8499984741211,79.98999786376953,1669423.0,73.80513000488281,0.55,,PVBI11,01-10-2024
78.30000305175781,80.02999877929688,73.0999984741211,74.01000213623047,1394128.0,68.73627471923828,0.55,,PVBI11,01-11-2024
73.58000183105469,77.62999725341797,67.55000305175781,76.55000305175781,1708430.0,71.58750915527344,0.55,,PVBI11,01-12-2024
76.5999984741211,78.47000122070312,68.18000030517578,71.61000061035156,1088238.0,67.46914672851562,0.55,,PVBI11,01-01-2025
70.4000015258789,78.91999816894531,68.30000305175781,77.16999816894531,1087051.0,73.23381042480469,0.55,,PVBI11,01-02-2025
75.80000305175781,78.83000183105469,74.3499984741211,78.72000122070312,923974.0,75.28297424316406,0.5,,PVBI11,01-03-2025
78.0,80.5999984741211,74.94999694824219,80.4000015258789,945202.0,77.39104461669922,0.5,,PVBI11,01-04-2025
77.9800033569336,79.83999633789062,76.0,79.69000244140625,1016679.0,77.19795989990234,0.5,,PVBI11,01-05-2025
78.19000244140625,79.33000183105469,74.5,76.18000030517578,888580.0,74.25952911376953,0.5,,PVBI11,01-06-2025
75.38999938964844,78.37000274658203,72.56999969482422,74.45999908447266,907388.0,73.04117584228516,0.5,,PVBI11,01-07-2025
73.94999694824219,76.47000122070312,71.83000183105469,76.29000091552734,940791.0,75.33073425292969,0.5,,PVBI11,01-08-2025
73.72000122070312,76.4800033569336,73.41000366210938,75.43000030517578,898260.0,74.98507690429688,0.45,,PVBI11,01-09-2025
0.0,0.0,0.0,75.43000030517578,0.0,75.43000030517578,0.0,,PVBI11,15-09-2025
80.01000213623047,85.94000244140625,78.0199966430664,80.19999694824219,230347.0,51.34168243408203,0.0,,AIEC11,01-04-2022
79.94000244140625,81.0,77.37999725341797,80.30000305175781,136385.0,51.40569305419922,0.72,,AIEC11,01-05-2022
80.30000305175781,80.30000305175781,75.0,76.48999786376953,132219.0,49.41022872924805,0.72,,AIEC11,01-06-2022
76.25,76.25,72.98999786376953,74.5,116910.0,48.56015396118164,0.8,,AIEC11,01-07-2022
74.62000274658203,82.0,71.77999877929688,80.0,156699.0,52.6963005065918,0.72,,AIEC11,01-08-2022
80.22000122070312,81.30000305175781,76.11000061035156,79.06999969482422,179091.0,52.59196090698242,0.0,,AIEC11,01-09-2022
79.62999725341797,80.75,73.51000213623047,75.98999786376953,135340.0,50.54334259033203,0.73,,AIEC11,01-10-2022
75.0,76.37000274658203,70.23999786376953,70.80000305175781,142924.0,47.53012466430664,0.74,,AIEC11,01-11-2022
70.5,70.68000030517578,67.19999694824219,69.44999694824219,122355.0,47.08233642578125,0.75,,AIEC11,01-12-2022
68.0199966430664,68.12000274658203,66.0,66.3499984741211,126126.0,45.462345123291016,1.32,,AIEC11,01-01-2023
66.0,66.44000244140625,61.5099983215332,62.63999938964844,93390.0,43.751853942871094,0.18,,AIEC11,01-02-2023
61.119998931884766,64.62000274658203,59.5,61.0,151246.0,42.72228240966797,0.75,,AIEC11,01-03-2023
60.119998931884766,60.91999816894531,59.0099983215332,60.220001220703125,122433.0,42.68708801269531,0.76,,AIEC11,01-04-2023
60.220001220703125,67.0,58.529998779296875,64.37999725341797,204752.0,46.21167755126953,0.77,,AIEC11,01-05-2023
63.95000076293945,71.48999786376953,62.61000061035156,70.8499984741211,159322.0,51.514488220214844,0.78,,AIEC11,01-06-2023
69.98999786376953,73.62000274658203,68.5199966430664,71.56999969482422,161332.0,52.67620086669922,0.78,,AIEC11,01-07-2023
70.80999755859375,73.4800033569336,66.0,68.16999816894531,268126.0,50.732295989990234,0.76,,AIEC11,01-08-2023
68.25,70.05000305175781,63.25,65.69000244140625,215633.0,49.4113655090332,0.76,,AIEC11,01-09-2023
65.38999938964844,65.38999938964844,57.189998626708984,57.70000076293945,229141.0,43.89069366455078,0.76,,AIEC11,01-10-2023
57.0,58.84000015258789,55.349998474121094,56.0,225960.0,43.09614562988281,0.76,,AIEC11,01-11-2023
56.099998474121094,58.529998779296875,52.790000915527344,57.5,314382.0,44.84113311767578,0.78,,AIEC11,01-12-2023
57.5,57.5,54.599998474121094,55.70000076293945,264229.0,44.050987243652344,1.33,,AIEC11,01-01-2024
55.209999084472656,55.58000183105469,49.25,50.25,321692.0,40.68903350830078,0.17,,AIEC11,01-02-2024
49.529998779296875,52.849998474121094,49.47999954223633,52.650001525878906,203147.0,42.762901306152344,0.71,,AIEC11,01-03-2024
51.939998626708984,53.16999816894531,51.34000015258789,52.79999923706055,138811.0,43.499351501464844,0.71,,AIEC11,01-04-2024
51.68000030517578,55.900001525878906,51.650001525878906,55.25,137920.0,46.13999938964844,0.71,,AIEC11,01-05-2024
54.16999816894531,54.959999084472656,51.0099983215332,54.70000076293945,121888.0,46.30332946777344,0.73,,AIEC11,01-06-2024
53.970001220703125,55.0,52.0099983215332,54.9900016784668,136435.0,47.172080993652344,0.73,,AIEC11,01-07-2024
54.2599983215332,56.400001525878906,52.9900016784668,55.619998931884766,164965.0,48.35786437988281,0.73,,AIEC11,01-08-2024
54.88999938964844,54.970001220703125,52.779998779296875,53.31999969482422,195270.0,46.98186492919922,0.73,,AIEC11,01-09-2024
53.2599983215332,53.2599983215332,45.029998779296875,46.400001525878906,300962.0,41.428184509277344,0.73,,AIEC11,01-10-2024
45.58000183105469,46.459999084472656,42.0,46.08000183105469,229091.0,41.713565826416016,0.62,,AIEC11,01-11-2024
45.400001525878906,47.9900016784668,41.0,47.13999938964844,266129.0,43.25104904174805,0.62,,AIEC11,01-12-2024
45.5,47.04999923706055,44.75,46.75,351516.0,43.47821807861328,1.22,,AIEC11,01-01-2025
45.81999969482422,46.40999984741211,43.0,44.18000030517578,124892.0,42.17970275878906,0.17,,AIEC11,01-02-2025
44.18000030517578,46.68000030517578,42.0,46.5,154220.0,44.55668258666992,0.32,,AIEC11,01-03-2025
46.529998779296875,46.68000030517578,44.95000076293945,46.099998474121094,140630.0,44.49568557739258,0.0,,AIEC11,01-04-2025
45.779998779296875,47.58000183105469,44.619998931884766,47.58000183105469,137847.0,45.92418670654297,0.32,,AIEC11,01-05-2025
46.619998931884766,46.619998931884766,44.52000045776367,45.59000015258789,120054.0,44.31101989746094,0.32,,AIEC11,01-06-2025
44.66999816894531,46.97999954223633,43.16999816894531,46.099998474121094,167429.0,45.1100959777832,0.32,,AIEC11,01-07-2025
46.0,47.0,44.79999923706055,47.0,127549.0,46.31586837768555,0.34,,AIEC11,01-08-2025
46.0,49.5,46.0,49.5,109614.0,49.14191436767578,0.34,,AIEC11,01-09-2025
0.0,0.0,0.0,49.5,0.0,49.5,0.0,,AIEC11,15-09-2025
102.9000015258789,103.97000122070312,101.5999984741211,103.25,266556.0,78.31668090820312,1.338598,,CACR11,01-02-2024
102.05000305175781,104.48999786376953,101.63999938964844,104.0999984741211,258234.0,79.98849487304688,1.338598,,CACR11,01-03-2024
102.72000122070312,106.9800033569336,102.0,106.41999816894531,224811.0,82.8451919555664,1.358429,,CACR11,01-04-2024
105.02999877929688,105.44999694824219,101.95158386230469,104.20999908447266,322354.0,82.19738006591797,1.37826,,CACR11,01-05-2024
102.79000091552734,105.5,101.97000122070312,104.94999694824219,288339.0,83.86724853515625,1.41,,CACR11,01-06-2024
103.98999786376953,105.94999694824219,102.87000274658203,105.4000015258789,329553.0,85.38209533691406,1.46,,CACR11,01-07-2024
103.5,108.5,103.08999633789062,107.0,294345.0,87.90104675292969,1.3,,CACR11,01-08-2024
105.69999694824219,107.20999908447266,104.5,106.5999984741211,246643.0,88.66604614257812,1.31,,CACR11,01-09-2024
105.55999755859375,106.69999694824219,98.9000015258789,100.9800033569336,416602.0,85.0325927734375,1.32,,CACR11,01-10-2024
99.5999984741211,101.77999877929688,85.0,95.94999694824219,408820.0,81.80998992919922,1.32,,CACR11,01-11-2024
95.98999786376953,95.98999786376953,74.01000213623047,86.6500015258789,589034.0,74.85906982421875,1.32,,CACR11,01-12-2024
86.6500015258789,90.5999984741211,81.29000091552734,88.18000030517578,307612.0,77.2435302734375,1.34,,CACR11,01-01-2025
86.88999938964844,90.80999755859375,81.12000274658203,90.5999984741211,218002.0,80.60997009277344,1.3,,CACR11,01-02-2025
90.5999984741211,98.26000213623047,88.08999633789062,97.73999786376953,228687.0,88.26392364501953,1.31,,CACR11,01-03-2025
96.88999938964844,97.87000274658203,90.01000213623047,97.44999694824219,224125.0,89.29313659667969,1.33,,CACR11,01-04-2025
96.79000091552734,99.5999984741211,95.2300033569336,97.19999694824219,247678.0,90.292724609375,1.37,,CACR11,01-05-2025
96.19999694824219,101.9800033569336,96.19999694824219,101.61000061035156,250461.0,95.73522186279297,1.41,,CACR11,01-06-2025
100.5,100.5,96.0,97.30000305175781,318766.0,93.02383422851562,1.45,,CACR11,01-07-2025
95.80000305175781,96.47000122070312,79.30999755859375,82.01000213623047,1016827.0,79.54087829589844,1.35,,CACR11,01-08-2025
80.30000305175781,81.44000244140625,62.29999923706055,79.0999984741211,1362495.0,77.79789733886719,1.35,,CACR11,01-09-2025
0.0,79.0999984741211,79.0999984741211,79.0999984741211,0.0,79.0999984741211,0.0,,CACR11,15-09-2025
141.6979522705078,151.57716369628906,138.7946319580078,144.91836547851562,278283.0,118.29972839355469,0.0,0.0,GGRC11,01-10-2020
144.91836547851562,149.27828979492188,129.9162139892578,133.5230712890625,483055.0,108.99749755859375,0.0,0.0,GGRC11,01-11-2020
133.5626983642578,139.21080017089844,130.79811096191406,138.7252655029297,348327.0,113.24412536621094,0.0,0.0,GGRC11,01-12-2020
138.7252655029297,143.34283447265625,133.82034301757812,139.31980895996094,322577.0,113.72945404052734,0.0,0.0,GGRC11,01-01-2021
139.31980895996094,142.78793334960938,138.28927612304688,139.92425537109375,267220.0,114.22290802001953,0.0,0.0,GGRC11,01-02-2021
139.9341583251953,140.70706176757812,122.92049407958984,123.41593933105469,441522.0,100.74684143066406,0.0,0.0,GGRC11,01-03-2021
123.3465805053711,124.84282684326172,116.2319564819336,121.14678955078125,515132.0,98.89450073242188,0.0,0.0,GGRC11,01-04-2021
121.17652130126953,121.71160125732422,114.54743194580078,118.24346923828125,403552.0,96.52445983886719,0.0,0.0,GGRC11,01-05-2021
118.31283569335938,123.86184692382812,109.37496185302734,115.29060363769531,405452.0,94.11398315429688,0.0,0.0,GGRC11,01-06-2021
116.28150177001953,124.39692687988281,114.93388366699219,122.97994995117188,270533.0,100.39092254638672,0.0,0.0,GGRC11,01-07-2021
122.37550354003906,123.25740051269531,112.11974334716797,117.40120697021484,306261.0,95.8368911743164,0.0,0.0,GGRC11,01-08-2021
116.92558288574219,118.56055450439453,113.22954559326172,115.78604888916016,287946.0,94.5184097290039,0.0,0.0,GGRC11,01-09-2021
117.22284698486328,117.87683868408203,109.69204711914062,111.42611694335938,247131.0,90.95932006835938,0.0,0.0,GGRC11,01-10-2021
111.86210632324219,111.86210632324219,96.62214660644531,104.10340118408203,289987.0,84.9816665649414,0.0,0.0,GGRC11,01-11-2021
103.67731475830078,112.4566421508789,101.55680084228516,111.49547576904297,231971.0,91.01593017578125,0.0,0.0,GGRC11,01-12-2021
111.95128631591797,118.2038345336914,109.14705657958984,115.3797836303711,269733.0,94.18678283691406,0.0,0.0,GGRC11,01-01-2022
115.38969421386719,117.42102813720703,102.52787780761719,103.44940948486328,231998.0,84.44776916503906,0.0,0.0,GGRC11,01-02-2022
103.44940948486328,106.52118682861328,100.13982391357422,106.09510040283203,292954.0,86.60751342773438,0.0,0.0,GGRC11,01-03-2022
106.51127624511719,110.76221466064453,104.6781234741211,108.70115661621094,211384.0,88.73486328125,0.087069,0.0,GGRC11,01-04-2022
108.6615219116211,109.27587127685547,102.30988311767578,108.15615844726562,228417.0,88.36222076416016,0.089048,0.0,GGRC11,01-05-2022
108.29488372802734,108.97860717773438,105.03484344482422,108.20570373535156,200434.0,88.47518157958984,0.0,0.0,GGRC11,01-06-2022
108.6417007446289,108.99842071533203,100.16954803466797,104.63848876953125,229238.0,85.55841827392578,0.093006,0.0,GGRC11,01-07-2022
104.62857818603516,118.6794662475586,103.10260009765625,118.26329040527344,337462.0,96.78144836425781,0.08509,0.0,GGRC11,01-08-2022
118.27320098876953,119.40281677246094,115.45906066894531,118.6596450805664,233406.0,97.18487548828125,0.089048,0.0,GGRC11,01-09-2022
118.6596450805664,123.81230163574219,117.48048400878906,120.0468978881836,214452.0,98.3946762084961,0.100921,0.0,GGRC11,01-10-2022
119.89826202392578,121.87014770507812,113.50971221923828,117.47259521484375,249335.0,96.36666870117188,0.106857,0.0,GGRC11,01-11-2022
117.48255920410156,118.23928833007812,112.33479309082031,115.50111389160156,203369.0,94.83300018310547,0.10141,0.0,GGRC11,01-12-2022
115.50111389160156,115.99896240234375,98.49456787109375,103.55272674560547,437351.0,85.09619140625,0.094451,0.0,GGRC11,01-01-2023
103.54277038574219,103.54277038574219,99.36083221435547,103.16439819335938,206592.0,84.84663391113281,0.094451,0.0,GGRC11,01-02-2023
103.20423126220703,107.26668548583984,96.78196716308594,99.37078857421875,313363.0,81.8016586303711,0.094451,0.0,GGRC11,01-03-2023
99.4703598022461,114.23657989501953,98.57422637939453,113.26078796386719,243986.0,93.31967163085938,0.099422,0.0,GGRC11,01-04-2023
113.26078796386719,116.19810485839844,107.64505004882812,115.83965301513672,237019.0,95.54010009765625,0.10141,0.0,GGRC11,01-05-2023
115.83965301513672,123.96456146240234,113.0118637084961,123.96456146240234,253519.0,102.33226776123047,0.104393,0.0,GGRC11,01-06-2023
123.96456146240234,123.96456146240234,117.56221008300781,120.73849487304688,211404.0,99.7589111328125,0.104393,0.0,GGRC11,01-07-2023
120.7285385131836,120.73849487304688,116.5,117.9000015258789,228510.0,97.49684143066406,0.094451,0.0,GGRC11,01-08-2023
117.88999938964844,118.9000015258789,115.8499984741211,116.5999984741211,231808.0,96.49761199951172,0.094859,0.0,GGRC11,01-09-2023
116.61000061035156,116.98999786376953,110.06999969482422,113.38999938964844,240532.0,93.91596984863281,0.094859,0.0,GGRC11,01-10-2023
113.38999938964844,114.01000213623047,110.91000366210938,113.61000061035156,213050.0,94.17485046386719,0.092862,0.0,GGRC11,01-11-2023
113.61000061035156,113.94999694824219,111.22000122070312,113.66999816894531,251423.0,94.30205535888672,0.091863,0.0,GGRC11,01-12-2023
113.66999816894531,115.33999633789062,113.0,115.23999786376953,205322.0,95.68191528320312,0.089866,0.0,GGRC11,01-01-2024
11.522000312805176,11.54699993133545,11.300000190734863,11.54699993133545,2052440.0,9.594883918762207,0.089866,0.0,GGRC11,01-02-2024
11.569999694824219,11.680000305175781,11.25,11.600000381469727,2456288.0,9.714764595031738,0.089866,10.0,GGRC11,01-03-2024
11.600000381469727,11.680000305175781,11.210000038146973,11.359999656677246,3236601.0,9.588162422180176,0.089866,0.0,GGRC11,01-04-2024
11.359999656677246,11.420000076293945,11.079999923706055,11.270000457763672,2467072.0,9.586016654968262,0.09,0.0,GGRC11,01-05-2024
11.289999961853027,11.289999961853027,10.699999809265137,10.84000015258789,2225316.0,9.294164657592773,0.09,0.0,GGRC11,01-06-2024
10.84000015258789,11.149999618530273,10.75,11.020000457763672,3325809.0,9.52482795715332,0.093,0.0,GGRC11,01-07-2024
11.069999694824219,11.100000381469727,10.760000228881836,10.949999809265137,3355511.0,9.54547119140625,0.091,0.0,GGRC11,01-08-2024
10.960000038146973,10.960000038146973,10.5,10.609999656677246,3333083.0,9.325882911682129,0.091,0.0,GGRC11,01-09-2024
10.609999656677246,10.720000267028809,10.0,10.229999542236328,3265643.0,9.067365646362305,0.1,0.0,GGRC11,01-10-2024
10.300000190734863,10.329999923706055,10.010000228881836,10.079999923706055,3415493.0,9.01950454711914,0.1,0.0,GGRC11,01-11-2024
10.100000381469727,10.149999618530273,8.979999542236328,9.850000381469727,4609003.0,8.900279998779297,0.1,0.0,GGRC11,01-12-2024
9.949999809265137,10.0,9.029999732971191,9.350000381469727,5733503.0,8.533483505249023,0.095,0.0,GGRC11,01-01-2025
9.350000381469727,9.569999694824219,9.0,9.569999694824219,6498768.0,8.818467140197754,0.095,0.0,GGRC11,01-02-2025
9.569999694824219,10.109999656677246,9.489999771118164,9.859999656677246,5495525.0,9.180180549621582,0.1,0.0,GGRC11,01-03-2025
9.880000114440918,10.039999961853027,9.229999542236328,10.010000228881836,8481851.0,9.418254852294922,0.1,0.0,GGRC11,01-04-2025
10.010000228881836,10.170000076293945,9.819999694824219,10.100000381469727,7270857.0,9.600101470947266,0.1,0.0,GGRC11,01-05-2025
10.140000343322754,10.149999618530273,9.829999923706055,10.09000015258789,6846494.0,9.68612003326416,0.1,0.0,GGRC11,01-06-2025
10.149999618530273,10.149999618530273,9.699999809265137,9.739999771118164,10792004.0,9.443724632263184,0.105,0.0,GGRC11,01-07-2025
9.75,9.829999923706055,9.550000190734863,9.829999923706055,8847348.0,9.631514549255371,0.1,0.0,GGRC11,01-08-2025
9.899999618530273,9.899999618530273,9.619999885559082,9.869999885559082,4935046.0,9.770302772521973,0.1,0.0,GGRC11,01-09-2025
0.0,0.0,0.0,9.869999885559082,0.0,9.869999885559082,0.0,0.0,GGRC11,15-09-2025
96.30999755859375,98.80000305175781,92.33999633789062,95.0,417698.0,57.185298919677734,0.49,,PATL11,01-10-2020
97.0,97.87999725341797,91.51000213623047,93.4000015258789,266811.0,56.51060104370117,0.52,,PATL11,01-11-2020
93.0,96.0,90.01000213623047,96.0,412090.0,58.40340042114258,0.53,,PATL11,01-12-2020
95.98999786376953,97.4800033569336,92.02999877929688,93.5,209923.0,57.207096099853516,0.54,,PATL11,01-01-2021
93.02999877929688,94.0,91.05999755859375,92.5,232666.0,56.91542053222656,0.55,,PATL11,01-02-2021
93.37999725341797,94.0,90.69999694824219,91.12999725341797,485550.0,56.40422439575195,0.56,,PATL11,01-03-2021
91.9000015258789,94.08000183105469,89.72000122070312,93.0,297971.0,57.91227722167969,0.57,,PATL11,01-04-2021
92.9000015258789,93.9000015258789,90.0,90.01000213623047,362772.0,56.40314483642578,0.57,,PATL11,01-05-2021
90.01000213623047,90.93000030517578,77.29000091552734,83.4000015258789,435314.0,52.58338165283203,0.57,,PATL11,01-06-2021
83.4000015258789,86.47000122070312,80.87000274658203,81.8499984741211,262490.0,51.93501663208008,0.57065,,PATL11,01-07-2021
81.30000305175781,82.8499984741211,72.0,74.30000305175781,338256.0,47.46922302246094,0.57,,PATL11,01-08-2021
76.06999969482422,76.06999969482422,71.80999755859375,72.01000213623047,258041.0,46.32879638671875,0.57,,PATL11,01-09-2021
71.55000305175781,72.83000183105469,66.05000305175781,66.30999755859375,262247.0,42.99142074584961,0.57,,PATL11,01-10-2021
66.69000244140625,66.69000244140625,60.36000061035156,63.400001525878906,336362.0,41.432735443115234,0.57,,PATL11,01-11-2021
63.0,76.5999984741211,62.7400016784668,74.94000244140625,283288.0,49.39889144897461,0.57,,PATL11,01-12-2021
75.0,76.98999786376953,71.88999938964844,74.31999969482422,312385.0,49.43465042114258,0.57,,PATL11,01-01-2022
74.02999877929688,79.44999694824219,72.80000305175781,78.0,338587.0,52.28007125854492,0.58,,PATL11,01-02-2022
75.80999755859375,77.7699966430664,72.69000244140625,74.69000244140625,301126.0,50.455291748046875,0.58,,PATL11,01-03-2022
74.91999816894531,80.0,73.69000244140625,76.86000061035156,380706.0,52.31016540527344,0.58,,PATL11,01-04-2022
76.30000305175781,78.3499984741211,73.73999786376953,77.43000030517578,281864.0,53.11051559448242,0.58,,PATL11,01-05-2022
76.9000015258789,79.4000015258789,74.5,77.19999694824219,409622.0,53.35538864135742,0.58,,PATL11,01-06-2022
75.19999694824219,75.88999938964844,70.52999877929688,73.4000015258789,247194.0,51.1119384765625,0.58,,PATL11,01-07-2022
72.98999786376953,81.5,71.30999755859375,78.56999969482422,321903.0,55.12623977661133,0.58,,PATL11,01-08-2022
78.16999816894531,85.4000015258789,76.0999984741211,84.0,323375.0,59.405433654785156,0.58,,PATL11,01-09-2022
84.0,85.19999694824219,80.0,80.37000274658203,192344.0,57.260982513427734,0.58,,PATL11,01-10-2022
80.36000061035156,81.11000061035156,71.9800033569336,72.69999694824219,157042.0,52.15648651123047,0.58,,PATL11,01-11-2022
72.80999755859375,76.66000366210938,69.0,70.33000183105469,234733.0,50.822967529296875,0.58,,PATL11,01-12-2022
69.75,71.9800033569336,64.11000061035156,68.0,279721.0,49.53440856933594,0.58,,PATL11,01-01-2023
67.41999816894531,70.04000091552734,61.91999816894531,62.47999954223633,172685.0,45.891841888427734,0.58,,PATL11,01-02-2023
61.79999923706055,63.970001220703125,58.209999084472656,63.5,221874.0,47.042274475097656,0.6,,PATL11,01-03-2023
61.029998779296875,65.94999694824219,59.2400016784668,65.04000091552734,172867.0,48.65034103393555,0.6,,PATL11,01-04-2023
64.51000213623047,69.98999786376953,60.72999954223633,65.8499984741211,216253.0,49.72608184814453,0.6,,PATL11,01-05-2023
66.16999816894531,76.95999908447266,64.9000015258789,75.62999725341797,244353.0,57.64313507080078,0.6,,PATL11,01-06-2023
72.6500015258789,76.0,69.88999938964844,73.43000030517578,199792.0,56.480979919433594,0.54,,PATL11,01-07-2023
72.69999694824219,76.7699966430664,68.22000122070312,73.16999816894531,197711.0,56.68574523925781,0.6,,PATL11,01-08-2023
73.16000366210938,74.5,69.9800033569336,73.16999816894531,142949.0,57.1527214050293,0.6,,PATL11,01-09-2023
72.80000305175781,73.0999984741211,66.04000091552734,66.3499984741211,159996.0,52.254146575927734,0.0,,PATL11,01-10-2023
66.19000244140625,68.69000244140625,63.099998474121094,63.29999923706055,182678.0,49.852115631103516,0.6,,PATL11,01-11-2023
62.70000076293945,70.0,61.2599983215332,69.0,202956.0,54.83705520629883,0.6,,PATL11,01-12-2023
69.0,70.77999877929688,67.0199966430664,67.9000015258789,287215.0,54.47922897338867,0.6,,PATL11,01-01-2024
67.83999633789062,72.4800033569336,67.30000305175781,69.7699966430664,171394.0,56.47066879272461,0.6,,PATL11,01-02-2024
69.80000305175781,70.80000305175781,66.0,69.0,128643.0,56.345333099365234,0.6,,PATL11,01-03-2024
69.66999816894531,69.97000122070312,61.4900016784668,61.959999084472656,191480.0,51.035369873046875,0.6,,PATL11,01-04-2024
62.310001373291016,63.25,60.0,62.5,239729.0,51.93173599243164,0.6,,PATL11,01-05-2024
61.220001220703125,62.290000915527344,59.79999923706055,60.939998626708984,180722.0,51.13065719604492,0.57,,PATL11,01-06-2024
60.5099983215332,62.150001525878906,59.900001525878906,61.0,145830.0,51.652069091796875,0.57,,PATL11,01-07-2024
60.79999923706055,62.0,59.9900016784668,61.56999969482422,179554.0,52.6269645690918,0.57,,PATL11,01-08-2024
61.58000183105469,61.59000015258789,58.81999969482422,59.900001525878906,151576.0,51.68246078491211,0.57,,PATL11,01-09-2024
59.7599983215332,59.7599983215332,52.20000076293945,52.849998474121094,222073.0,46.02573013305664,0.57,,PATL11,01-10-2024
52.29999923706055,52.5,46.060001373291016,46.79999923706055,222126.0,41.14849853515625,0.57,,PATL11,01-11-2024
46.61000061035156,50.5,39.810001373291016,48.97999954223633,258601.0,43.5347785949707,0.57,,PATL11,01-12-2024
48.97999954223633,48.97999954223633,43.0,44.11000061035156,137555.0,39.68959045410156,0.57,,PATL11,01-01-2025
43.5,47.38999938964844,41.0,45.25,144499.0,41.19474792480469,0.57,,PATL11,01-02-2025
44.68000030517578,48.43000030517578,43.61000061035156,47.81999969482422,132670.0,44.104347229003906,0.57,,PATL11,01-03-2025
47.79999923706055,49.939998626708984,43.25,49.0,181506.0,45.769195556640625,0.57,,PATL11,01-04-2025
49.0,50.5,48.0,49.849998474121094,132446.0,47.124874114990234,0.57,,PATL11,01-05-2025
49.90999984741211,54.0,47.189998626708984,52.709999084472656,247972.0,50.41498565673828,0.57,,PATL11,01-06-2025
53.22999954223633,64.61000061035156,52.02000045776367,56.79999923706055,465366.0,54.95528030395508,0.7,,PATL11,01-07-2025
57.11000061035156,60.150001525878906,54.54999923706055,59.900001525878906,145504.0,58.73461151123047,0.57,,PATL11,01-08-2025
59.33000183105469,60.0,57.810001373291016,58.150001525878906,74958.0,57.59665298461914,0.57,,PATL11,01-09-2025
0.0,0.0,0.0,58.150001525878906,0.0,58.150001525878906,0.0,,PATL11,15-09-2025
131.8000030517578,136.0,130.14999389648438,133.32000732421875,486187.0,70.52592468261719,1.0,,TGAR11,01-10-2020
133.08999633789062,135.64999389648438,132.75,135.3000030517578,479457.0,72.11905670166016,1.1,,TGAR11,01-11-2020
133.39999389648438,135.5,130.07000732421875,135.1300048828125,639875.0,72.62769317626953,1.12,,TGAR11,01-12-2020
134.0,144.97999572753906,132.77000427246094,144.02999877929688,519401.0,78.05728149414062,1.36,,TGAR11,01-01-2021
143.8000030517578,144.99000549316406,139.5,143.08999633789062,578479.0,78.33621215820312,1.2,,TGAR11,01-02-2021
141.60000610351562,142.8800048828125,132.8699951171875,136.80999755859375,766963.0,75.52745056152344,1.15,,TGAR11,01-03-2021
136.74000549316406,141.0,134.50999450683594,140.0,597175.0,77.91471862792969,1.3,,TGAR11,01-04-2021
136.5,139.99000549316406,132.0,138.60000610351562,760216.0,77.87554931640625,1.26,,TGAR11,01-05-2021
137.38999938964844,137.47999572753906,124.0,131.89999389648438,1034030.0,74.78404998779297,1.16,,TGAR11,01-06-2021
130.97000122070312,133.89999389648438,128.00999450683594,133.1999969482422,567778.0,76.15853881835938,1.11,,TGAR11,01-07-2021
132.1199951171875,132.49000549316406,122.0,128.19000244140625,591742.0,73.91602325439453,1.08,,TGAR11,01-08-2021
127.05000305175781,131.97000122070312,124.30999755859375,127.9800033569336,683794.0,74.398193359375,1.1,,TGAR11,01-09-2021
126.86000061035156,127.58999633789062,120.51000213623047,124.08000183105469,551921.0,72.75534057617188,1.11,,TGAR11,01-10-2021
123.37999725341797,123.87000274658203,111.19999694824219,115.5,685172.0,68.31690979003906,1.2,,TGAR11,01-11-2021
113.81999969482422,122.4000015258789,111.4800033569336,121.19000244140625,540897.0,72.38249206542969,1.22,,TGAR11,01-12-2021
120.05000305175781,123.56999969482422,116.33999633789062,122.9000015258789,531703.0,74.18742370605469,1.23,,TGAR11,01-01-2022
122.0,122.0,109.05999755859375,112.0999984741211,599030.0,68.3619384765625,1.16,,TGAR11,01-02-2022
110.91000366210938,116.94000244140625,107.2300033569336,116.83999633789062,637896.0,71.93144989013672,1.22,,TGAR11,01-03-2022
115.56999969482422,120.37999725341797,115.08000183105469,119.93000030517578,634090.0,74.64619445800781,1.27,,TGAR11,01-04-2022
118.66000366210938,119.0,113.80000305175781,118.4000015258789,500433.0,74.50375366210938,1.44,,TGAR11,01-05-2022
116.87999725341797,117.30999755859375,113.41000366210938,115.5999984741211,501769.0,73.62582397460938,1.53,,TGAR11,01-06-2022
115.4000015258789,120.93000030517578,112.55999755859375,120.4000015258789,575319.0,77.68685150146484,1.57,,TGAR11,01-07-2022
117.83999633789062,127.45999908447266,117.30000305175781,126.0,628293.0,82.41954803466797,1.58,,TGAR11,01-08-2022
123.63999938964844,130.0,121.9000015258789,125.70999908447266,694747.0,83.32331848144531,1.59,,TGAR11,01-09-2022
125.01000213623047,127.41999816894531,121.5,126.0,796771.0,84.58287048339844,1.59,,TGAR11,01-10-2022
124.44999694824219,127.98999786376953,120.44999694824219,121.93000030517578,653228.0,82.89925384521484,1.55,,TGAR11,01-11-2022
121.88999938964844,122.8499984741211,114.2699966430664,122.0,599228.0,83.97992706298828,1.5,,TGAR11,01-12-2022
119.0199966430664,125.5,117.0,119.0,699958.0,82.93512725830078,1.3,,TGAR11,01-01-2023
117.5,118.61000061035156,111.0999984741211,113.19999694824219,550133.0,79.74263000488281,1.3,,TGAR11,01-02-2023
112.56999969482422,118.0,112.56999969482422,113.44999694824219,766900.0,80.80142974853516,1.31,,TGAR11,01-03-2023
113.0,113.6500015258789,108.5,112.4000015258789,740897.0,80.99087524414062,1.34,,TGAR11,01-04-2023
112.05000305175781,121.37999725341797,111.69999694824219,121.37999725341797,640953.0,88.50688171386719,1.35,,TGAR11,01-05-2023
120.01000213623047,122.0,116.6500015258789,121.70999908447266,761515.0,89.8263931274414,1.36,,TGAR11,01-06-2023
120.33000183105469,123.08999633789062,120.0,122.86000061035156,731356.0,91.70260620117188,1.38,,TGAR11,01-07-2023
122.5,123.6500015258789,121.0999984741211,122.56999969482422,768176.0,92.53535461425781,1.4,,TGAR11,01-08-2023
121.4800033569336,128.89999389648438,121.1500015258789,128.19000244140625,695125.0,97.89372253417969,1.42,,TGAR11,01-09-2023
126.4000015258789,126.4000015258789,120.0,120.33999633789062,729361.0,92.97615051269531,0.0,,TGAR11,01-10-2023
119.01000213623047,121.25,118.95999908447266,120.88999938964844,875151.0,93.40106964111328,1.45,,TGAR11,01-11-2023
119.58999633789062,122.5999984741211,117.5,122.0,1111587.0,95.40827178955078,1.43,,TGAR11,01-12-2023
120.19000244140625,123.9800033569336,119.4000015258789,123.75,1360058.0,97.93531036376953,1.32,,TGAR11,01-01-2024
123.30000305175781,127.5,122.01000213623047,124.9800033569336,1256697.0,99.99061584472656,1.32,,TGAR11,01-02-2024
123.6500015258789,129.0,123.6500015258789,127.51000213623047,1130319.0,103.1146240234375,1.33,,TGAR11,01-03-2024
126.18000030517578,127.80000305175781,124.05999755859375,126.29000091552734,1188875.0,103.22652435302734,1.33,,TGAR11,01-04-2024
124.94999694824219,126.45999908447266,123.61000061035156,125.83000183105469,1097972.0,103.93463134765625,1.34,,TGAR11,01-05-2024
123.98999786376953,125.01000213623047,120.0,121.22000122070312,1347424.0,101.20059204101562,1.35,,TGAR11,01-06-2024
119.98999786376953,121.94999694824219,117.55000305175781,120.30999755859375,1701565.0,101.53018188476562,1.33,,TGAR11,01-07-2024
118.4800033569336,121.0,116.63999938964844,120.1500015258789,1467873.0,102.51997375488281,1.22,,TGAR11,01-08-2024
117.69000244140625,118.5,111.6500015258789,112.54000091552734,2493535.0,97.01036834716797,1.12,,TGAR11,01-09-2024
111.58999633789062,112.43000030517578,97.30000305175781,102.18000030517578,2230853.0,88.90872955322266,1.14,,TGAR11,01-10-2024
100.4000015258789,101.4800033569336,96.5,97.63999938964844,1575985.0,85.82780456542969,1.15,,TGAR11,01-11-2024
97.01000213623047,97.5199966430664,80.37999725341797,88.29000091552734,2070627.0,78.49234771728516,1.15,,TGAR11,01-12-2024
87.08999633789062,89.4000015258789,79.5999984741211,81.27999877929688,1600562.0,73.12147521972656,1.1,,TGAR11,01-01-2025
79.19999694824219,81.7300033569336,74.51000213623047,80.80000305175781,1432259.0,73.6067123413086,1.0,,TGAR11,01-02-2025
79.80000305175781,94.83000183105469,76.02999877929688,91.80000305175781,1271532.0,84.66913604736328,1.0,,TGAR11,01-03-2025
89.69999694824219,91.38999938964844,84.08999633789062,89.9000015258789,1020589.0,83.95578002929688,1.0,,TGAR11,01-04-2025
88.58000183105469,91.37000274658203,81.75,89.98999786376953,1132145.0,84.96537780761719,1.0,,TGAR11,01-05-2025
89.9000015258789,93.16999816894531,86.02999877929688,92.19999694824219,907741.0,88.03119659423828,1.0,,TGAR11,01-06-2025
90.73999786376953,92.58999633789062,79.44999694824219,82.0,1155737.0,79.17217254638672,1.0,,TGAR11,01-07-2025
81.98999786376953,85.98999786376953,80.20999908447266,84.4000015258789,976035.0,82.3829345703125,1.0,,TGAR11,01-08-2025
84.0,87.44999694824219,81.5,86.87000274658203,578269.0,85.84073638916016,1.0,,TGAR11,01-09-2025
0.0,0.0,0.0,86.87000274658203,0.0,86.87000274658203,0.0,,TGAR11,15-09-2025
89.93000030517578,94.4800033569336,88.0199966430664,91.94999694824219,913427.0,58.73210906982422,0.0,,KNCR11,01-10-2020
91.94999694824219,92.98999786376953,87.91000366210938,88.69999694824219,863036.0,56.65618133544922,0.0,,KNCR11,01-11-2020
88.25,88.5999984741211,85.5,87.05000305175781,1348549.0,55.602294921875,0.0,,KNCR11,01-12-2020
87.05000305175781,89.7699966430664,86.69999694824219,88.81999969482422,832932.0,56.73286819458008,0.0,,KNCR11,01-01-2021
88.69999694824219,91.48999786376953,87.0,89.41000366210938,924011.0,57.10972213745117,0.0,,KNCR11,01-02-2021
89.0999984741211,95.27999877929688,89.0,93.5199966430664,1191437.0,59.73493194580078,0.0,,KNCR11,01-03-2021
93.56999969482422,95.0,92.1500015258789,94.44000244140625,890957.0,60.32257080078125,0.0,,KNCR11,01-04-2021
94.08999633789062,94.9800033569336,90.05000305175781,91.0199966430664,1003970.0,58.13808059692383,0.0,,KNCR11,01-05-2021
90.8499984741211,92.2300033569336,87.01000213623047,90.0,1384068.0,57.48655700683594,0.0,,KNCR11,01-06-2021
89.5999984741211,93.48999786376953,86.73999786376953,93.16000366210938,1089921.0,59.504966735839844,0.0,,KNCR11,01-07-2021
92.69999694824219,94.9800033569336,90.05000305175781,94.9800033569336,1913014.0,60.66750717163086,0.0,,KNCR11,01-08-2021
94.19999694824219,97.98999786376953,93.5,97.26000213623047,3118662.0,62.12381362915039,0.0,,KNCR11,01-09-2021
96.70999908447266,98.48999786376953,94.52999877929688,97.4000015258789,2019266.0,62.21322250366211,0.0,,KNCR11,01-10-2021
97.0,99.5999984741211,95.7699966430664,98.7300033569336,3123494.0,63.0627555847168,0.0,,KNCR11,01-11-2021
98.18000030517578,102.54000091552734,98.16000366210938,101.9000015258789,2067076.0,65.08757019042969,0.0,,KNCR11,01-12-2021
101.4000015258789,102.5,99.0199966430664,101.83000183105469,1372807.0,65.04285430908203,0.0,,KNCR11,01-01-2022
100.86000061035156,101.30999755859375,97.94999694824219,99.98999786376953,1362037.0,63.86757278442383,0.0,,KNCR11,01-02-2022
99.98999786376953,102.33999633789062,97.4000015258789,101.30999755859375,1734439.0,64.71070861816406,0.0,,KNCR11,01-03-2022
101.4000015258789,102.45999908447266,100.20999908447266,101.9800033569336,1577851.0,65.138671875,0.997074,,KNCR11,01-04-2022
101.26000213623047,102.5,99.98999786376953,102.5,1416186.0,66.1215591430664,0.967162,,KNCR11,01-05-2022
101.48999786376953,102.0,100.25,101.95999908447266,1478821.0,66.40299224853516,1.07684,,KNCR11,01-06-2022
100.48999786376953,102.69000244140625,99.94000244140625,102.45999908447266,1494590.0,67.43707275390625,1.046928,,KNCR11,01-07-2022
101.98999786376953,103.61000061035156,100.79000091552734,103.0,2381303.0,68.49578857421875,1.036957,,KNCR11,01-08-2022
102.22000122070312,102.98999786376953,100.20999908447266,102.4000015258789,2359667.0,68.79304504394531,1.296196,,KNCR11,01-09-2022
101.12999725341797,101.66000366210938,100.41000366210938,101.63999938964844,2038550.0,69.1527099609375,1.196489,,KNCR11,01-10-2022
100.5999984741211,101.4000015258789,98.47000122070312,100.19999694824219,2520670.0,68.97895050048828,1.096781,,KNCR11,01-11-2022
99.5,99.9000015258789,96.12000274658203,98.69000244140625,2585237.0,68.68058776855469,1.096781,,KNCR11,01-12-2022
97.1500015258789,99.30000305175781,96.58000183105469,99.1500015258789,2478371.0,69.76435852050781,1.196489,,KNCR11,01-01-2023
97.98999786376953,99.5,97.19000244140625,99.37999725341797,1825621.0,70.78433990478516,1.196489,,KNCR11,01-02-2023
98.5,98.94000244140625,97.12000274658203,97.95999908447266,2204612.0,70.62519836425781,0.997074,,KNCR11,01-03-2023
96.80999755859375,97.83999633789062,96.05000305175781,96.9800033569336,1898107.0,70.62725830078125,1.21643,,KNCR11,01-04-2023
96.9800033569336,96.9800033569336,94.37999725341797,95.23999786376953,2632252.0,70.23218536376953,0.997074,,KNCR11,01-05-2023
94.19999694824219,98.5,91.0999984741211,97.6500015258789,3807129.0,72.75740814208984,1.236372,,KNCR11,01-06-2023
96.87999725341797,99.19999694824219,95.30999755859375,98.91999816894531,2672688.0,74.67305755615234,1.146635,,KNCR11,01-07-2023
98.0,99.7699966430664,96.75,99.62999725341797,2580502.0,76.10262298583984,1.146635,,KNCR11,01-08-2023
98.43000030517578,101.33999633789062,97.9000015258789,100.9000015258789,2802479.0,77.97659301757812,1.196489,,KNCR11,01-09-2023
99.9800033569336,103.0,99.11000061035156,102.38999938964844,2483639.0,80.08989715576172,1.096781,,KNCR11,01-10-2023
101.5,103.5999984741211,99.5,101.80000305175781,2176029.0,80.50347900390625,1.106752,,KNCR11,01-11-2023
100.79000091552734,104.3499984741211,100.5,104.3499984741211,1761922.0,83.42176055908203,1.007045,,KNCR11,01-12-2023
104.3499984741211,104.69999694824219,102.51000213623047,103.77999877929688,1995283.0,83.79498291015625,1.007045,,KNCR11,01-01-2024
102.33000183105469,104.58999633789062,101.11000061035156,104.19999694824219,2047404.0,84.9539566040039,1.066869,,KNCR11,01-02-2024
103.25,103.56999969482422,101.5,103.41999816894531,2036548.0,85.19385528564453,0.94722,,KNCR11,01-03-2024
101.80000305175781,105.19000244140625,101.30000305175781,105.01000213623047,1977412.0,87.29721069335938,0.94722,,KNCR11,01-04-2024
105.01000213623047,105.01000213623047,102.16000366210938,104.4800033569336,2276756.0,87.65947723388672,0.997074,,KNCR11,01-05-2024
103.7699966430664,106.77999877929688,103.30999755859375,106.0,1848742.0,89.78730010986328,0.998729,,KNCR11,01-06-2024
105.0,106.23999786376953,103.19999694824219,105.79000091552734,2903709.0,90.47425842285156,0.998729,,KNCR11,01-07-2024
104.11000061035156,105.80000305175781,103.13999938964844,105.36000061035156,3216349.0,90.96356201171875,0.948793,,KNCR11,01-08-2024
104.6500015258789,107.36000061035156,104.30000305175781,106.37000274658203,3605993.0,92.66667175292969,0.948793,,KNCR11,01-09-2024
105.55999755859375,105.83000183105469,103.2699966430664,104.5199966430664,2782469.0,91.88240814208984,0.948793,,KNCR11,01-10-2024
103.5,104.37000274658203,102.63999938964844,104.12000274658203,2248878.0,92.35455322265625,1.02,,KNCR11,01-11-2024
103.26000213623047,103.94000244140625,94.80999755859375,102.98999786376953,4376586.0,92.25251770019531,0.95,,KNCR11,01-12-2024
101.69000244140625,103.9000015258789,100.33999633789062,102.0,2736839.0,92.20704650878906,1.0,,KNCR11,01-01-2025
101.19000244140625,103.01000213623047,99.01000213623047,102.38999938964844,2469467.0,93.46712493896484,1.07,,KNCR11,01-02-2025
102.38999938964844,105.38999938964844,100.5999984741211,104.69999694824219,1948621.0,96.58906555175781,1.07,,KNCR11,01-03-2025
103.79000091552734,104.87999725341797,101.80999755859375,103.19999694824219,1999937.0,96.21070098876953,1.04,,KNCR11,01-04-2025
103.19999694824219,104.80000305175781,102.01000213623047,104.62000274658203,2352135.0,98.51306915283203,1.16,,KNCR11,01-05-2025
103.55000305175781,106.23999786376953,101.86000061035156,105.19999694824219,2298918.0,100.18531799316406,1.2,,KNCR11,01-06-2025
104.30000305175781,105.69000244140625,103.1500015258789,104.98999786376953,2375113.0,101.1454849243164,1.2,,KNCR11,01-07-2025
104.48999786376953,105.63999938964844,101.79000091552734,105.4000015258789,2451732.0,102.71208190917969,1.35,,KNCR11,01-08-2025
103.87999725341797,106.88999938964844,103.51000213623047,106.87999725341797,1247299.0,105.51104736328125,1.35,,KNCR11,01-09-2025
0.0,0.0,0.0,106.87999725341797,0.0,106.87999725341797,0.0,,KNCR11,15-09-2025
109.69999694824219,113.0199966430664,108.25,109.5,189723.0,69.13153839111328,0.0,,KNHY11,01-10-2020
109.5,115.0,108.0,112.69000244140625,335564.0,71.1455078125,0.0,,KNHY11,01-11-2020
111.98999786376953,115.9000015258789,110.0,115.0,229194.0,72.60389709472656,0.0,,KNHY11,01-12-2020
115.0,115.0,110.6500015258789,112.72000122070312,204269.0,71.16446685791016,0.0,,KNHY11,01-01-2021
111.30000305175781,118.19999694824219,111.30000305175781,116.9800033569336,239954.0,73.85395050048828,0.0,,KNHY11,01-02-2021
117.0,117.0,113.30000305175781,114.7300033569336,287215.0,72.4334487915039,0.0,,KNHY11,01-03-2021
114.16000366210938,117.01000213623047,111.87999725341797,114.5,335487.0,72.28824615478516,0.0,,KNHY11,01-04-2021
112.88999938964844,113.5,107.31999969482422,112.2699966430664,521399.0,70.8803482055664,0.0,,KNHY11,01-05-2021
111.18000030517578,113.0,108.0,111.5999984741211,431168.0,70.45732879638672,0.0,,KNHY11,01-06-2021
111.52999877929688,112.93000030517578,106.1500015258789,108.48999786376953,299483.0,68.49388122558594,0.0,,KNHY11,01-07-2021
108.0,108.0,105.01000213623047,107.95999908447266,362640.0,68.1592788696289,0.0,,KNHY11,01-08-2021
106.6500015258789,112.5,103.38999938964844,107.51000213623047,815088.0,67.87517547607422,0.0,,KNHY11,01-09-2021
106.83999633789062,107.0,102.7300033569336,104.45999908447266,519533.0,65.94960021972656,0.0,,KNHY11,01-10-2021
104.4000015258789,107.0,102.5,105.83000183105469,525436.0,66.81452178955078,0.0,,KNHY11,01-11-2021
104.11000061035156,109.79000091552734,103.9000015258789,109.23999786376953,615380.0,68.9673843383789,0.0,,KNHY11,01-12-2021
108.0,109.8499984741211,104.0,106.37999725341797,665144.0,67.16175079345703,0.0,,KNHY11,01-01-2022
104.31999969482422,106.4000015258789,102.94999694824219,104.16000366210938,433441.0,65.76018524169922,0.0,,KNHY11,01-02-2022
104.16000366210938,104.16000366210938,100.5,103.88999938964844,882441.0,65.58972930908203,0.0,,KNHY11,01-03-2022
104.25,104.25,101.80000305175781,103.19000244140625,482355.0,65.14779663085938,1.205124,,KNHY11,01-04-2022
103.0,105.0,101.19999694824219,104.79000091552734,508315.0,66.93438720703125,1.543754,,KNHY11,01-05-2022
103.04000091552734,104.97000122070312,102.4000015258789,104.0,496040.0,67.43865966796875,1.742948,,KNHY11,01-06-2022
102.0,102.25,96.69999694824219,98.19999694824219,654252.0,64.75469970703125,1.274842,,KNHY11,01-07-2022
96.75,98.80999755859375,94.27999877929688,98.0,629612.0,65.42481231689453,1.155326,,KNHY11,01-08-2022
95.9800033569336,98.80000305175781,95.69999694824219,97.05999755859375,482367.0,65.5687026977539,0.756938,,KNHY11,01-09-2022
95.91000366210938,97.91999816894531,94.55999755859375,97.51000213623047,543059.0,66.38543701171875,0.368509,,KNHY11,01-10-2022
97.0,99.0,95.33000183105469,96.4800033569336,543826.0,65.93456268310547,0.468106,,KNHY11,01-11-2022
95.66000366210938,98.86000061035156,95.5,97.80999755859375,586020.0,67.16588592529297,0.896373,,KNHY11,01-12-2022
96.8499984741211,97.88999938964844,93.0,95.45999908447266,661606.0,66.1668930053711,0.946172,,KNHY11,01-01-2023
94.76000213623047,98.48999786376953,93.7699966430664,97.75,364968.0,68.416015625,1.314681,,KNHY11,01-02-2023
97.0,99.06999969482422,96.16999816894531,98.5999984741211,500552.0,69.9746322631836,1.075648,,KNHY11,01-03-2023
97.30000305175781,99.0,95.04000091552734,99.0,372747.0,71.04023742675781,1.294762,,KNHY11,01-04-2023
99.0,102.0,96.05000305175781,100.87999725341797,515631.0,73.35250091552734,1.195165,,KNHY11,01-05-2023
101.08000183105469,102.0,98.0999984741211,99.4000015258789,676232.0,73.15956115722656,1.244963,,KNHY11,01-06-2023
98.33999633789062,100.12000274658203,97.44999694824219,99.4000015258789,629784.0,74.07371520996094,1.045769,,KNHY11,01-07-2023
98.0999984741211,102.56999969482422,97.33000183105469,102.18000030517578,598202.0,76.95503234863281,0.846575,,KNHY11,01-08-2023
101.73999786376953,103.94999694824219,100.27999877929688,102.88999938964844,453693.0,78.15538787841797,0.896373,,KNHY11,01-09-2023
102.01000213623047,102.9800033569336,100.55000305175781,101.5,405140.0,77.78187561035156,0.896373,,KNHY11,01-10-2023
101.5999984741211,101.80000305175781,99.8499984741211,101.5,369319.0,78.46546173095703,0.995971,,KNHY11,01-11-2023
100.45999908447266,104.76000213623047,100.45999908447266,103.30000305175781,554386.0,80.6483383178711,1.045769,,KNHY11,01-12-2023
103.30000305175781,106.80999755859375,102.68000030517578,105.58999633789062,692410.0,83.29438018798828,1.045769,,KNHY11,01-01-2024
105.23999786376953,107.0999984741211,104.05000305175781,106.94000244140625,670732.0,85.22208404541016,1.195165,,KNHY11,01-02-2024
106.41944885253906,107.48999786376953,104.88999938964844,106.66000366210938,547101.0,85.97206115722656,1.145366,,KNHY11,01-03-2024
105.69999694824219,107.75,105.25,106.75,1013672.0,86.97613525390625,1.24,,KNHY11,01-04-2024
106.75,106.75,105.0,105.73999786376953,978799.0,87.16661071777344,1.16,,KNHY11,01-05-2024
104.88999938964844,105.9000015258789,103.9000015258789,105.30000305175781,817424.0,87.75753021240234,1.05,,KNHY11,01-06-2024
104.25,107.0,103.69999694824219,106.1500015258789,897566.0,89.35318756103516,1.05,,KNHY11,01-07-2024
105.9800033569336,106.94999694824219,104.0,106.0199966430664,828998.0,90.14261627197266,1.12,,KNHY11,01-08-2024
105.48999786376953,108.69999694824219,104.58000183105469,106.4000015258789,1921167.0,91.43040466308594,1.03,,KNHY11,01-09-2024
105.37999725341797,105.7300033569336,102.11000061035156,103.18000030517578,1054831.0,89.53325653076172,1.0,,KNHY11,01-10-2024
102.41000366210938,103.19000244140625,101.04000091552734,102.38999938964844,774197.0,89.6906967163086,1.0,,KNHY11,01-11-2024
101.29000091552734,102.4800033569336,93.13999938964844,101.63999938964844,1335835.0,89.9050521850586,1.05,,KNHY11,01-12-2024
100.0,102.43000030517578,92.55999755859375,94.5,816650.0,84.45549011230469,1.1,,KNHY11,01-01-2025
93.30000305175781,101.3499984741211,90.87999725341797,99.5,1028704.0,89.8969497680664,1.2,,KNHY11,01-02-2025
99.5,102.77999877929688,95.91000366210938,102.41000366210938,624280.0,93.7161636352539,1.1,,KNHY11,01-03-2025
101.19999694824219,102.80000305175781,98.33999633789062,101.58999633789062,507505.0,94.0050048828125,1.23,,KNHY11,01-04-2025
100.16000366210938,103.66999816894531,99.5,103.19000244140625,530023.0,96.6463394165039,1.4,,KNHY11,01-05-2025
103.0,103.0,99.52999877929688,102.48999786376953,578679.0,97.33204650878906,1.35,,KNHY11,01-06-2025
101.44000244140625,102.25,100.5,101.37999725341797,580121.0,97.5541763305664,1.3,,KNHY11,01-07-2025
100.80999755859375,103.0,100.01000213623047,102.23999786376953,878274.0,99.64564514160156,1.3,,KNHY11,01-08-2025
101.5,101.93000030517578,100.01000213623047,101.08000183105469,390714.0,99.79475402832031,1.3,,KNHY11,01-09-2025
0.0,0.0,0.0,101.08000183105469,0.0,101.08000183105469,0.0,,KNHY11,15-09-2025
110.30000305175781,110.30000305175781,107.6500015258789,109.5,1136217.0,73.3305892944336,0.0,,KNIP11,01-10-2020
109.5,112.55000305175781,107.75,111.9000015258789,1514729.0,74.93782806396484,0.0,,KNIP11,01-11-2020
111.5999984741211,116.19000244140625,110.0199966430664,115.81999969482422,1573308.0,77.5630111694336,0.0,,KNIP11,01-12-2020
115.81999969482422,115.81999969482422,109.0,113.76000213623047,2190169.0,76.18345642089844,0.0,,KNIP11,01-01-2021
112.70999908447266,116.55999755859375,111.5,115.97000122070312,2405979.0,77.6634521484375,0.0,,KNIP11,01-02-2021
115.5,117.73999786376953,112.9000015258789,115.94999694824219,4442756.0,77.65007019042969,0.0,,KNIP11,01-03-2021
114.6500015258789,115.98999786376953,112.44999694824219,113.0,2300798.0,75.67449951171875,0.0,,KNIP11,01-04-2021
111.80999755859375,111.83999633789062,106.81999969482422,109.5999984741211,1969800.0,73.39754486083984,0.0,,KNIP11,01-05-2021
108.4000015258789,109.5,103.93000030517578,106.8499984741211,2121450.0,71.5559310913086,0.0,,KNIP11,01-06-2021
105.9000015258789,110.0999984741211,104.0999984741211,109.9800033569336,1907812.0,73.65205383300781,0.0,,KNIP11,01-07-2021
109.4000015258789,109.43000030517578,105.0,107.44000244140625,1668859.0,71.95104217529297,0.0,,KNIP11,01-08-2021
107.08999633789062,107.08999633789062,103.3499984741211,104.0199966430664,2118672.0,69.66070556640625,0.0,,KNIP11,01-09-2021
102.80000305175781,103.6500015258789,101.05000305175781,102.58999633789062,1756744.0,68.70307922363281,0.0,,KNIP11,01-10-2021
101.77999877929688,104.0999984741211,99.19999694824219,102.41000366210938,2253933.0,68.58253479003906,0.0,,KNIP11,01-11-2021
100.91000366210938,105.4800033569336,100.5999984741211,105.16000366210938,2882205.0,70.42415618896484,0.0,,KNIP11,01-12-2021
104.12000274658203,104.8499984741211,101.75,104.19999694824219,2420081.0,69.78128051757812,0.0,,KNIP11,01-01-2022
102.9000015258789,103.0,99.33000183105469,102.4000015258789,2053829.0,68.57582092285156,0.0,,KNIP11,01-02-2022
102.4000015258789,102.4000015258789,97.5999984741211,101.80999755859375,2528181.0,68.18069458007812,0.0,,KNIP11,01-03-2022
101.16999816894531,102.4000015258789,100.80000305175781,102.37000274658203,1727420.0,68.55574798583984,1.35,,KNIP11,01-04-2022
101.83999633789062,104.19999694824219,100.54000091552734,103.0,2128393.0,69.90458679199219,1.7,,KNIP11,01-05-2022
101.19999694824219,102.80000305175781,100.4000015258789,101.19000244140625,3247810.0,69.83587646484375,1.7,,KNIP11,01-06-2022
99.5999984741211,99.5999984741211,95.55999755859375,97.5999984741211,3134797.0,68.48861694335938,1.5,,KNIP11,01-07-2022
95.98999786376953,95.98999786376953,90.44999694824219,93.5999984741211,2736649.0,66.6700439453125,1.04,,KNIP11,01-08-2022
92.11000061035156,93.16000366210938,91.0,91.4000015258789,2213534.0,65.80419921875,0.58,,KNIP11,01-09-2022
90.5,96.0,90.02999877929688,95.30000305175781,2343354.0,69.03984069824219,0.35,,KNIP11,01-10-2022
94.88999938964844,94.9000015258789,91.25,91.7699966430664,2035389.0,66.73808288574219,0.3,,KNIP11,01-11-2022
91.2699966430664,92.88999938964844,88.2300033569336,91.94999694824219,2464707.0,67.08016967773438,0.5,,KNIP11,01-12-2022
90.9800033569336,91.13999938964844,88.76000213623047,90.43000030517578,1800743.0,66.33268737792969,0.94,,KNIP11,01-01-2023
89.5,91.1500015258789,88.2300033569336,91.0,1331759.0,67.44023895263672,1.0,,KNIP11,01-02-2023
89.97000122070312,91.9800033569336,88.11000061035156,91.83000183105469,2025267.0,68.81633758544922,0.91,,KNIP11,01-03-2023
90.77999877929688,91.62999725341797,89.5,91.62000274658203,1467802.0,69.3525161743164,1.05,,KNIP11,01-04-2023
91.62000274658203,95.9000015258789,89.95999908447266,95.62000274658203,2298227.0,73.21749877929688,1.0,,KNIP11,01-05-2023
94.5999984741211,94.79000091552734,92.66000366210938,93.69999694824219,2083121.0,72.53907775878906,1.0,,KNIP11,01-06-2023
92.69000244140625,93.4800033569336,90.1500015258789,92.2300033569336,2988144.0,72.15567016601562,0.8,,KNIP11,01-07-2023
91.0,93.97000122070312,90.61000061035156,92.70999908447266,3207425.0,73.15579986572266,0.52,,KNIP11,01-08-2023
91.81999969482422,94.30000305175781,91.81999969482422,93.9000015258789,2458289.0,74.51490783691406,0.5,,KNIP11,01-09-2023
93.27999877929688,93.73999786376953,91.69999694824219,91.98999786376953,1923936.0,73.3950424194336,0.6,,KNIP11,01-10-2023
91.75,92.63999938964844,90.25,91.9800033569336,2419430.0,73.85903930664062,0.7,,KNIP11,01-11-2023
91.11000061035156,96.45999908447266,90.5,95.56999969482422,2640903.0,77.3302001953125,0.7,,KNIP11,01-12-2023
95.56999969482422,97.0999984741211,94.41000366210938,96.58999633789062,2144221.0,78.7548828125,0.75,,KNIP11,01-01-2024
95.48999786376953,97.83999633789062,94.69999694824219,97.69999694824219,2182072.0,80.2900161743164,0.86,,KNIP11,01-02-2024
96.98999786376953,98.19999694824219,96.0199966430664,98.0999984741211,2032387.0,81.34297943115234,0.95,,KNIP11,01-03-2024
97.05000305175781,98.38999938964844,96.01000213623047,97.0,2432054.0,81.22063446044922,1.05,,KNIP11,01-04-2024
95.94999694824219,97.4800033569336,94.01000213623047,96.9000015258789,2131696.0,82.01473999023438,1.05,,KNIP11,01-05-2024
96.05000305175781,96.48999786376953,95.0,96.30000305175781,1835311.0,82.39886474609375,0.8,,KNIP11,01-06-2024
95.44999694824219,96.3499984741211,94.11000061035156,95.37999725341797,1904632.0,82.29104614257812,0.85,,KNIP11,01-07-2024
94.45999908447266,96.9000015258789,93.81999969482422,96.5,1764713.0,83.998779296875,0.87,,KNIP11,01-08-2024
95.37999725341797,96.19999694824219,93.25,94.0,1900080.0,82.57585906982422,0.76,,KNIP11,01-09-2024
92.80000305175781,93.0,91.12999725341797,91.4800033569336,2741580.0,81.00004577636719,0.75,,KNIP11,01-10-2024
91.1500015258789,92.45999908447266,90.0,90.7300033569336,2052460.0,80.98210906982422,0.7,,KNIP11,01-11-2024
90.0,90.7699966430664,84.91999816894531,90.30000305175781,3041934.0,81.21977996826172,0.9,,KNIP11,01-12-2024
89.29000091552734,90.25,84.02999877929688,85.88999938964844,1724304.0,78.02723693847656,1.0,,KNIP11,01-01-2025
84.80000305175781,87.94000244140625,83.52999877929688,87.3499984741211,1770539.0,80.24219512939453,0.95,,KNIP11,01-02-2025
87.3499984741211,91.95999908447266,85.91000366210938,91.3499984741211,1449783.0,84.85526275634766,0.9,,KNIP11,01-03-2025
90.25,91.4000015258789,87.69000244140625,91.29000091552734,1136594.0,85.6823501586914,1.1,,KNIP11,01-04-2025
90.04000091552734,91.72000122070312,89.5999984741211,91.3499984741211,1419867.0,86.78366088867188,1.25,,KNIP11,01-05-2025
90.69000244140625,91.19999694824219,88.44999694824219,90.98999786376953,1277697.0,87.6417007446289,1.04,,KNIP11,01-06-2025
90.18000030517578,90.18000030517578,86.11000061035156,87.6500015258789,1448089.0,85.3968505859375,0.8,,KNIP11,01-07-2025
86.51000213623047,87.7699966430664,85.5,87.38999938964844,1927185.0,85.89876556396484,0.8,,KNIP11,01-08-2025
86.0999984741211,88.30000305175781,85.19999694824219,87.25,1029777.0,86.55111694335938,0.7,,KNIP11,01-09-2025
0.0,0.0,0.0,87.25,0.0,87.25,0.0,,KNIP11,15-09-2025
9.529999732971191,9.762999534606934,9.32699966430664,9.706999778747559,9007910.0,6.387264251708984,0.0,0.0,KNSC11,01-03-2022
9.630000114440918,9.65999984741211,9.359999656677246,9.470000267028809,10470080.0,6.231319427490234,0.11175,0.0,KNSC11,01-04-2022
9.348999977111816,9.479000091552734,9.112000465393066,9.416999816894531,9872260.0,6.2686076164245605,0.113746,0.0,KNSC11,01-05-2022
9.28499984741211,9.40999984741211,9.20300006866455,9.407999992370605,8774040.0,6.338754177093506,0.134699,0.0,KNSC11,01-06-2022
9.201000213623047,9.335000038146973,9.100000381469727,9.121000289916992,9237040.0,6.234562873840332,0.108757,0.0,KNSC11,01-07-2022
9.029999732971191,9.029999732971191,8.501999855041504,8.520999908447266,12328080.0,5.892557621002197,0.090797,0.0,KNSC11,01-08-2022
8.4350004196167,8.704999923706055,8.430000305175781,8.5600004196167,8813270.0,5.979045867919922,0.069844,0.0,KNSC11,01-09-2022
8.479999542236328,8.937000274658203,8.380000114440918,8.864999771118164,9531110.0,6.243258953094482,0.049888,0.0,KNSC11,01-10-2022
8.810999870300293,8.968999862670898,8.5,8.565999984741211,9184500.0,6.068050384521484,0.051884,0.0,KNSC11,01-11-2022
8.489999771118164,8.795000076293945,8.319999694824219,8.640000343322754,9204710.0,6.156503677368164,0.074833,0.0,KNSC11,01-12-2022
8.510000228881836,8.800000190734863,8.364999771118164,8.788000106811523,10498690.0,6.317149639129639,0.09379,0.0,KNSC11,01-01-2023
8.720000267028809,8.888999938964844,8.451000213623047,8.675000190734863,7313110.0,6.304357051849365,0.103768,0.0,KNSC11,01-02-2023
8.585000038146973,8.75,8.447999954223633,8.623000144958496,7595630.0,6.341444969177246,0.086806,0.0,KNSC11,01-03-2023
8.616000175476074,8.616999626159668,8.406000137329102,8.58899974822998,5758960.0,6.380284786224365,0.104766,0.0,KNSC11,01-04-2023
8.58899974822998,9.194999694824219,8.489999771118164,9.098999977111816,7320220.0,6.84226655960083,0.094788,0.0,KNSC11,01-05-2023
8.993000030517578,9.161999702453613,8.715999603271484,8.901000022888184,9991430.0,6.768066883087158,0.104766,0.0,KNSC11,01-06-2023
8.75,8.954000473022461,8.670999526977539,8.892000198364258,8478970.0,6.8399786949157715,0.079822,0.0,KNSC11,01-07-2023
8.8100004196167,9.119000434875488,8.758000373840332,9.079999923706055,7444730.0,7.047796726226807,0.069844,0.0,KNSC11,01-08-2023
9.00100040435791,9.206999778747559,8.866000175476074,9.194000244140625,5884610.0,7.192780017852783,0.079822,0.0,KNSC11,01-09-2023
9.119000434875488,9.119000434875488,8.720000267028809,8.765000343322754,6183460.0,6.917974948883057,0.074833,0.0,KNSC11,01-10-2023
8.779999732971191,9.100000381469727,8.678000450134277,8.850000381469727,6821309.0,7.042381763458252,0.079822,10.0,KNSC11,01-11-2023
8.779999732971191,9.25,8.640000343322754,9.130000114440918,7195128.0,7.331963539123535,0.069844,0.0,KNSC11,01-12-2023
9.130000114440918,9.239999771118164,8.920000076293945,9.09000015258789,6445050.0,7.357909202575684,0.069844,0.0,KNSC11,01-01-2024
9.050000190734863,9.199999809265137,8.890000343322754,9.15999984741211,6687143.0,7.471728324890137,0.079822,0.0,KNSC11,01-02-2024
9.079999923706055,9.270000457763672,8.930000305175781,9.260000228881836,8903666.0,7.620214939117432,0.079822,0.0,KNSC11,01-03-2024
9.180000305175781,9.289999961853027,8.979999542236328,9.140000343322754,9676457.0,7.587583065032959,0.089799,0.0,KNSC11,01-04-2024
9.140000343322754,9.359999656677246,8.920000076293945,9.199999809265137,10508958.0,7.712181568145752,0.089799,0.0,KNSC11,01-05-2024
9.130000114440918,9.260000228881836,8.979999542236328,9.199999809265137,8881024.0,7.7887043952941895,0.079822,0.0,KNSC11,01-06-2024
9.09000015258789,9.359999656677246,9.0,9.300000190734863,8206956.0,7.9422736167907715,0.089799,0.0,KNSC11,01-07-2024
9.15999984741211,9.300000190734863,9.09000015258789,9.260000228881836,7111693.0,7.986062049865723,0.089799,0.0,KNSC11,01-08-2024
9.199999809265137,9.300000190734863,9.180000305175781,9.300000190734863,8554075.0,8.098758697509766,0.09,0.0,KNSC11,01-09-2024
9.1899995803833,9.300000190734863,8.710000038146973,8.850000381469727,12947432.0,7.782525062561035,0.09,0.0,KNSC11,01-10-2024
8.770000457763672,8.890000343322754,8.359999656677246,8.619999885559082,15520288.0,7.654341697692871,0.08,0.0,KNSC11,01-11-2024
8.4399995803833,8.829999923706055,7.800000190734863,8.829999923706055,20622169.0,7.912338733673096,0.08,0.0,KNSC11,01-12-2024
8.829999923706055,8.829999923706055,7.960000038146973,8.130000114440918,14132295.0,7.353332042694092,0.09,0.0,KNSC11,01-01-2025
8.210000038146973,8.699999809265137,8.039999961853027,8.59000015258789,13050080.0,7.849392890930176,0.1,0.0,KNSC11,01-02-2025
8.59000015258789,8.819999694824219,8.260000228881836,8.6899995803833,11334734.0,8.039658546447754,0.09,0.0,KNSC11,01-03-2025
8.699999809265137,8.770000457763672,8.470000267028809,8.670000076293945,12000711.0,8.106086730957031,0.1,0.0,KNSC11,01-04-2025
8.600000381469727,9.069999694824219,8.579999923706055,9.0,10985992.0,8.512579917907715,0.11,0.0,KNSC11,01-05-2025
8.970000267028809,8.970000267028809,8.649999618530273,8.949999809265137,9896455.0,8.574071884155273,0.1,0.0,KNSC11,01-06-2025
8.800000190734863,8.949999809265137,8.720000267028809,8.859999656677246,10255274.0,8.583221435546875,0.09,0.0,KNSC11,01-07-2025
8.729999542236328,8.819999694824219,8.420000076293945,8.800000190734863,12433887.0,8.611693382263184,0.1,0.0,KNSC11,01-08-2025
8.640000343322754,8.729999542236328,8.539999961853027,8.710000038146973,6342567.0,8.620920181274414,0.09,0.0,KNSC11,01-09-2025
0.0,0.0,0.0,8.710000038146973,0.0,8.710000038146973,0.0,0.0,KNSC11,15-09-2025
100.5999984741211,114.98999786376953,100.0,104.5,121512.0,68.1943359375,0.0,,VCJR11,01-10-2020
104.5,106.98999786376953,100.5,102.0,88625.0,66.56288146972656,0.0,,VCJR11,01-11-2020
105.80999755859375,106.0,101.11000061035156,106.0,92789.0,69.17320251464844,0.0,,VCJR11,01-12-2020
106.0,106.0,103.0,105.5,97640.0,68.8469009399414,0.0,,VCJR11,01-01-2021
104.62999725341797,106.98999786376953,101.55000305175781,104.9800033569336,138719.0,68.507568359375,0.0,,VCJR11,01-02-2021
104.41000366210938,106.3499984741211,102.2699966430664,104.5,200332.0,68.1943359375,0.0,,VCJR11,01-03-2021
104.38999938964844,104.48999786376953,99.11000061035156,103.0,201727.0,67.2154769897461,0.0,,VCJR11,01-04-2021
101.55000305175781,103.6500015258789,99.98999786376953,102.0,179570.0,66.56288146972656,0.0,,VCJR11,01-05-2021
101.20999908447266,102.4000015258789,94.66000366210938,95.25,191817.0,62.157981872558594,0.0,,VCJR11,01-06-2021
95.16000366210938,99.98999786376953,92.11000061035156,97.77999877929688,202040.0,63.809017181396484,0.0,,VCJR11,01-07-2021
97.69000244140625,98.01000213623047,93.2699966430664,94.70999908447266,189387.0,61.80559539794922,0.0,,VCJR11,01-08-2021
94.12999725341797,96.38999938964844,92.44999694824219,95.48999786376953,272841.0,62.314605712890625,0.0,,VCJR11,01-09-2021
94.91000366210938,98.0,94.0,95.8499984741211,186313.0,62.54954147338867,0.0,,VCJR11,01-10-2021
94.66000366210938,98.5,92.38999938964844,96.19999694824219,255785.0,62.7779541015625,0.0,,VCJR11,01-11-2021
95.41999816894531,104.30999755859375,94.80000305175781,100.0,230879.0,65.25774383544922,0.0,,VCJR11,01-12-2021
98.94000244140625,100.63999938964844,96.51000213623047,98.0199966430664,289762.0,63.965641021728516,0.0,,VCJR11,01-01-2022
97.30000305175781,97.9000015258789,95.11000061035156,97.9000015258789,250793.0,63.887332916259766,0.0,,VCJR11,01-02-2022
97.9000015258789,99.83999633789062,93.91999816894531,97.05999755859375,286717.0,63.33914566040039,0.0,,VCJR11,01-03-2022
95.91000366210938,98.98999786376953,94.1500015258789,98.83000183105469,168134.0,64.49420166015625,1.13,,VCJR11,01-04-2022
97.41000366210938,99.98999786376953,95.29000091552734,98.11000061035156,226324.0,64.7785415649414,1.49,,VCJR11,01-05-2022
97.0,101.5,96.0999984741211,101.29000091552734,309595.0,67.90189361572266,1.75,,VCJR11,01-06-2022
99.95999908447266,99.95999908447266,92.37999725341797,93.88999938964844,243615.0,64.08421325683594,1.3,,VCJR11,01-07-2022
92.16000366210938,94.87000274658203,85.54000091552734,91.0,509638.0,62.91919708251953,1.0,,VCJR11,01-08-2022
89.0,94.4800033569336,88.31999969482422,90.11000061035156,449049.0,62.974552154541016,0.7,,VCJR11,01-09-2022
88.05999755859375,96.04000091552734,87.94999694824219,93.43000030517578,502208.0,65.80095672607422,0.15,,VCJR11,01-10-2022
93.0999984741211,94.11000061035156,90.0,91.33000183105469,364815.0,64.42919921875,0.25,,VCJR11,01-11-2022
90.9000015258789,91.5,87.5199966430664,90.51000213623047,333224.0,64.02204895019531,0.43,,VCJR11,01-12-2022
89.51000213623047,91.3499984741211,88.33000183105469,90.5,260683.0,64.31778717041016,1.0,,VCJR11,01-01-2023
89.79000091552734,89.9000015258789,87.5,88.62000274658203,222352.0,63.68531799316406,1.08,,VCJR11,01-02-2023
87.68000030517578,90.66999816894531,85.66999816894531,87.6500015258789,469054.0,63.74900817871094,0.95,,VCJR11,01-03-2023
87.0,87.30000305175781,85.13999938964844,86.56999969482422,331749.0,63.64577865600586,1.2,,VCJR11,01-04-2023
86.56999969482422,94.47000122070312,85.58000183105469,92.3499984741211,511030.0,68.83766174316406,1.1,,VCJR11,01-05-2023
91.0999984741211,93.80000305175781,89.25,90.68000030517578,549680.0,68.46275329589844,1.25,,VCJR11,01-06-2023
89.4000015258789,91.44999694824219,87.91000366210938,91.44000244140625,559358.0,69.98380279541016,1.0,,VCJR11,01-07-2023
90.48999786376953,92.5,89.30000305175781,91.0,565180.0,70.42367553710938,0.7,,VCJR11,01-08-2023
90.12999725341797,94.41000366210938,90.12000274658203,92.37999725341797,454305.0,72.04314422607422,0.55,,VCJR11,01-09-2023
91.02999877929688,92.87000274658203,89.0,91.11000061035156,423358.0,71.48477935791016,0.65,,VCJR11,01-10-2023
90.0,92.0,89.02999877929688,89.69000244140625,387351.0,70.86929321289062,0.075,,VCJR11,01-11-2023
89.69999694824219,94.80000305175781,88.37000274658203,94.30999755859375,443591.0,74.58121490478516,0.9,,VCJR11,01-12-2023
94.30999755859375,95.9000015258789,91.30999755859375,95.18000030517578,370159.0,76.03218078613281,0.9,,VCJR11,01-01-2024
94.20999908447266,95.5,92.37000274658203,94.93000030517578,490601.0,76.56310272216797,0.97,,VCJR11,01-02-2024
93.93000030517578,95.5,92.5,95.12999725341797,373746.0,77.51438903808594,1.0,,VCJR11,01-03-2024
93.75,96.97000122070312,87.29000091552734,93.6500015258789,993388.0,77.12083435058594,1.03,,VCJR11,01-04-2024
93.6500015258789,93.9000015258789,90.5,92.2699966430664,631785.0,76.81610107421875,1.2,,VCJR11,01-05-2024
90.19999694824219,93.66000366210938,89.69999694824219,92.97000122070312,507626.0,78.40353393554688,0.8,,VCJR11,01-06-2024
92.06999969482422,93.06999969482422,90.37999725341797,92.2300033569336,403119.0,78.459716796875,0.9,,VCJR11,01-07-2024
91.94000244140625,93.30000305175781,90.08999633789062,92.5,365766.0,79.45860290527344,1.0,,VCJR11,01-08-2024
91.23999786376953,93.48999786376953,88.52999877929688,89.33000183105469,512897.0,77.57664489746094,0.8,,VCJR11,01-09-2024
88.76000213623047,89.62000274658203,82.5999984741211,83.77999877929688,572875.0,73.3916244506836,0.8,,VCJR11,01-10-2024
82.25,87.80000305175781,80.08999633789062,82.0,576031.0,72.48143768310547,0.7,,VCJR11,01-11-2024
81.5999984741211,81.93000030517578,66.5,76.5199966430664,915054.0,68.20743560791016,0.9,,VCJR11,01-12-2024
75.0,76.37999725341797,69.68000030517578,73.29000091552734,599299.0,66.05331420898438,0.95,,VCJR11,01-01-2025
71.7699966430664,81.48999786376953,69.5999984741211,79.7699966430664,630097.0,72.79724884033203,0.95,,VCJR11,01-02-2025
79.7699966430664,85.0,77.55000305175781,84.5199966430664,326037.0,78.14498138427734,0.95,,VCJR11,01-03-2025
83.43000030517578,86.9800033569336,81.0199966430664,85.0,321224.0,79.53599548339844,1.1,,VCJR11,01-04-2025
83.5,87.48999786376953,83.4000015258789,85.7300033569336,350591.0,81.27685546875,1.5,,VCJR11,01-05-2025
84.0,85.58999633789062,80.01000213623047,82.30000305175781,576319.0,79.42668151855469,1.05,,VCJR11,01-06-2025
81.4800033569336,83.12000274658203,77.9000015258789,80.94999694824219,807508.0,79.0925064086914,0.0,,VCJR11,01-07-2025
80.0,80.5,76.73999786376953,79.33999633789062,533103.0,77.51945495605469,0.95,,VCJR11,01-08-2025
78.4000015258789,78.80000305175781,76.25,78.37999725341797,343759.0,77.49088287353516,0.9,,VCJR11,01-09-2025
0.0,0.0,0.0,78.37999725341797,0.0,78.37999725341797,0.0,,VCJR11,15-09-2025
107.51000213623047,108.1500015258789,107.11000061035156,107.77999877929688,256804.0,67.59565734863281,0.0,,BCRI11,01-10-2020
107.77999877929688,109.69999694824219,106.0,108.13999938964844,373228.0,67.8214340209961,0.0,,BCRI11,01-11-2020
107.11000061035156,117.94999694824219,105.9800033569336,116.86000061035156,404700.0,73.29026794433594,0.0,,BCRI11,01-12-2020
116.86000061035156,118.68000030517578,112.93000030517578,118.44000244140625,264553.0,74.28118133544922,0.0,,BCRI11,01-01-2021
118.38999938964844,118.38999938964844,109.75,113.68000030517578,392288.0,71.29589080810547,0.0,,BCRI11,01-02-2021
113.2300033569336,115.19000244140625,109.98999786376953,114.25,246198.0,71.65338134765625,0.0,,BCRI11,01-03-2021
113.5,119.97000122070312,112.1500015258789,119.30000305175781,211894.0,74.820556640625,0.0,,BCRI11,01-04-2021
118.5,119.5,114.01000213623047,115.5999984741211,310914.0,72.50004577636719,0.0,,BCRI11,01-05-2021
113.0,114.27999877929688,108.5,112.29000091552734,701869.0,70.42414855957031,0.0,,BCRI11,01-06-2021
110.94999694824219,115.87999725341797,108.0,115.56999969482422,372637.0,72.48123168945312,0.0,,BCRI11,01-07-2021
113.19999694824219,113.5,105.5999984741211,109.25,354445.0,68.517578125,0.0,,BCRI11,01-08-2021
108.12999725341797,110.0,107.0999984741211,109.9000015258789,262913.0,68.92521667480469,0.0,,BCRI11,01-09-2021
108.94000244140625,109.5999984741211,107.5,107.87000274658203,209447.0,67.6520767211914,0.0,,BCRI11,01-10-2021
107.1500015258789,107.69999694824219,103.5,104.05999755859375,218806.0,65.26258850097656,0.0,,BCRI11,01-11-2021
103.33000183105469,109.38999938964844,101.4000015258789,108.8499984741211,236075.0,68.26669311523438,0.0,,BCRI11,01-12-2021
107.44999694824219,111.76000213623047,106.0,110.80999755859375,204272.0,69.49592590332031,0.0,,BCRI11,01-01-2022
110.19999694824219,110.9000015258789,107.0,110.80000305175781,192969.0,69.48967742919922,0.0,,BCRI11,01-02-2022
110.80000305175781,112.86000061035156,108.0,110.66000366210938,321018.0,69.4018783569336,0.0,,BCRI11,01-03-2022
109.94000244140625,110.69999694824219,106.27999877929688,110.30000305175781,317746.0,69.17609405517578,0.0,,BCRI11,01-04-2022
108.98999786376953,109.5999984741211,106.43000030517578,109.0,193114.0,68.36080169677734,1.3,,BCRI11,01-05-2022
107.98999786376953,110.5,105.72000122070312,109.62999725341797,207097.0,69.57592010498047,1.45,,BCRI11,01-06-2022
108.94000244140625,108.94000244140625,106.05999755859375,107.87999725341797,179560.0,69.38837432861328,1.47,,BCRI11,01-07-2022
106.5,106.52999877929688,103.0,104.9800033569336,235581.0,68.44078063964844,1.35,,BCRI11,01-08-2022
104.0999984741211,105.88999938964844,102.56999969482422,104.30000305175781,180227.0,68.859130859375,1.29,,BCRI11,01-09-2022
103.73999786376953,104.87999725341797,102.8499984741211,103.02999877929688,136330.0,68.8669204711914,1.1,,BCRI11,01-10-2022
102.02999877929688,103.13999938964844,96.01000213623047,97.9800033569336,148354.0,66.18949127197266,1.0,,BCRI11,01-11-2022
97.97000122070312,99.9800033569336,91.5,95.30999755859375,149759.0,65.016845703125,1.0,,BCRI11,01-12-2022
95.30000305175781,99.75,93.76000213623047,99.25,119858.0,68.40267944335938,1.04,,BCRI11,01-01-2023
97.95999908447266,97.95999908447266,92.58999633789062,94.79000091552734,112338.0,66.0495834350586,1.0,,BCRI11,01-02-2023
93.61000061035156,93.83999633789062,77.0999984741211,77.13999938964844,290768.0,54.298179626464844,0.8,,BCRI11,01-03-2023
77.1500015258789,77.1500015258789,67.9000015258789,68.41000366210938,306452.0,48.563072204589844,0.86,,BCRI11,01-04-2023
68.41000366210938,82.37000274658203,67.30000305175781,80.0,211140.0,57.43088150024414,0.7,,BCRI11,01-05-2023
79.4000015258789,80.5,78.0,79.77999877929688,180172.0,57.86503982543945,0.8,,BCRI11,01-06-2023
78.19999694824219,79.4000015258789,75.05999755859375,76.30999755859375,176816.0,55.90729904174805,0.73,,BCRI11,01-07-2023
75.51000213623047,75.51000213623047,69.0,70.9000015258789,218559.0,52.42343521118164,0.69,,BCRI11,01-08-2023
70.19000244140625,72.13999938964844,69.0199966430664,70.87000274658203,185052.0,52.8793830871582,0.8,,BCRI11,01-09-2023
70.0,70.0,67.0,68.87000274658203,168185.0,51.97352600097656,0.7,,BCRI11,01-10-2023
68.12000274658203,70.33000183105469,67.08999633789062,69.5,161350.0,52.97219467163086,0.75,,BCRI11,01-11-2023
68.66000366210938,74.8499984741211,67.33000183105469,74.66999816894531,202391.0,57.5393180847168,0.75,,BCRI11,01-12-2023
74.66999816894531,76.29000091552734,73.51000213623047,75.44999694824219,173821.0,58.77465057373047,0.78,,BCRI11,01-01-2024
74.63999938964844,76.88999938964844,72.87000274658203,75.1500015258789,126979.0,59.15890121459961,0.79,,BCRI11,01-02-2024
74.55999755859375,75.63999938964844,71.51000213623047,74.55000305175781,129460.0,59.307559967041016,0.72,,BCRI11,01-03-2024
73.5,73.5,68.5,69.94999694824219,203135.0,56.18638610839844,0.72,,BCRI11,01-04-2024
69.94999694824219,70.27999877929688,68.1500015258789,69.38999938964844,191324.0,56.28012466430664,0.8,,BCRI11,01-05-2024
68.62999725341797,68.88999938964844,65.30999755859375,67.19000244140625,178261.0,55.12625503540039,0.76,,BCRI11,01-06-2024
66.29000091552734,67.44000244140625,65.62000274658203,66.93000030517578,157790.0,55.52101516723633,0.75,,BCRI11,01-07-2024
66.88999938964844,70.31999969482422,65.98999786376953,70.30000305175781,158788.0,58.97487258911133,0.81,,BCRI11,01-08-2024
68.88999938964844,69.95999908447266,66.0,67.0999984741211,145776.0,56.979957580566406,0.81,,BCRI11,01-09-2024
66.33999633789062,66.5,62.099998474121094,64.73999786376953,199564.0,55.6167106628418,0.76,,BCRI11,01-10-2024
64.0,64.22000122070312,61.77000045776367,62.810001373291016,155094.0,54.57685089111328,0.84,,BCRI11,01-11-2024
62.5,62.5,55.779998779296875,59.529998779296875,168304.0,52.40676498413086,0.75,,BCRI11,01-12-2024
60.04999923706055,61.95000076293945,56.900001525878906,59.88999938964844,119730.0,53.36086654663086,0.78,,BCRI11,01-01-2025
59.540000915527344,63.439998626708984,56.52000045776367,62.4900016784668,191897.0,56.416622161865234,0.84,,BCRI11,01-02-2025
62.4900016784668,69.0,59.0,68.29000091552734,173920.0,62.52994918823242,0.77,,BCRI11,01-03-2025
67.16999816894531,69.44000244140625,64.0,68.69000244140625,117353.0,63.68088150024414,0.76,,BCRI11,01-04-2025
67.91999816894531,68.87999725341797,65.0199966430664,68.87999725341797,115709.0,64.57568359375,0.81,,BCRI11,01-05-2025
69.5,69.5,64.0,66.33999633789062,161287.0,62.93656539916992,0.88,,BCRI11,01-06-2025
65.48999786376953,66.4000015258789,63.209999084472656,65.04000091552734,142555.0,62.50177764892578,0.85,,BCRI11,01-07-2025
64.77999877929688,65.19999694824219,63.29999923706055,65.1500015258789,101463.0,63.42007827758789,0.91,,BCRI11,01-08-2025
63.849998474121094,64.97000122070312,62.40999984741211,63.56999969482422,81271.0,62.760128021240234,0.83,,BCRI11,01-09-2025
0.0,63.56999969482422,63.56999969482422,63.56999969482422,0.0,63.56999969482422,0.0,,BCRI11,15-09-2025
91.05000305175781,92.0199966430664,86.06999969482422,86.5,1092603.0,60.011531829833984,0.447564,,BRCR11,01-10-2020
86.5,89.3499984741211,86.5,87.52999877929688,776719.0,61.024593353271484,0.470949,,BRCR11,01-11-2020
87.5,89.88999938964844,86.0999984741211,88.73999786376953,994155.0,62.199527740478516,0.0,,BRCR11,01-12-2020
88.73999786376953,92.69999694824219,87.69000244140625,89.9000015258789,2600262.0,63.01259994506836,0.0,,BRCR11,01-01-2021
89.9000015258789,90.06999969482422,86.5199966430664,86.91000366210938,732450.0,60.9168586730957,0.0,,BRCR11,01-02-2021
87.0199966430664,87.5,81.05000305175781,82.0,983116.0,57.47533416748047,0.0,,BRCR11,01-03-2021
82.0,85.47000122070312,81.9000015258789,85.45999908447266,664812.0,59.90050506591797,0.0,,BRCR11,01-04-2021
85.48999786376953,85.48999786376953,81.97000122070312,82.9000015258789,630099.0,58.10615921020508,0.0,,BRCR11,01-05-2021
83.0,83.94999694824219,79.43000030517578,81.0,788936.0,56.7744255065918,0.0,,BRCR11,01-06-2021
81.19999694824219,83.47000122070312,79.51000213623047,81.01000213623047,622198.0,56.78142166137695,0.0,,BRCR11,01-07-2021
81.02999877929688,81.55999755859375,73.58999633789062,77.83000183105469,569507.0,54.552513122558594,0.0,,BRCR11,01-08-2021
77.69999694824219,77.7300033569336,73.02999877929688,73.79000091552734,603390.0,51.720794677734375,0.0,,BRCR11,01-09-2021
74.0,74.0999984741211,67.1500015258789,67.22000122070312,667694.0,47.115753173828125,0.0,,BRCR11,01-10-2021
67.36000061035156,67.97000122070312,62.0,63.900001525878906,821149.0,44.78871536254883,0.0,,BRCR11,01-11-2021
63.900001525878906,73.3499984741211,63.22999954223633,72.80000305175781,596946.0,51.02688217163086,0.0,,BRCR11,01-12-2021
72.69000244140625,73.80000305175781,68.7300033569336,71.06999969482422,605850.0,49.81428909301758,0.0,,BRCR11,01-01-2022
71.36000061035156,71.5999984741211,66.31999969482422,68.83999633789062,512252.0,48.25124740600586,0.0,,BRCR11,01-02-2022
68.83999633789062,70.0,65.3499984741211,67.48999786376953,697292.0,47.30499267578125,0.0,,BRCR11,01-03-2022
67.29000091552734,71.0,67.19000244140625,69.69999694824219,595685.0,48.85403060913086,0.5,,BRCR11,01-04-2022
69.69999694824219,70.12999725341797,66.33000183105469,67.66999816894531,562626.0,47.767799377441406,0.5,,BRCR11,01-05-2022
67.69000244140625,68.48999786376953,61.70000076293945,61.88999938964844,539696.0,44.0113525390625,0.41,,BRCR11,01-06-2022
61.70000076293945,61.70000076293945,54.90999984741211,56.849998474121094,788803.0,40.67546844482422,0.41,,BRCR11,01-07-2022
56.900001525878906,70.9000015258789,56.65999984741211,70.4000015258789,978475.0,50.71986389160156,0.47,,BRCR11,01-08-2022
70.69000244140625,71.01000213623047,65.9800033569336,69.79000091552734,728173.0,50.6911735534668,0.47,,BRCR11,01-09-2022
69.79000091552734,69.98999786376953,66.0,66.55000305175781,551054.0,48.663414001464844,0.47,,BRCR11,01-10-2022
66.51000213623047,68.19000244140625,57.0099983215332,58.27000045776367,565769.0,42.90542221069336,0.47,,BRCR11,01-11-2022
58.27000045776367,59.779998779296875,56.599998474121094,59.220001220703125,562781.0,43.91155242919922,0.5,,BRCR11,01-12-2022
59.220001220703125,60.5,56.0099983215332,57.099998474121094,595382.0,42.70206832885742,0.47,,BRCR11,01-01-2023
57.099998474121094,57.47999954223633,52.29999923706055,52.900001525878906,474167.0,39.870994567871094,0.47,,BRCR11,01-02-2023
53.20000076293945,57.38999938964844,51.900001525878906,52.779998779296875,550198.0,40.116947174072266,0.46,,BRCR11,01-03-2023
52.779998779296875,56.0,50.29999923706055,55.849998474121094,446354.0,42.79827117919922,0.46,,BRCR11,01-04-2023
55.849998474121094,60.47999954223633,55.0,58.59000015258789,625378.0,45.292030334472656,0.45,,BRCR11,01-05-2023
58.70000076293945,67.06999969482422,58.22999954223633,66.79000091552734,623288.0,52.03666687011719,0.45,,BRCR11,01-06-2023
66.77999877929688,71.19999694824219,66.0999984741211,67.7699966430664,542119.0,53.205989837646484,0.45,,BRCR11,01-07-2023
67.7699966430664,69.0,59.95000076293945,61.0,695470.0,48.19815444946289,0.45,,BRCR11,01-08-2023
61.04999923706055,63.5,59.0099983215332,59.38999938964844,624370.0,47.24333953857422,0.41,,BRCR11,01-09-2023
59.29999923706055,59.9900016784668,52.27000045776367,53.849998474121094,498748.0,43.117549896240234,0.41,,BRCR11,01-10-2023
53.849998474121094,60.5,52.70000076293945,59.83000183105469,729558.0,48.2427864074707,0.41,,BRCR11,01-11-2023
59.84000015258789,60.20000076293945,58.11000061035156,59.29999923706055,901756.0,48.175537109375,0.0,,BRCR11,01-12-2023
59.29999923706055,61.599998474121094,58.529998779296875,61.09000015258789,655586.0,49.629737854003906,0.41,,BRCR11,01-01-2024
61.09000015258789,61.45000076293945,57.70000076293945,59.70000076293945,543833.0,48.83017349243164,0.41,,BRCR11,01-02-2024
59.70000076293945,60.70000076293945,56.02000045776367,57.7599983215332,631827.0,47.57057571411133,0.41,,BRCR11,01-03-2024
57.7599983215332,59.099998474121094,53.0,55.400001525878906,670537.0,45.940948486328125,0.5,,BRCR11,01-04-2024
55.400001525878906,57.0,54.0,55.20000076293945,697734.0,46.187252044677734,0.5,,BRCR11,01-05-2024
55.279998779296875,55.900001525878906,50.0,51.02000045776367,661854.0,43.07029342651367,0.5,,BRCR11,01-06-2024
51.0099983215332,51.65999984741211,48.90999984741211,49.9900016784668,704200.0,42.58893585205078,0.5,,BRCR11,01-07-2024
49.9900016784668,51.790000915527344,49.95000076293945,50.20000076293945,509506.0,43.19638442993164,0.5,,BRCR11,01-08-2024
50.2599983215332,50.970001220703125,46.900001525878906,47.7400016784668,672113.0,41.48551559448242,0.5,,BRCR11,01-09-2024
47.4900016784668,48.18000030517578,43.02000045776367,43.5,752463.0,38.18306350708008,0.5,,BRCR11,01-10-2024
43.79999923706055,44.939998626708984,42.150001525878906,42.58000183105469,679066.0,37.794525146484375,0.5,,BRCR11,01-11-2024
42.880001068115234,42.9900016784668,38.5,41.560001373291016,897322.0,37.31269073486328,0.5,,BRCR11,01-12-2024
41.66999816894531,42.0,38.95000076293945,39.939998626708984,722525.0,36.30060577392578,0.5,,BRCR11,01-01-2025
39.88999938964844,40.900001525878906,39.20000076293945,39.470001220703125,771764.0,36.31731033325195,0.48,,BRCR11,01-02-2025
39.470001220703125,40.65999984741211,39.470001220703125,40.0,736598.0,37.2540397644043,0.45,,BRCR11,01-03-2025
40.06999969482422,43.369998931884766,39.709999084472656,42.560001373291016,710573.0,40.08647155761719,0.45,,BRCR11,01-04-2025
42.709999084472656,44.40999984741211,42.20000076293945,43.86000061035156,551152.0,41.7761344909668,0.45,,BRCR11,01-05-2025
43.849998474121094,45.939998626708984,41.400001525878906,42.25,653527.0,40.66832733154297,0.41,,BRCR11,01-06-2025
42.25,43.9900016784668,41.0,41.790000915527344,605521.0,40.588096618652344,0.41,,BRCR11,01-07-2025
41.88999938964844,42.279998779296875,40.29999923706055,41.29999923706055,374620.0,40.49554443359375,0.41,,BRCR11,01-08-2025
41.400001525878906,43.91999816894531,41.119998931884766,43.63999938964844,521094.0,43.21651077270508,0.41,,BRCR11,01-09-2025
0.0,43.63999938964844,43.63999938964844,43.63999938964844,0.0,43.63999938964844,0.0,,BRCR11,15-09-2025
9.331110954284668,9.554444313049316,9.133333206176758,9.206665992736816,1571337.0,5.894619941711426,0.0,0.0,BTCI11,01-10-2020
9.206665992736816,9.566665649414062,9.122221946716309,9.388888359069824,911862.0,6.011288642883301,0.0,0.0,BTCI11,01-11-2020
9.390000343322754,10.01111125946045,9.224444389343262,10.001111030578613,1299645.0,6.403266429901123,0.0,0.0,BTCI11,01-12-2020
10.001111030578613,10.136666297912598,9.666666030883789,9.845555305480957,1100025.0,6.303671360015869,0.0,0.0,BTCI11,01-01-2021
9.84666633605957,10.072221755981445,9.666666030883789,9.811111450195312,906651.0,6.281619548797607,0.0,0.0,BTCI11,01-02-2021
9.918888092041016,10.444443702697754,9.722222328186035,10.266666412353516,2836359.0,6.573291778564453,0.0,0.0,BTCI11,01-03-2021
10.266666412353516,10.488887786865234,10.056666374206543,10.444443702697754,2269656.0,6.687114715576172,0.0,0.0,BTCI11,01-04-2021
10.444443702697754,10.649999618530273,10.128888130187988,10.378888130187988,3897000.0,6.645142078399658,0.0,0.0,BTCI11,01-05-2021
10.399999618530273,10.775554656982422,9.70111083984375,10.333333015441895,3528297.0,6.615973949432373,0.0,0.0,BTCI11,01-06-2021
10.333333015441895,10.609999656677246,10.022221565246582,10.5,1458702.0,6.722682952880859,0.0,0.0,BTCI11,01-07-2021
10.554444313049316,10.55555534362793,9.89777660369873,10.334444046020508,1459413.0,6.6166863441467285,0.0,0.0,BTCI11,01-08-2021
10.334444046020508,10.444443702697754,9.974444389343262,10.393333435058594,1331154.0,6.654389381408691,0.0,0.0,BTCI11,01-09-2021
10.399999618530273,10.433333396911621,9.778887748718262,10.288887977600098,1042632.0,6.587517738342285,0.0,0.0,BTCI11,01-10-2021
10.288887977600098,10.40888786315918,9.329999923706055,9.90999984741211,1197396.0,6.344930171966553,0.0,0.0,BTCI11,01-11-2021
10.0,10.432222366333008,9.792222023010254,10.140000343322754,1163646.0,6.492194175720215,0.0,0.0,BTCI11,01-12-2021
10.344444274902344,10.344444274902344,9.895554542541504,10.11111068725586,1769400.0,6.47369384765625,0.0,0.0,BTCI11,01-01-2022
10.112221717834473,10.332221984863281,10.002222061157227,10.257777214050293,1746729.0,6.567599296569824,0.0,0.0,BTCI11,01-02-2022
10.257777214050293,10.882222175598145,10.11111068725586,10.55555534362793,1987920.0,6.758254051208496,0.0,0.0,BTCI11,01-03-2022
10.55555534362793,10.944443702697754,10.55555534362793,10.774443626403809,2407122.0,6.898396968841553,0.138889,0.0,BTCI11,01-04-2022
10.777776718139648,10.944443702697754,10.566665649414062,10.666666030883789,2509326.0,6.918269634246826,0.142222,0.0,BTCI11,01-05-2022
10.666666030883789,10.890000343322754,10.471111297607422,10.646665573120117,2153988.0,6.998045921325684,0.138889,0.0,BTCI11,01-06-2022
10.646665573120117,10.811111450195312,10.414443969726562,10.66333293914795,2215539.0,7.100827217102051,0.138889,0.0,BTCI11,01-07-2022
10.664443969726562,10.888888359069824,10.148887634277344,10.265555381774902,2055996.0,6.925278663635254,0.122222,0.0,BTCI11,01-08-2022
10.277776718139648,10.686665534973145,10.277776718139648,10.553333282470703,1556559.0,7.2006330490112305,0.105556,0.0,BTCI11,01-09-2022
10.665555000305176,10.875555038452148,10.002222061157227,10.187776565551758,1200366.0,7.02142333984375,0.1,0.0,BTCI11,01-10-2022
10.187776565551758,10.30555534362793,9.362221717834473,9.777776718139648,1128852.0,6.80144739151001,0.1,0.0,BTCI11,01-11-2022
9.777776718139648,9.777776718139648,8.422222137451172,8.987776756286621,2651265.0,6.313712120056152,0.1,0.0,BTCI11,01-12-2022
8.988887786865234,9.183333396911621,8.711111068725586,8.960000038146973,2233306.0,6.359238147735596,0.105556,9.0,BTCI11,01-01-2023
8.989999771118164,9.0,8.399999618530273,8.890000343322754,1972625.0,6.384812355041504,0.106,0.0,BTCI11,01-02-2023
8.899999618530273,9.279999732971191,8.609999656677246,8.989999771118164,2880260.0,6.535900115966797,0.106,0.0,BTCI11,01-03-2023
8.989999771118164,9.199999809265137,8.84000015258789,9.149999618530273,2003076.0,6.732590198516846,0.106,0.0,BTCI11,01-04-2023
9.149999618530273,9.569999694824219,9.050000190734863,9.239999771118164,4475652.0,6.879029273986816,0.106,0.0,BTCI11,01-05-2023
9.239999771118164,9.399999618530273,9.140000343322754,9.149999618530273,5946576.0,6.891252517700195,0.106,0.0,BTCI11,01-06-2023
9.199999809265137,9.75,9.180000305175781,9.399999618530273,4660486.0,7.1606316566467285,0.101,0.0,BTCI11,01-07-2023
9.430000305175781,9.65999984741211,9.279999732971191,9.539999961853027,5361297.0,7.344550132751465,0.101,0.0,BTCI11,01-08-2023
9.579999923706055,10.010000228881836,9.460000038146973,9.84000015258789,4976370.0,7.6570892333984375,0.101,0.0,BTCI11,01-09-2023
9.890000343322754,10.0,9.630000114440918,9.720000267028809,4836708.0,7.643129348754883,0.101,0.0,BTCI11,01-10-2023
9.739999771118164,9.899999618530273,9.5600004196167,9.720000267028809,4437379.0,7.7219085693359375,0.097,0.0,BTCI11,01-11-2023
9.720000267028809,10.0,9.449999809265137,9.930000305175781,4480706.0,7.966799736022949,0.097,0.0,BTCI11,01-12-2023
9.930000305175781,10.029999732971191,9.850000381469727,10.0,5407277.0,8.104508399963379,0.094,0.0,BTCI11,01-01-2024
10.0,10.300000190734863,9.899999618530273,10.180000305175781,4603912.0,8.328760147094727,0.092,0.0,BTCI11,01-02-2024
10.180000305175781,10.300000190734863,9.989999771118164,10.239999771118164,5493869.0,8.453353881835938,0.092,0.0,BTCI11,01-03-2024
10.229999542236328,10.399999618530273,9.960000038146973,10.199999809265137,4658141.0,8.496668815612793,0.092,0.0,BTCI11,01-04-2024
10.199999809265137,10.279999732971191,9.8100004196167,10.109999656677246,5455007.0,8.496935844421387,0.092,0.0,BTCI11,01-05-2024
10.109999656677246,10.1899995803833,9.789999961853027,10.039999961853027,3421475.0,8.51445484161377,0.093,0.0,BTCI11,01-06-2024
10.050000190734863,10.09000015258789,9.800000190734863,9.90999984741211,4340847.0,8.481768608093262,0.094,0.0,BTCI11,01-07-2024
9.930000305175781,10.039999961853027,9.75,10.0,3381887.0,8.640591621398926,0.094,0.0,BTCI11,01-08-2024
10.020000457763672,10.0600004196167,9.890000343322754,10.010000228881836,3233052.0,8.732060432434082,0.092,0.0,BTCI11,01-09-2024
10.0,10.0,9.069999694824219,9.100000381469727,5099369.0,8.011797904968262,0.09,0.0,BTCI11,01-10-2024
9.100000381469727,9.4399995803833,8.800000190734863,9.069999694824219,3637690.0,8.061116218566895,0.091,0.0,BTCI11,01-11-2024
9.119999885559082,9.119999885559082,7.519999980926514,8.680000305175781,6257136.0,7.791904449462891,0.091,0.0,BTCI11,01-12-2024
8.680000305175781,9.130000114440918,7.889999866485596,8.25,3426347.0,7.489112854003906,0.092,0.0,BTCI11,01-01-2025
8.25,8.579999923706055,7.940000057220459,8.569999694824219,2451938.0,7.859765529632568,0.092,0.0,BTCI11,01-02-2025
8.569999694824219,9.109999656677246,8.380000114440918,9.020000457763672,3063728.0,8.364521980285645,0.093,0.0,BTCI11,01-03-2025
9.069999694824219,9.34000015258789,8.579999923706055,9.180000305175781,3373534.0,8.605525016784668,0.094,0.0,BTCI11,01-04-2025
9.180000305175781,9.329999923706055,9.010000228881836,9.220000267028809,3211921.0,8.736556053161621,0.096,0.0,BTCI11,01-05-2025
9.300000190734863,9.3100004196167,8.670000076293945,9.220000267028809,4296339.0,8.828078269958496,0.098,0.0,BTCI11,01-06-2025
9.220000267028809,9.3100004196167,9.100000381469727,9.15999984741211,4327126.0,8.865792274475098,0.1,0.0,BTCI11,01-07-2025
9.140000343322754,9.229999542236328,8.970000267028809,9.210000038146973,3475968.0,9.011608123779297,0.1,0.0,BTCI11,01-08-2025
9.229999542236328,9.329999923706055,9.130000114440918,9.279999732971191,1686877.0,9.180322647094727,0.1,0.0,BTCI11,01-09-2025
0.0,9.279999732971191,9.279999732971191,9.279999732971191,0.0,9.279999732971191,0.0,0.0,BTCI11,15-09-2025
132.0,136.77999877929688,114.98999786376953,117.98999786376953,214638.0,56.66347122192383,2.68,,DEVA11,01-12-2020
118.0,124.98999786376953,112.98999786376953,122.80999755859375,604880.0,60.30291748046875,2.51,,DEVA11,01-01-2021
124.80000305175781,148.19000244140625,114.19999694824219,119.5999984741211,1611584.0,60.01466369628906,1.95,,DEVA11,01-02-2021
119.98999786376953,121.88999938964844,114.88999938964844,118.75,727302.0,60.406150817871094,1.28,,DEVA11,01-03-2021
118.75,119.0,109.0,110.23999786376953,1293916.0,56.68192672729492,1.54,,DEVA11,01-04-2021
111.0,115.25,104.0,105.01000213623047,1975330.0,54.712974548339844,1.37,,DEVA11,01-05-2021
105.1500015258789,110.4800033569336,101.0,105.0,815610.0,55.397743225097656,1.1,,DEVA11,01-06-2021
105.47000122070312,106.8499984741211,103.11000061035156,104.0,832702.0,55.42427444458008,1.11,,DEVA11,01-07-2021
104.16999816894531,105.27999877929688,101.30999755859375,104.22000122070312,981311.0,56.1302604675293,1.26,,DEVA11,01-08-2021
104.22000122070312,105.0999984741211,101.4000015258789,102.3499984741211,1347141.0,55.791019439697266,1.45,,DEVA11,01-09-2021
102.3499984741211,103.63999938964844,101.22000122070312,102.38999938964844,1483871.0,56.60585021972656,1.33,,DEVA11,01-10-2021
102.41000366210938,104.1500015258789,97.55000305175781,98.19999694824219,1278377.0,54.99702835083008,1.4,,DEVA11,01-11-2021
98.5,103.9800033569336,98.08000183105469,103.80000305175781,1381498.0,58.93429183959961,1.42,,DEVA11,01-12-2021
103.81999969482422,104.98999786376953,99.75,102.41000366210938,1457201.0,58.979949951171875,1.35,,DEVA11,01-01-2022
102.58999633789062,103.83999633789062,99.52999877929688,101.58000183105469,950542.0,59.27906036376953,1.25,,DEVA11,01-02-2022
101.58000183105469,102.48999786376953,96.0999984741211,99.1500015258789,1282534.0,58.56748580932617,1.18,,DEVA11,01-03-2022
99.27999877929688,100.48999786376953,90.0,97.51000213623047,1119293.0,58.27423858642578,1.31,,DEVA11,01-04-2022
97.5,98.54000091552734,92.79000091552734,98.48999786376953,736812.0,59.63977813720703,1.4,,DEVA11,01-05-2022
98.48999786376953,100.73999786376953,96.98999786376953,99.51000213623047,747368.0,61.134334564208984,1.6,,DEVA11,01-06-2022
99.51000213623047,101.05999755859375,97.6500015258789,99.80000305175781,771910.0,62.31048583984375,1.41,,DEVA11,01-07-2022
99.69999694824219,99.80000305175781,90.22000122070312,97.76000213623047,914538.0,61.9082145690918,1.25,,DEVA11,01-08-2022
97.8499984741211,99.44000244140625,94.01000213623047,94.63999938964844,672195.0,60.70063781738281,1.0,,DEVA11,01-09-2022
94.77999877929688,97.37999725341797,89.58999633789062,90.30000305175781,795985.0,58.51308059692383,0.55,,DEVA11,01-10-2022
90.29000091552734,91.27999877929688,83.22000122070312,84.4800033569336,775890.0,55.0539665222168,0.56,,DEVA11,01-11-2022
84.5,88.38999938964844,83.5,87.25,573445.0,57.21287536621094,0.9,,DEVA11,01-12-2022
87.25,91.94000244140625,86.80000305175781,88.04000091552734,637360.0,58.32810974121094,1.05,,DEVA11,01-01-2023
88.04000091552734,88.73999786376953,84.5,85.4000015258789,534057.0,57.23433303833008,1.1,,DEVA11,01-02-2023
85.41999816894531,87.19999694824219,51.0099983215332,55.900001525878906,2221382.0,37.93521499633789,0.9,,DEVA11,01-03-2023
57.540000915527344,61.9900016784668,43.209999084472656,47.70000076293945,1420400.0,32.74736022949219,0.7,,DEVA11,01-04-2023
48.0,68.3499984741211,46.119998931884766,65.19999694824219,1229077.0,45.308895111083984,0.85,,DEVA11,01-05-2023
65.19999694824219,69.0999984741211,59.5,60.68000030517578,722978.0,42.89651107788086,0.65,,DEVA11,01-06-2023
60.70000076293945,63.720001220703125,53.5099983215332,54.4900016784668,736173.0,38.889522552490234,0.6,,DEVA11,01-07-2023
54.56999969482422,56.279998779296875,45.560001373291016,46.61000061035156,1076658.0,33.58528137207031,0.5,,DEVA11,01-08-2023
46.79999923706055,50.0,39.0,40.02000045776367,1044503.0,29.102317810058594,0.47,,DEVA11,01-09-2023
40.02000045776367,45.9900016784668,38.900001525878906,41.79999923706055,737415.0,30.686992645263672,0.49,,DEVA11,01-10-2023
41.79999923706055,47.5099983215332,41.290000915527344,43.060001373291016,980433.0,32.01030349731445,0.52,,DEVA11,01-11-2023
43.16999816894531,45.900001525878906,40.0,43.20000076293945,774845.0,32.50336837768555,0.47,,DEVA11,01-12-2023
43.20000076293945,44.439998626708984,40.0,40.29999923706055,642442.0,30.647323608398438,0.42,,DEVA11,01-01-2024
40.29999923706055,44.36000061035156,39.900001525878906,40.04999923706055,685395.0,30.760038375854492,0.62,,DEVA11,01-02-2024
40.279998779296875,42.849998474121094,40.0,42.599998474121094,573239.0,33.187137603759766,0.6,,DEVA11,01-03-2024
42.599998474121094,48.25,42.599998474121094,48.099998474121094,879689.0,38.02495193481445,0.68,,DEVA11,01-04-2024
48.13999938964844,49.810001373291016,46.099998474121094,47.47999954223633,643909.0,38.09577941894531,0.65,,DEVA11,01-05-2024
47.380001068115234,47.790000915527344,38.84000015258789,39.52000045776367,636569.0,32.13843536376953,0.48,,DEVA11,01-06-2024
39.70000076293945,40.88999938964844,38.099998474121094,38.529998779296875,554682.0,31.657197952270508,0.43,,DEVA11,01-07-2024
38.529998779296875,39.849998474121094,37.5,39.849998474121094,525320.0,33.09170913696289,0.46,,DEVA11,01-08-2024
39.79999923706055,39.79999923706055,36.540000915527344,36.900001525878906,430902.0,31.008127212524414,0.45,,DEVA11,01-09-2024
36.86000061035156,37.5,32.560001373291016,33.0,584933.0,28.055814743041992,0.45,,DEVA11,01-10-2024
32.810001373291016,33.68000030517578,30.0,30.65999984741211,546761.0,26.388206481933594,0.45,,DEVA11,01-11-2024
30.969999313354492,31.5,24.799999237060547,29.239999771118164,739486.0,25.509851455688477,0.43,,DEVA11,01-12-2024
29.239999771118164,30.979999542236328,27.799999237060547,28.489999771118164,443876.0,25.20745086669922,0.44,,DEVA11,01-01-2025
28.489999771118164,29.56999969482422,27.0,28.219999313354492,379376.0,25.345186233520508,0.41,,DEVA11,01-02-2025
28.219999313354492,30.520000457763672,28.1200008392334,30.0,415597.0,27.325836181640625,0.43,,DEVA11,01-03-2025
30.31999969482422,31.0,28.690000534057617,29.6299991607666,338776.0,27.396591186523438,0.41,,DEVA11,01-04-2025
29.950000762939453,32.5,29.5,32.41999816894531,376564.0,30.387611389160156,0.46,,DEVA11,01-05-2025
32.150001525878906,34.15999984741211,31.399999618530273,33.43000030517578,412032.0,31.81668472290039,0.45,,DEVA11,01-06-2025
33.45000076293945,34.75,32.02000045776367,32.75,393828.0,31.5935115814209,0.46,,DEVA11,01-07-2025
32.810001373291016,33.75,27.010000228881836,27.940000534057617,579270.0,27.318674087524414,0.34,,DEVA11,01-08-2025
27.940000534057617,28.299999237060547,26.5,26.739999771118164,305939.0,26.43472671508789,0.32,,DEVA11,01-09-2025
0.0,0.0,0.0,26.739999771118164,0.0,26.739999771118164,0.0,,DEVA11,15-09-2025
99.45999908447266,99.83000183105469,93.16999816894531,98.83999633789062,990.0,66.8656997680664,0.78,,FATN11,01-04-2022
98.83999633789062,114.5,94.76000213623047,113.31999969482422,1496.0,77.30227661132812,0.8,,FATN11,01-05-2022
113.30999755859375,113.30999755859375,95.5,98.19999694824219,5116.0,67.53462982177734,0.83,,FATN11,01-06-2022
98.30000305175781,100.98999786376953,91.19000244140625,98.0,17169.0,67.9757308959961,0.84,,FATN11,01-07-2022
98.0,103.08999633789062,94.5,98.0,15029.0,68.57762145996094,0.86,,FATN11,01-08-2022
97.98999786376953,110.0,97.0,97.88999938964844,30095.0,69.11024475097656,0.86,,FATN11,01-09-2022
97.88999938964844,102.37000274658203,93.98999786376953,93.98999786376953,47477.0,66.93827819824219,0.89,,FATN11,01-10-2022
94.9000015258789,96.5,92.69000244140625,93.98999786376953,21382.0,67.54876708984375,0.9,,FATN11,01-11-2022
93.98999786376953,94.36000061035156,90.16000366210938,93.95999908447266,7893.0,68.18001556396484,0.8,,FATN11,01-12-2022
92.83000183105469,99.97000122070312,92.83000183105469,93.9000015258789,13774.0,68.71906280517578,0.92,,FATN11,01-01-2023
94.16999816894531,97.66000366210938,93.23999786376953,94.80000305175781,37467.0,70.06346893310547,0.9,,FATN11,01-02-2023
94.80000305175781,95.0,91.05000305175781,94.19999694824219,20438.0,70.29296112060547,0.74,,FATN11,01-03-2023
93.69999694824219,94.95999908447266,92.52999877929688,93.69000244140625,8381.0,70.4658432006836,0.83,,FATN11,01-04-2023
93.69000244140625,98.0999984741211,92.58999633789062,97.08999633789062,20338.0,73.67216491699219,0.82,,FATN11,01-05-2023
97.0,98.9000015258789,94.98999786376953,95.5999984741211,24074.0,73.18406677246094,0.83,,FATN11,01-06-2023
95.44999694824219,97.94000244140625,94.51000213623047,96.9800033569336,55686.0,74.88121795654297,0.84,,FATN11,01-07-2023
97.33999633789062,98.61000061035156,93.27999877929688,93.9800033569336,81714.0,73.20069885253906,0.84,,FATN11,01-08-2023
93.98999786376953,94.8499984741211,89.75,90.63999938964844,90272.0,71.21271514892578,0.85,,FATN11,01-09-2023
90.63999938964844,93.5,90.51000213623047,92.94999694824219,152771.0,73.69149017333984,0.85,,FATN11,01-10-2023
93.30000305175781,93.69999694824219,91.55000305175781,91.55000305175781,83868.0,73.25589752197266,0.85,,FATN11,01-11-2023
91.5999984741211,93.80000305175781,90.9000015258789,92.0,109579.0,74.29537963867188,0.85,,FATN11,01-12-2023
92.0,93.27999877929688,91.72000122070312,92.0999984741211,321897.0,75.0665283203125,0.85,,FATN11,01-01-2024
92.2300033569336,93.4000015258789,91.48999786376953,92.94999694824219,428052.0,76.45965576171875,0.85,,FATN11,01-02-2024
93.11000061035156,97.48999786376953,92.69999694824219,96.5,232247.0,80.11653900146484,0.85,,FATN11,01-03-2024
96.5,98.0999984741211,92.5,93.80000305175781,221818.0,78.57801055908203,0.85,,FATN11,01-04-2024
94.0,98.94999694824219,93.19999694824219,97.0,201520.0,81.97229766845703,0.85,,FATN11,01-05-2024
97.31999969482422,97.98999786376953,91.5999984741211,92.27999877929688,172950.0,78.69210052490234,0.85,,FATN11,01-06-2024
92.27999877929688,92.9000015258789,91.30000305175781,91.79000091552734,290960.0,78.96528625488281,0.85,,FATN11,01-07-2024
91.97000122070312,92.0,90.8499984741211,91.95999908447266,197776.0,79.84788513183594,0.85,,FATN11,01-08-2024
92.0,92.30000305175781,90.0999984741211,91.30000305175781,141717.0,80.01531982421875,0.85,,FATN11,01-09-2024
91.33999633789062,91.5,87.5199966430664,88.5,129975.0,78.28292846679688,0.85,,FATN11,01-10-2024
88.5,88.94000244140625,83.62000274658203,83.76000213623047,170688.0,74.78763580322266,0.85,,FATN11,01-11-2024
83.75,84.0999984741211,76.02999877929688,78.19999694824219,200130.0,70.50455474853516,0.85,,FATN11,01-12-2024
78.69000244140625,79.94999694824219,76.51000213623047,77.5199966430664,163722.0,70.6299057006836,0.85,,FATN11,01-01-2025
77.52999877929688,78.0,74.0,75.48999786376953,160923.0,69.52423095703125,0.8,,FATN11,01-02-2025
75.48999786376953,76.4000015258789,74.5999984741211,75.19000244140625,213285.0,69.97315979003906,0.8,,FATN11,01-03-2025
75.5999984741211,78.48999786376953,73.5,77.80000305175781,260721.0,73.17374420166016,0.8,,FATN11,01-04-2025
77.80000305175781,79.08000183105469,76.52999877929688,77.9000015258789,245824.0,74.05371856689453,0.8,,FATN11,01-05-2025
78.13999938964844,78.30000305175781,75.61000061035156,76.22000122070312,423346.0,73.2140884399414,0.8,,FATN11,01-06-2025
76.38999938964844,82.27999877929688,75.76000213623047,79.5999984741211,533824.0,77.2530288696289,0.8,,FATN11,01-07-2025
79.5999984741211,83.72000122070312,79.26000213623047,83.0999984741211,297692.0,81.50157928466797,0.8,,FATN11,01-08-2025
83.63999938964844,83.69999694824219,81.51000213623047,83.05999755859375,144171.0,82.2567138671875,0.8,,FATN11,01-09-2025
0.0,0.0,0.0,83.05999755859375,0.0,83.05999755859375,0.0,,FATN11,15-09-2025
9.119999885559082,9.359999656677246,8.949999809265137,9.09000015258789,12059822.0,7.62310266494751,0.086755,,GARE11,01-04-2024
9.09000015258789,9.199999809265137,8.979999542236328,9.119999885559082,11397403.0,7.721312046051025,0.086755,,GARE11,01-05-2024
9.069999694824219,9.149999618530273,8.960000038146973,9.0600004196167,11087222.0,7.74442720413208,0.086755,,GARE11,01-06-2024
9.010000228881836,9.199999809265137,8.90999984741211,9.079999923706055,13075756.0,7.836062431335449,0.086755,,GARE11,01-07-2024
9.050000190734863,9.1899995803833,9.0,9.15999984741211,12570726.0,7.98153018951416,0.086755,,GARE11,01-08-2024
9.100000381469727,9.239999771118164,9.0,9.079999923706055,14563307.0,7.988145351409912,0.086755,,GARE11,01-09-2024
9.010000228881836,9.100000381469727,8.819999694824219,9.094326972961426,16157204.0,8.077250480651855,0.089747,,GARE11,01-10-2024
9.004581451416016,9.109999656677246,8.789999961853027,8.899999618530273,19283986.0,7.983565330505371,0.091741,,GARE11,01-11-2024
8.850000381469727,8.859999656677246,7.800000190734863,8.5,15216023.0,7.702455520629883,0.092,,GARE11,01-12-2024
8.569999694824219,8.680000305175781,7.820000171661377,7.869999885559082,17386214.0,7.206056594848633,0.092,,GARE11,01-01-2025
7.769999980926514,8.199999809265137,7.75,7.989999771118164,13877218.0,7.3959832191467285,0.083,,GARE11,01-02-2025
7.989999771118164,8.670000076293945,7.949999809265137,8.649999618530273,11576107.0,8.092260360717773,0.083,,GARE11,01-03-2025
8.59000015258789,8.949999809265137,8.350000381469727,8.949999809265137,10708560.0,8.460805892944336,0.083,,GARE11,01-04-2025
8.949999809265137,8.989999771118164,8.649999618530273,8.819999694824219,14223168.0,8.418692588806152,0.083,,GARE11,01-05-2025
8.779999732971191,9.0,8.5600004196167,8.970000267028809,13267737.0,8.642012596130371,0.083,,GARE11,01-06-2025
8.890000343322754,9.119999885559082,8.760000228881836,9.0,13605589.0,8.753287315368652,0.083,,GARE11,01-07-2025
8.920000076293945,9.100000381469727,8.890000343322754,9.029999732971191,21142521.0,8.86448860168457,0.083,,GARE11,01-08-2025
9.0,9.050000190734863,8.949999809265137,9.039999961853027,6153256.0,8.956908226013184,0.083,,GARE11,01-09-2025
0.0,0.0,0.0,9.039999961853027,0.0,9.039999961853027,0.0,,GARE11,15-09-2025
118.18000030517578,118.69999694824219,114.58000183105469,116.5,355015.0,76.7841796875,0.0,,GTWR11,01-10-2020
116.5,118.0999984741211,111.19999694824219,117.75,298521.0,77.6080551147461,0.0,,GTWR11,01-11-2020
117.94000244140625,117.94000244140625,105.41000366210938,111.70999908447266,547555.0,73.62714385986328,0.0,,GTWR11,01-12-2020
111.70999908447266,111.94999694824219,105.8499984741211,108.44000244140625,337245.0,71.47190856933594,0.0,,GTWR11,01-01-2021
108.44000244140625,109.5,106.04000091552734,107.0,307386.0,70.5228042602539,0.0,,GTWR11,01-02-2021
106.33000183105469,109.0,102.0199966430664,107.0,395155.0,70.5228042602539,0.0,,GTWR11,01-03-2021
106.76000213623047,108.51000213623047,103.5,108.47000122070312,337961.0,71.49169158935547,0.0,,GTWR11,01-04-2021
108.0,109.93000030517578,105.0199966430664,107.0,274622.0,70.5228042602539,0.0,,GTWR11,01-05-2021
106.31999969482422,107.0,98.0,100.80000305175781,387563.0,66.43644714355469,0.0,,GTWR11,01-06-2021
100.80000305175781,102.0,96.31999969482422,100.87000274658203,313928.0,66.48257446289062,0.0,,GTWR11,01-07-2021
100.4000015258789,100.79000091552734,89.20999908447266,94.9800033569336,386288.0,62.60053253173828,0.0,,GTWR11,01-08-2021
94.0,95.0,88.0,90.2300033569336,251107.0,59.469852447509766,0.0,,GTWR11,01-09-2021
89.56999969482422,91.0,77.0,78.0,270293.0,51.409156799316406,0.0,,GTWR11,01-10-2021
78.0,78.0,68.0999984741211,72.0199966430664,331799.0,47.46778106689453,0.0,,GTWR11,01-11-2021
71.33000183105469,91.77999877929688,69.0,89.47000122070312,247342.0,58.96893310546875,0.0,,GTWR11,01-12-2021
89.08999633789062,89.20999908447266,79.98999786376953,84.31999969482422,154342.0,55.57460403442383,0.0,,GTWR11,01-01-2022
83.80000305175781,84.0,78.04000091552734,81.0,150499.0,53.38644027709961,0.0,,GTWR11,01-02-2022
81.0,83.5,76.0,82.69999694824219,164936.0,54.50685119628906,0.0,,GTWR11,01-03-2022
82.69999694824219,82.9000015258789,75.5999984741211,76.86000061035156,163867.0,50.657779693603516,0.74,,GTWR11,01-04-2022
75.80999755859375,77.61000061035156,71.51000213623047,72.5,209122.0,48.215572357177734,0.74,,GTWR11,01-05-2022
72.04000091552734,72.45999908447266,70.88999938964844,71.19999694824219,187384.0,47.81134796142578,0.0,,GTWR11,01-06-2022
70.75,71.97000122070312,69.01000213623047,71.0,168583.0,47.67705154418945,0.74,,GTWR11,01-07-2022
70.5,83.9000015258789,69.08000183105469,82.75,257654.0,56.150848388671875,0.74,,GTWR11,01-08-2022
82.51000213623047,83.95999908447266,78.13999938964844,81.80000305175781,208089.0,56.090843200683594,0.74,,GTWR11,01-09-2022
80.04000091552734,87.51000213623047,80.04000091552734,84.0,267338.0,58.119136810302734,0.74,,GTWR11,01-10-2022
83.2699966430664,87.87999725341797,75.83000183105469,78.58000183105469,271754.0,54.86539077758789,0.74,,GTWR11,01-11-2022
78.01000213623047,79.95999908447266,71.4000015258789,79.5,181926.0,56.00106430053711,0.74,,GTWR11,01-12-2022
79.5,79.5999984741211,72.0,74.3499984741211,206339.0,52.87123107910156,0.79,,GTWR11,01-01-2023
73.86000061035156,76.0,72.54000091552734,74.33999633789062,158096.0,53.394710540771484,0.79,,GTWR11,01-02-2023
73.5,77.9000015258789,72.72000122070312,74.55999755859375,269509.0,54.127864837646484,0.79,,GTWR11,01-03-2023
74.33000183105469,79.98999786376953,73.58999633789062,79.98999786376953,222622.0,58.693580627441406,0.79,,GTWR11,01-04-2023
79.98999786376953,82.0999984741211,76.55999755859375,79.9000015258789,230211.0,59.255374908447266,0.79,,GTWR11,01-05-2023
79.72000122070312,80.98999786376953,78.02999877929688,80.48999786376953,344689.0,60.28833770751953,0.79,,GTWR11,01-06-2023
80.0999984741211,84.98999786376953,79.5199966430664,83.98999786376953,225291.0,63.53813171386719,0.79,,GTWR11,01-07-2023
83.9800033569336,87.5,81.62000274658203,86.98999786376953,278990.0,66.45993041992188,0.79,,GTWR11,01-08-2023
86.80000305175781,87.48999786376953,82.87000274658203,83.98999786376953,305402.0,64.7772216796875,0.79,,GTWR11,01-09-2023
83.41999816894531,85.0,79.51000213623047,81.0,307551.0,63.04371643066406,0.79,,GTWR11,01-10-2023
80.25,83.01000213623047,79.16999816894531,82.29000091552734,244557.0,64.65589904785156,0.79,,GTWR11,01-11-2023
81.5,87.6500015258789,80.0,87.08999633789062,257362.0,69.10124206542969,0.79,,GTWR11,01-12-2023
87.08999633789062,89.98999786376953,84.63999938964844,87.94999694824219,278887.0,70.46002960205078,0.79,,GTWR11,01-01-2024
87.16000366210938,87.94999694824219,83.02999877929688,85.83000183105469,249108.0,69.39107513427734,0.79,,GTWR11,01-02-2024
85.54000091552734,87.23999786376953,84.0,84.30000305175781,222926.0,68.77185821533203,0.79,,GTWR11,01-03-2024
83.5199966430664,86.5,83.37999725341797,83.62999725341797,288525.0,68.85905456542969,0.79,,GTWR11,01-04-2024
83.62999725341797,84.9800033569336,82.0999984741211,84.0,300616.0,69.8179931640625,0.79,,GTWR11,01-05-2024
83.94000244140625,86.88999938964844,81.16000366210938,84.25,417527.0,70.69358825683594,0.79,,GTWR11,01-06-2024
82.69999694824219,83.79000091552734,80.76000213623047,82.62999725341797,259092.0,69.99252319335938,0.79,,GTWR11,01-07-2024
81.8499984741211,82.69999694824219,80.25,82.37999725341797,257451.0,70.4412612915039,0.79,,GTWR11,01-08-2024
81.5,82.36000061035156,78.55999755859375,78.69999694824219,216742.0,67.94418334960938,0.79,,GTWR11,01-09-2024
78.80000305175781,79.41000366210938,72.36000061035156,75.01000213623047,352538.0,65.38553619384766,0.79,,GTWR11,01-10-2024
74.1500015258789,75.98999786376953,72.0199966430664,72.80000305175781,211616.0,64.10255432128906,0.79,,GTWR11,01-11-2024
72.4000015258789,72.44999694824219,69.0,71.47000122070312,331097.0,63.601287841796875,0.79,,GTWR11,01-12-2024
70.63999938964844,71.7699966430664,67.04000091552734,69.5,223391.0,62.52669906616211,0.83,,GTWR11,01-01-2025
70.0,70.0,66.01000213623047,67.55000305175781,279971.0,61.486412048339844,0.83,,GTWR11,01-02-2025
67.55000305175781,74.0,66.5999984741211,71.05000305175781,227862.0,65.45393371582031,0.83,,GTWR11,01-03-2025
70.75,71.5,67.5999984741211,71.5,318334.0,66.6878890991211,0.83,,GTWR11,01-04-2025
71.5,78.0,69.5,77.6500015258789,237472.0,73.280029296875,0.83,,GTWR11,01-05-2025
76.38999938964844,78.45999908447266,75.05999755859375,78.16000366210938,170938.0,74.62763214111328,0.87,,GTWR11,01-06-2025
76.70999908447266,77.69999694824219,74.83999633789062,75.8499984741211,227473.0,73.24264526367188,0.87,,GTWR11,01-07-2025
75.19000244140625,76.9800033569336,74.02999877929688,76.4000015258789,244929.0,74.60415649414062,0.9,,GTWR11,01-08-2025
75.95999908447266,76.80000305175781,75.0,76.43000030517578,154090.0,75.52964782714844,0.9,,GTWR11,01-09-2025
0.0,0.0,0.0,76.43000030517578,0.0,76.43000030517578,0.0,,GTWR11,15-09-2025
113.70999908447266,115.3499984741211,112.30999755859375,114.29000091552734,386829.0,68.08747863769531,0.0,,HABT11,01-10-2020
114.29000091552734,122.47000122070312,113.5999984741211,122.01000213623047,550162.0,72.68663787841797,0.0,,HABT11,01-11-2020
121.48999786376953,121.5,116.0,121.47000122070312,437645.0,72.36492156982422,0.0,,HABT11,01-12-2020
121.47000122070312,125.87999725341797,116.56999969482422,125.5,423771.0,74.76575469970703,0.0,,HABT11,01-01-2021
123.5,124.5,120.4000015258789,123.25,333289.0,73.42534637451172,0.0,,HABT11,01-02-2021
122.30000305175781,122.30000305175781,116.5,120.4000015258789,401402.0,71.72746276855469,0.0,,HABT11,01-03-2021
119.3499984741211,122.80999755859375,114.9000015258789,122.0,402072.0,72.68067932128906,0.0,,HABT11,01-04-2021
120.12000274658203,129.97000122070312,118.80000305175781,126.3499984741211,364350.0,75.27214813232422,0.0,,HABT11,01-05-2021
125.68000030517578,126.13999938964844,116.0,124.5999984741211,560676.0,74.22959899902344,0.0,,HABT11,01-06-2021
123.69999694824219,130.80999755859375,121.29000091552734,130.8000030517578,579456.0,77.92318725585938,0.0,,HABT11,01-07-2021
128.89999389648438,128.89999389648438,114.01000213623047,124.5999984741211,714482.0,74.22959899902344,0.0,,HABT11,01-08-2021
122.06999969482422,125.0,109.3499984741211,113.97000122070312,856222.0,67.89683532714844,0.0,,HABT11,01-09-2021
112.27999877929688,118.79000091552734,108.0,117.56999969482422,740247.0,70.0415267944336,0.0,,HABT11,01-10-2021
115.5,115.94999694824219,108.33999633789062,111.12999725341797,453571.0,66.20494079589844,0.0,,HABT11,01-11-2021
109.58000183105469,110.6500015258789,103.3499984741211,110.33999633789062,727453.0,65.73428344726562,0.0,,HABT11,01-12-2021
108.48999786376953,111.69999694824219,106.30000305175781,110.62000274658203,433412.0,65.901123046875,0.0,,HABT11,01-01-2022
109.37999725341797,109.48999786376953,105.9000015258789,107.76000213623047,349569.0,64.1972885131836,0.0,,HABT11,01-02-2022
107.76000213623047,107.76000213623047,103.0,107.19999694824219,499691.0,63.86366653442383,0.0,,HABT11,01-03-2022
106.0,106.69000244140625,102.51000213623047,104.16000366210938,394997.0,62.05262756347656,1.2,,HABT11,01-04-2022
103.30000305175781,103.52999877929688,98.30999755859375,103.52999877929688,499521.0,62.37550735473633,1.25,,HABT11,01-05-2022
101.88999938964844,103.4800033569336,100.0,101.9000015258789,401815.0,62.13919448852539,1.4,,HABT11,01-06-2022
101.25,101.25,97.0,98.97000122070312,368753.0,61.17975997924805,1.3,,HABT11,01-07-2022
98.06999969482422,98.48999786376953,94.0,97.04000091552734,517917.0,60.761871337890625,1.3,,HABT11,01-08-2022
96.01000213623047,96.01000213623047,93.0,94.02999877929688,337987.0,59.66081237792969,1.03,,HABT11,01-09-2022
93.02999877929688,97.95999908447266,91.41000366210938,97.02999877929688,525053.0,62.2247314453125,1.0,,HABT11,01-10-2022
96.02999877929688,96.0999984741211,87.2300033569336,89.26000213623047,455155.0,57.85719680786133,0.9,,HABT11,01-11-2022
88.33999633789062,90.0,82.68000030517578,89.97000122070312,405242.0,58.86341094970703,0.92,,HABT11,01-12-2022
88.80000305175781,91.9800033569336,88.0,90.9800033569336,328326.0,60.14409637451172,1.17,,HABT11,01-01-2023
89.80000305175781,91.33999633789062,85.9000015258789,87.55999755859375,312296.0,58.645904541015625,1.18,,HABT11,01-02-2023
87.5,89.52999877929688,85.0,85.94999694824219,430083.0,58.32402801513672,1.2,,HABT11,01-03-2023
86.4800033569336,86.4800033569336,82.01000213623047,84.52999877929688,375950.0,58.15747833251953,1.25,,HABT11,01-04-2023
84.52999877929688,92.95999908447266,82.75,92.48999786376953,357988.0,64.57313537597656,1.27,,HABT11,01-05-2023
92.38999938964844,97.19999694824219,89.4000015258789,97.19999694824219,380943.0,68.8966064453125,1.3,,HABT11,01-06-2023
96.0,96.9800033569336,93.0199966430664,95.9000015258789,299601.0,68.94419860839844,1.2,,HABT11,01-07-2023
94.70999908447266,97.9800033569336,94.0,97.95999908447266,301382.0,71.30547332763672,1.2,,HABT11,01-08-2023
96.30000305175781,96.30000305175781,91.5,93.69999694824219,286750.0,69.06886291503906,1.0,,HABT11,01-09-2023
92.69999694824219,92.91999816894531,88.3499984741211,89.5,289444.0,66.6533432006836,1.0,,HABT11,01-10-2023
88.37000274658203,89.2300033569336,85.19000244140625,88.0999984741211,351803.0,66.3185043334961,1.0,,HABT11,01-11-2023
86.83999633789062,93.0,84.3499984741211,91.0,338998.0,69.27554321289062,1.0,,HABT11,01-12-2023
91.0,91.3499984741211,87.9000015258789,90.5999984741211,328706.0,69.76289367675781,0.98,,HABT11,01-01-2024
89.5,92.20999908447266,88.56999969482422,92.19999694824219,318328.0,71.7677993774414,1.0,,HABT11,01-02-2024
91.1500015258789,94.93000030517578,90.05999755859375,93.9000015258789,316133.0,73.90679931640625,1.05,,HABT11,01-03-2024
92.80000305175781,94.02999877929688,91.0,91.9000015258789,333906.0,73.16588592529297,1.1,,HABT11,01-04-2024
91.9000015258789,93.44000244140625,89.01000213623047,91.94999694824219,391032.0,74.07342529296875,1.13,,HABT11,01-05-2024
91.5999984741211,91.5999984741211,84.30000305175781,90.23999786376953,655466.0,73.60087585449219,1.05,,HABT11,01-06-2024
88.43000030517578,90.44999694824219,86.19999694824219,89.36000061035156,288860.0,73.72502899169922,1.0,,HABT11,01-07-2024
88.63999938964844,89.8499984741211,86.04000091552734,88.8499984741211,300384.0,74.12568664550781,1.0,,HABT11,01-08-2024
87.9000015258789,88.30000305175781,85.9800033569336,86.48999786376953,254500.0,72.9734115600586,0.95,,HABT11,01-09-2024
85.44999694824219,85.87000274658203,80.20999908447266,81.52999877929688,379078.0,69.53199768066406,1.0,,HABT11,01-10-2024
79.88999938964844,80.56999969482422,72.87999725341797,75.97000122070312,391996.0,65.548095703125,0.9,,HABT11,01-11-2024
74.5999984741211,79.80999755859375,65.5199966430664,78.48999786376953,475339.0,68.47830200195312,1.02,,HABT11,01-12-2024
77.44000244140625,78.12000274658203,69.0199966430664,71.69000244140625,268849.0,63.39686965942383,1.05,,HABT11,01-01-2025
70.48999786376953,77.41999816894531,69.47000122070312,76.97000122070312,241808.0,68.98897552490234,1.1,,HABT11,01-02-2025
76.97000122070312,83.27999877929688,74.73999786376953,82.87999725341797,190351.0,75.44375610351562,1.08,,HABT11,01-03-2025
82.16999816894531,84.23999786376953,76.0999984741211,83.02999877929688,193342.0,76.6558837890625,1.0,,HABT11,01-04-2025
81.8499984741211,85.0,80.12000274658203,84.9000015258789,221558.0,79.33961486816406,1.15,,HABT11,01-05-2025
83.62000274658203,83.62999725341797,80.0,82.75,222664.0,78.4165267944336,1.15,,HABT11,01-06-2025
81.54000091552734,82.9000015258789,80.80000305175781,82.5999984741211,202080.0,79.34919738769531,1.15,,HABT11,01-07-2025
81.97000122070312,81.97000122070312,77.88999938964844,79.0999984741211,206881.0,77.0578384399414,1.05,,HABT11,01-08-2025
78.06999969482422,78.44000244140625,76.22000122070312,76.93000030517578,197634.0,75.90880584716797,1.05,,HABT11,01-09-2025
0.0,0.0,0.0,76.93000030517578,0.0,76.93000030517578,0.0,,HABT11,15-09-2025
130.5,146.97000122070312,129.0500030517578,146.0,851456.0,88.2691650390625,0.0,,HCTR11,01-10-2020
146.0,150.9499969482422,136.8300018310547,146.75,975783.0,88.72259521484375,0.0,,HCTR11,01-11-2020
146.75,148.0,134.69000244140625,147.35000610351562,933891.0,89.08536529541016,0.0,,HCTR11,01-12-2020
147.35000610351562,153.9199981689453,142.1199951171875,152.0,867915.0,91.89665985107422,0.0,,HCTR11,01-01-2021
153.0,161.8000030517578,145.50999450683594,149.00999450683594,1196584.0,90.08895111083984,0.0,,HCTR11,01-02-2021
150.0,152.14999389648438,143.5800018310547,152.14999389648438,994343.0,91.98735809326172,0.0,,HCTR11,01-03-2021
152.14999389648438,155.0,144.0,146.8000030517578,1252524.0,88.75283813476562,0.0,,HCTR11,01-04-2021
146.9499969482422,151.89999389648438,131.02000427246094,136.5,1978048.0,82.5256118774414,0.0,,HCTR11,01-05-2021
136.60000610351562,141.0399932861328,125.25,132.6999969482422,1958810.0,80.22821044921875,0.0,,HCTR11,01-06-2021
133.0399932861328,138.3000030517578,128.17999267578125,130.0500030517578,1588578.0,78.62606811523438,0.0,,HCTR11,01-07-2021
130.0500030517578,130.9499969482422,120.5,122.8499984741211,2166674.0,74.2730484008789,0.0,,HCTR11,01-08-2021
122.97000122070312,124.30000305175781,118.41999816894531,120.69999694824219,1973510.0,72.97319030761719,0.0,,HCTR11,01-09-2021
121.5,125.30999755859375,121.0999984741211,123.27999877929688,1565621.0,74.53304290771484,0.0,,HCTR11,01-10-2021
123.3499984741211,124.95999908447266,117.80000305175781,119.19999694824219,1564874.0,72.06634521484375,0.0,,HCTR11,01-11-2021
119.19999694824219,126.48999786376953,119.01000213623047,126.44999694824219,1331704.0,76.44954681396484,0.0,,HCTR11,01-12-2021
126.5999984741211,128.30999755859375,122.98999786376953,125.69999694824219,1322209.0,75.9961166381836,0.0,,HCTR11,01-01-2022
124.77999877929688,125.29000091552734,121.12000274658203,123.4000015258789,1291233.0,74.60558319091797,0.0,,HCTR11,01-02-2022
123.4000015258789,124.9000015258789,115.01000213623047,118.0999984741211,2049594.0,71.40130615234375,0.0,,HCTR11,01-03-2022
118.19999694824219,120.0999984741211,94.0,107.2300033569336,3446095.0,64.8294677734375,1.4,,HCTR11,01-04-2022
107.0,114.48999786376953,101.25,114.27999877929688,1581789.0,69.91194915771484,1.75,,HCTR11,01-05-2022
114.22000122070312,116.75,109.45999908447266,113.55000305175781,1337923.0,70.63177490234375,1.77,,HCTR11,01-06-2022
113.75,114.62000274658203,109.58999633789062,112.9000015258789,1125947.0,71.32572937011719,1.5,,HCTR11,01-07-2022
112.9000015258789,113.2699966430664,101.05000305175781,108.05999755859375,1770476.0,69.17816162109375,1.25,,HCTR11,01-08-2022
108.05999755859375,110.06999969482422,100.0,101.87999725341797,1835056.0,65.95507049560547,1.1,,HCTR11,01-09-2022
101.91000366210938,105.18000030517578,101.54000091552734,102.08999633789062,1088566.0,66.76329803466797,1.1,,HCTR11,01-10-2022
102.0999984741211,103.44999694824219,97.02999877929688,100.5,1184243.0,66.42607116699219,1.1,,HCTR11,01-11-2022
100.5,101.66999816894531,96.19999694824219,100.23999786376953,946714.0,66.9711685180664,1.1,,HCTR11,01-12-2022
100.08999633789062,101.44999694824219,98.12999725341797,98.68000030517578,795555.0,66.65284729003906,1.1,,HCTR11,01-01-2023
98.68000030517578,98.94999694824219,85.1500015258789,87.83999633789062,1301571.0,59.98190689086914,1.0,,HCTR11,01-02-2023
87.80000305175781,88.16999816894531,51.529998779296875,58.9900016784668,4033032.0,40.696800231933594,0.7,,HCTR11,01-03-2023
60.06999969482422,64.58000183105469,43.20000076293945,50.0,2583366.0,34.806983947753906,0.5,,HCTR11,01-04-2023
50.0,67.87000274658203,45.540000915527344,64.63999938964844,2196966.0,45.390377044677734,0.5,,HCTR11,01-05-2023
64.63999938964844,66.9800033569336,56.33000183105469,58.619998931884766,1143929.0,41.59288787841797,0.5,,HCTR11,01-06-2023
58.75,60.65999984741211,53.099998474121094,55.79999923706055,1101608.0,39.89949035644531,0.5,,HCTR11,01-07-2023
55.45000076293945,55.45000076293945,42.900001525878906,45.900001525878906,1517559.0,33.096675872802734,0.5,,HCTR11,01-08-2023
45.380001068115234,46.599998474121094,28.510000228881836,31.5,2875822.0,22.957059860229492,0.1705,,HCTR11,01-09-2023
31.5,44.790000915527344,29.5,38.599998474121094,1452591.0,28.23615837097168,0.27,,HCTR11,01-10-2023
38.97999954223633,39.29999923706055,34.93000030517578,36.0,851266.0,26.576744079589844,0.34,,HCTR11,01-11-2023
36.0,39.459999084472656,34.20000076293945,39.459999084472656,852271.0,29.39561653137207,0.34,,HCTR11,01-12-2023
39.459999084472656,39.459999084472656,36.0099983215332,36.599998474121094,796316.0,27.521076202392578,0.35,,HCTR11,01-01-2024
36.599998474121094,37.650001525878906,28.540000915527344,29.010000228881836,1179334.0,22.0131778717041,0.34,,HCTR11,01-02-2024
28.969999313354492,34.970001220703125,28.8700008392334,34.810001373291016,980901.0,26.669002532958984,0.388,,HCTR11,01-03-2024
34.70000076293945,36.2400016784668,31.170000076293945,32.29999923706055,1109577.0,25.060897827148438,0.32,,HCTR11,01-04-2024
32.29999923706055,32.66999816894531,30.6200008392334,31.5,696516.0,24.66714859008789,0.38,,HCTR11,01-05-2024
31.440000534057617,31.440000534057617,28.049999237060547,28.889999389648438,683099.0,22.894664764404297,0.32,,HCTR11,01-06-2024
28.93000030517578,33.4900016784668,28.65999984741211,30.0,1021256.0,24.03030014038086,0.53,,HCTR11,01-07-2024
30.0,30.790000915527344,28.690000534057617,29.799999237060547,725565.0,24.308156967163086,0.36,,HCTR11,01-08-2024
29.81999969482422,30.510000228881836,28.719999313354492,29.56999969482422,696677.0,24.414596557617188,0.39,,HCTR11,01-09-2024
29.5,29.989999771118164,27.5,27.520000457763672,669926.0,23.01768684387207,0.39,,HCTR11,01-10-2024
27.520000457763672,28.479999542236328,25.040000915527344,26.1299991607666,781599.0,22.146791458129883,0.37,,HCTR11,01-11-2024
26.1299991607666,26.889999389648438,15.729999542236328,18.1200008392334,1905799.0,15.56325912475586,0.0,,HCTR11,01-12-2024
18.309999465942383,24.6299991607666,17.420000076293945,22.829999923706055,1121609.0,19.608678817749023,0.69,,HCTR11,01-01-2025
22.829999923706055,23.989999771118164,20.709999084472656,21.049999237060547,719474.0,18.806821823120117,0.32,,HCTR11,01-02-2025
21.049999237060547,21.8799991607666,18.520000457763672,20.600000381469727,2146831.0,18.67605972290039,0.32,,HCTR11,01-03-2025
20.709999084472656,21.899999618530273,20.049999237060547,21.670000076293945,791618.0,19.95536231994629,0.3,,HCTR11,01-04-2025
21.700000762939453,24.989999771118164,21.149999618530273,24.8700008392334,823682.0,23.235687255859375,0.32,,HCTR11,01-05-2025
24.829999923706055,24.940000534057617,22.1200008392334,23.329999923706055,771356.0,22.115528106689453,0.28,,HCTR11,01-06-2025
23.399999618530273,24.940000534057617,23.059999465942383,23.31999969482422,733128.0,22.362136840820312,0.3759,,HCTR11,01-07-2025
23.299999237060547,23.690000534057617,21.760000228881836,22.520000457763672,650634.0,21.937164306640625,0.3,,HCTR11,01-08-2025
22.700000762939453,22.93000030517578,22.020000457763672,22.31999969482422,415217.0,22.02605628967285,0.3,,HCTR11,01-09-2025
0.0,0.0,0.0,22.31999969482422,0.0,22.31999969482422,0.0,,HCTR11,15-09-2025
10.494999885559082,10.588000297546387,10.10099983215332,10.277999877929688,9933280.0,7.0995192527771,0.0,0.0,HFOF11,01-10-2020
10.277999877929688,10.444000244140625,10.152000427246094,10.38599967956543,6852690.0,7.1741204261779785,0.0,0.0,HFOF11,01-11-2020
10.369000434875488,10.5,10.151000022888184,10.5,6334070.0,7.252863883972168,0.0,0.0,HFOF11,01-12-2020
10.5,10.5,10.20199966430664,10.42199993133545,7004570.0,7.198984622955322,0.0,0.0,HFOF11,01-01-2021
10.359999656677246,10.359999656677246,10.21500015258789,10.336000442504883,5670230.0,7.139583110809326,0.0,0.0,HFOF11,01-02-2021
10.300000190734863,10.300000190734863,9.960000038146973,10.069999694824219,9099360.0,6.955841064453125,0.0,0.0,HFOF11,01-03-2021
10.020000457763672,10.050000190734863,9.899999618530273,9.975000381469727,11568320.0,6.890220642089844,0.0,0.0,HFOF11,01-04-2021
9.947999954223633,9.989999771118164,9.800000190734863,9.98900032043457,6739610.0,6.899892330169678,0.0,0.0,HFOF11,01-05-2021
9.916999816894531,9.923999786376953,8.902999877929688,9.5,7156560.0,6.562114715576172,0.0,0.0,HFOF11,01-06-2021
9.378999710083008,9.600000381469727,9.199999809265137,9.39900016784668,6147580.0,6.4923505783081055,0.0,0.0,HFOF11,01-07-2021
9.329000473022461,9.329000473022461,8.625,8.800000190734863,6758050.0,6.078591346740723,0.0,0.0,HFOF11,01-08-2021
8.65999984741211,8.6899995803833,8.310999870300293,8.54800033569336,5964050.0,5.9045233726501465,0.0,0.0,HFOF11,01-09-2021
8.434000015258789,8.696000099182129,8.003000259399414,8.199999809265137,5124150.0,5.664140701293945,0.0,0.0,HFOF11,01-10-2021
8.119999885559082,8.189000129699707,7.640999794006348,7.840000152587891,5530430.0,5.415472507476807,0.0,0.0,HFOF11,01-11-2021
7.747000217437744,8.22599983215332,7.651000022888184,8.199999809265137,4028550.0,5.664140701293945,0.0,0.0,HFOF11,01-12-2021
8.210000038146973,8.300000190734863,7.802000045776367,7.925000190734863,3506650.0,5.474186897277832,0.0,0.0,HFOF11,01-01-2022
7.848999977111816,7.848999977111816,7.5,7.698999881744385,4951820.0,5.318076133728027,0.0,0.0,HFOF11,01-02-2022
7.698999881744385,7.698999881744385,7.2820000648498535,7.5980000495910645,5289150.0,5.248312473297119,0.0,0.0,HFOF11,01-03-2022
7.545000076293945,7.699999809265137,7.449999809265137,7.589000225067139,4256990.0,5.242094993591309,0.06,0.0,HFOF11,01-04-2022
7.534999847412109,7.534999847412109,6.973999977111816,7.324999809265137,4709170.0,5.10001277923584,0.06,0.0,HFOF11,01-05-2022
7.2820000648498535,7.3379998207092285,7.000999927520752,7.000999927520752,3033980.0,4.913272380828857,0.06,0.0,HFOF11,01-06-2022
6.9679999351501465,7.0,6.757999897003174,7.0,2998850.0,4.9531426429748535,0.06,0.0,HFOF11,01-07-2022
6.900000095367432,7.71999979019165,6.800000190734863,7.699999809265137,3925920.0,5.495554447174072,0.062,0.0,HFOF11,01-08-2022
7.659999847412109,8.0600004196167,7.51800012588501,7.999000072479248,3215220.0,5.759970664978027,0.062,0.0,HFOF11,01-09-2022
7.936999797821045,8.12399959564209,7.701000213623047,7.989999771118164,2633470.0,5.800192356109619,0.062,0.0,HFOF11,01-10-2022
7.869999885559082,7.999000072479248,6.980000019073486,7.119999885559082,4207630.0,5.209005832672119,0.062,0.0,HFOF11,01-11-2022
7.058000087738037,7.197000026702881,6.50600004196167,6.968999862670898,4709720.0,5.138406753540039,0.062,0.0,HFOF11,01-12-2022
6.900000095367432,6.900000095367432,6.6570000648498535,6.659999847412109,5026860.0,4.953711032867432,0.062,0.0,HFOF11,01-01-2023
6.624000072479248,6.699999809265137,6.400000095367432,6.531000137329102,4703760.0,4.901365280151367,0.063,0.0,HFOF11,01-02-2023
6.525000095367432,6.599999904632568,6.415999889373779,6.494999885559082,3261880.0,4.920897006988525,0.063,0.0,HFOF11,01-03-2023
6.464000225067139,6.809999942779541,6.410999774932861,6.684000015258789,3909300.0,5.113417148590088,0.063,0.0,HFOF11,01-04-2023
6.684000015258789,7.298999786376953,6.639999866485596,7.199999809265137,6387500.0,5.5621209144592285,0.063,0.0,HFOF11,01-05-2023
7.159999847412109,7.900000095367432,7.10099983215332,7.900000095367432,6349450.0,6.160952568054199,0.063,0.0,HFOF11,01-06-2023
7.849999904632568,8.048999786376953,7.65500020980835,8.039999961853027,5658120.0,6.325480937957764,0.063,0.0,HFOF11,01-07-2023
7.974999904632568,8.59000015258789,7.929999828338623,8.199000358581543,6827470.0,6.5024309158325195,0.063,0.0,HFOF11,01-08-2023
8.130000114440918,8.13599967956543,7.85099983215332,7.948999881744385,4331920.0,6.353949069976807,0.063,0.0,HFOF11,01-09-2023
7.901000022888184,7.919000148773193,7.339000225067139,7.5,6200410.0,6.041467666625977,0.063,0.0,HFOF11,01-10-2023
7.494999885559082,7.5,7.27400016784668,7.321000099182129,6470330.0,5.94439172744751,0.063,0.0,HFOF11,01-11-2023
7.28000020980835,8.0,7.271999835968018,8.0,8232120.0,6.550740718841553,0.063,0.0,HFOF11,01-12-2023
8.0,8.0,7.760000228881836,7.800000190734863,6388370.0,6.44241189956665,0.063,0.0,HFOF11,01-01-2024
7.75,7.849999904632568,7.684000015258789,7.793000221252441,4295860.0,6.487720966339111,0.063,0.0,HFOF11,01-02-2024
7.729000091552734,7.798999786376953,7.679999828338623,7.794000148773193,3313580.0,6.541388034820557,0.063,0.0,HFOF11,01-03-2024
7.760000228881836,7.800000190734863,7.580999851226807,7.658999919891357,3776880.0,6.48047399520874,0.063,0.0,HFOF11,01-04-2024
7.658999919891357,7.75,7.420000076293945,7.510000228881836,4111500.0,6.40618371963501,0.063,0.0,HFOF11,01-05-2024
7.451000213623047,7.451000213623047,6.96999979019165,7.099999904632568,4083520.0,6.106675624847412,0.063,0.0,HFOF11,01-06-2024
7.079999923706055,7.198999881744385,6.861000061035156,7.119999885559082,7565950.0,6.175684928894043,0.063,0.0,HFOF11,01-07-2024
7.054999828338623,7.073999881744385,6.8520002365112305,6.940000057220459,7332630.0,6.073448657989502,0.063,0.0,HFOF11,01-08-2024
6.888999938964844,6.922999858856201,6.701000213623047,6.78000020980835,5490530.0,5.986396789550781,0.063,0.0,HFOF11,01-09-2024
6.715000152587891,6.71999979019165,6.190000057220459,6.498000144958496,6703970.0,5.789964199066162,0.06,0.0,HFOF11,01-10-2024
6.400000095367432,6.400000095367432,5.791999816894531,5.849999904632568,8351500.0,5.259112358093262,0.058,0.0,HFOF11,01-11-2024
5.750999927520752,5.885000228881836,5.224999904632568,5.7789998054504395,10209710.0,5.242074012756348,0.056,0.0,HFOF11,01-12-2024
5.7789998054504395,5.7789998054504395,5.181000232696533,5.39900016784668,8707470.0,4.944714546203613,0.056,0.0,HFOF11,01-01-2025
5.249000072479248,5.380000114440918,5.086999893188477,5.360000133514404,9356480.0,4.957030296325684,0.056,0.0,HFOF11,01-02-2025
5.360000133514404,5.598999977111816,5.293000221252441,5.504000186920166,9527140.0,5.1435546875,0.056,0.0,HFOF11,01-03-2025
5.429999828338623,6.056000232696533,5.386000156402588,6.03000020980835,4844900.0,5.69460391998291,0.056,0.0,HFOF11,01-04-2025
6.03000020980835,6.090000152587891,5.809999942779541,6.090000152587891,4689697.0,5.8103837966918945,0.056,10.0,HFOF11,01-05-2025
6.0,6.139999866485596,5.75,5.949999809265137,5830099.0,5.730025291442871,0.056,0.0,HFOF11,01-06-2025
5.849999904632568,6.019999980926514,5.650000095367432,5.949999809265137,6830817.0,5.783204078674316,0.056,0.0,HFOF11,01-07-2025
5.78000020980835,6.010000228881836,5.71999979019165,5.909999847412109,4900386.0,5.798902988433838,0.056,0.0,HFOF11,01-08-2025
5.860000133514404,6.03000020980835,5.760000228881836,6.019999980926514,2194993.0,5.962957859039307,0.056,0.0,HFOF11,01-09-2025
0.0,0.0,0.0,6.019999980926514,0.0,6.019999980926514,0.0,0.0,HFOF11,15-09-2025
21.11239242553711,21.287288665771484,20.533737182617188,20.777591705322266,5361110.0,15.126018524169922,0.0,0.0,HGBS11,01-10-2020
20.777591705322266,21.287288665771484,20.437795639038086,20.907514572143555,3384378.0,15.220603942871094,0.0,0.0,HGBS11,01-11-2020
20.852548599243164,22.325668334960938,20.807573318481445,21.600101470947266,2445910.0,15.724800109863281,0.0,0.0,HGBS11,01-12-2020
21.600101470947266,22.135780334472656,21.307275772094727,21.621089935302734,1915333.0,15.740079879760742,0.0,0.0,HGBS11,01-01-2021
21.587108612060547,21.886930465698242,20.939495086669922,20.97747230529785,1847354.0,15.271530151367188,0.0,0.0,HGBS11,01-02-2021
20.97747230529785,21.056425094604492,19.593299865722656,20.287885665893555,2335609.0,14.769514083862305,0.0,0.0,HGBS11,01-03-2021
20.27289390563965,20.92750358581543,19.99106216430664,20.377830505371094,1672879.0,14.834986686706543,0.0,0.0,HGBS11,01-04-2021
20.377830505371094,20.548728942871094,19.628278732299805,20.033037185668945,2223366.0,14.583983421325684,0.0,0.0,HGBS11,01-05-2021
19.998058319091797,20.41181182861328,18.98866081237793,20.118986129760742,1920886.0,14.646554946899414,0.0,0.0,HGBS11,01-06-2021
20.05902099609375,20.407812118530273,19.538331985473633,19.88812255859375,1703806.0,14.478487014770508,0.0,0.0,HGBS11,01-07-2021
19.88812255859375,20.120983123779297,18.655858993530273,18.81776237487793,1318765.0,13.699265480041504,0.0,0.0,HGBS11,01-08-2021
18.81776237487793,19.193538665771484,17.911304473876953,18.19813346862793,1620977.0,13.24818229675293,0.0,0.0,HGBS11,01-09-2021
18.186140060424805,19.212526321411133,17.426593780517578,17.9892578125,2617612.0,13.096124649047852,0.0,0.0,HGBS11,01-10-2021
18.096193313598633,18.387020111083984,15.700624465942383,15.8795166015625,2414580.0,11.560235023498535,0.0,0.0,HGBS11,01-11-2021
15.838541984558105,19.487363815307617,15.51573371887207,19.179546356201172,1798203.0,13.962646484375,0.0,0.0,HGBS11,01-12-2021
19.14656639099121,19.278486251831055,16.280277252197266,16.64006233215332,2191237.0,12.113908767700195,0.0,0.0,HGBS11,01-01-2022
16.49015235900879,17.309663772583008,16.30526351928711,16.748998641967773,2014683.0,12.19321346282959,0.0,0.0,HGBS11,01-02-2022
16.748998641967773,18.066211700439453,15.995448112487793,18.038227081298828,2257526.0,13.131769180297852,0.0,0.0,HGBS11,01-03-2022
17.916301727294922,18.13317108154297,17.17474365234375,17.779382705688477,1646752.0,12.943331718444824,0.114931,0.0,HGBS11,01-04-2022
17.665451049804688,17.9892578125,16.693031311035156,17.945283889770508,1468596.0,13.147879600524902,0.119928,0.0,HGBS11,01-05-2022
17.892314910888672,17.937288284301758,16.959871292114258,17.313661575317383,1440647.0,12.771257400512695,0.124925,0.0,HGBS11,01-06-2022
17.189735412597656,18.339048385620117,16.827951431274414,18.219120025634766,1813981.0,13.533373832702637,0.0,0.0,HGBS11,01-07-2022
18.17914390563965,21.554128646850586,17.950281143188477,21.48716926574707,2560176.0,15.96091365814209,0.129922,0.0,HGBS11,01-08-2022
21.266300201416016,21.608095169067383,20.775592803955078,21.587108612060547,2721002.0,16.150325775146484,0.129922,0.0,HGBS11,01-09-2022
21.45218849182129,21.575115203857422,20.657663345336914,20.834558486938477,1818233.0,15.682124137878418,0.134919,0.0,HGBS11,01-10-2022
20.73761558532715,20.823564529418945,18.192136764526367,19.073610305786133,1640059.0,14.446956634521484,0.134919,0.0,HGBS11,01-11-2022
19.00564956665039,19.239511489868164,17.713422775268555,19.00265121459961,1532433.0,14.487022399902344,0.139916,0.0,HGBS11,01-12-2022
18.98866081237793,19.076608657836914,18.00025177001953,18.389019012451172,1826390.0,14.122809410095215,0.139916,0.0,HGBS11,01-01-2023
18.241107940673828,18.788780212402344,17.83934783935547,18.151161193847656,1427104.0,14.043538093566895,0.139916,0.0,HGBS11,01-02-2023
18.244104385375977,18.48695945739746,17.469568252563477,18.229114532470703,2963248.0,14.21198558807373,0.139916,0.0,HGBS11,01-03-2023
18.129173278808594,19.938093185424805,17.82635498046875,19.73821258544922,1591381.0,15.50806713104248,0.139916,0.0,HGBS11,01-04-2023
19.73821258544922,20.897520065307617,19.55332374572754,20.758604049682617,1873405.0,16.435930252075195,0.144913,0.0,HGBS11,01-05-2023
20.637676239013672,21.871938705444336,20.449787139892578,21.776994705200195,2016824.0,17.369775772094727,0.144913,0.0,HGBS11,01-06-2023
21.6370792388916,22.62848663330078,21.507156372070312,22.54153823852539,1622038.0,18.105989456176758,0.144913,0.0,HGBS11,01-07-2023
22.38663101196289,23.408000946044922,21.687049865722656,23.142000198364258,3400174.0,18.712818145751953,0.154907,0.0,HGBS11,01-08-2023
22.92799949645996,23.368999481201172,22.799999237060547,23.197999954223633,9208690.0,18.887897491455078,0.2,0.0,HGBS11,01-09-2023
23.000999450683594,23.099000930786133,22.611000061035156,22.86199951171875,2471760.0,18.776596069335938,0.2,0.0,HGBS11,01-10-2023
22.79599952697754,22.797000885009766,22.200000762939453,22.320999145507812,3232600.0,18.49169921875,0.2,0.0,HGBS11,01-11-2023
22.31999969482422,23.075000762939453,21.80900001525879,23.075000762939453,4798220.0,19.285049438476562,0.2,0.0,HGBS11,01-12-2023
23.075000762939453,23.231000900268555,22.481000900268555,22.850000381469727,5739080.0,19.269668579101562,0.2,0.0,HGBS11,01-01-2024
22.749000549316406,23.399999618530273,22.656999588012695,22.959999084472656,3784440.0,19.531723022460938,0.175,0.0,HGBS11,01-02-2024
22.900999069213867,23.198999404907227,22.5,22.888999938964844,4553360.0,19.621601104736328,0.175,0.0,HGBS11,01-03-2024
22.76099967956543,22.982999801635742,22.110000610351562,22.268999099731445,4099650.0,19.236724853515625,0.175,0.0,HGBS11,01-04-2024
22.268999099731445,22.268999099731445,21.7450008392334,21.850000381469727,4091050.0,19.020198822021484,0.175,0.0,HGBS11,01-05-2024
21.83099937438965,21.864999771118164,20.540000915527344,21.177000045776367,4068130.0,18.58037567138672,0.175,0.0,HGBS11,01-06-2024
21.00200080871582,22.097999572753906,20.746999740600586,21.479999542236328,4083690.0,18.998384475708008,0.175,0.0,HGBS11,01-07-2024
21.24799919128418,21.839000701904297,21.045000076293945,21.211000442504883,3466840.0,18.91678237915039,0.16,0.0,HGBS11,01-08-2024
21.051000595092773,21.200000762939453,20.18199920654297,20.339000701904297,3967150.0,18.275226593017578,0.16,0.0,HGBS11,01-09-2024
20.349000930786133,20.56599998474121,19.72100067138672,19.774999618530273,3689870.0,17.903507232666016,0.16,0.0,HGBS11,01-10-2024
19.667999267578125,20.260000228881836,19.299999237060547,19.301000595092773,3043830.0,17.61292266845703,0.16,0.0,HGBS11,01-11-2024
19.281999588012695,19.29800033569336,17.729000091552734,18.607999801635742,3987030.0,17.119041442871094,0.16,0.0,HGBS11,01-12-2024
18.607999801635742,19.10700035095215,17.399999618530273,17.70199966430664,3221180.0,16.421667098999023,0.16,0.0,HGBS11,01-01-2025
17.60099983215332,18.200000762939453,17.302000045776367,17.959999084472656,3235400.0,16.80550765991211,0.16,0.0,HGBS11,01-02-2025
17.959999084472656,19.600000381469727,17.71299934387207,19.583999633789062,2666400.0,18.492258071899414,0.16,0.0,HGBS11,01-03-2025
19.413999557495117,19.857999801635742,18.711000442504883,19.739999771118164,2479400.0,18.807109832763672,0.16,0.0,HGBS11,01-04-2025
19.739999771118164,20.31999969482422,19.233999252319336,20.020000457763672,2283206.0,19.230993270874023,0.16,10.0,HGBS11,01-05-2025
19.81999969482422,19.899999618530273,19.010000228881836,19.899999618530273,2619750.0,19.271928787231445,0.16,0.0,HGBS11,01-06-2025
19.790000915527344,19.8799991607666,18.450000762939453,18.600000381469727,2745309.0,18.158079147338867,0.16,0.0,HGBS11,01-07-2025
18.3700008392334,19.229999542236328,17.889999389648438,19.1200008392334,2386533.0,18.8170166015625,0.15,0.0,HGBS11,01-08-2025
18.950000762939453,19.700000762939453,18.719999313354492,19.549999237060547,1234302.0,19.396625518798828,0.15,0.0,HGBS11,01-09-2025
0.0,0.0,0.0,19.549999237060547,0.0,19.549999237060547,0.0,0.0,HGBS11,15-09-2025
103.08415222167969,103.30380249023438,97.34339141845703,100.63809204101562,509877.0,64.5941162109375,0.0,,HGCR11,01-10-2020
100.63809204101562,102.08576202392578,97.34339141845703,99.92922973632812,511784.0,64.13911437988281,0.0,,HGCR11,01-11-2020
99.9791488647461,101.83616638183594,96.8741455078125,101.63648223876953,480201.0,65.23493957519531,0.0,,HGCR11,01-12-2020
101.63648223876953,104.03263092041016,100.8377685546875,103.69317626953125,549178.0,66.55499267578125,0.0,,HGCR11,01-01-2021
103.07417297363281,105.3305435180664,102.41522979736328,103.88287353515625,456505.0,66.67676544189453,0.0,,HGCR11,01-02-2021
102.84454345703125,108.435546875,101.98592376708984,108.3956069946289,780062.0,69.57323455810547,0.0,,HGCR11,01-03-2021
107.71670532226562,109.82331085205078,107.71670532226562,109.42395782470703,577505.0,70.2332763671875,0.0,,HGCR11,01-04-2021
108.625244140625,109.22427368164062,104.33214569091797,107.47708892822266,550529.0,68.98368072509766,0.0,,HGCR11,01-05-2021
106.82813262939453,106.82813262939453,96.3949203491211,103.81298065185547,795502.0,66.63188934326172,0.0,,HGCR11,01-06-2021
103.48351287841797,106.32893371582031,100.66804504394531,106.32893371582031,552289.0,68.24675750732422,0.0,,HGCR11,01-07-2021
105.72989654541016,106.12925720214844,99.34017944335938,103.67321014404297,413360.0,66.54219055175781,0.0,,HGCR11,01-08-2021
102.80460357666016,107.44713592529297,100.8377685546875,106.92797088623047,600381.0,68.63125610351562,0.0,,HGCR11,01-09-2021
106.07933807373047,107.82652282714844,102.87449645996094,105.96951293945312,434523.0,68.01604461669922,0.0,,HGCR11,01-10-2021
105.34052276611328,105.8297348022461,98.89089965820312,102.36531066894531,459953.0,65.70271301269531,0.0,,HGCR11,01-11-2021
101.48672485351562,106.32893371582031,100.04904174804688,105.64004516601562,395432.0,67.80459594726562,0.0,,HGCR11,01-12-2021
105.3305435180664,107.82652282714844,103.53343200683594,107.69673156738281,477351.0,69.1246566772461,0.0,,HGCR11,01-01-2022
106.66838836669922,107.82652282714844,102.67274475097656,104.58223724365234,602488.0,67.12566375732422,0.0,,HGCR11,01-02-2022
104.58223724365234,107.25152587890625,103.2925796508789,106.97160339355469,516084.0,68.65925598144531,0.0,,HGCR11,01-03-2022
105.10209655761719,108.4012222290039,103.43254089355469,105.77191925048828,614849.0,67.88925170898438,1.049721,,HGCR11,01-04-2022
105.07210540771484,106.07183837890625,103.00265502929688,105.99185943603516,424376.0,68.70464324951172,1.099708,,HGCR11,01-05-2022
104.9621353149414,105.7119369506836,103.02265167236328,105.4520034790039,412066.0,69.07279205322266,1.149695,,HGCR11,01-06-2022
104.21233367919922,104.54224395751953,102.64275360107422,103.3925552368164,706045.0,68.46649169921875,1.199682,,HGCR11,01-07-2022
102.44280242919922,104.39228820800781,102.26285552978516,104.02238464355469,773651.0,69.67626953125,1.199682,,HGCR11,01-08-2022
102.82270050048828,106.0,102.74272155761719,104.70999908447266,775269.0,70.96018981933594,1.199682,,HGCR11,01-09-2022
103.80000305175781,105.19999694824219,101.55000305175781,103.5,836753.0,70.95854949951172,1.2,,HGCR11,01-10-2022
102.29000091552734,104.4000015258789,100.30999755859375,102.41999816894531,681298.0,71.03215026855469,1.2,,HGCR11,01-11-2022
101.51000213623047,104.45999908447266,99.55000305175781,102.1500015258789,716107.0,71.67593383789062,1.2,,HGCR11,01-12-2022
102.0999984741211,104.0,99.55000305175781,102.4000015258789,906141.0,72.70319366455078,1.2,,HGCR11,01-01-2023
101.4000015258789,102.5,98.19999694824219,101.72000122070312,610088.0,73.07887268066406,1.2,,HGCR11,01-02-2023
100.63999938964844,103.1500015258789,99.5,102.98999786376953,804426.0,74.8686294555664,1.2,,HGCR11,01-03-2023
102.45999908447266,103.19000244140625,99.9800033569336,103.19000244140625,563732.0,75.90953826904297,1.2,,HGCR11,01-04-2023
103.19000244140625,104.48999786376953,101.58999633789062,103.69999694824219,792531.0,77.18404388427734,1.2,,HGCR11,01-05-2023
103.30000305175781,104.80000305175781,101.3499984741211,104.0,882404.0,78.31808471679688,1.2,,HGCR11,01-06-2023
102.9000015258789,107.88999938964844,102.30999755859375,105.51000213623047,822001.0,80.38541412353516,1.2,,HGCR11,01-07-2023
104.62000274658203,107.9000015258789,103.19999694824219,107.88999938964844,846378.0,83.158203125,1.1,,HGCR11,01-08-2023
106.79000091552734,108.70999908447266,104.5199966430664,108.3499984741211,747853.0,84.39257049560547,1.1,,HGCR11,01-09-2023
107.44000244140625,107.6500015258789,104.5,106.08999633789062,702953.0,83.48345184326172,1.1,,HGCR11,01-10-2023
104.66000366210938,104.66000366210938,101.0,103.87999725341797,715836.0,82.5827865600586,1.0,,HGCR11,01-11-2023
102.4800033569336,106.62000274658203,101.4000015258789,105.12000274658203,636216.0,84.36377716064453,1.0,,HGCR11,01-12-2023
105.12000274658203,108.0,103.55999755859375,105.80000305175781,784946.0,85.73483276367188,1.0,,HGCR11,01-01-2024
105.0,106.41000366210938,102.0,106.16999816894531,730231.0,86.8609619140625,0.95,,HGCR11,01-02-2024
105.22000122070312,106.98999786376953,103.25,105.9800033569336,713224.0,87.4911117553711,0.95,,HGCR11,01-03-2024
105.72000122070312,106.5999984741211,103.23999786376953,104.52999877929688,788985.0,87.07321166992188,0.95,,HGCR11,01-04-2024
104.52999877929688,106.08999633789062,102.52999877929688,105.23999786376953,629101.0,88.45755767822266,0.95,,HGCR11,01-05-2024
104.19999694824219,105.20999908447266,102.5,104.80000305175781,767944.0,88.89564514160156,0.95,,HGCR11,01-06-2024
103.8499984741211,104.80000305175781,102.87000274658203,104.2699966430664,564886.0,89.25173950195312,0.95,,HGCR11,01-07-2024
103.4000015258789,104.0,102.25,103.4000015258789,542150.0,89.31670379638672,0.95,,HGCR11,01-08-2024
102.45999908447266,103.27999877929688,101.5,101.75,545180.0,88.69957733154297,0.95,,HGCR11,01-09-2024
101.0,102.20999908447266,97.77999877929688,98.19999694824219,683922.0,86.39868927001953,0.95,,HGCR11,01-10-2024
97.69000244140625,98.44999694824219,95.04000091552734,97.0,777382.0,86.14723205566406,0.95,,HGCR11,01-11-2024
96.0999984741211,97.8499984741211,85.9000015258789,97.0,965034.0,86.98876190185547,0.95,,HGCR11,01-12-2024
96.02999877929688,96.04000091552734,87.25,89.38999938964844,623335.0,80.95706176757812,0.95,,HGCR11,01-01-2025
89.16999816894531,97.97000122070312,86.91000366210938,96.75,610607.0,88.4893798828125,1.05,,HGCR11,01-02-2025
96.75,96.75,93.05999755859375,96.1500015258789,486073.0,88.9858627319336,1.05,,HGCR11,01-03-2025
94.87000274658203,97.48999786376953,92.87999725341797,96.30000305175781,452115.0,90.10254669189453,1.05,,HGCR11,01-04-2025
96.30000305175781,97.94000244140625,93.47000122070312,96.9800033569336,579211.0,91.74063110351562,1.05,,HGCR11,01-05-2025
95.68000030517578,95.8499984741211,90.44000244140625,94.6500015258789,763977.0,90.52352905273438,1.05,,HGCR11,01-06-2025
93.73999786376953,95.4000015258789,90.44000244140625,95.06999969482422,959773.0,91.9204330444336,1.05,,HGCR11,01-07-2025
93.62999725341797,94.48999786376953,91.04000091552734,92.4000015258789,618400.0,90.3410873413086,1.05,,HGCR11,01-08-2025
92.19999694824219,94.26000213623047,91.2699966430664,93.75,312107.0,92.68466186523438,1.05,,HGCR11,01-09-2025
0.0,0.0,0.0,93.75,0.0,93.75,0.0,,HGCR11,15-09-2025
165.9619903564453,171.94252014160156,155.1695556640625,161.0518798828125,999776.0,118.16716766357422,0.0,,HGLG11,01-10-2020
161.0518798828125,166.92437744140625,159.08782958984375,164.68536376953125,831210.0,120.83313751220703,0.0,,HGLG11,01-11-2020
164.68536376953125,178.1292724609375,164.0077667236328,177.74627685546875,883661.0,130.41619873046875,0.0,,HGLG11,01-12-2020
177.74627685546875,181.25210571289062,175.19302368164062,176.42054748535156,886233.0,129.44345092773438,0.0,,HGLG11,01-01-2021
174.8002166748047,177.3534698486328,171.6675567626953,175.7822265625,800715.0,128.9751434326172,0.0,,HGLG11,01-02-2021
175.73313903808594,176.76425170898438,166.56103515625,172.8263397216797,1318144.0,126.80632019042969,0.0,,HGLG11,01-03-2021
172.03089904785156,172.03089904785156,166.9440155029297,170.8721160888672,738824.0,125.3724594116211,0.0,,HGLG11,01-04-2021
169.87045288085938,169.87045288085938,164.9897918701172,166.49229431152344,644687.0,122.15887451171875,0.0,,HGLG11,01-05-2021
165.9619903564453,169.67404174804688,153.80455017089844,165.56918334960938,1021036.0,121.4815902709961,0.0,,HGLG11,01-06-2021
166.65924072265625,173.58250427246094,162.829345703125,165.9325408935547,1141043.0,121.7481918334961,0.0,,HGLG11,01-07-2021
165.9619903564453,166.16822814941406,159.1074676513672,159.88327026367188,1022400.0,117.30970764160156,0.0,,HGLG11,01-08-2021
159.51010131835938,162.5740203857422,157.6147918701172,162.03390502929688,761114.0,118.88768005371094,0.0,,HGLG11,01-09-2021
161.5428924560547,166.1092987060547,159.6770477294922,163.99795532226562,679997.0,120.32872009277344,0.0,,HGLG11,01-10-2021
162.9962921142578,163.4676513671875,152.11546325683594,157.123779296875,718010.0,115.2850570678711,0.0,,HGLG11,01-11-2021
156.67205810546875,167.92604064941406,156.41673278808594,167.49395751953125,677918.0,122.893798828125,0.0,,HGLG11,01-12-2021
166.55120849609375,171.5006103515625,162.18121337890625,167.484130859375,675337.0,122.88661193847656,0.0,,HGLG11,01-01-2022
166.40391540527344,168.31884765625,159.40208435058594,163.99795532226562,477633.0,120.32872009277344,0.0,,HGLG11,01-02-2022
163.99795532226562,163.99795532226562,157.71299743652344,160.5608673095703,661639.0,117.80685424804688,0.0,,HGLG11,01-03-2022
160.95367431640625,164.83267211914062,160.08949279785156,161.96080017089844,500952.0,118.83405303955078,1.080226,,HGLG11,01-04-2022
161.9410400390625,163.42221069335938,159.07745361328125,163.02723693847656,601685.0,120.42671966552734,1.08619,,HGLG11,01-05-2022
161.66456604003906,162.4051513671875,154.9400634765625,162.35577392578125,805875.0,120.74046325683594,1.08619,,HGLG11,01-06-2022
159.59092712402344,166.7696533203125,158.19862365722656,166.52279663085938,677902.0,124.6700439453125,3.25857,,HGLG11,01-07-2022
165.4365997314453,171.8155059814453,163.92581176757812,170.324462890625,760641.0,130.1279296875,1.08619,,HGLG11,01-08-2022
169.23826599121094,171.8155059814453,162.05953979492188,169.34689331054688,933399.0,130.23052978515625,1.08619,,HGLG11,01-09-2022
167.86572265625,168.24095153808594,161.44732666015625,163.3135986328125,872473.0,126.39684295654297,1.08619,,HGLG11,01-10-2022
162.22740173339844,167.6484832763672,159.83778381347656,162.74087524414062,663758.0,126.76669311523438,1.08619,,HGLG11,01-11-2022
161.65469360351562,162.7310028076172,157.7937774658203,162.4347686767578,659461.0,127.37539672851562,1.08619,,HGLG11,01-12-2022
160.1537628173828,160.4598846435547,158.78121948242188,160.22288513183594,674158.0,126.48512268066406,2.17238,,HGLG11,01-01-2023
159.35394287109375,160.20314025878906,157.50741577148438,159.62054443359375,531293.0,127.71774291992188,1.08619,,HGLG11,01-02-2023
158.53436279296875,159.47242736816406,156.04598999023438,158.4553680419922,721218.0,127.65077209472656,1.08619,,HGLG11,01-03-2023
157.58641052246094,160.4598846435547,157.00381469726562,160.4598846435547,602174.0,130.15127563476562,1.08619,,HGLG11,01-04-2023
160.4598846435547,164.4886474609375,158.5500030517578,159.11000061035156,1124459.0,129.94715881347656,1.08619,,HGLG11,01-05-2023
158.5,167.77000427246094,158.0,167.22999572753906,1285525.0,137.50967407226562,1.1,,HGLG11,01-06-2023
165.91000366210938,168.49000549316406,161.63999938964844,163.25,1220963.0,135.17153930664062,1.5,,HGLG11,01-07-2023
163.27999877929688,164.0,159.72999572753906,162.22000122070312,1737094.0,135.5343475341797,1.1,,HGLG11,01-08-2023
161.35000610351562,162.75,160.22999572753906,161.47999572753906,2097665.0,135.83139038085938,1.1,,HGLG11,01-09-2023
160.5800018310547,160.72999572753906,157.5,158.0,1585896.0,133.8114776611328,1.1,,HGLG11,01-10-2023
158.0,162.75999450683594,155.02000427246094,161.39999389648438,1380011.0,137.6284637451172,1.1,,HGLG11,01-11-2023
161.10000610351562,162.8000030517578,154.99000549316406,161.99000549316406,1718564.0,139.10000610351562,1.1,,HGLG11,01-12-2023
161.99000549316406,165.5,160.75,165.25999450683594,1131285.0,142.8817138671875,1.1,,HGLG11,01-01-2024
164.14999389648438,170.0,162.60000610351562,169.99000549316406,875878.0,147.97604370117188,1.1,,HGLG11,01-02-2024
168.88999938964844,170.7100067138672,166.02999877929688,169.0,845938.0,148.1000518798828,1.1,,HGLG11,01-03-2024
167.89999389648438,168.7899932861328,163.10000610351562,166.6300048828125,961944.0,146.97418212890625,1.1,,HGLG11,01-04-2024
166.6300048828125,166.99000549316406,160.85000610351562,163.39999389648438,869100.0,145.06947326660156,1.1,,HGLG11,01-05-2024
162.3000030517578,163.1699981689453,155.5500030517578,162.14999389648438,1143210.0,144.9163360595703,1.1,,HGLG11,01-06-2024
161.1999969482422,164.8000030517578,157.6300048828125,160.39999389648438,1033538.0,144.32391357421875,1.1,,HGLG11,01-07-2024
160.58999633789062,162.6999969482422,158.5399932861328,161.1999969482422,865739.0,146.03440856933594,1.1,,HGLG11,01-08-2024
160.3000030517578,161.0,157.7100067138672,159.1300048828125,909047.0,145.15460205078125,1.1,,HGLG11,01-09-2024
158.30999755859375,158.88999938964844,153.82000732421875,155.85000610351562,1199919.0,143.13941955566406,1.1,,HGLG11,01-10-2024
154.38999938964844,156.0,151.25,152.25,1024759.0,140.80633544921875,1.1,,HGLG11,01-11-2024
151.8000030517578,157.27000427246094,142.0,156.1300048828125,1296618.0,145.42112731933594,1.1,,HGLG11,01-12-2024
155.60000610351562,156.1300048828125,147.61000061035156,152.25,966938.0,142.83924865722656,1.1,,HGLG11,01-01-2025
150.99000549316406,153.74000549316406,147.50999450683594,150.4499969482422,907307.0,142.15203857421875,1.1,,HGLG11,01-02-2025
150.4499969482422,152.9499969482422,147.67999267578125,152.75,805036.0,145.37550354003906,1.1,,HGLG11,01-03-2025
152.63999938964844,160.9499969482422,149.6300048828125,160.8000030517578,866022.0,154.16403198242188,1.1,,HGLG11,01-04-2025
160.8000030517578,161.36000061035156,156.5500030517578,161.36000061035156,686903.0,155.82305908203125,1.1,,HGLG11,01-05-2025
160.25999450683594,160.3000030517578,153.9199981689453,159.22999572753906,844511.0,154.8252716064453,1.1,,HGLG11,01-06-2025
158.1300048828125,158.2100067138672,151.64999389648438,154.24000549316406,877235.0,151.00270080566406,1.1,,HGLG11,01-07-2025
153.9600067138672,155.42999267578125,150.77999877929688,154.99000549316406,891541.0,152.79249572753906,1.1,,HGLG11,01-08-2025
154.07000732421875,158.50999450683594,152.9600067138672,157.6999969482422,532334.0,156.5807647705078,1.1,,HGLG11,01-09-2025
0.0,0.0,0.0,157.6999969482422,0.0,157.6999969482422,0.0,,HGLG11,15-09-2025
150.5,155.0,148.0800018310547,151.24000549316406,421635.0,111.38707733154297,0.0,,HGRE11,01-10-2020
151.24000549316406,156.99000549316406,149.10000610351562,149.8300018310547,365789.0,110.34860229492188,0.0,,HGRE11,01-11-2020
149.94000244140625,157.9499969482422,143.75999450683594,157.0,438673.0,115.62920379638672,0.0,,HGRE11,01-12-2020
157.0,157.0,147.91000366210938,150.0,639091.0,110.47379302978516,0.0,,HGRE11,01-01-2021
150.0,151.0,146.8000030517578,147.99000549316406,359955.0,108.99346160888672,0.0,,HGRE11,01-02-2021
148.02999877929688,149.0,136.5,137.8000030517578,460605.0,101.48857116699219,0.0,,HGRE11,01-03-2021
137.0,140.5,134.92999267578125,137.77000427246094,433695.0,101.46649169921875,0.0,,HGRE11,01-04-2021
137.10000610351562,138.44000244140625,126.5,128.66000366210938,655453.0,94.75704193115234,0.0,,HGRE11,01-05-2021
128.0,135.00999450683594,126.0199966430664,132.85000610351562,573032.0,97.84294128417969,0.0,,HGRE11,01-06-2021
131.99000549316406,144.61000061035156,130.07000732421875,140.5,351956.0,103.47711944580078,0.0,,HGRE11,01-07-2021
140.5,140.8000030517578,126.54000091552734,133.07000732421875,364072.0,98.0049819946289,0.0,,HGRE11,01-08-2021
132.5,133.77999877929688,128.02000427246094,130.85000610351562,326145.0,96.36995697021484,0.0,,HGRE11,01-09-2021
130.41000366210938,132.99000549316406,124.80000305175781,126.5,263593.0,93.16622161865234,0.0,,HGRE11,01-10-2021
126.5,127.20999908447266,113.0,119.98999786376953,358217.0,88.37165069580078,0.0,,HGRE11,01-11-2021
118.9000015258789,136.1999969482422,117.01000213623047,136.0,353042.0,100.16289520263672,0.0,,HGRE11,01-12-2021
133.67999267578125,139.5500030517578,130.0,132.3000030517578,438741.0,97.4378662109375,0.0,,HGRE11,01-01-2022
132.13999938964844,135.05999755859375,126.0,130.27999877929688,309738.0,95.95018005371094,0.0,,HGRE11,01-02-2022
130.27999877929688,130.27999877929688,119.16000366210938,126.55999755859375,364668.0,93.21041107177734,0.0,,HGRE11,01-03-2022
125.87000274658203,132.0,123.5,128.00999450683594,327108.0,94.27832794189453,0.69,,HGRE11,01-04-2022
128.08999633789062,130.92999267578125,124.52999877929688,130.89999389648438,384596.0,96.93528747558594,0.78,,HGRE11,01-05-2022
130.0,132.91000366210938,125.98999786376953,129.67999267578125,287211.0,96.62057495117188,0.78,,HGRE11,01-06-2022
129.10000610351562,132.24000549316406,120.5,123.12000274658203,367484.0,92.2828140258789,0.78,,HGRE11,01-07-2022
122.68000030517578,143.0,122.51000213623047,142.97999572753906,433864.0,107.81707763671875,0.78,,HGRE11,01-08-2022
142.1999969482422,144.5,138.02999877929688,144.1199951171875,343522.0,109.36959838867188,0.78,,HGRE11,01-09-2022
143.33999633789062,143.97000122070312,133.3300018310547,139.44000244140625,378225.0,106.39852142333984,0.78,,HGRE11,01-10-2022
138.85000610351562,139.8000030517578,125.0,126.7300033569336,289411.0,97.22645568847656,0.78,,HGRE11,01-11-2022
125.95999908447266,132.52000427246094,120.01000213623047,123.01000213623047,280269.0,94.90335083007812,0.78,,HGRE11,01-12-2022
123.05000305175781,125.12999725341797,111.12000274658203,113.77999877929688,460783.0,88.32594299316406,1.1,,HGRE11,01-01-2023
113.0,114.5,108.20999908447266,113.80000305175781,333031.0,89.1385726928711,0.78,,HGRE11,01-02-2023
112.83000183105469,112.8499984741211,107.0,111.5999984741211,339483.0,88.01874542236328,0.78,,HGRE11,01-03-2023
110.7300033569336,127.5,107.2699966430664,126.51000213623047,303121.0,100.46683502197266,0.78,,HGRE11,01-04-2023
126.51000213623047,135.0,116.19999694824219,132.3800048828125,449667.0,105.868408203125,0.78,,HGRE11,01-05-2023
132.2899932861328,141.99000549316406,124.5,141.58999633789062,392978.0,113.9364013671875,0.78,,HGRE11,01-06-2023
140.19000244140625,144.49000549316406,132.52000427246094,142.39999389648438,395986.0,115.26737213134766,1.4,,HGRE11,01-07-2023
141.61000061035156,143.8000030517578,133.1199951171875,136.89999389648438,492082.0,111.92196655273438,0.78,,HGRE11,01-08-2023
135.80999755859375,139.8000030517578,130.5500030517578,135.8800048828125,350055.0,111.69992065429688,0.78,,HGRE11,01-09-2023
135.10000610351562,135.77000427246094,120.5,122.75,328813.0,101.48466491699219,0.78,,HGRE11,01-10-2023
121.91999816894531,133.9499969482422,120.95999908447266,130.19000244140625,299723.0,108.25716400146484,0.78,,HGRE11,01-11-2023
129.0,135.0,126.7300033569336,133.1300048828125,230203.0,111.40982055664062,0.78,,HGRE11,01-12-2023
133.1300048828125,135.7899932861328,130.24000549316406,133.4499969482422,262558.0,112.35071563720703,1.2,,HGRE11,01-01-2024
132.6699981689453,133.0,126.0199966430664,130.42999267578125,283228.0,110.8069839477539,0.78,,HGRE11,01-02-2024
129.64999389648438,130.8000030517578,126.0,130.47999572753906,283339.0,111.50118255615234,0.78,,HGRE11,01-03-2024
129.10000610351562,131.88999938964844,122.5999984741211,124.19000244140625,333783.0,106.76457214355469,0.78,,HGRE11,01-04-2024
123.41000366210938,127.48999786376953,117.0,118.0999984741211,336753.0,102.13964080810547,0.78,,HGRE11,01-05-2024
117.51000213623047,119.86000061035156,111.69999694824219,119.3499984741211,280587.0,103.87311553955078,0.78,,HGRE11,01-06-2024
117.44999694824219,117.9800033569336,112.08999633789062,117.01000213623047,320973.0,102.51361846923828,1.5,,HGRE11,01-07-2024
116.33999633789062,117.12000274658203,112.43000030517578,113.79000091552734,285249.0,100.96141815185547,0.78,,HGRE11,01-08-2024
113.01000213623047,114.5,102.29000091552734,104.41000366210938,511324.0,93.2606201171875,0.78,,HGRE11,01-09-2024
103.30000305175781,107.0,102.30000305175781,106.11000061035156,361537.0,95.43323516845703,0.78,,HGRE11,01-10-2024
106.11000061035156,107.9800033569336,101.05999755859375,102.30000305175781,300258.0,92.6991195678711,0.78,,HGRE11,01-11-2024
101.30000305175781,106.87000274658203,93.5,103.5999984741211,366378.0,94.57229614257812,0.78,,HGRE11,01-12-2024
103.5999984741211,103.5999984741211,93.16000366210938,99.05000305175781,280455.0,91.1135025024414,0.78,,HGRE11,01-01-2025
97.88999938964844,103.5,94.0,101.9800033569336,257972.0,94.5203628540039,0.85,,HGRE11,01-02-2025
101.9800033569336,112.29000091552734,99.0,111.26000213623047,300280.0,104.01414489746094,0.85,,HGRE11,01-03-2025
109.9000015258789,119.76000213623047,108.0199966430664,118.72000122070312,342461.0,111.9211654663086,0.85,,HGRE11,01-04-2025
118.69999694824219,118.69999694824219,110.0,114.98999786376953,259817.0,109.23934936523438,0.85,,HGRE11,01-05-2025
113.97000122070312,120.9000015258789,111.2699966430664,119.91000366210938,287141.0,114.7347640991211,0.85,,HGRE11,01-06-2025
117.36000061035156,117.48999786376953,110.16999816894531,111.19999694824219,307556.0,107.19304656982422,2.55,,HGRE11,01-07-2025
111.0,113.33999633789062,106.70999908447266,113.30000305175781,271764.0,111.5904541015625,0.85,,HGRE11,01-08-2025
112.44999694824219,116.86000061035156,110.7699966430664,116.4000015258789,165039.0,115.52674865722656,0.85,,HGRE11,01-09-2025
0.0,0.0,0.0,116.4000015258789,0.0,116.4000015258789,0.0,,HGRE11,15-09-2025
127.38999938964844,131.77999877929688,124.26000213623047,126.0,1155060.0,90.319580078125,0.0,,HGRU11,01-10-2020
126.0,129.94000244140625,125.5,127.9000015258789,804451.0,91.68152618408203,0.0,,HGRU11,01-11-2020
125.5,130.0,123.37000274658203,129.3300018310547,1343041.0,92.70658874511719,0.0,,HGRU11,01-12-2020
129.3300018310547,130.5,126.02999877929688,128.67999267578125,1146487.0,92.24066925048828,0.0,,HGRU11,01-01-2021
128.6699981689453,131.49000549316406,126.05000305175781,128.0,967181.0,91.75321960449219,0.0,,HGRU11,01-02-2021
128.10000610351562,128.58999633789062,121.80000305175781,123.88999938964844,1045499.0,88.80706024169922,0.0,,HGRU11,01-03-2021
123.88999938964844,124.44000244140625,121.5999984741211,122.3499984741211,918397.0,87.70317840576172,0.0,,HGRU11,01-04-2021
122.33999633789062,122.94999694824219,115.95999908447266,120.1500015258789,1397583.0,86.12617492675781,0.0,,HGRU11,01-05-2021
119.55999755859375,122.88999938964844,110.01000213623047,117.0,962111.0,83.8681869506836,0.0,,HGRU11,01-06-2021
117.0,121.98999786376953,115.51000213623047,120.44000244140625,836482.0,86.33403778076172,0.0,,HGRU11,01-07-2021
120.5,120.7699966430664,112.16000366210938,116.6500015258789,798687.0,83.61729431152344,0.0,,HGRU11,01-08-2021
116.61000061035156,117.0,110.98999786376953,113.0,869270.0,81.00089263916016,0.0,,HGRU11,01-09-2021
113.0,114.5,110.6500015258789,112.0,756351.0,80.28406524658203,0.0,,HGRU11,01-10-2021
112.27999877929688,112.30000305175781,102.0999984741211,107.5999984741211,753157.0,77.13004302978516,0.0,,HGRU11,01-11-2021
106.87999725341797,118.5,106.69999694824219,118.38999938964844,759718.0,84.86456298828125,0.0,,HGRU11,01-12-2021
117.88999938964844,118.23999786376953,110.5,115.1500015258789,852738.0,82.54203796386719,0.0,,HGRU11,01-01-2022
114.8499984741211,115.97000122070312,110.5,112.80000305175781,686917.0,80.8575210571289,0.0,,HGRU11,01-02-2022
112.80000305175781,113.5,108.0,111.9800033569336,770186.0,80.26972198486328,0.0,,HGRU11,01-03-2022
112.12999725341797,115.75,111.05000305175781,115.5,777492.0,82.7929458618164,0.812715,,HGRU11,01-04-2022
115.48999786376953,119.0,112.51000213623047,118.4000015258789,658716.0,85.49220275878906,0.812715,,HGRU11,01-05-2022
117.5999984741211,119.0,116.0,118.69000244140625,702668.0,86.30891418457031,0.812715,,HGRU11,01-06-2022
117.4000015258789,119.55000305175781,115.62999725341797,119.55000305175781,704429.0,87.53515625,1.189339,,HGRU11,01-07-2022
119.54000091552734,128.99000549316406,118.0999984741211,127.87999725341797,865885.0,94.58218383789062,0.812715,,HGRU11,01-08-2022
127.06999969482422,129.86000061035156,125.02999877929688,129.35000610351562,537045.0,96.32423400878906,0.812715,,HGRU11,01-09-2022
128.52999877929688,128.52999877929688,122.93000030517578,126.9000015258789,659355.0,95.10421752929688,0.812715,,HGRU11,01-10-2022
125.98999786376953,126.0,117.58999633789062,120.9800033569336,607513.0,91.24075317382812,0.812715,,HGRU11,01-11-2022
120.16000366210938,124.05999755859375,117.0,122.19000244140625,655790.0,92.74732208251953,0.812715,,HGRU11,01-12-2022
119.7699966430664,120.05999755859375,115.80000305175781,118.73999786376953,774773.0,90.73816680908203,1.982232,,HGRU11,01-01-2023
117.9000015258789,117.9000015258789,111.80000305175781,114.30000305175781,528321.0,88.78556823730469,0.812715,,HGRU11,01-02-2023
114.69000244140625,116.5999984741211,114.5,115.22000122070312,638142.0,90.11699676513672,0.842449,,HGRU11,01-03-2023
115.0,123.0,114.75,122.88999938964844,568245.0,96.82962036132812,0.842449,,HGRU11,01-04-2023
122.88999938964844,125.9000015258789,119.5,125.30000305175781,698310.0,99.45574951171875,0.842449,,HGRU11,01-05-2023
124.44999694824219,133.82000732421875,123.19999694824219,132.36000061035156,563435.0,105.78472900390625,0.842449,,HGRU11,01-06-2023
130.9600067138672,132.5,128.4499969482422,132.5,659917.0,106.6134033203125,1.387563,,HGRU11,01-07-2023
132.0,134.5800018310547,127.7699966430664,132.52999877929688,915198.0,107.767333984375,0.842449,,HGRU11,01-08-2023
132.17999267578125,141.39999389648438,130.0800018310547,138.5,1433802.0,113.34249877929688,0.842449,,HGRU11,01-09-2023
136.6999969482422,136.6999969482422,128.02000427246094,129.3000030517578,767120.0,106.49053955078125,0.842449,,HGRU11,01-10-2023
128.44000244140625,135.41000366210938,128.0,134.5,573533.0,111.45114135742188,0.842449,,HGRU11,01-11-2023
133.6300048828125,140.0,128.52999877929688,140.0,576595.0,116.76941680908203,0.842449,,HGRU11,01-12-2023
140.0,140.0,136.58999633789062,139.63999938964844,476183.0,117.2032699584961,2.279567,,HGRU11,01-01-2024
137.3800048828125,138.6300048828125,133.0,136.8000030517578,530794.0,116.7200927734375,0.842449,,HGRU11,01-02-2024
135.9499969482422,137.77000427246094,133.67999267578125,136.38999938964844,414869.0,117.07660675048828,0.842449,,HGRU11,01-03-2024
135.5399932861328,136.99000549316406,132.14999389648438,135.4499969482422,479858.0,116.99015808105469,0.842449,,HGRU11,01-04-2024
134.58999633789062,134.58999633789062,128.83999633789062,129.85000610351562,672815.0,112.85040283203125,0.842449,,HGRU11,01-05-2024
129.10000610351562,129.83999633789062,125.76000213623047,129.63999938964844,464203.0,113.3730239868164,0.842449,,HGRU11,01-06-2024
128.5800018310547,130.4199981689453,126.05999755859375,127.55000305175781,605633.0,112.27371215820312,1.238895,,HGRU11,01-07-2024
127.0,128.3699951171875,126.75,127.58999633789062,566798.0,113.39252471923828,0.85,,HGRU11,01-08-2024
127.55999755859375,127.55999755859375,121.01000213623047,121.52999877929688,699479.0,108.73145294189453,0.85,,HGRU11,01-09-2024
121.52999877929688,123.43000030517578,118.22000122070312,121.0,749442.0,108.98330688476562,0.85,,HGRU11,01-10-2024
120.62000274658203,120.91999816894531,114.5,115.5199966430664,978966.0,104.78038787841797,0.9,,HGRU11,01-11-2024
115.5199966430664,119.5,107.47000122070312,117.93000030517578,1486475.0,107.76790618896484,0.9,,HGRU11,01-12-2024
117.93000030517578,117.93000030517578,111.12000274658203,111.55000305175781,762036.0,102.73809051513672,1.9,,HGRU11,01-01-2025
110.69999694824219,116.98999786376953,109.80000305175781,114.68000030517578,787575.0,107.35039520263672,0.9,,HGRU11,01-02-2025
114.68000030517578,120.76000213623047,113.77999877929688,119.75,860966.0,113.00811004638672,0.9,,HGRU11,01-03-2025
119.58000183105469,125.38999938964844,114.87000274658203,123.18000030517578,679655.0,117.16449737548828,0.9,,HGRU11,01-04-2025
123.08000183105469,125.98999786376953,118.77999877929688,122.5,608096.0,117.40003967285156,0.9,,HGRU11,01-05-2025
122.5,125.01000213623047,120.73999786376953,124.80999755859375,566096.0,120.49425506591797,0.9,,HGRU11,01-06-2025
123.56999969482422,125.5,122.31999969482422,124.0,561276.0,120.59829711914062,1.55,,HGRU11,01-07-2025
123.9000015258789,125.05000305175781,120.0,125.0,523172.0,123.09961700439453,0.95,,HGRU11,01-08-2025
124.11000061035156,125.87000274658203,123.23999786376953,124.94999694824219,376446.0,124.00037384033203,0.95,,HGRU11,01-09-2025
0.0,0.0,0.0,124.94999694824219,0.0,124.94999694824219,0.0,,HGRU11,15-09-2025
108.20999908447266,115.0,107.3499984741211,113.9000015258789,365340.0,74.75267791748047,0.31,,HSLG11,01-01-2021
113.91000366210938,115.5,111.0,112.9000015258789,236172.0,74.3093032836914,0.58,,HSLG11,01-02-2021
112.30000305175781,113.5,105.0,110.98999786376953,262407.0,73.4260482788086,0.58,,HSLG11,01-03-2021
111.0,111.0,104.30000305175781,108.5,242978.0,72.1494369506836,0.58,,HSLG11,01-04-2021
108.45999908447266,113.91999816894531,104.61000061035156,106.19000244140625,289758.0,70.98429107666016,0.58,,HSLG11,01-05-2021
106.19000244140625,107.22000122070312,94.01000213623047,99.79000091552734,232805.0,67.06462860107422,0.58,,HSLG11,01-06-2021
100.0199966430664,107.4800033569336,98.0,103.29000091552734,171560.0,69.79805755615234,0.58,,HSLG11,01-07-2021
103.0,104.44999694824219,93.0,94.31999969482422,124516.0,64.10921478271484,0.58,,HSLG11,01-08-2021
94.48999786376953,97.06999969482422,88.0199966430664,88.9000015258789,221622.0,60.76646041870117,0.58,,HSLG11,01-09-2021
88.0999984741211,92.68000030517578,84.0199966430664,85.75,215734.0,58.97597885131836,0.58,,HSLG11,01-10-2021
85.77999877929688,86.41999816894531,77.20999908447266,78.97000122070312,169905.0,54.669593811035156,0.58,,HSLG11,01-11-2021
78.9000015258789,99.25,76.80000305175781,96.19999694824219,127479.0,67.0511703491211,0.58,,HSLG11,01-12-2021
95.62000274658203,99.9000015258789,87.44000244140625,90.5,151572.0,63.54497146606445,0.58,,HSLG11,01-01-2022
90.97000122070312,93.70999908447266,86.5199966430664,90.0999984741211,203082.0,63.64784240722656,0.63,,HSLG11,01-02-2022
90.0999984741211,91.4000015258789,86.91000366210938,89.5,133034.0,63.667232513427734,0.63,,HSLG11,01-03-2022
89.51000213623047,91.9000015258789,87.5999984741211,88.91000366210938,96914.0,63.69288635253906,0.63,,HSLG11,01-04-2022
89.5999984741211,91.0,85.19999694824219,86.1500015258789,108472.0,62.1531982421875,0.63,,HSLG11,01-05-2022
85.52999877929688,89.55000305175781,83.93000030517578,83.98999786376953,136818.0,61.02727508544922,0.65,,HSLG11,01-06-2022
82.94999694824219,87.0,81.5,84.93000030517578,120426.0,62.17942810058594,0.65,,HSLG11,01-07-2022
84.9000015258789,96.87000274658203,82.5999984741211,96.05000305175781,189784.0,70.869140625,0.68,,HSLG11,01-08-2022
95.4000015258789,98.0,93.19999694824219,97.81999969482422,113464.0,72.75763702392578,0.69,,HSLG11,01-09-2022
97.80999755859375,98.98999786376953,95.08999633789062,96.02999877929688,121276.0,71.94304656982422,0.7,,HSLG11,01-10-2022
95.33000183105469,96.26000213623047,85.04000091552734,90.54000091552734,161874.0,68.31900787353516,0.7,,HSLG11,01-11-2022
89.8499984741211,92.98999786376953,82.11000061035156,88.9000015258789,116246.0,67.5740737915039,0.7,,HSLG11,01-12-2022
88.19999694824219,91.0999984741211,80.22000122070312,80.3499984741211,171427.0,61.55097961425781,0.7,,HSLG11,01-01-2023
80.37999725341797,83.44999694824219,77.0,81.0,127043.0,62.54135513305664,0.7,,HSLG11,01-02-2023
80.27999877929688,80.47000122070312,74.30000305175781,75.76000213623047,200953.0,59.00954055786133,0.72,,HSLG11,01-03-2023
76.0,84.0,73.1500015258789,83.9800033569336,188730.0,65.99876403808594,0.72,,HSLG11,01-04-2023
83.9800033569336,88.69999694824219,78.51000213623047,86.9000015258789,238049.0,68.94882202148438,0.73,,HSLG11,01-05-2023
86.9000015258789,96.0,85.06999969482422,94.97000122070312,196247.0,76.01251983642578,0.73,,HSLG11,01-06-2023
95.8499984741211,97.0,91.33000183105469,96.0,227592.0,77.48786926269531,0.73,,HSLG11,01-07-2023
96.0,100.87999725341797,93.58999633789062,94.19999694824219,236474.0,76.62393188476562,0.73,,HSLG11,01-08-2023
93.30000305175781,97.47000122070312,91.45999908447266,96.5,180408.0,79.09626770019531,0.73,,HSLG11,01-09-2023
93.25,93.98999786376953,89.81999969482422,91.0,188760.0,75.17072296142578,0.0,,HSLG11,01-10-2023
91.1500015258789,92.9000015258789,89.70999908447266,90.94999694824219,161421.0,75.12939453125,0.74,,HSLG11,01-11-2023
90.22000122070312,98.5,87.20999908447266,98.5,193058.0,82.03319549560547,0.74,,HSLG11,01-12-2023
98.30000305175781,98.54000091552734,94.19999694824219,97.98999786376953,175032.0,82.27790069580078,0.74,,HSLG11,01-01-2024
98.0,99.11000061035156,96.0199966430664,96.62999725341797,107522.0,81.7500991821289,0.74,,HSLG11,01-02-2024
95.88999938964844,99.95999908447266,95.1500015258789,98.98999786376953,137781.0,84.38396453857422,0.74,,HSLG11,01-03-2024
99.04000091552734,99.4800033569336,89.13999938964844,90.19999694824219,208673.0,77.48429870605469,0.74,,HSLG11,01-04-2024
90.11000061035156,92.91999816894531,89.29000091552734,92.12999725341797,138624.0,79.73831176757812,0.74,,HSLG11,01-05-2024
91.88999938964844,91.88999938964844,85.2300033569336,87.80000305175781,161149.0,76.61929321289062,0.74,,HSLG11,01-06-2024
87.80000305175781,89.5,83.26000213623047,86.9800033569336,178867.0,76.51831817626953,0.74,,HSLG11,01-07-2024
86.23999786376953,88.23999786376953,84.37999725341797,86.44000244140625,137556.0,76.68963623046875,0.74,,HSLG11,01-08-2024
86.0999984741211,87.0,82.4000015258789,85.87000274658203,117366.0,76.837646484375,0.74,,HSLG11,01-09-2024
85.12000274658203,85.12999725341797,78.58000183105469,82.81999969482422,189685.0,74.74835968017578,0.74,,HSLG11,01-10-2024
82.69999694824219,83.9800033569336,77.7699966430664,80.6500015258789,159948.0,73.4225845336914,0.74,,HSLG11,01-11-2024
80.63999938964844,80.63999938964844,68.4000015258789,76.51000213623047,180872.0,70.28155517578125,0.74,,HSLG11,01-12-2024
77.27999877929688,79.9800033569336,70.0999984741211,72.23999786376953,152396.0,66.97367095947266,0.74,,HSLG11,01-01-2025
71.58999633789062,72.88999938964844,68.41000366210938,72.31999969482422,163231.0,67.7026596069336,0.65,,HSLG11,01-02-2025
71.93000030517578,84.25,70.80000305175781,84.25,127424.0,79.58707427978516,0.65,,HSLG11,01-03-2025
82.55999755859375,83.77999877929688,78.11000061035156,83.37000274658203,122709.0,79.47005462646484,0.65,,HSLG11,01-04-2025
83.77999877929688,85.5999984741211,81.58999633789062,85.0,133647.0,81.65377807617188,0.65,,HSLG11,01-05-2025
85.0,87.0,81.01000213623047,82.55999755859375,95500.0,79.93303680419922,0.65,,HSLG11,01-06-2025
81.80000305175781,83.77999877929688,79.01000213623047,80.55000305175781,128593.0,78.58795166015625,0.65,,HSLG11,01-07-2025
80.31999969482422,80.63999938964844,77.44999694824219,78.9000015258789,182759.0,77.5890121459961,0.66,,HSLG11,01-08-2025
78.33000183105469,84.79000091552734,78.0,83.9800033569336,156631.0,83.2668685913086,0.67,,HSLG11,01-09-2025
0.0,0.0,0.0,83.9800033569336,0.0,83.9800033569336,0.0,,HSLG11,15-09-2025
110.04000091552734,114.0,108.08000183105469,111.69999694824219,72710.0,76.47637939453125,0.0,,KFOF11,01-10-2020
111.69999694824219,112.19999694824219,103.05999755859375,105.5,80369.0,72.23150634765625,0.0,,KFOF11,01-11-2020
105.94999694824219,109.9000015258789,100.01000213623047,107.05000305175781,135987.0,73.29273223876953,0.0,,KFOF11,01-12-2020
107.05000305175781,108.0999984741211,100.0,102.37999725341797,126688.0,70.09538269042969,0.0,,KFOF11,01-01-2021
101.91000366210938,103.5199966430664,100.01000213623047,101.66999816894531,119637.0,69.60928344726562,0.0,,KFOF11,01-02-2021
101.12000274658203,101.12000274658203,92.87999725341797,94.95999908447266,198557.0,65.0152359008789,0.0,,KFOF11,01-03-2021
94.9800033569336,97.91999816894531,93.54000091552734,95.19999694824219,91882.0,65.17951965332031,0.0,,KFOF11,01-04-2021
95.19999694824219,95.62999725341797,89.11000061035156,92.29000091552734,139820.0,63.18717575073242,0.0,,KFOF11,01-05-2021
92.79000091552734,93.9000015258789,85.01000213623047,86.05999755859375,192549.0,58.9217529296875,0.0,,KFOF11,01-06-2021
85.19000244140625,92.51000213623047,84.0199966430664,90.94999694824219,157761.0,62.26973342895508,0.0,,KFOF11,01-07-2021
90.01000213623047,90.97000122070312,81.05999755859375,83.9000015258789,127258.0,57.44289779663086,0.0,,KFOF11,01-08-2021
82.0199966430664,85.38999938964844,80.27999877929688,81.0,115103.0,55.45738220214844,0.0,,KFOF11,01-09-2021
80.51000213623047,84.66999816894531,78.30000305175781,81.44000244140625,108618.0,55.758636474609375,0.0,,KFOF11,01-10-2021
80.86000061035156,81.9800033569336,69.0,69.0,161288.0,47.241458892822266,0.0,,KFOF11,01-11-2021
68.51000213623047,79.80000305175781,67.02999877929688,77.5999984741211,163383.0,53.12955093383789,0.0,,KFOF11,01-12-2021
77.0999984741211,80.95999908447266,74.0,75.5199966430664,139424.0,51.70546340942383,0.0,,KFOF11,01-01-2022
75.01000213623047,79.9000015258789,72.51000213623047,74.5,146971.0,51.0070915222168,0.0,,KFOF11,01-02-2022
74.5,77.97000122070312,72.5,76.75,136895.0,52.54757308959961,0.0,,KFOF11,01-03-2022
76.75,82.9800033569336,74.77999877929688,80.0999984741211,150190.0,54.84117126464844,0.68,,KFOF11,01-04-2022
80.0,82.0,74.98999786376953,79.68000030517578,153251.0,55.041290283203125,0.68,,KFOF11,01-05-2022
78.2300033569336,80.0,74.12000274658203,75.91999816894531,172789.0,52.89299011230469,0.68,,KFOF11,01-06-2022
75.61000061035156,76.62999725341797,71.8499984741211,74.79000091552734,203057.0,52.55423355102539,0.7,,KFOF11,01-07-2022
73.98999786376953,87.5,73.01000213623047,86.41999816894531,260350.0,61.29164123535156,0.7,,KFOF11,01-08-2022
86.0999984741211,92.91000366210938,83.9000015258789,92.44000244140625,217685.0,66.18063354492188,0.7,,KFOF11,01-09-2022
92.30999755859375,92.30999755859375,88.62999725341797,91.23999786376953,218028.0,65.85492706298828,0.72,,KFOF11,01-10-2022
91.48999786376953,91.5,80.19999694824219,81.6500015258789,128136.0,59.39570999145508,0.72,,KFOF11,01-11-2022
81.36000061035156,83.9800033569336,72.6500015258789,78.41999816894531,146055.0,57.49984359741211,0.72,,KFOF11,01-12-2022
78.44999694824219,80.44999694824219,72.51000213623047,76.5,208801.0,56.59104919433594,0.72,,KFOF11,01-01-2023
75.77999877929688,78.44000244140625,72.25,77.93000030517578,202972.0,58.18310546875,0.72,,KFOF11,01-02-2023
77.0,78.98999786376953,75.80999755859375,77.8499984741211,213327.0,58.67561340332031,0.72,,KFOF11,01-03-2023
77.80000305175781,79.22000122070312,74.02999877929688,78.69999694824219,210237.0,59.869384765625,0.72,,KFOF11,01-04-2023
78.69999694824219,88.29000091552734,77.12000274658203,85.69000244140625,376105.0,65.79541015625,0.75,,KFOF11,01-05-2023
85.38999938964844,93.91999816894531,83.7699966430664,93.01000213623047,275997.0,72.1030502319336,0.75,,KFOF11,01-06-2023
92.04000091552734,97.97000122070312,92.04000091552734,97.48999786376953,208329.0,76.24336242675781,1.0,,KFOF11,01-07-2023
96.73999786376953,108.0999984741211,94.01000213623047,96.54000091552734,472781.0,76.32097625732422,0.75,,KFOF11,01-08-2023
96.80999755859375,101.95999908447266,90.11000061035156,98.29000091552734,315830.0,78.30687713623047,0.75,,KFOF11,01-09-2023
96.5,99.97000122070312,94.08999633789062,96.58999633789062,264388.0,77.55499267578125,0.8,,KFOF11,01-10-2023
96.58999633789062,97.0,91.51000213623047,94.16999816894531,292578.0,76.23237609863281,0.8,,KFOF11,01-11-2023
93.0999984741211,98.5,92.87000274658203,97.87000274658203,164682.0,79.8892593383789,0.8,,KFOF11,01-12-2023
97.87000274658203,104.5,97.48999786376953,101.58999633789062,234299.0,83.6363525390625,1.03,,KFOF11,01-01-2024
101.29000091552734,104.0,98.5,101.05000305175781,248185.0,84.07662200927734,0.8,,KFOF11,01-02-2024
101.05000305175781,102.31999969482422,99.5,100.4000015258789,172265.0,84.19886016845703,0.8,,KFOF11,01-03-2024
100.0999984741211,104.9800033569336,95.06999969482422,95.68000030517578,282510.0,80.88081359863281,0.8,,KFOF11,01-04-2024
95.13999938964844,99.44000244140625,92.31999969482422,93.0,409760.0,79.24678039550781,0.8,,KFOF11,01-05-2024
93.0,95.41999816894531,86.1500015258789,94.33999633789062,497777.0,81.06643676757812,0.8,,KFOF11,01-06-2024
93.58999633789062,94.1500015258789,89.04000091552734,89.5,244084.0,77.5747299194336,0.75,,KFOF11,01-07-2024
89.12000274658203,90.0,86.75,87.41000366210938,250775.0,76.37036895751953,0.75,,KFOF11,01-08-2024
87.0199966430664,87.25,83.05999755859375,85.02999877929688,411546.0,74.91874694824219,0.75,,KFOF11,01-09-2024
84.19999694824219,84.27999877929688,75.1500015258789,76.30000305175781,581061.0,67.8086929321289,0.75,,KFOF11,01-10-2024
75.55000305175781,79.79000091552734,75.01000213623047,76.33999633789062,518024.0,68.44798278808594,0.75,,KFOF11,01-11-2024
75.80000305175781,76.2300033569336,66.19999694824219,70.95999908447266,672410.0,64.2557601928711,0.75,,KFOF11,01-12-2024
70.95999908447266,72.68000030517578,66.12000274658203,68.30000305175781,424040.0,62.46072769165039,0.75,,KFOF11,01-01-2025
67.5,74.88999938964844,65.4000015258789,71.79000091552734,466712.0,66.35366821289062,0.75,,KFOF11,01-02-2025
71.79000091552734,76.45999908447266,71.04000091552734,75.75,308354.0,70.7911376953125,0.75,,KFOF11,01-03-2025
74.48999786376953,82.47000122070312,72.0199966430664,82.1500015258789,331635.0,77.58270263671875,0.75,,KFOF11,01-04-2025
81.19999694824219,84.4800033569336,78.19999694824219,83.4000015258789,245155.0,79.55083465576172,0.75,,KFOF11,01-05-2025
83.91000366210938,85.0,77.77999877929688,81.19000244140625,283554.0,78.15637969970703,0.75,,KFOF11,01-06-2025
80.30000305175781,80.83999633789062,77.9800033569336,78.23999786376953,219681.0,76.00004577636719,0.75,,KFOF11,01-07-2025
77.25,79.98999786376953,74.98999786376953,79.33999633789062,269950.0,77.78711700439453,0.75,,KFOF11,01-08-2025
77.88999938964844,81.23999786376953,76.9800033569336,81.16000366210938,127089.0,80.3416519165039,0.8,,KFOF11,01-09-2025
0.0,0.0,0.0,81.16000366210938,0.0,81.16000366210938,0.0,,KFOF11,15-09-2025
165.0500030517578,167.0,157.0399932861328,158.72999572753906,508587.0,120.15126037597656,0.0,,KNRI11,01-10-2020
158.72999572753906,164.0,157.8699951171875,159.25,456088.0,120.54489135742188,0.0,,KNRI11,01-11-2020
159.0,165.0,149.8800048828125,162.32000732421875,606492.0,122.86873626708984,0.0,,KNRI11,01-12-2020
162.32000732421875,162.32000732421875,157.02000427246094,159.8000030517578,613648.0,120.96124267578125,0.0,,KNRI11,01-01-2021
159.8000030517578,160.69000244140625,157.3699951171875,158.2899932861328,484793.0,119.81816864013672,0.0,,KNRI11,01-02-2021
158.27999877929688,158.27999877929688,142.0,152.72999572753906,779114.0,115.60954284667969,0.0,,KNRI11,01-03-2021
152.75,155.99000549316406,147.02999877929688,149.14999389648438,562538.0,112.8996353149414,0.0,,KNRI11,01-04-2021
149.16000366210938,151.49000549316406,141.41000366210938,143.72000122070312,695580.0,108.78939819335938,0.0,,KNRI11,01-05-2021
144.5,144.5,130.00999450683594,138.61000061035156,998308.0,104.92138671875,0.0,,KNRI11,01-06-2021
138.58999633789062,144.8699951171875,137.24000549316406,140.3699951171875,514286.0,106.25359344482422,0.0,,KNRI11,01-07-2021
139.75999450683594,142.64999389648438,129.39999389648438,142.1699981689453,775929.0,107.61614227294922,0.0,,KNRI11,01-08-2021
141.42999267578125,148.5,133.41000366210938,147.0,1494738.0,111.27225494384766,0.0,,KNRI11,01-09-2021
146.3000030517578,146.97000122070312,134.89999389648438,135.69000244140625,501307.0,102.71106719970703,0.0,,KNRI11,01-10-2021
134.92999267578125,137.99000549316406,126.5,127.62000274658203,567103.0,96.60243225097656,0.0,,KNRI11,01-11-2021
126.9000015258789,142.89999389648438,126.9000015258789,142.0,505800.0,107.48748779296875,0.0,,KNRI11,01-12-2021
141.25,141.88999938964844,131.5500030517578,133.5,812940.0,101.05329895019531,0.0,,KNRI11,01-01-2022
132.67999267578125,136.25,130.0,132.85000610351562,523959.0,100.56133270263672,0.0,,KNRI11,01-02-2022
132.85000610351562,143.0,129.39999389648438,137.1999969482422,622255.0,103.85408020019531,0.0,,KNRI11,01-03-2022
137.2100067138672,139.0,134.02999877929688,136.89999389648438,407300.0,103.62698364257812,0.807408,,KNRI11,01-04-2022
136.5,136.97999572753906,130.0,132.60000610351562,566169.0,100.96623992919922,0.837312,,KNRI11,01-05-2022
131.64999389648438,133.99000549316406,130.4499969482422,131.47999572753906,439471.0,100.72952270507812,0.837312,,KNRI11,01-06-2022
130.6300048828125,136.85000610351562,129.60000610351562,136.60000610351562,482907.0,105.3171157836914,0.837312,,KNRI11,01-07-2022
136.24000549316406,154.49000549316406,136.0,153.9199981689453,677189.0,119.43119812011719,0.907088,,KNRI11,01-08-2022
153.7899932861328,154.75,148.85000610351562,152.8000030517578,454526.0,119.354736328125,0.907088,,KNRI11,01-09-2022
151.8800048828125,153.25999450683594,147.00999450683594,147.8000030517578,413463.0,116.13352966308594,0.907088,,KNRI11,01-10-2022
147.14999389648438,147.77999877929688,135.24000549316406,144.3699951171875,451158.0,114.11585998535156,0.907088,,KNRI11,01-11-2022
144.1999969482422,144.1999969482422,134.97000122070312,140.1999969482422,399101.0,111.50406646728516,0.907088,,KNRI11,01-12-2022
139.1999969482422,141.88999938964844,136.55999755859375,139.75,497949.0,111.84895324707031,0.996801,,KNRI11,01-01-2023
138.83999633789062,139.8000030517578,134.0,137.25999450683594,396003.0,110.64273834228516,0.907088,,KNRI11,01-02-2023
136.64999389648438,139.8699951171875,134.0,137.8800048828125,513798.0,111.86859893798828,0.946961,,KNRI11,01-03-2023
137.8000030517578,146.8000030517578,136.92999267578125,146.0,457645.0,119.27967834472656,0.946961,,KNRI11,01-04-2023
146.0,154.9499969482422,143.10000610351562,152.2899932861328,552146.0,125.27887725830078,0.946961,,KNRI11,01-05-2023
151.10000610351562,161.91000366210938,148.97000122070312,159.77000427246094,485613.0,132.29025268554688,0.946961,,KNRI11,01-06-2023
158.64999389648438,163.47999572753906,154.5,161.25,595969.0,134.3511199951172,1.505169,,KNRI11,01-07-2023
161.88999938964844,164.3800048828125,156.25999450683594,160.14999389648438,575064.0,134.70362854003906,0.946961,,KNRI11,01-08-2023
159.94000244140625,167.14999389648438,159.0,164.47999572753906,458773.0,139.1628875732422,0.946961,,KNRI11,01-09-2023
163.47999572753906,164.91000366210938,157.0,159.67999267578125,515137.0,135.90528869628906,0.996801,,KNRI11,01-10-2023
158.67999267578125,162.85000610351562,157.25999450683594,159.5,495866.0,136.57981872558594,0.996801,,KNRI11,01-11-2023
158.85000610351562,166.89999389648438,157.30999755859375,165.5,458448.0,142.6078338623047,0.996801,,KNRI11,01-12-2023
165.5,166.88999938964844,162.39999389648438,164.0,514011.0,142.2040557861328,0.996801,,KNRI11,01-01-2024
163.0,167.0500030517578,161.0,166.52999877929688,482666.0,145.2727813720703,0.996801,,KNRI11,01-02-2024
165.52999877929688,166.52999877929688,163.0500030517578,166.39999389648438,433581.0,146.04705810546875,0.996801,,KNRI11,01-03-2024
165.14999389648438,165.14999389648438,162.50999450683594,163.97999572753906,522918.0,144.78968811035156,1.0,,KNRI11,01-04-2024
162.97999572753906,164.44000244140625,159.00999450683594,160.0500030517578,536674.0,142.17404174804688,1.0,,KNRI11,01-05-2024
159.3699951171875,160.82000732421875,152.0,159.64999389648438,613175.0,142.68890380859375,1.0,,KNRI11,01-06-2024
158.5,160.89999389648438,152.52999877929688,154.6999969482422,697603.0,139.13409423828125,1.0,,KNRI11,01-07-2024
153.0,158.0,153.0,154.00999450683594,718172.0,139.38661193847656,1.0,,KNRI11,01-08-2024
154.0,154.0,137.4499969482422,139.3000030517578,1954476.0,126.89360046386719,1.0,,KNRI11,01-09-2024
138.80999755859375,140.89999389648438,136.10000610351562,138.3000030517578,1000235.0,126.8060073852539,1.0,,KNRI11,01-10-2024
136.89999389648438,138.3000030517578,131.50999450683594,131.8000030517578,852551.0,121.72001647949219,1.0,,KNRI11,01-11-2024
131.02000427246094,138.6999969482422,124.30000305175781,136.89999389648438,1097947.0,127.35079956054688,1.0,,KNRI11,01-12-2024
136.82000732421875,137.72000122070312,128.5,131.0,805518.0,122.79401397705078,1.0,,KNRI11,01-01-2025
130.75,137.94000244140625,128.5399932861328,133.1199951171875,923205.0,125.69940948486328,1.0,,KNRI11,01-02-2025
133.1199951171875,138.75999450683594,129.0,135.6999969482422,1378169.0,129.12123107910156,1.0,,KNRI11,01-03-2025
134.6199951171875,149.0,131.75,148.7100067138672,1017999.0,142.571533203125,1.0,,KNRI11,01-04-2025
148.7100067138672,148.86000061035156,141.1999969482422,146.36000061035156,917050.0,141.36024475097656,1.0,,KNRI11,01-05-2025
145.36000061035156,147.60000610351562,139.99000549316406,144.3000030517578,763163.0,140.3141326904297,1.0,,KNRI11,01-06-2025
144.3800048828125,145.97000122070312,139.85000610351562,142.19000244140625,840221.0,139.21359252929688,1.0,,KNRI11,01-07-2025
141.88999938964844,142.7100067138672,136.97999572753906,140.5,815227.0,138.5189208984375,1.0,,KNRI11,01-08-2025
139.97000122070312,146.27999877929688,138.5,146.19000244140625,462036.0,145.14950561523438,1.0,,KNRI11,01-09-2025
0.0,0.0,0.0,146.19000244140625,0.0,146.19000244140625,0.0,,KNRI11,15-09-2025
127.51366424560547,132.39996337890625,125.0555191040039,131.91033935546875,133706.0,76.40435028076172,0.0,,MFII11,01-10-2020
131.91033935546875,141.39317321777344,129.90185546875,138.78514099121094,102986.0,80.38631439208984,0.0,,MFII11,01-11-2020
136.8466033935547,136.8466033935547,125.92485809326172,135.99725341796875,201489.0,78.77151489257812,0.0,,MFII11,01-12-2020
135.99725341796875,135.99725341796875,128.01329040527344,133.1893768310547,136287.0,77.14517974853516,0.0,,MFII11,01-01-2021
132.89959716796875,132.89959716796875,128.90261840820312,130.53138732910156,125911.0,75.6056137084961,0.0,,MFII11,01-02-2021
129.25234985351562,129.26234436035156,119.0400619506836,120.79873657226562,272137.0,69.96834564208984,0.0,,MFII11,01-03-2021
119.1100082397461,121.27837371826172,118.43052673339844,121.07852172851562,182890.0,70.13037872314453,0.0,,MFII11,01-04-2021
119.90940856933594,120.40902709960938,113.91393280029297,115.0530776977539,164013.0,66.64034271240234,0.0,,MFII11,01-05-2021
114.76329040527344,114.76329040527344,100.94373321533203,107.31891632080078,207351.0,62.16062545776367,0.0,,MFII11,01-06-2021
106.39961242675781,118.39055633544922,102.68241882324219,117.90092468261719,160966.0,68.28986358642578,0.0,,MFII11,01-07-2021
116.86170959472656,117.41129302978516,110.95616912841797,114.56344604492188,142082.0,66.35675811767578,0.0,,MFII11,01-08-2021
113.30439758300781,115.41280364990234,110.93618774414062,115.09304809570312,96561.0,66.66350555419922,0.0,,MFII11,01-09-2021
114.76329040527344,114.76329040527344,112.09530639648438,113.81401062011719,100657.0,65.92269134521484,0.0,,MFII11,01-10-2021
112.76480102539062,113.36434936523438,101.87303161621094,104.52103424072266,128328.0,60.54007339477539,1.235227,,MFII11,01-11-2021
104.52103424072266,113.31438446044922,101.9229965209961,112.39508056640625,91419.0,65.81510162353516,1.235227,,MFII11,01-12-2021
111.48577117919922,111.48577117919922,104.39112854003906,109.3174057006836,90252.0,64.7784652709961,1.245188,,MFII11,01-01-2022
109.20748901367188,109.20748901367188,104.73087310791016,106.23973083496094,74608.0,63.65998840332031,1.175458,,MFII11,01-02-2022
106.23973083496094,106.23973083496094,102.42261505126953,104.7408676147461,88603.0,63.44404602050781,1.165496,,MFII11,01-03-2022
103.56175994873047,103.9214859008789,101.82306671142578,103.81156921386719,73062.0,63.57862854003906,1.165496,,MFII11,01-04-2022
102.61247253417969,102.61247253417969,94.95825958251953,98.12586212158203,105689.0,60.772727966308594,1.105727,,MFII11,01-05-2022
97.72616577148438,97.72616577148438,94.42865753173828,95.07816314697266,68101.0,59.51913070678711,1.095766,,MFII11,01-06-2022
95.89754486083984,95.89754486083984,91.9305419921875,93.82910919189453,68676.0,59.40053939819336,1.095766,,MFII11,01-07-2022
91.96052551269531,98.4256362915039,91.33099365234375,97.37642669677734,92867.0,62.3649787902832,1.095766,,MFII11,01-08-2022
96.92677307128906,97.92601776123047,94.9482650756836,96.41715240478516,67409.0,62.48028564453125,0.0,,MFII11,01-09-2022
95.7476577758789,98.92526245117188,94.42865753173828,98.67544555664062,72265.0,63.94370651245117,1.085804,,MFII11,01-10-2022
96.95674896240234,98.92526245117188,92.9297866821289,96.4271469116211,66708.0,63.19846725463867,1.105727,,MFII11,01-11-2022
94.92828369140625,95.91753387451172,90.9312973022461,93.409423828125,72949.0,61.914432525634766,1.105727,,MFII11,01-12-2022
92.23031616210938,96.91677856445312,91.0312271118164,96.91677856445312,66941.0,64.98438262939453,1.195381,,MFII11,01-01-2023
95.8076171875,96.50708770751953,92.69996643066406,94.2687759399414,51921.0,64.02823638916016,1.095766,,MFII11,01-02-2023
93.129638671875,95.01000213623047,91.26000213623047,91.6500015258789,95293.0,62.96141815185547,1.095766,,MFII11,01-03-2023
91.0,91.69000244140625,87.0,90.44999694824219,64268.0,62.867801666259766,1.106563,,MFII11,01-04-2023
90.44999694824219,95.0,88.30000305175781,93.9800033569336,72147.0,66.11966705322266,1.096594,,MFII11,01-05-2023
93.4800033569336,94.9800033569336,92.0,94.51000213623047,101845.0,67.30859375,1.106563,,MFII11,01-06-2023
93.5,95.9800033569336,92.7699966430664,95.76000213623047,113691.0,69.01138305664062,1.106563,,MFII11,01-07-2023
94.68000030517578,95.58000183105469,92.29000091552734,95.43000030517578,117783.0,69.58834075927734,1.066686,,MFII11,01-08-2023
94.3499984741211,94.98999786376953,93.69999694824219,94.44000244140625,108632.0,69.6421890258789,1.066686,,MFII11,01-09-2023
93.6500015258789,94.69999694824219,92.5,93.25,97048.0,69.54194641113281,1.076655,,MFII11,01-10-2023
92.30000305175781,92.66999816894531,89.75,91.3499984741211,110464.0,68.9106216430664,1.066686,,MFII11,01-11-2023
90.2699966430664,94.88999938964844,90.0999984741211,94.36000061035156,110538.0,72.0049057006836,1.076655,,MFII11,01-12-2023
94.36000061035156,106.0,93.20999908447266,105.4000015258789,124184.0,81.3886489868164,1.076655,,MFII11,01-01-2024
105.3499984741211,107.0,101.77999877929688,105.08999633789062,100534.0,82.08586120605469,1.196284,,MFII11,01-02-2024
104.83000183105469,105.48999786376953,103.4800033569336,104.80000305175781,102594.0,82.79911041259766,1.206253,,MFII11,01-03-2024
104.48999786376953,105.38999938964844,103.16000366210938,104.0999984741211,119431.0,83.20105743408203,1.206253,,MFII11,01-04-2024
103.0,104.3499984741211,102.8499984741211,104.0,125861.0,84.0890121459961,1.206253,,MFII11,01-05-2024
102.9000015258789,103.58999633789062,101.87000274658203,103.0,99743.0,84.25679779052734,1.196284,,MFII11,01-06-2024
102.69000244140625,102.69000244140625,99.5,102.19999694824219,162475.0,84.57521057128906,1.196284,,MFII11,01-07-2024
100.9800033569336,104.5199966430664,99.54000091552734,104.5,147921.0,87.4947738647461,1.176346,,MFII11,01-08-2024
103.31999969482422,103.31999969482422,99.0,101.18000030517578,277926.0,85.70147705078125,1.176346,,MFII11,01-09-2024
100.48999786376953,102.0,96.5999984741211,100.0,333472.0,85.66632080078125,1.186315,,MFII11,01-10-2024
98.0199966430664,98.9800033569336,92.62000274658203,94.5999984741211,258938.0,82.0018081665039,1.166377,,MFII11,01-11-2024
94.5,94.5,80.0199966430664,93.37999725341797,284338.0,81.89952087402344,1.166377,,MFII11,01-12-2024
94.19999694824219,94.19999694824219,81.0,81.0,211734.0,71.92842102050781,1.176346,,MFII11,01-01-2025
79.91000366210938,86.0,72.6500015258789,84.5,222085.0,75.9937515258789,1.116532,,MFII11,01-02-2025
84.5,87.1500015258789,78.0,83.83999633789062,226980.0,76.45406341552734,1.106563,,MFII11,01-03-2025
83.37000274658203,90.0,81.12000274658203,86.69999694824219,199556.0,80.11121368408203,1.11,,MFII11,01-04-2025
86.0,86.63999938964844,83.5,84.48999786376953,218991.0,79.11662292480469,1.1,,MFII11,01-05-2025
83.87999725341797,83.98999786376953,80.0,81.94999694824219,212077.0,77.72427368164062,1.1,,MFII11,01-06-2025
80.97000122070312,81.88999938964844,79.81999969482422,81.1500015258789,234529.0,77.98078155517578,1.11,,MFII11,01-07-2025
80.48999786376953,82.11000061035156,79.0,81.75,209677.0,79.6360092163086,1.06,,MFII11,01-08-2025
80.5,80.58000183105469,78.19999694824219,79.25,144825.0,78.22241973876953,1.06,,MFII11,01-09-2025
0.0,0.0,0.0,79.25,0.0,79.25,0.0,,MFII11,15-09-2025
10.630180358886719,10.64990234375,10.186433792114258,10.265321731567383,23481550.0,6.731546878814697,0.0,,MXRF11,01-10-2020
10.265321731567383,10.462542533874512,10.245599746704102,10.43295955657959,12294469.0,6.841476917266846,0.0,,MXRF11,01-11-2020
10.37379264831543,10.38365364074707,10.018796920776367,10.344209671020508,15115253.0,6.783278942108154,0.0,,MXRF11,01-12-2020
10.344209671020508,10.48226547241211,10.255460739135742,10.472403526306152,11439221.0,6.867344379425049,0.0,,MXRF11,01-01-2021
10.43295955657959,10.689346313476562,10.324487686157227,10.64990234375,14040107.0,6.983736991882324,0.0,,MXRF11,01-02-2021
10.571014404296875,10.571014404296875,10.137128829956055,10.255460739135742,20087644.0,6.7250823974609375,0.0,,MXRF11,01-03-2021
10.166711807250977,10.521709442138672,10.146989822387695,10.511848449707031,13224346.0,6.893208026885986,0.0,,MXRF11,01-04-2021
10.44282054901123,10.48226547241211,10.304765701293945,10.42309856414795,17385314.0,6.835010528564453,0.0,,MXRF11,01-05-2021
10.354070663452148,10.354070663452148,9.387690544128418,10.008935928344727,23946219.0,6.563421726226807,0.0,,MXRF11,01-06-2021
9.979352951049805,10.156850814819336,9.84129810333252,10.087823867797852,13020519.0,6.615151405334473,0.0,,MXRF11,01-07-2021
10.048379898071289,10.048379898071289,9.68352222442627,9.84129810333252,13375506.0,6.453491687774658,0.0,,MXRF11,01-08-2021
9.811715126037598,10.008935928344727,9.782132148742676,9.979352951049805,11853399.0,6.5440239906311035,0.0,,MXRF11,01-09-2021
9.900464057922363,9.959630966186523,9.8610200881958,9.890603065490723,10793963.0,6.4858245849609375,0.0,,MXRF11,01-10-2021
9.84129810333252,9.890603065490723,9.801854133605957,9.84129810333252,11870925.0,6.453491687774658,0.0,,MXRF11,01-11-2021
9.801854133605957,9.880742073059082,9.5454683303833,9.870881080627441,12307618.0,6.4728899002075195,0.0,,MXRF11,01-12-2021
9.811715126037598,9.930047035217285,8.687559127807617,9.200331687927246,22573601.0,6.033175945281982,0.0,,MXRF11,01-01-2022
9.308802604675293,9.565190315246582,8.874917984008789,9.0918607711792,12241323.0,5.962043762207031,0.0,,MXRF11,01-02-2022
9.0918607711792,9.24963665008545,8.89463996887207,9.131304740905762,12112569.0,5.987910270690918,0.0,,MXRF11,01-03-2022
9.11158275604248,9.811715126037598,9.072138786315918,9.811715126037598,15372935.0,6.434091567993164,0.0,,MXRF11,01-04-2022
9.801854133605957,9.801854133605957,9.180609703063965,9.772271156311035,15769461.0,6.4082255363464355,0.108303,,MXRF11,01-05-2022
9.644078254699707,9.653939247131348,9.387690544128418,9.5454683303833,12942641.0,6.329365253448486,0.108303,,MXRF11,01-06-2022
9.446857452392578,9.722966194152832,9.4074125289917,9.70324420928955,12654603.0,6.506086349487305,0.098457,,MXRF11,01-07-2022
9.614495277404785,10.176572799682617,9.5454683303833,10.176572799682617,16631060.0,6.894569396972656,0.118148,,MXRF11,01-08-2022
10.06810188293457,10.156850814819336,9.880742073059082,10.156850814819336,14786080.0,6.966027736663818,0.108303,,MXRF11,01-09-2022
10.097684860229492,10.176572799682617,10.038518905639648,10.156850814819336,11200219.0,7.040960788726807,0.098457,,MXRF11,01-10-2022
10.06810188293457,10.176572799682617,9.8610200881958,10.048379898071289,13658094.0,7.033952713012695,0.098457,,MXRF11,01-11-2022
9.910325050354004,9.979352951049805,9.584912300109863,9.949769973754883,11271594.0,7.033100128173828,0.078766,,MXRF11,01-12-2022
9.85115909576416,10.05824089050293,9.762410163879395,10.008935928344727,12574091.0,7.130817890167236,0.098457,,MXRF11,01-01-2023
9.910325050354004,10.107545852661133,9.752549171447754,10.087823867797852,10561633.0,7.258851051330566,0.108303,,MXRF11,01-02-2023
10.038518905639648,10.235738754272461,9.979352951049805,10.235738754272461,15462433.0,7.445855140686035,0.118148,,MXRF11,01-03-2023
10.166711807250977,10.50198745727539,10.117406845092773,10.42309856414795,11999372.0,7.672000885009766,0.118148,,MXRF11,01-04-2023
10.42309856414795,10.630180358886719,10.22587776184082,10.561153411865234,18312865.0,7.864389896392822,0.118148,,MXRF11,01-05-2023
10.452681541442871,10.866844177246094,10.363931655883789,10.817501068115234,25465639.0,8.147636413574219,0.118148,,MXRF11,01-06-2023
10.688485145568848,10.688485145568848,10.351058006286621,10.638862609863281,22003762.0,8.10374641418457,0.118907,,MXRF11,01-07-2023
10.519770622253418,10.916744232177734,10.360981941223145,10.886971473693848,21035502.0,8.384902000427246,0.118907,,MXRF11,01-08-2023
10.757954597473145,11.164852142333984,10.638862609863281,10.986213684082031,26327027.0,8.556975364685059,0.108998,,MXRF11,01-09-2023
10.877046585083008,10.926668167114258,10.628938674926758,10.728181838989258,16460299.0,8.440503120422363,0.108998,,MXRF11,01-10-2023
10.619013786315918,10.896895408630371,10.470149993896484,10.710000038146973,18354519.0,8.510635375976562,0.108998,,MXRF11,01-11-2023
10.600000381469727,10.640000343322754,10.40999984741211,10.569999694824219,24111459.0,8.485597610473633,0.109829,,MXRF11,01-12-2023
10.569999694824219,10.770000457763672,10.460000038146973,10.75,23280569.0,8.719520568847656,0.109829,,MXRF11,01-01-2024
10.630000114440918,10.630000114440918,10.260000228881836,10.34000015258789,26023496.0,8.475020408630371,0.099845,,MXRF11,01-02-2024
10.270000457763672,10.520000457763672,10.25,10.510000228881836,22041638.0,8.69511890411377,0.099845,,MXRF11,01-03-2024
10.40999984741211,10.510000228881836,10.300000190734863,10.430000305175781,22020711.0,8.713068962097168,0.099845,,MXRF11,01-04-2024
10.430000305175781,10.430000305175781,10.15999984741211,10.319999694824219,23231204.0,8.703861236572266,0.099845,,MXRF11,01-05-2024
10.279999732971191,10.300000190734863,10.0600004196167,10.239999771118164,20407559.0,8.719862937927246,0.099845,,MXRF11,01-06-2024
10.140000343322754,10.25,10.029999732971191,10.1899995803833,28355861.0,8.762059211730957,0.1,,MXRF11,01-07-2024
10.109999656677246,10.149999618530273,9.989999771118164,10.140000343322754,32379312.0,8.8050537109375,0.1,,MXRF11,01-08-2024
9.989999771118164,10.09000015258789,9.930000305175781,9.930000305175781,32774757.0,8.70815658569336,0.09,,MXRF11,01-09-2024
9.84000015258789,10.109999656677246,9.300000190734863,9.649999618530273,40774497.0,8.5383939743042,0.09,,MXRF11,01-10-2024
9.5600004196167,9.6899995803833,9.029999732971191,9.380000114440918,40230274.0,8.375407218933105,0.09,,MXRF11,01-11-2024
9.34000015258789,9.479999542236328,8.760000228881836,9.369999885559082,42779428.0,8.445239067077637,0.1,,MXRF11,01-12-2024
9.359999656677246,9.529999732971191,9.020000457763672,9.210000038146973,31509290.0,8.390482902526855,0.1,,MXRF11,01-01-2025
9.050000190734863,9.220000267028809,8.90999984741211,9.079999923706055,26303056.0,8.361284255981445,0.09,,MXRF11,01-02-2025
9.079999923706055,9.199999809265137,8.979999542236328,9.15999984741211,25632011.0,8.518190383911133,0.09,,MXRF11,01-03-2025
9.079999923706055,9.359999656677246,8.989999771118164,9.300000190734863,24361479.0,8.734963417053223,0.09,,MXRF11,01-04-2025
9.300000190734863,9.640000343322754,9.210000038146973,9.5600004196167,24855584.0,9.068265914916992,0.1,,MXRF11,01-05-2025
9.5600004196167,9.5600004196167,9.1899995803833,9.520000457763672,24335867.0,9.128479957580566,0.1,,MXRF11,01-06-2025
9.4399995803833,9.600000381469727,9.369999885559082,9.600000381469727,23257960.0,9.302495956420898,0.1,,MXRF11,01-07-2025
9.529999732971191,9.619999885559082,9.369999885559082,9.619999885559082,23115706.0,9.420833587646484,0.1,,MXRF11,01-08-2025
9.5,9.789999961853027,9.479999542236328,9.770000457763672,13485872.0,9.668441772460938,0.1,,MXRF11,01-09-2025
0.0,0.0,0.0,9.770000457763672,0.0,9.770000457763672,0.0,,MXRF11,15-09-2025
102.4800033569336,104.88999938964844,99.08999633789062,101.62000274658203,146373.0,60.791954040527344,0.0,,OUJP11,01-10-2020
101.62000274658203,105.86000061035156,101.51000213623047,103.1500015258789,138153.0,61.70725631713867,0.0,,OUJP11,01-11-2020
103.19999694824219,108.0,101.5,107.87999725341797,144463.0,64.536865234375,0.0,,OUJP11,01-12-2020
107.87999725341797,109.98999786376953,103.48999786376953,107.80999755859375,184411.0,64.49496459960938,0.0,,OUJP11,01-01-2021
106.80000305175781,110.75,101.0,101.69999694824219,261565.0,60.83980178833008,0.0,,OUJP11,01-02-2021
101.72000122070312,106.77999877929688,100.58999633789062,106.77999877929688,226308.0,63.8787841796875,0.0,,OUJP11,01-03-2021
106.05999755859375,106.4800033569336,102.5199966430664,105.27999877929688,167992.0,62.98146057128906,0.0,,OUJP11,01-04-2021
104.98999786376953,104.98999786376953,100.4000015258789,101.95999908447266,169399.0,60.9953498840332,0.0,,OUJP11,01-05-2021
101.9000015258789,102.97000122070312,90.0,97.69999694824219,201717.0,58.4468879699707,0.0,,OUJP11,01-06-2021
96.87000274658203,100.43000030517578,93.2699966430664,97.02999877929688,171534.0,58.04607009887695,0.0,,OUJP11,01-07-2021
97.37999725341797,97.37999725341797,86.05999755859375,89.9800033569336,226534.0,53.828590393066406,0.0,,OUJP11,01-08-2021
89.43000030517578,91.4800033569336,86.0,88.30000305175781,183154.0,52.82353591918945,0.0,,OUJP11,01-09-2021
88.0,90.98999786376953,85.9000015258789,89.76000213623047,153801.0,53.696964263916016,0.0,,OUJP11,01-10-2021
89.05000305175781,89.41999816894531,82.05000305175781,84.29000091552734,136326.0,50.424659729003906,0.0,,OUJP11,01-11-2021
84.27999877929688,94.83999633789062,82.5,92.4000015258789,116200.0,55.27631378173828,0.0,,OUJP11,01-12-2021
91.0,92.0,87.08999633789062,90.5199966430664,117957.0,54.151615142822266,0.0,,OUJP11,01-01-2022
90.47000122070312,91.2699966430664,88.0199966430664,89.37999725341797,111857.0,53.46962356567383,0.0,,OUJP11,01-02-2022
89.37999725341797,93.98999786376953,88.30999755859375,92.56999969482422,197770.0,55.37796401977539,0.0,,OUJP11,01-03-2022
90.83000183105469,96.87999725341797,89.7699966430664,95.66000366210938,184715.0,57.22651672363281,1.28,,OUJP11,01-04-2022
94.7300033569336,95.98999786376953,92.69999694824219,95.0,139642.0,57.62852478027344,1.3,,OUJP11,01-05-2022
93.62000274658203,96.9800033569336,92.62999725341797,96.58000183105469,177714.0,59.394142150878906,1.4,,OUJP11,01-06-2022
95.1500015258789,95.5999984741211,91.98999786376953,95.51000213623047,160943.0,59.61465835571289,1.47,,OUJP11,01-07-2022
94.16000366210938,95.98999786376953,91.18000030517578,95.30000305175781,170879.0,60.40293884277344,1.35,,OUJP11,01-08-2022
93.5199966430664,97.9800033569336,92.0,96.54000091552734,139195.0,62.06614685058594,1.25,,OUJP11,01-09-2022
96.0,97.0,93.06999969482422,96.80999755859375,158890.0,63.06695556640625,1.2,,OUJP11,01-10-2022
95.5,99.9800033569336,94.0999984741211,96.5999984741211,143087.0,63.72220230102539,1.2,,OUJP11,01-11-2022
94.80000305175781,99.97000122070312,94.20999908447266,98.9000015258789,168663.0,66.05824279785156,1.2,,OUJP11,01-12-2022
98.9000015258789,98.98999786376953,93.0,98.08000183105469,224056.0,66.3345718383789,1.25,,OUJP11,01-01-2023
96.83000183105469,99.0,95.06999969482422,98.86000061035156,175084.0,67.71800231933594,1.25,,OUJP11,01-02-2023
97.61000061035156,97.98999786376953,90.11000061035156,93.08999633789062,227491.0,64.58877563476562,1.25,,OUJP11,01-03-2023
91.80000305175781,93.5999984741211,89.05000305175781,93.58999633789062,154490.0,65.76725006103516,1.25,,OUJP11,01-04-2023
93.58999633789062,99.98999786376953,92.37000274658203,98.94000244140625,159786.0,70.4731216430664,1.25,,OUJP11,01-05-2023
99.66000366210938,102.5,96.73999786376953,102.44999694824219,152030.0,73.96104431152344,1.25,,OUJP11,01-06-2023
101.19999694824219,102.30000305175781,99.1500015258789,101.41000366210938,120408.0,74.14701843261719,1.25,,OUJP11,01-07-2023
100.19999694824219,102.0,99.11000061035156,101.7300033569336,138335.0,75.29972839355469,1.2,,OUJP11,01-08-2023
101.4000015258789,101.98999786376953,99.2300033569336,100.12999725341797,116500.0,75.00292205810547,1.1,,OUJP11,01-09-2023
99.1500015258789,99.98999786376953,92.94999694824219,94.80000305175781,124577.0,71.78668212890625,1.0,,OUJP11,01-10-2023
92.91000366210938,99.37000274658203,91.11000061035156,98.06999969482422,145107.0,75.01202392578125,1.0,,OUJP11,01-11-2023
97.01000213623047,99.38999938964844,94.6500015258789,98.58999633789062,111289.0,76.2137222290039,1.0,,OUJP11,01-12-2023
98.58999633789062,101.87999725341797,96.45999908447266,100.5999984741211,130730.0,78.56865692138672,0.9,,OUJP11,01-01-2024
99.01000213623047,100.75,92.31999969482422,94.58999633789062,199254.0,74.55542755126953,0.91,,OUJP11,01-02-2024
93.68000030517578,96.80000305175781,90.81999969482422,96.80000305175781,174187.0,76.99382019042969,0.91,,OUJP11,01-03-2024
95.88999938964844,98.95999908447266,91.5999984741211,92.9000015258789,191169.0,74.60958862304688,0.91,,OUJP11,01-04-2024
92.9000015258789,93.0999984741211,89.0999984741211,90.1500015258789,133517.0,73.08809661865234,0.91,,OUJP11,01-05-2024
89.98999786376953,90.4000015258789,83.12000274658203,84.30000305175781,239751.0,69.0213623046875,0.91,,OUJP11,01-06-2024
82.48999786376953,83.44000244140625,79.0999984741211,80.62999725341797,241630.0,66.68970489501953,0.82,,OUJP11,01-07-2024
79.80999755859375,81.83999633789062,77.41999816894531,80.19999694824219,203852.0,66.98563385009766,0.82,,OUJP11,01-08-2024
80.18000030517578,80.29000091552734,77.80000305175781,78.80000305175781,124379.0,66.49253845214844,0.85,,OUJP11,01-09-2024
78.0,79.72000122070312,76.5999984741211,78.80000305175781,176568.0,67.2048110961914,0.85,,OUJP11,01-10-2024
77.30000305175781,78.98999786376953,76.52999877929688,77.94000244140625,137213.0,67.1961898803711,0.9,,OUJP11,01-11-2024
76.8499984741211,76.8499984741211,65.0999984741211,74.0,122859.0,64.53638458251953,0.9,,OUJP11,01-12-2024
72.62000274658203,73.5999984741211,67.5,67.97000122070312,114947.0,59.97003936767578,1.24,,OUJP11,01-01-2025
67.05999755859375,72.52999877929688,65.0,71.45999908447266,114591.0,64.123779296875,0.91,,OUJP11,01-02-2025
71.45999908447266,80.77999877929688,69.1500015258789,79.5199966430664,123167.0,72.32461547851562,0.93,,OUJP11,01-03-2025
77.91999816894531,80.30000305175781,72.19999694824219,78.61000061035156,107982.0,72.4397201538086,0.95,,OUJP11,01-04-2025
78.83000183105469,82.30000305175781,76.75,81.75,123974.0,76.2441177368164,1.05,,OUJP11,01-05-2025
82.0,82.5999984741211,77.9000015258789,82.44999694824219,104011.0,77.93798828125,1.15,,OUJP11,01-06-2025
81.4800033569336,82.37000274658203,77.0,78.29000091552734,135989.0,75.06156158447266,1.34,,OUJP11,01-07-2025
77.83000183105469,79.19000244140625,76.06999969482422,78.19999694824219,125975.0,76.21392059326172,1.0,,OUJP11,01-08-2025
77.55000305175781,79.63999938964844,77.0199966430664,79.19999694824219,41171.0,78.18721008300781,1.0,,OUJP11,01-09-2025
0.0,0.0,0.0,79.19999694824219,0.0,79.19999694824219,0.0,,OUJP11,15-09-2025
91.9385757446289,95.93590545654297,87.73138427734375,88.68075561523438,482926.0,65.35366821289062,0.0,,PMLL11,01-10-2020
88.68075561523438,98.93389892578125,88.68075561523438,95.97587585449219,519672.0,70.72984313964844,0.0,,PMLL11,01-11-2020
96.33563995361328,105.60944366455078,95.93590545654297,105.31963348388672,487551.0,77.61575317382812,0.0,,PMLL11,01-12-2020
105.31963348388672,107.40824127197266,103.53083038330078,105.3396224975586,483309.0,77.63050079345703,0.0,,PMLL11,01-01-2021
105.32962799072266,105.90924072265625,99.93323516845703,100.24302673339844,399632.0,73.87454223632812,0.0,,PMLL11,01-02-2021
99.63343811035156,99.63343811035156,93.4975357055664,95.116455078125,480475.0,70.09650421142578,0.0,,PMLL11,01-03-2021
95.04650115966797,99.93323516845703,94.95655822753906,99.9232406616211,307437.0,73.63886260986328,0.0,,PMLL11,01-04-2021
99.4335708618164,101.4222412109375,96.4355697631836,96.9852066040039,399915.0,71.47368621826172,0.0,,PMLL11,01-05-2021
96.92524719238281,99.93323516845703,89.93991088867188,95.3363037109375,359043.0,70.25849914550781,0.0,,PMLL11,01-06-2021
94.82664489746094,99.9232406616211,93.23770904541016,98.93389892578125,266303.0,72.9097671508789,0.0,,PMLL11,01-07-2021
98.83396911621094,99.08380126953125,90.93923950195312,97.08513641357422,264264.0,71.54730987548828,0.0,,PMLL11,01-08-2021
96.77534484863281,96.77534484863281,92.62811279296875,93.91725158691406,267605.0,69.21273040771484,0.0,,PMLL11,01-09-2021
93.68740844726562,97.63477325439453,90.3796157836914,91.43891143798828,245695.0,67.38632202148438,0.0,,PMLL11,01-10-2021
91.20906066894531,92.48820495605469,81.60547637939453,83.51420593261719,320855.0,61.54615020751953,0.0,,PMLL11,01-11-2021
83.23439025878906,97.22504425048828,83.21440124511719,96.24569702148438,328660.0,70.92867279052734,0.0,,PMLL11,01-12-2021
95.99586486816406,98.18440246582031,93.93724060058594,98.18440246582031,298231.0,72.35743713378906,0.0,,PMLL11,01-01-2022
96.93523406982422,99.4335708618164,95.97587585449219,98.92391204833984,276686.0,72.90242004394531,0.0,,PMLL11,01-02-2022
98.92391204833984,101.92190551757812,97.38493347167969,101.3322982788086,328289.0,74.6772689819336,0.0,,PMLL11,01-03-2022
100.93256378173828,104.41024017333984,100.73269653320312,101.98186492919922,296609.0,75.15596771240234,0.719519,,PMLL11,01-04-2022
101.63209533691406,102.63143157958984,99.93323516845703,101.17240905761719,295275.0,75.0926284790039,0.719519,,PMLL11,01-05-2022
100.45288848876953,101.31230926513672,99.23370361328125,101.2723388671875,278460.0,75.70091247558594,0.0,,PMLL11,01-06-2022
100.55281829833984,101.18240356445312,99.68340301513672,101.18240356445312,252688.0,75.63369750976562,0.719519,,PMLL11,01-07-2022
100.73269653320312,109.8166275024414,100.43289947509766,109.12709045410156,327678.0,82.1560287475586,0.749499,,PMLL11,01-08-2022
108.47752380371094,111.94520568847656,106.58000183105469,109.41000366210938,326558.0,82.98371124267578,0.769486,,PMLL11,01-09-2022
108.61000061035156,110.43000030517578,106.69999694824219,110.29000091552734,384742.0,84.24520874023438,0.8,,PMLL11,01-10-2022
110.5,110.95999908447266,102.20999908447266,106.58999633789062,365927.0,82.01866912841797,0.78,,PMLL11,01-11-2022
106.44000244140625,106.94999694824219,98.58999633789062,103.5,310885.0,80.20822143554688,0.78,,PMLL11,01-12-2022
102.73999786376953,103.87999725341797,98.18000030517578,103.0199966430664,319644.0,80.42478942871094,0.78,,PMLL11,01-01-2023
102.2300033569336,102.98999786376953,95.5999984741211,98.19000244140625,250191.0,77.2362060546875,0.78,,PMLL11,01-02-2023
97.98999786376953,100.27999877929688,97.0,99.0,295542.0,78.46746826171875,0.78,,PMLL11,01-03-2023
98.5,105.0,97.5999984741211,104.31999969482422,337425.0,83.34619140625,0.78,,PMLL11,01-04-2023
104.31999969482422,109.66000366210938,100.62000274658203,109.5,580512.0,88.17948150634766,0.78,,PMLL11,01-05-2023
109.79000091552734,119.0999984741211,108.51000213623047,117.4800033569336,576045.0,95.31839752197266,0.78,,PMLL11,01-06-2023
116.68000030517578,118.0,115.01000213623047,115.5,633926.0,94.38424682617188,0.8,,PMLL11,01-07-2023
114.87999725341797,119.8499984741211,113.18000030517578,117.30999755859375,619786.0,96.52059173583984,0.8,,PMLL11,01-08-2023
117.30999755859375,118.0999984741211,114.0999984741211,117.69000244140625,456121.0,97.50865936279297,0.85,,PMLL11,01-09-2023
116.3499984741211,119.47000122070312,114.36000061035156,116.31999969482422,410515.0,97.07698059082031,0.85,,PMLL11,01-10-2023
116.12999725341797,117.26000213623047,114.5,116.7300033569336,299766.0,98.12786865234375,0.85,,PMLL11,01-11-2023
115.91999816894531,119.66000366210938,114.0,118.80000305175781,336220.0,100.60311889648438,0.8,,PMLL11,01-12-2023
118.80000305175781,119.55000305175781,117.0199966430664,118.0,337885.0,100.61522674560547,0.8,,PMLL11,01-01-2024
117.9000015258789,119.5,116.11000061035156,119.11000061035156,898405.0,102.250244140625,0.92,,PMLL11,01-02-2024
118.19999694824219,120.0,117.16999816894531,118.83999633789062,443743.0,102.82012176513672,0.92,,PMLL11,01-03-2024
118.56999969482422,118.73999786376953,113.5199966430664,114.4800033569336,745928.0,99.81884765625,0.92,,PMLL11,01-04-2024
114.4800033569336,115.6500015258789,111.25,111.91000366210938,508771.0,98.33927154541016,0.9,,PMLL11,01-05-2024
111.48999786376953,111.69000244140625,106.9000015258789,111.19999694824219,514077.0,98.48965454101562,0.87,,PMLL11,01-06-2024
110.19000244140625,114.0,107.0,111.47000122070312,816056.0,99.5023422241211,0.8,,PMLL11,01-07-2024
111.58999633789062,111.58999633789062,106.7699966430664,110.9800033569336,687364.0,99.78280639648438,0.8,,PMLL11,01-08-2024
109.81999969482422,110.0,100.37000274658203,102.5,514893.0,92.82456970214844,0.78,,PMLL11,01-09-2024
100.77999877929688,102.0,98.0,101.98999786376953,432918.0,93.0164566040039,0.78,,PMLL11,01-10-2024
100.0,101.20999908447266,96.0,97.2300033569336,598539.0,89.35523986816406,0.78,,PMLL11,01-11-2024
96.9000015258789,96.97000122070312,89.1500015258789,95.4800033569336,604668.0,88.4232177734375,0.78,,PMLL11,01-12-2024
94.69999694824219,97.62000274658203,91.5199966430664,93.56999969482422,376470.0,87.35515594482422,0.78,,PMLL11,01-01-2025
92.0,95.5999984741211,90.12000274658203,94.95999908447266,426642.0,89.38302612304688,0.83,,PMLL11,01-02-2025
94.95999908447266,101.87000274658203,92.04000091552734,100.68000030517578,812554.0,95.61524200439453,0.85,,PMLL11,01-03-2025
100.0,103.22000122070312,98.0,102.81999969482422,432367.0,98.52953338623047,0.85,,PMLL11,01-04-2025
102.81999969482422,103.9800033569336,98.55000305175781,100.88999938964844,756220.0,97.50324249267578,0.85,,PMLL11,01-05-2025
100.02999877929688,102.0,98.5,101.48999786376953,453906.0,98.90070343017578,0.85,,PMLL11,01-06-2025
100.91000366210938,102.5,95.1500015258789,97.3499984741211,441928.0,95.67236328125,0.86,,PMLL11,01-07-2025
97.0999984741211,101.0,93.16999816894531,100.54000091552734,379838.0,99.65181732177734,0.86,,PMLL11,01-08-2025
98.55999755859375,101.83999633789062,98.55999755859375,100.41999816894531,197254.0,100.41999816894531,0.0,,PMLL11,01-09-2025
0.0,0.0,0.0,100.41999816894531,0.0,100.41999816894531,0.0,,PMLL11,15-09-2025
73.79000091552734,74.9000015258789,70.95999908447266,72.08999633789062,269077.0,49.3721809387207,0.0,,RBFF11,01-10-2020
72.08999633789062,75.72000122070312,70.8499984741211,75.5,210540.0,51.70757293701172,0.0,,RBFF11,01-11-2020
74.12999725341797,74.98999786376953,72.80000305175781,74.2699966430664,263765.0,50.86520004272461,0.0,,RBFF11,01-12-2020
74.2699966430664,75.0,72.94999694824219,74.69999694824219,192236.0,51.1596794128418,0.0,,RBFF11,01-01-2021
74.38999938964844,74.88999938964844,71.4800033569336,72.0,192419.0,49.31053924560547,0.0,,RBFF11,01-02-2021
70.88999938964844,70.88999938964844,65.0,67.33999633789062,215940.0,46.119056701660156,0.0,,RBFF11,01-03-2021
67.3499984741211,68.87000274658203,66.5199966430664,67.5999984741211,182630.0,46.2971076965332,0.0,,RBFF11,01-04-2021
67.38999938964844,69.88999938964844,66.48999786376953,68.70999908447266,206844.0,47.05731201171875,0.0,,RBFF11,01-05-2021
68.70999908447266,69.1500015258789,62.70000076293945,64.80000305175781,255519.0,44.37948226928711,0.0,,RBFF11,01-06-2021
63.90999984741211,68.0,63.0,64.48999786376953,179061.0,44.16717529296875,0.0,,RBFF11,01-07-2021
63.93000030517578,64.4000015258789,56.52000045776367,60.77000045776367,233270.0,41.619476318359375,0.0,,RBFF11,01-08-2021
60.349998474121094,61.290000915527344,57.77000045776367,59.95000076293945,127024.0,41.05787658691406,0.0,,RBFF11,01-09-2021
58.970001220703125,61.29999923706055,55.22999954223633,55.70000076293945,144312.0,38.14717483520508,0.0,,RBFF11,01-10-2021
55.70000076293945,56.70000076293945,50.0099983215332,52.20000076293945,194170.0,35.75013732910156,0.0,,RBFF11,01-11-2021
53.45000076293945,58.0,51.599998474121094,57.04999923706055,93949.0,39.071754455566406,0.0,,RBFF11,01-12-2021
56.560001373291016,57.18000030517578,52.7400016784668,54.45000076293945,126465.0,37.29109191894531,0.0,,RBFF11,01-01-2022
53.95000076293945,54.540000915527344,49.5,50.20000076293945,195092.0,34.38041305541992,0.0,,RBFF11,01-02-2022
50.20000076293945,52.439998626708984,49.349998474121094,52.349998474121094,301491.0,35.85287857055664,0.0,,RBFF11,01-03-2022
51.88999938964844,54.599998474121094,50.540000915527344,52.900001525878906,126211.0,36.229557037353516,0.0,,RBFF11,01-04-2022
52.400001525878906,52.9900016784668,49.5,51.0099983215332,170948.0,34.93513870239258,0.48,,RBFF11,01-05-2022
51.369998931884766,53.0,50.02000045776367,53.0,178485.0,36.63040542602539,0.5,,RBFF11,01-06-2022
52.79999923706055,56.88999938964844,52.0,56.06999969482422,399285.0,39.13581848144531,0.52,,RBFF11,01-07-2022
55.56999969482422,60.279998779296875,55.0,60.279998779296875,198815.0,42.491214752197266,0.5,,RBFF11,01-08-2022
59.81999969482422,61.540000915527344,55.04999923706055,57.540000915527344,703276.0,40.924739837646484,0.5,,RBFF11,01-09-2022
57.029998779296875,58.97999954223633,55.79999923706055,56.79999923706055,114266.0,40.736328125,0.51,,RBFF11,01-10-2022
56.900001525878906,56.900001525878906,52.0099983215332,53.5,83937.0,38.71271514892578,0.51,,RBFF11,01-11-2022
53.5,55.0,49.0099983215332,52.959999084472656,83080.0,38.66918182373047,0.51,,RBFF11,01-12-2022
52.45000076293945,53.97999954223633,50.02000045776367,50.68000030517578,106861.0,37.36056900024414,0.51,,RBFF11,01-01-2023
50.029998779296875,50.97999954223633,47.5099983215332,50.83000183105469,65873.0,37.83549880981445,0.49,,RBFF11,01-02-2023
50.33000183105469,50.33000183105469,44.5,47.27000045776367,122055.0,35.529109954833984,0.49,,RBFF11,01-03-2023
47.20000076293945,51.18000030517578,46.06999969482422,50.47999954223633,72337.0,38.31113052368164,0.49,,RBFF11,01-04-2023
50.47999954223633,55.4900016784668,50.0099983215332,54.79999923706055,110482.0,42.02537155151367,0.49,,RBFF11,01-05-2023
53.650001525878906,59.0,53.650001525878906,58.880001068115234,148527.0,45.596866607666016,0.51,,RBFF11,01-06-2023
58.400001525878906,61.40999984741211,57.29999923706055,60.970001220703125,298028.0,47.65890884399414,0.53,,RBFF11,01-07-2023
60.47999954223633,62.88999938964844,60.470001220703125,61.4900016784668,246346.0,48.50196075439453,0.5,,RBFF11,01-08-2023
61.4900016784668,61.79999923706055,59.93000030517578,61.4900016784668,174879.0,48.90300369262695,0.5,,RBFF11,01-09-2023
60.9900016784668,61.5,59.029998779296875,60.04999923706055,135688.0,48.14929962158203,0.51,,RBFF11,01-10-2023
60.0,61.43000030517578,59.5,59.68000030517578,116790.0,48.25283432006836,0.51,,RBFF11,01-11-2023
59.0099983215332,61.2599983215332,57.77000045776367,61.0,185672.0,49.7425537109375,0.51,,RBFF11,01-12-2023
61.0,62.25,59.599998474121094,61.790000915527344,265927.0,50.8210563659668,0.52,,RBFF11,01-01-2024
61.61000061035156,62.5,60.439998626708984,61.86000061035156,308132.0,51.31607437133789,0.5,,RBFF11,01-02-2024
60.88999938964844,63.709999084472656,60.88999938964844,63.54999923706055,189617.0,53.14808654785156,0.5,,RBFF11,01-03-2024
63.04999923706055,64.5199966430664,60.529998779296875,61.650001525878906,176324.0,51.97921371459961,0.5,,RBFF11,01-04-2024
61.650001525878906,65.5,60.29999923706055,63.0,171261.0,53.53867721557617,0.51,,RBFF11,01-05-2024
62.61000061035156,63.18000030517578,60.029998779296875,60.34000015258789,109320.0,51.70589828491211,0.51,,RBFF11,01-06-2024
59.900001525878906,63.130001068115234,58.279998779296875,60.52000045776367,125469.0,52.283390045166016,0.51,,RBFF11,01-07-2024
60.29999923706055,62.33000183105469,59.18000030517578,61.310001373291016,137982.0,53.41736602783203,0.51,,RBFF11,01-08-2024
60.79999923706055,61.2400016784668,57.70000076293945,59.400001525878906,142272.0,52.19307327270508,0.51,,RBFF11,01-09-2024
58.720001220703125,58.790000915527344,52.02000045776367,52.90999984741211,251874.0,46.88045883178711,0.51,,RBFF11,01-10-2024
52.79999923706055,52.79999923706055,50.02000045776367,51.150001525878906,269459.0,45.713523864746094,0.51,,RBFF11,01-11-2024
50.79999923706055,51.720001220703125,44.02000045776367,50.81999969482422,366640.0,45.86064910888672,0.51,,RBFF11,01-12-2024
50.81999969482422,50.81999969482422,43.040000915527344,45.380001068115234,295198.0,41.36394500732422,0.52,,RBFF11,01-01-2025
44.86000061035156,48.97999954223633,43.040000915527344,46.9900016784668,213126.0,43.27425765991211,0.51,,RBFF11,01-02-2025
46.9900016784668,53.70000076293945,44.11000061035156,52.0,205396.0,48.4323844909668,0.51,,RBFF11,01-03-2025
51.47999954223633,51.810001373291016,47.18000030517578,51.15999984741211,143743.0,48.1728630065918,0.51,,RBFF11,01-04-2025
51.0,54.189998626708984,50.31999969482422,53.27000045776367,133151.0,50.6564826965332,0.51,,RBFF11,01-05-2025
53.810001373291016,53.810001373291016,50.04999923706055,52.29999923706055,118766.0,50.23484802246094,0.51,,RBFF11,01-06-2025
51.790000915527344,54.0,50.349998474121094,50.5,135253.0,48.97480392456055,0.51,,RBFF11,01-07-2025
51.0,51.0099983215332,47.150001525878906,47.84000015258789,113883.0,46.85201644897461,0.51,,RBFF11,01-08-2025
47.58000183105469,52.0,46.04999923706055,51.029998779296875,294801.0,50.485992431640625,0.51,,RBFF11,01-09-2025
0.0,0.0,0.0,51.029998779296875,0.0,51.029998779296875,0.0,,RBFF11,15-09-2025
85.05999755859375,87.4800033569336,83.0,86.58999633789062,162498.0,61.05939483642578,0.0,,RBRL11,01-03-2022
86.9800033569336,89.51000213623047,84.12000274658203,87.68000030517578,162167.0,61.828006744384766,0.62,,RBRL11,01-04-2022
87.94999694824219,88.5999984741211,84.83000183105469,86.0,117746.0,61.0858039855957,0.65,,RBRL11,01-05-2022
86.1500015258789,88.05000305175781,84.0,84.94000244140625,142803.0,60.78550338745117,0.65,,RBRL11,01-06-2022
85.04000091552734,86.79000091552734,83.79000091552734,86.30000305175781,105831.0,62.21806716918945,0.696,,RBRL11,01-07-2022
85.20999908447266,97.73999786376953,85.20999908447266,96.73999786376953,153486.0,70.3242416381836,0.65,,RBRL11,01-08-2022
96.73999786376953,97.4800033569336,90.9000015258789,93.68000030517578,96527.0,68.61096954345703,0.65,,RBRL11,01-09-2022
94.01000213623047,96.0,88.0999984741211,91.3499984741211,128903.0,67.36492919921875,0.65,,RBRL11,01-10-2022
90.51000213623047,93.25,82.94999694824219,83.69000244140625,107091.0,62.13706588745117,0.65,,RBRL11,01-11-2022
82.9000015258789,85.9000015258789,79.88999938964844,84.0,91085.0,62.82246780395508,0.65,,RBRL11,01-12-2022
84.0,84.0,71.79000091552734,72.38999938964844,172706.0,54.56477737426758,0.65,,RBRL11,01-01-2023
72.37999725341797,77.56999969482422,70.69999694824219,75.61000061035156,117054.0,57.450111389160156,0.65,,RBRL11,01-02-2023
75.83000183105469,75.83000183105469,68.98999786376953,70.12999725341797,133377.0,53.77345275878906,0.58,,RBRL11,01-03-2023
69.31999969482422,74.45999908447266,68.5199966430664,74.08000183105469,95861.0,57.25336456298828,0.0,,RBRL11,01-04-2023
74.08000183105469,87.76000213623047,73.05000305175781,83.95999908447266,138395.0,64.88919830322266,0.6,,RBRL11,01-05-2023
83.81999969482422,97.66000366210938,82.48999786376953,93.58999633789062,180216.0,72.88824462890625,0.67,,RBRL11,01-06-2023
93.55999755859375,100.0,92.0,96.30000305175781,130366.0,75.58391571044922,0.67,,RBRL11,01-07-2023
96.29000091552734,96.5,89.0,89.52999877929688,148667.0,70.76922607421875,0.65,,RBRL11,01-08-2023
89.5999984741211,94.26000213623047,87.0,91.9000015258789,525169.0,73.13936614990234,0.72,,RBRL11,01-09-2023
91.9000015258789,91.94000244140625,85.0,85.70999908447266,181814.0,68.7650375366211,0.72,,RBRL11,01-10-2023
86.4800033569336,89.9800033569336,84.22000122070312,87.97000122070312,149045.0,71.15641021728516,0.72,,RBRL11,01-11-2023
88.0,88.27999877929688,84.5,87.41000366210938,228249.0,71.30493927001953,0.72,,RBRL11,01-12-2023
87.41000366210938,91.0,86.7699966430664,87.01000213623047,223217.0,71.57804870605469,0.72,,RBRL11,01-01-2024
87.01000213623047,89.0199966430664,82.4000015258789,83.44000244140625,177996.0,69.1952133178711,0.65,,RBRL11,01-02-2024
83.5,85.02999877929688,78.31999969482422,82.33000183105469,193599.0,68.78551483154297,0.65,,RBRL11,01-03-2024
82.37999725341797,85.68000030517578,81.19999694824219,81.3499984741211,211933.0,68.4986801147461,0.65,,RBRL11,01-04-2024
82.0,83.20999908447266,78.19999694824219,82.69999694824219,190248.0,70.17755889892578,0.65,,RBRL11,01-05-2024
82.87999725341797,83.19999694824219,75.25,76.5999984741211,104514.0,65.52928924560547,0.65,,RBRL11,01-06-2024
76.72000122070312,82.62999725341797,75.5199966430664,82.16000366210938,106896.0,70.85359954833984,0.65,,RBRL11,01-07-2024
81.0,83.75,78.04000091552734,80.3499984741211,115390.0,69.88265228271484,0.65,,RBRL11,01-08-2024
81.44000244140625,81.6500015258789,76.0199966430664,78.1500015258789,98996.0,68.51203155517578,0.72,,RBRL11,01-09-2024
78.1500015258789,78.58000183105469,70.30000305175781,71.16999816894531,191401.0,62.94970703125,0.77,,RBRL11,01-10-2024
71.16999816894531,74.5,71.16999816894531,73.0,187796.0,65.22055053710938,0.77,,RBRL11,01-11-2024
73.55000305175781,74.0,61.25,66.97000122070312,158255.0,60.470638275146484,0.77,,RBRL11,01-12-2024
66.9800033569336,70.8499984741211,61.599998474121094,62.0,93532.0,56.6242561340332,0.77,,RBRL11,01-01-2025
62.0,67.08999633789062,60.119998931884766,65.5,77755.0,60.48613357543945,0.71,,RBRL11,01-02-2025
65.5,73.5,63.720001220703125,72.83999633789062,81526.0,68.05274200439453,0.75,,RBRL11,01-03-2025
73.69999694824219,83.94000244140625,69.80000305175781,80.08999633789062,119651.0,75.6876449584961,0.76,,RBRL11,01-04-2025
81.51000213623047,81.9000015258789,77.01000213623047,80.30999755859375,120954.0,76.68482971191406,0.76,,RBRL11,01-05-2025
80.30999755859375,82.0,75.20999908447266,79.19000244140625,211354.0,76.35604858398438,0.75,,RBRL11,01-06-2025
83.54000091552734,85.05000305175781,81.94999694824219,83.41999816894531,143929.0,81.18704223632812,0.75,,RBRL11,01-07-2025
84.0999984741211,84.0999984741211,82.05999755859375,83.70999908447266,84400.0,82.20919799804688,0.75,,RBRL11,01-08-2025
83.20999908447266,83.95999908447266,80.58999633789062,82.48999786376953,128605.0,81.74090576171875,0.75,,RBRL11,01-09-2025
0.0,0.0,0.0,82.48999786376953,0.0,82.48999786376953,0.0,,RBRL11,15-09-2025
92.94999694824219,95.87000274658203,89.12000274658203,91.51000213623047,730194.0,67.01019287109375,0.0,,RBRP11,01-10-2020
91.51000213623047,95.4800033569336,90.5,93.11000061035156,813824.0,68.18180084228516,0.0,,RBRP11,01-11-2020
93.48999786376953,95.4000015258789,91.9000015258789,95.0,761094.0,69.5658187866211,0.0,,RBRP11,01-12-2020
95.0,98.0,90.0199966430664,97.69999694824219,733834.0,71.5429458618164,0.0,,RBRP11,01-01-2021
97.69999694824219,99.91999816894531,91.12000274658203,93.05000305175781,716255.0,68.13788604736328,0.0,,RBRP11,01-02-2021
93.0999984741211,93.5,88.51000213623047,91.95999908447266,788008.0,67.33971405029297,0.0,,RBRP11,01-03-2021
91.94000244140625,92.61000061035156,86.91999816894531,88.3499984741211,643992.0,64.69623565673828,0.0,,RBRP11,01-04-2021
88.73999786376953,91.38999938964844,83.0,87.2300033569336,841427.0,63.876068115234375,0.0,,RBRP11,01-05-2021
87.2300033569336,88.19000244140625,72.01000213623047,79.9000015258789,730841.0,58.50852584838867,0.0,,RBRP11,01-06-2021
80.5,85.0,78.30999755859375,81.5999984741211,477463.0,59.75336456298828,0.0,,RBRP11,01-07-2021
81.5999984741211,82.55000305175781,73.5,79.86000061035156,520031.0,58.479244232177734,0.0,,RBRP11,01-08-2021
79.83999633789062,79.83999633789062,73.0199966430664,74.26000213623047,563499.0,54.378517150878906,0.0,,RBRP11,01-09-2021
74.29000091552734,76.97000122070312,72.19000244140625,72.5,388680.0,53.0897216796875,0.0,,RBRP11,01-10-2021
72.69000244140625,73.0,64.93000030517578,69.9800033569336,538738.0,51.244388580322266,0.0,,RBRP11,01-11-2021
70.02999877929688,80.08000183105469,70.02999877929688,79.1500015258789,332547.0,57.959312438964844,0.0,,RBRP11,01-12-2021
78.30999755859375,79.87999725341797,68.91999816894531,71.2300033569336,570451.0,52.15971755981445,0.0,,RBRP11,01-01-2022
71.80000305175781,71.80000305175781,64.81999969482422,66.36000061035156,433846.0,48.59355926513672,0.0,,RBRP11,01-02-2022
66.36000061035156,67.98999786376953,62.47999954223633,64.77999877929688,507950.0,47.43655776977539,0.0,,RBRP11,01-03-2022
64.9000015258789,69.55000305175781,64.12000274658203,67.98999786376953,368951.0,49.787147521972656,0.5,,RBRP11,01-04-2022
67.47000122070312,68.97000122070312,61.02000045776367,61.900001525878906,458255.0,45.68008804321289,0.45,,RBRP11,01-05-2022
61.88999938964844,64.73999786376953,57.02000045776367,57.29999923706055,454820.0,42.590599060058594,0.45,,RBRP11,01-06-2022
57.52000045776367,60.0,49.119998931884766,51.0,562705.0,38.179203033447266,0.45,,RBRP11,01-07-2022
51.220001220703125,65.0,50.0,61.5,678105.0,46.402950286865234,0.45,,RBRP11,01-08-2022
61.75,62.459999084472656,57.099998474121094,60.29999923706055,485549.0,45.875343322753906,0.45,,RBRP11,01-09-2022
60.29999923706055,61.38999938964844,54.900001525878906,57.0,493763.0,43.68917465209961,0.45,,RBRP11,01-10-2022
56.939998626708984,57.5,51.150001525878906,51.79999923706055,505315.0,40.00112533569336,0.28,,RBRP11,01-11-2022
51.79999923706055,52.7400016784668,47.81999969482422,50.9900016784668,385888.0,39.577919006347656,0.27,,RBRP11,01-12-2022
50.5,50.5,46.400001525878906,48.11000061035156,472108.0,37.53612518310547,0.27,,RBRP11,01-01-2023
48.22999954223633,48.97999954223633,44.5099983215332,45.29999923706055,300736.0,35.54344177246094,0.27,,RBRP11,01-02-2023
45.29999923706055,46.02000045776367,43.33000183105469,43.91999816894531,345901.0,34.65889358520508,0.27,,RBRP11,01-03-2023
43.91999816894531,49.95000076293945,43.400001525878906,49.45000076293945,297892.0,39.25737380981445,0.27,,RBRP11,01-04-2023
49.45000076293945,58.20000076293945,47.0,52.599998474121094,443880.0,42.01363754272461,0.27,,RBRP11,01-05-2023
52.599998474121094,59.400001525878906,51.5,58.4900016784668,491583.0,46.97038650512695,0.27,,RBRP11,01-06-2023
58.4900016784668,64.0,57.25,60.75,435724.0,49.029293060302734,0.27,,RBRP11,01-07-2023
60.75,64.1500015258789,56.11000061035156,59.400001525878906,469145.0,48.1452751159668,0.27,,RBRP11,01-08-2023
59.400001525878906,60.06999969482422,53.279998779296875,55.88999938964844,312746.0,45.497825622558594,0.25,,RBRP11,01-09-2023
55.88999938964844,57.79999923706055,50.2599983215332,50.599998474121094,508742.0,41.366825103759766,0.25,,RBRP11,01-10-2023
50.5,53.38999938964844,50.27000045776367,51.63999938964844,357268.0,42.41476821899414,0.28,,RBRP11,01-11-2023
51.7599983215332,57.68000030517578,50.0,54.79999923706055,520471.0,45.25677490234375,0.28,,RBRP11,01-12-2023
54.79999923706055,58.900001525878906,53.5,57.2599983215332,642709.0,47.545677185058594,0.28,,RBRP11,01-01-2024
55.599998474121094,59.939998626708984,55.29999923706055,59.45000076293945,440107.0,49.609256744384766,0.33,,RBRP11,01-02-2024
59.56999969482422,62.0,57.13999938964844,58.689998626708984,360429.0,49.260047912597656,0.35,,RBRP11,01-03-2024
58.689998626708984,61.88999938964844,56.79999923706055,61.0,567571.0,51.4973030090332,0.35,,RBRP11,01-04-2024
60.9900016784668,63.83000183105469,57.31999969482422,61.68000030517578,651746.0,52.37654495239258,0.66,,RBRP11,01-05-2024
61.08000183105469,61.08000183105469,56.04999923706055,58.47999954223633,363547.0,50.18353271484375,0.66,,RBRP11,01-06-2024
58.47999954223633,58.959999084472656,55.209999084472656,56.439998626708984,574976.0,48.989356994628906,0.67,,RBRP11,01-07-2024
56.45000076293945,59.2400016784668,55.029998779296875,58.52000045776367,374447.0,51.38695526123047,0.55,,RBRP11,01-08-2024
58.5,58.5,52.63999938964844,53.5,417281.0,47.44314193725586,0.54,,RBRP11,01-09-2024
53.47999954223633,53.5,50.0,52.0,441155.0,46.556358337402344,0.52,,RBRP11,01-10-2024
52.0,54.20000076293945,49.310001373291016,49.9900016784668,456334.0,45.20160675048828,0.54,,RBRP11,01-11-2024
49.9900016784668,51.349998474121094,47.369998931884766,49.95000076293945,637174.0,45.623714447021484,0.54,,RBRP11,01-12-2024
49.95000076293945,51.900001525878906,44.75,45.380001068115234,459905.0,41.89754104614258,0.54,,RBRP11,01-01-2025
45.380001068115234,46.290000915527344,39.0,40.290000915527344,800629.0,37.60247039794922,0.41,,RBRP11,01-02-2025
40.290000915527344,45.869998931884766,39.56999969482422,44.7400016784668,723408.0,42.170265197753906,0.41,,RBRP11,01-03-2025
44.7400016784668,50.5,43.7599983215332,49.11000061035156,514742.0,46.74017333984375,0.4,,RBRP11,01-04-2025
49.11000061035156,53.130001068115234,48.0,50.15999984741211,494325.0,48.170166015625,0.4,,RBRP11,01-05-2025
49.90999984741211,50.79999923706055,47.68000030517578,50.66999816894531,332079.0,49.058380126953125,0.4,,RBRP11,01-06-2025
50.66999816894531,52.18000030517578,49.0,50.939998626708984,561159.0,49.719146728515625,0.4,,RBRP11,01-07-2025
50.939998626708984,51.5,48.61000061035156,50.189998626708984,368037.0,49.382179260253906,0.4,,RBRP11,01-08-2025
50.0,51.5099983215332,49.220001220703125,50.209999084472656,226281.0,49.806705474853516,0.4,,RBRP11,01-09-2025
0.0,0.0,0.0,50.209999084472656,0.0,50.209999084472656,0.0,,RBRP11,15-09-2025
11.881909370422363,12.409150123596191,11.672209739685059,12.047670364379883,2441517.0,7.990128040313721,0.0,0.0,RBVA11,01-10-2020
12.047670364379883,12.05266284942627,11.683195114135742,11.914860725402832,2909109.0,7.9020490646362305,0.0,0.0,RBVA11,01-11-2020
11.981764793395996,11.981764793395996,10.884344100952148,11.783050537109375,4988695.0,7.814633369445801,0.0,0.0,RBVA11,01-12-2020
11.783050537109375,11.783050537109375,11.273782730102539,11.353669166564941,2917891.0,7.529861927032471,0.0,0.0,RBVA11,01-01-2021
11.313726425170898,11.360657691955566,10.984199523925781,11.07906436920166,3921704.0,7.347742557525635,0.0,0.0,RBVA11,01-02-2021
10.914300918579102,11.089049339294434,10.489911079406738,11.054099082946777,2952250.0,7.331186294555664,0.0,0.0,RBVA11,01-03-2021
10.984199523925781,11.180916786193848,10.607741355895996,10.889335632324219,2433844.0,7.2219133377075195,0.0,0.0,RBVA11,01-04-2021
10.876355171203613,11.059091567993164,10.733560562133789,11.05709457397461,1743545.0,7.333170413970947,0.0,0.0,RBVA11,01-05-2021
10.985198974609375,11.493467330932617,10.984199523925781,11.268791198730469,2872193.0,7.47357177734375,0.0,0.0,RBVA11,01-06-2021
11.232842445373535,11.559372901916504,11.036125183105469,11.46850299835205,1995878.0,7.606019020080566,0.0,0.0,RBVA11,01-07-2021
11.284768104553223,11.384623527526855,10.734559059143066,11.051103591918945,1832731.0,7.329196453094482,0.0,0.0,RBVA11,01-08-2021
10.966225624084473,10.984199523925781,10.428998947143555,10.763517379760742,1741921.0,7.1384663581848145,0.0,0.0,RBVA11,01-09-2021
10.681634902954102,10.681634902954102,10.071513175964355,10.08848762512207,2173380.0,6.6907806396484375,0.0,0.0,RBVA11,01-10-2021
10.045550346374512,10.167374610900879,9.364529609680176,9.783926010131836,2105576.0,6.488791465759277,0.0,0.0,RBVA11,01-11-2021
9.654112815856934,10.337130546569824,9.446412086486816,10.234278678894043,1951952.0,6.787471771240234,0.0,0.0,RBVA11,01-12-2021
10.175362586975098,10.185349464416504,9.677080154418945,9.884780883789062,1733177.0,6.555680751800537,0.0,0.0,RBVA11,01-01-2022
9.827862739562988,9.827862739562988,9.289636611938477,9.406469345092773,1672803.0,6.238461017608643,0.0,0.0,RBVA11,01-02-2022
9.406469345092773,9.964666366577148,9.086929321289062,9.960672378540039,1933676.0,6.606013774871826,0.0,0.0,RBVA11,01-03-2022
9.885780334472656,9.985635757446289,9.688063621520996,9.900757789611816,1612006.0,6.566277980804443,0.091868,0.0,RBVA11,01-04-2022
9.845836639404297,9.872798919677734,9.166813850402832,9.25968074798584,2328876.0,6.198274612426758,0.091868,0.0,RBVA11,01-05-2022
9.16981029510498,9.25368881225586,8.887215614318848,9.045988082885742,1759388.0,6.111945152282715,0.091868,0.0,RBVA11,01-06-2022
8.964105606079102,9.049982070922852,8.835290908813477,9.045988082885742,1394514.0,6.173191070556641,0.109842,0.0,RBVA11,01-07-2022
8.982080459594727,9.92272663116455,8.827301979064941,9.883783340454102,1934486.0,6.827829837799072,0.099856,0.0,RBVA11,01-08-2022
9.821871757507324,9.969658851623535,9.585211753845215,9.6930570602417,1668036.0,6.77081298828125,0.101853,0.0,RBVA11,01-09-2022
9.686066627502441,9.782928466796875,9.547266960144043,9.686066627502441,1789950.0,6.836381912231445,0.106846,0.0,RBVA11,01-10-2022
9.678078651428223,9.695054054260254,9.094918251037598,9.285642623901367,2164790.0,6.6268110275268555,0.106846,0.0,RBVA11,01-11-2022
9.287639617919922,9.3825044631958,9.041994094848633,9.20875358581543,1538509.0,6.6452412605285645,0.106846,0.0,RBVA11,01-12-2022
9.283645629882812,9.735995292663574,9.136857032775879,9.436426162719727,1990669.0,6.888801574707031,0.106846,0.0,RBVA11,01-01-2023
9.361534118652344,9.385499954223633,9.0669584274292,9.175801277160645,2137061.0,6.777172565460205,0.094864,0.0,RBVA11,01-02-2023
9.126872062683105,9.186784744262695,8.987072944641113,9.113889694213867,1715846.0,6.7998046875,0.094864,0.0,RBVA11,01-03-2023
9.095915794372559,9.429435729980469,9.015031814575195,9.41545581817627,1399181.0,7.098184108734131,0.094864,0.0,RBVA11,01-04-2023
9.41545581817627,9.984638214111328,9.205758094787598,9.873797416687012,2300616.0,7.522015571594238,0.094864,0.0,RBVA11,01-05-2023
9.785923957824707,10.664660453796387,9.563243865966797,10.64369010925293,1316300.0,8.191060066223145,0.094864,0.0,RBVA11,01-06-2023
10.4130220413208,11.09404182434082,10.375076293945312,10.984199523925781,1526832.0,8.53510856628418,0.099856,0.0,RBVA11,01-07-2023
10.933273315429688,11.381628036499023,10.789480209350586,11.163941383361816,1595901.0,8.756927490234375,0.099856,0.0,RBVA11,01-08-2023
11.132986068725586,11.538999557495117,10.872361183166504,11.354999542236328,1522531.0,8.988505363464355,0.099856,0.0,RBVA11,01-09-2023
11.253999710083008,11.34000015258789,10.949999809265137,11.071999549865723,1574270.0,8.843587875366211,0.1,0.0,RBVA11,01-10-2023
10.968999862670898,11.100000381469727,10.60200023651123,10.73900032043457,1817780.0,8.653820991516113,0.1,0.0,RBVA11,01-11-2023
10.638999938964844,11.395999908447266,10.638999938964844,11.355999946594238,2766940.0,9.23442268371582,0.1,0.0,RBVA11,01-12-2023
11.355999946594238,11.355999946594238,11.149999618530273,11.274999618530273,3314010.0,9.254733085632324,0.1,0.0,RBVA11,01-01-2024
11.175000190734863,11.395000457763672,11.140000343322754,11.319999694824219,2591430.0,9.37421989440918,0.1,0.0,RBVA11,01-02-2024
11.321000099182129,11.593999862670898,11.050999641418457,11.322999954223633,3279810.0,9.460612297058105,0.1,0.0,RBVA11,01-03-2024
11.225000381469727,11.307000160217285,11.125,11.218000411987305,3027900.0,9.456419944763184,0.1,0.0,RBVA11,01-04-2024
11.218000411987305,11.218000411987305,10.784000396728516,11.0649995803833,3693430.0,9.410555839538574,0.1,0.0,RBVA11,01-05-2024
10.973999977111816,11.0,10.649999618530273,10.89900016784668,1853810.0,9.35274887084961,0.1,0.0,RBVA11,01-06-2024
10.782999992370605,10.82800006866455,10.345000267028809,10.63599967956543,2682330.0,9.210297584533691,0.1,0.0,RBVA11,01-07-2024
10.583999633789062,10.798999786376953,10.319999694824219,10.798999786376953,3077570.0,9.4380464553833,0.1,0.0,RBVA11,01-08-2024
10.699000358581543,10.699000358581543,10.024999618530273,10.189000129699707,3358750.0,8.98944091796875,0.1,0.0,RBVA11,01-09-2024
10.08899974822998,10.25100040435791,9.706999778747559,9.9399995803833,4745460.0,8.851723670959473,0.0,0.0,RBVA11,01-10-2024
9.843000411987305,9.942000389099121,9.428999900817871,9.486000061035156,3906810.0,8.447428703308105,0.1,0.0,RBVA11,01-11-2024
9.26200008392334,9.26200008392334,8.060999870300293,8.899999618530273,4419640.0,8.006132125854492,0.09,0.0,RBVA11,01-12-2024
8.899999618530273,8.899999618530273,7.875999927520752,8.003000259399414,4807630.0,7.268179893493652,0.09,0.0,RBVA11,01-01-2025
7.9120001792907715,7.947999954223633,7.625,7.815000057220459,4426530.0,7.169947147369385,0.09,0.0,RBVA11,01-02-2025
7.815000057220459,8.425999641418457,7.63700008392334,8.305999755859375,5279160.0,7.707090854644775,0.09,0.0,RBVA11,01-03-2025
8.302000045776367,9.0,7.952000141143799,8.788000106811523,4117540.0,8.24933910369873,0.09,0.0,RBVA11,01-04-2025
8.788000106811523,8.880999565124512,8.529999732971191,8.760000228881836,5061864.0,8.313131332397461,0.09,10.0,RBVA11,01-05-2025
8.699999809265137,8.699999809265137,8.260000228881836,8.520000457763672,4015149.0,8.169036865234375,0.09,0.0,RBVA11,01-06-2025
8.470000267028809,8.59000015258789,8.210000038146973,8.449999809265137,6460571.0,8.18602180480957,0.09,0.0,RBVA11,01-07-2025
8.380000114440918,8.729999542236328,8.260000228881836,8.6899995803833,3688837.0,8.508401870727539,0.09,0.0,RBVA11,01-08-2025
8.5,9.40999984741211,8.5,9.390000343322754,4086369.0,9.292750358581543,0.09,0.0,RBVA11,01-09-2025
0.0,0.0,0.0,9.390000343322754,0.0,9.390000343322754,0.0,0.0,RBVA11,15-09-2025
176.99000549316406,177.0,168.41000366210938,171.47999572753906,99449.0,132.92361450195312,0.0,,RCRB11,01-10-2020
171.47999572753906,174.0,169.14999389648438,170.0,62783.0,131.7764129638672,0.0,,RCRB11,01-11-2020
171.0,171.97999572753906,164.1199951171875,166.1999969482422,87750.0,128.83078002929688,0.0,,RCRB11,01-12-2020
166.1999969482422,169.1999969482422,161.0,168.0,77237.0,130.22608947753906,0.0,,RCRB11,01-01-2021
168.02000427246094,168.9600067138672,155.0,158.5800018310547,66218.0,122.92416381835938,0.0,,RCRB11,01-02-2021
160.0,163.3000030517578,145.5500030517578,160.0800018310547,128846.0,124.08685302734375,0.0,,RCRB11,01-03-2021
160.0,165.5800018310547,149.44000244140625,157.35000610351562,110899.0,121.97071075439453,0.0,,RCRB11,01-04-2021
157.97999572753906,160.99000549316406,133.1300048828125,143.39999389648438,130481.0,111.15726470947266,0.0,,RCRB11,01-05-2021
143.41000366210938,154.57000732421875,132.3300018310547,139.0,108282.0,107.74656677246094,0.0,,RCRB11,01-06-2021
141.19000244140625,155.8000030517578,138.14999389648438,154.3000030517578,67629.0,119.60645294189453,0.0,,RCRB11,01-07-2021
154.99000549316406,154.99000549316406,135.02999877929688,142.0,70297.0,110.07207489013672,0.0,,RCRB11,01-08-2021
142.5,148.9499969482422,140.3000030517578,142.0,78800.0,110.07207489013672,0.0,,RCRB11,01-09-2021
142.44000244140625,150.25,141.0,145.7899932861328,101906.0,113.00990295410156,0.0,,RCRB11,01-10-2021
145.1999969482422,146.27000427246094,130.9499969482422,138.99000549316406,65764.0,107.73883819580078,0.0,,RCRB11,01-11-2021
138.99000549316406,144.92999267578125,137.02000427246094,139.2899932861328,63771.0,107.97136688232422,0.0,,RCRB11,01-12-2021
139.02000427246094,140.0,120.0,131.5,214121.0,101.93292999267578,0.0,,RCRB11,01-01-2022
132.0,134.4600067138672,124.0,127.5,77973.0,98.83229064941406,0.0,,RCRB11,01-02-2022
127.5,128.92999267578125,121.0999984741211,128.14999389648438,103591.0,99.33614349365234,0.0,,RCRB11,01-03-2022
127.41000366210938,135.0,123.0199966430664,127.0,86123.0,98.4447250366211,0.6,,RCRB11,01-04-2022
127.0,128.99000549316406,116.16999816894531,123.5199966430664,111065.0,96.1771011352539,0.6,,RCRB11,01-05-2022
124.19999694824219,140.9600067138672,122.0,126.18000030517578,90106.0,98.7206802368164,0.72,,RCRB11,01-06-2022
126.19999694824219,130.89999389648438,122.0,124.98999786376953,84066.0,98.33837890625,0.72,,RCRB11,01-07-2022
124.97000122070312,139.9600067138672,118.62999725341797,139.0,158530.0,109.98949432373047,0.72,,RCRB11,01-08-2022
138.0800018310547,149.89999389648438,133.35000610351562,146.97000122070312,117357.0,116.97615814208984,0.72,,RCRB11,01-09-2022
146.97000122070312,149.1999969482422,136.0,140.0,107417.0,112.01236724853516,0.72,,RCRB11,01-10-2022
139.89999389648438,145.0399932861328,126.01000213623047,127.52999877929688,64641.0,102.54618835449219,0.76,,RCRB11,01-11-2022
127.52999877929688,133.88999938964844,115.13999938964844,127.0999984741211,73114.0,102.77127838134766,0.76,,RCRB11,01-12-2022
127.0999984741211,132.0,117.0,118.66000366210938,83740.0,96.53311920166016,0.73,,RCRB11,01-01-2023
118.66000366210938,119.9000015258789,110.9000015258789,113.73999786376953,99459.0,93.10049438476562,0.73,,RCRB11,01-02-2023
113.73999786376953,119.0,107.55999755859375,108.79000091552734,75473.0,89.61605834960938,0.74,,RCRB11,01-03-2023
108.79000091552734,121.12999725341797,105.01000213623047,119.91999816894531,110702.0,99.425048828125,0.74,,RCRB11,01-04-2023
119.91999816894531,139.30999755859375,113.05000305175781,135.61000061035156,127288.0,113.2057113647461,0.74,,RCRB11,01-05-2023
136.0,146.13999938964844,125.5999984741211,143.77999877929688,96894.0,120.7786865234375,0.74,,RCRB11,01-06-2023
143.77000427246094,158.3000030517578,140.19000244140625,157.7899932861328,94948.0,133.28897094726562,0.75,,RCRB11,01-07-2023
157.97999572753906,157.97999572753906,147.5,151.0399932861328,140015.0,128.2391815185547,0.76,,RCRB11,01-08-2023
151.02999877929688,154.97999572753906,147.2100067138672,154.0,151850.0,131.42083740234375,0.77,,RCRB11,01-09-2023
153.91000366210938,154.0,148.25,150.0,100194.0,128.66139221191406,0.78,,RCRB11,01-10-2023
149.99000549316406,152.13999938964844,145.97999572753906,148.97999572753906,127587.0,128.43716430664062,0.79,,RCRB11,01-11-2023
149.0,168.0,147.52000427246094,161.0,268306.0,139.541015625,0.8,,RCRB11,01-12-2023
161.0,164.99000549316406,155.77000427246094,158.0,110654.0,137.67361450195312,0.93,,RCRB11,01-01-2024
159.97000122070312,164.97000122070312,158.1999969482422,160.3000030517578,118014.0,140.48922729492188,0.93,,RCRB11,01-02-2024
160.3000030517578,165.44000244140625,157.0500030517578,161.52999877929688,97748.0,142.37054443359375,0.93,,RCRB11,01-03-2024
161.7100067138672,162.50999450683594,154.0,159.19000244140625,162404.0,141.13360595703125,0.93,,RCRB11,01-04-2024
159.5399932861328,162.47000122070312,152.52000427246094,154.0,136939.0,137.3306121826172,0.93,,RCRB11,01-05-2024
156.14999389648438,157.07000732421875,138.0,146.6999969482422,80782.0,131.58702087402344,0.93,,RCRB11,01-06-2024
147.0,147.49000549316406,135.00999450683594,137.2899932861328,136654.0,123.89639282226562,0.99,,RCRB11,01-07-2024
137.2899932861328,142.38999938964844,130.6999969482422,132.61000061035156,98486.0,120.53141784667969,0.91,,RCRB11,01-08-2024
132.60000610351562,133.5,128.13999938964844,131.72999572753906,165408.0,120.53104400634766,0.91,,RCRB11,01-09-2024
131.91000366210938,134.0,127.8499984741211,134.0,192971.0,123.46112060546875,1.0,,RCRB11,01-10-2024
130.52000427246094,134.97999572753906,122.16000366210938,133.0,184080.0,123.48997497558594,1.05,,RCRB11,01-11-2024
131.0,131.0,110.01000213623047,125.56999969482422,130574.0,117.54253387451172,1.11,,RCRB11,01-12-2024
126.83000183105469,139.33999633789062,113.52999877929688,117.5,99624.0,111.05191040039062,0.85,,RCRB11,01-01-2025
115.4000015258789,121.91000366210938,112.0,116.0,95016.0,110.37737274169922,0.85,,RCRB11,01-02-2025
116.0,134.9600067138672,115.01000213623047,130.16000366210938,214529.0,124.76525115966797,0.85,,RCRB11,01-03-2025
130.39999389648438,136.0,119.12000274658203,136.0,246527.0,131.29318237304688,0.88,,RCRB11,01-04-2025
135.0,135.0,122.19999694824219,133.0,148178.0,129.32611083984375,0.88,,RCRB11,01-05-2025
129.19000244140625,137.5500030517578,123.58999633789062,135.0,122911.0,132.1875457763672,0.44,,RCRB11,01-06-2025
130.7899932861328,133.63999938964844,123.18000030517578,127.83999633789062,131026.0,125.60984802246094,0.45,,RCRB11,01-07-2025
127.0199966430664,131.39999389648438,119.73999786376953,131.19000244140625,190258.0,129.33251953125,0.92,,RCRB11,01-08-2025
129.3300018310547,130.25999450683594,124.55999755859375,126.16999816894531,190879.0,125.28520202636719,0.92,,RCRB11,01-09-2025
0.0,0.0,0.0,126.16999816894531,0.0,126.16999816894531,0.0,,RCRB11,15-09-2025
102.80302429199219,106.5658187866211,101.28593444824219,106.3961410522461,1529300.0,68.85074615478516,0.0,,RECR11,01-07-2021
106.34623718261719,106.89518737792969,100.80685424804688,105.4280014038086,1186286.0,68.22427368164062,0.0,,RECR11,01-08-2021
105.39805603027344,106.19652557373047,100.20800018310547,101.23603057861328,1435414.0,65.51155090332031,0.0,,RECR11,01-09-2021
101.59534454345703,101.80493927001953,99.00031280517578,99.1600112915039,1966557.0,64.16814422607422,0.0,,RECR11,01-10-2021
99.30972290039062,101.24600982666016,95.98609161376953,97.28359985351562,1219904.0,62.95387268066406,0.0,,RECR11,01-11-2021
97.28359985351562,100.70704650878906,96.33541870117188,99.78880310058594,1390820.0,64.57504272460938,0.0,,RECR11,01-12-2021
99.80876159667969,104.32012176513672,97.81259155273438,102.60340881347656,1349327.0,66.3964614868164,0.0,,RECR11,01-01-2022
102.60340881347656,103.7911376953125,97.37342834472656,99.30972290039062,1104568.0,64.26502990722656,0.0,,RECR11,01-02-2022
99.30972290039062,101.5055160522461,98.31163024902344,101.3857421875,1168493.0,65.60843658447266,0.0,,RECR11,01-03-2022
101.39572143554688,103.18230438232422,99.30972290039062,100.5,1173870.0,65.0352783203125,1.365384,,RECR11,01-04-2022
100.08999633789062,101.0,97.5999984741211,100.69999694824219,1214892.0,66.05143737792969,1.5024,,RECR11,01-05-2022
100.80999755859375,104.0,99.23999786376953,100.0,1226982.0,66.59256744384766,1.7205,,RECR11,01-06-2022
100.01000213623047,101.47000122070312,95.75,96.88999938964844,1208705.0,65.6285400390625,1.15,,RECR11,01-07-2022
96.76000213623047,97.41000366210938,90.19999694824219,93.27999877929688,1323793.0,63.91615295410156,1.0205,,RECR11,01-08-2022
93.33000183105469,95.30000305175781,88.01000213623047,89.3499984741211,1140201.0,61.877288818359375,0.8,,RECR11,01-09-2022
89.3499984741211,93.6500015258789,86.55000305175781,89.87999725341797,1322747.0,62.77861785888672,0.0,,RECR11,01-10-2022
89.97000122070312,92.87000274658203,85.12999725341797,85.69999694824219,1356290.0,59.8590087890625,0.4423,,RECR11,01-11-2022
85.7300033569336,87.95999908447266,84.0,87.77999877929688,1137979.0,61.613887786865234,0.735,,RECR11,01-12-2022
87.18000030517578,90.27999877929688,84.55999755859375,86.75,919609.0,61.40972137451172,0.9238,,RECR11,01-01-2023
86.7699966430664,88.18000030517578,82.73999786376953,84.4000015258789,816612.0,60.372833251953125,0.99,,RECR11,01-02-2023
84.4000015258789,85.9800033569336,76.05000305175781,77.25,1027111.0,55.890892028808594,0.91,,RECR11,01-03-2023
77.4000015258789,83.0,76.19999694824219,82.83999633789062,1089293.0,60.59408950805664,0.0,,RECR11,01-04-2023
82.83999633789062,89.87999725341797,81.81999969482422,87.02999877929688,1000797.0,63.65888595581055,1.0069,,RECR11,01-05-2023
87.3499984741211,89.56999969482422,84.30000305175781,89.29000091552734,1282191.0,66.1067886352539,1.2254,,RECR11,01-06-2023
89.29000091552734,93.4000015258789,85.5,88.08999633789062,903781.0,66.16016387939453,0.9079,,RECR11,01-07-2023
87.9800033569336,89.88999938964844,85.2699966430664,89.7300033569336,1002125.0,68.06359100341797,0.7132,,RECR11,01-08-2023
89.5999984741211,93.48999786376953,86.51000213623047,87.25,1957443.0,66.72041320800781,0.597,,RECR11,01-09-2023
87.25,87.66000366210938,83.31999969482422,84.83000183105469,649040.0,65.3051986694336,0.7493,,RECR11,01-10-2023
84.91999816894531,86.55000305175781,81.7699966430664,84.22000122070312,715952.0,65.39968872070312,0.7803,,RECR11,01-11-2023
84.22000122070312,88.12999725341797,82.18000030517578,87.9000015258789,657699.0,68.88085174560547,0.7755,,RECR11,01-12-2023
87.9000015258789,88.18000030517578,84.1500015258789,85.41000366210938,678938.0,67.54741668701172,0.0,,RECR11,01-01-2024
85.41000366210938,86.3499984741211,84.20999908447266,85.76000213623047,655484.0,67.82422637939453,0.81,,RECR11,01-02-2024
85.94000244140625,88.37999725341797,84.70999908447266,88.30000305175781,565865.0,70.49933624267578,0.88,,RECR11,01-03-2024
88.27999877929688,90.0,87.6500015258789,88.0999984741211,635636.0,71.05825805664062,0.94,,RECR11,01-04-2024
88.0999984741211,89.68000030517578,87.19999694824219,89.5,734170.0,72.94960021972656,1.29,,RECR11,01-05-2024
89.4000015258789,89.4000015258789,84.18000030517578,85.68000030517578,761949.0,70.85787200927734,0.76,,RECR11,01-06-2024
85.97000122070312,86.48999786376953,83.45999908447266,85.30000305175781,787295.0,71.16170501708984,0.81,,RECR11,01-07-2024
85.12000274658203,85.41000366210938,83.06999969482422,84.80000305175781,632759.0,71.4216079711914,0.85,,RECR11,01-08-2024
84.80000305175781,85.08000183105469,81.02999877929688,82.91000366210938,671761.0,70.53925323486328,0.75,,RECR11,01-09-2024
82.91000366210938,83.27999877929688,73.55000305175781,77.1500015258789,1021816.0,66.22706604003906,0.7128,,RECR11,01-10-2024
77.3499984741211,78.97000122070312,75.33000183105469,76.30000305175781,633168.0,66.09004211425781,1.0806,,RECR11,01-11-2024
76.0,76.4800033569336,64.44000244140625,74.54000091552734,947558.0,65.4632568359375,0.9614,,RECR11,01-12-2024
74.54000091552734,75.94000244140625,69.79000091552734,72.54000091552734,610992.0,64.56499481201172,1.0358,,RECR11,01-01-2025
72.54000091552734,77.0,70.30000305175781,76.19999694824219,570646.0,68.77214813232422,1.0271,,RECR11,01-02-2025
76.19999694824219,82.8499984741211,73.9000015258789,82.5,561905.0,75.52774047851562,0.9469,,RECR11,01-03-2025
82.5999984741211,84.9800033569336,78.56999969482422,84.47000122070312,608670.0,78.30897521972656,1.1504,,RECR11,01-04-2025
84.47000122070312,86.62000274658203,83.30000305175781,85.68000030517578,750346.0,80.56134796142578,1.3608,,RECR11,01-05-2025
85.69999694824219,86.0999984741211,79.9800033569336,86.0,733617.0,82.181640625,1.0543,,RECR11,01-06-2025
86.19999694824219,86.66999816894531,81.27999877929688,82.9800033569336,641590.0,80.28772735595703,1.0141,,RECR11,01-07-2025
83.5,84.30000305175781,80.41999816894531,81.9000015258789,732446.0,80.1896743774414,0.951,,RECR11,01-08-2025
82.05999755859375,82.5,78.30000305175781,79.70999908447266,429499.0,78.94725799560547,0.7815,,RECR11,01-09-2025
0.0,0.0,0.0,79.70999908447266,0.0,79.70999908447266,0.0,,RECR11,15-09-2025
10.15999984741211,10.168999671936035,9.251999855041504,9.449999809265137,528420.0,6.883299350738525,0.0,0.0,SARE11,01-10-2020
9.449999809265137,9.65999984741211,9.109000205993652,9.350000381469727,647710.0,6.810461521148682,0.0,0.0,SARE11,01-11-2020
9.357999801635742,9.824999809265137,9.0,9.6850004196167,636370.0,7.05447244644165,0.0,0.0,SARE11,01-12-2020
9.6850004196167,9.6850004196167,9.199999809265137,9.550000190734863,915600.0,6.956139087677002,0.0,0.0,SARE11,01-01-2021
9.45199966430664,9.98900032043457,9.45199966430664,9.968000411987305,1209520.0,7.260605335235596,0.0,0.0,SARE11,01-02-2021
10.298999786376953,10.298999786376953,9.300000190734863,9.739999771118164,1162010.0,7.094532012939453,0.0,0.0,SARE11,01-03-2021
9.699000358581543,10.100000381469727,9.26200008392334,10.095000267028809,1838390.0,7.353111267089844,0.0,0.0,SARE11,01-04-2021
10.057000160217285,10.425000190734863,9.746000289916992,10.109999656677246,1991310.0,7.364038944244385,0.0,0.0,SARE11,01-05-2021
10.12399959564209,10.331999778747559,9.300000190734863,9.850000381469727,2271960.0,7.174656391143799,0.0,0.0,SARE11,01-06-2021
9.699999809265137,9.79699993133545,9.100000381469727,9.310999870300293,1769670.0,6.7820539474487305,0.0,0.0,SARE11,01-07-2021
9.295000076293945,9.295000076293945,7.6529998779296875,8.595000267028809,3033900.0,6.260523319244385,0.0,0.0,SARE11,01-08-2021
8.593999862670898,8.657999992370605,7.0,7.64300012588501,2465330.0,5.567097187042236,0.0,0.0,SARE11,01-09-2021
7.506999969482422,7.99399995803833,7.376999855041504,7.5980000495910645,1707240.0,5.534317493438721,0.0,0.0,SARE11,01-10-2021
7.552999973297119,7.609000205993652,6.071000099182129,6.1620001792907715,2375740.0,4.488348960876465,0.0,0.0,SARE11,01-11-2021
6.150000095367432,7.1479997634887695,6.117000102996826,7.0970001220703125,2912170.0,5.169394493103027,0.0,0.0,SARE11,01-12-2021
7.197999954223633,7.339000225067139,6.809000015258789,7.224999904632568,3337150.0,5.262628555297852,0.0,0.0,SARE11,01-01-2022
7.1620001792907715,7.198999881744385,6.761000156402588,6.949999809265137,2441990.0,5.062321662902832,0.0,0.0,SARE11,01-02-2022
6.949999809265137,7.1579999923706055,6.802000045776367,7.034999847412109,3512230.0,5.124233722686768,0.0,0.0,SARE11,01-03-2022
7.021999835968018,7.688000202178955,6.900000095367432,7.688000202178955,3694510.0,5.5998735427856445,0.062,0.0,SARE11,01-04-2022
7.7179999351501465,7.735000133514404,7.150000095367432,7.3979997634887695,3199270.0,5.436553001403809,0.062,0.0,SARE11,01-05-2022
7.4120001792907715,7.5,6.724999904632568,6.741000175476074,3365160.0,4.994019985198975,0.062,0.0,SARE11,01-06-2022
6.755000114440918,7.099999904632568,6.75,7.050000190734863,2430010.0,5.267080783843994,0.07,0.0,SARE11,01-07-2022
7.190999984741211,8.095000267028809,6.828000068664551,8.020000457763672,4234940.0,6.054644584655762,0.065,0.0,SARE11,01-08-2022
8.050000190734863,8.050000190734863,7.25,7.489999771118164,4311580.0,5.707143306732178,0.065,0.0,SARE11,01-09-2022
7.533999919891357,7.900000095367432,7.413000106811523,7.739999771118164,3428260.0,5.94582462310791,0.065,0.0,SARE11,01-10-2022
7.699999809265137,7.724999904632568,6.704999923706055,6.890999794006348,3113280.0,5.339969635009766,0.064,0.0,SARE11,01-11-2022
6.889999866485596,6.998000144958496,6.579999923706055,6.789000034332275,3089610.0,5.30479097366333,0.064,0.0,SARE11,01-12-2022
6.729000091552734,6.75,5.9710001945495605,6.025000095367432,4861270.0,4.751951694488525,0.064,0.0,SARE11,01-01-2023
6.0,6.247000217437744,5.5279998779296875,6.098999977111816,4887000.0,4.856093883514404,0.064,0.0,SARE11,01-02-2023
6.048999786376953,6.066999912261963,5.5,5.579999923706055,5002940.0,4.490559101104736,0.063,0.0,SARE11,01-03-2023
5.550000190734863,5.986999988555908,5.494999885559082,5.89300012588501,4180930.0,4.7919487953186035,0.062,0.0,SARE11,01-04-2023
5.89300012588501,6.943999767303467,5.670000076293945,6.679999828338623,6243400.0,5.492938041687012,0.062,0.0,SARE11,01-05-2023
6.543000221252441,6.701000213623047,6.349999904632568,6.468999862670898,5107030.0,5.3759942054748535,0.06,0.0,SARE11,01-06-2023
6.425000190734863,6.508999824523926,6.0,6.080999851226807,4819270.0,5.0993523597717285,0.059,0.0,SARE11,01-07-2023
5.9629998207092285,6.000999927520752,5.474999904632568,5.567999839782715,7301400.0,4.712143421173096,0.05,0.0,SARE11,01-08-2023
5.519999980926514,5.5980000495910645,5.105000019073486,5.249000072479248,5830870.0,4.479002952575684,0.048,0.0,SARE11,01-09-2023
5.176000118255615,5.376999855041504,4.760000228881836,4.914999961853027,7489720.0,4.23046875,0.045,0.0,SARE11,01-10-2023
4.875999927520752,4.8979997634887695,4.689000129699707,4.76200008392334,4880350.0,4.134220600128174,0.045,0.0,SARE11,01-11-2023
4.714000225067139,4.98199987411499,4.61299991607666,4.928999900817871,4913280.0,4.318746089935303,0.045,0.0,SARE11,01-12-2023
4.928999900817871,4.928999900817871,4.676000118255615,4.679999828338623,6669980.0,4.139693260192871,0.045,0.0,SARE11,01-01-2024
4.599999904632568,4.678999900817871,4.426000118255615,4.440000057220459,6586620.0,3.9635887145996094,0.04,0.0,SARE11,01-02-2024
4.373000144958496,4.798999786376953,4.176000118255615,4.684999942779541,6760260.0,4.218353748321533,0.036,0.0,SARE11,01-03-2024
4.64900016784668,4.947999954223633,4.429999828338623,4.800000190734863,7551480.0,4.357227802276611,0.036,0.0,SARE11,01-04-2024
4.800000190734863,4.8979997634887695,4.474999904632568,4.75,4273210.0,4.345229148864746,0.036,0.0,SARE11,01-05-2024
4.676000118255615,4.801000118255615,4.150000095367432,4.150000095367432,4642120.0,3.8250465393066406,0.033,0.0,SARE11,01-06-2024
4.15500020980835,4.420000076293945,3.9590001106262207,4.11299991607666,6057000.0,3.817465305328369,0.03,0.0,SARE11,01-07-2024
3.990999937057495,4.173999786376953,3.984999895095825,4.054999828338623,3537860.0,3.791037082672119,0.025,0.0,SARE11,01-08-2024
3.946000099182129,4.0980000495910645,3.8359999656677246,4.0,4870300.0,3.7624869346618652,0.02,0.0,SARE11,01-09-2024
3.875999927520752,4.010000228881836,3.759999990463257,3.9800000190734863,5265785.0,3.76223087310791,0.02,10.0,SARE11,01-10-2024
3.9700000286102295,3.9800000190734863,3.5,3.690000057220459,3556674.0,3.505626678466797,0.02,10.0,SARE11,01-11-2024
3.619999885559082,3.7200000286102295,3.3499999046325684,3.6600000858306885,5200800.0,3.4946868419647217,0.02,0.0,SARE11,01-12-2024
3.619999885559082,3.7200000286102295,3.4000000953674316,3.700000047683716,3319495.0,3.5521328449249268,0.02,0.0,SARE11,01-01-2025
3.6600000858306885,3.950000047683716,3.640000104904175,3.8399999141693115,2090450.0,3.7067935466766357,0.023,0.0,SARE11,01-02-2025
3.8399999141693115,5.019999980926514,3.7899999618530273,4.619999885559082,10818630.0,4.487631797790527,0.026,0.0,SARE11,01-03-2025
4.570000171661377,4.900000095367432,4.199999809265137,4.75,3861651.0,4.645360469818115,0.026,0.0,SARE11,01-04-2025
4.75,4.78000020980835,4.570000171661377,4.730000019073486,3121966.0,4.651980876922607,0.026,0.0,SARE11,01-05-2025
4.710000038146973,4.809999942779541,4.559999942779541,4.630000114440918,4193973.0,4.57869291305542,0.026,0.0,SARE11,01-06-2025
4.610000133514404,4.71999979019165,4.46999979019165,4.71999979019165,2141256.0,4.6934943199157715,0.026,0.0,SARE11,01-07-2025
4.619999885559082,4.789999961853027,4.449999809265137,4.789999961853027,1657675.0,4.789999961853027,0.0,0.0,SARE11,01-08-2025
4.690000057220459,4.730000019073486,4.559999942779541,4.679999828338623,648351.0,4.679999828338623,0.0,0.0,SARE11,01-09-2025
0.0,0.0,0.0,4.679999828338623,0.0,4.679999828338623,0.0,0.0,SARE11,15-09-2025
90.69999694824219,91.66000366210938,87.01000213623047,88.3499984741211,76121.0,62.005126953125,0.0,,TEPP11,01-10-2020
88.3499984741211,92.0,85.69000244140625,88.9000015258789,91802.0,62.391143798828125,0.0,,TEPP11,01-11-2020
88.30000305175781,94.1500015258789,85.05999755859375,91.77999877929688,215003.0,64.4123764038086,0.0,,TEPP11,01-12-2020
91.77999877929688,91.77999877929688,87.93000030517578,90.41000366210938,161709.0,63.450889587402344,0.0,,TEPP11,01-01-2021
89.0,92.69999694824219,86.5,88.44000244140625,109265.0,62.06831741333008,0.0,,TEPP11,01-02-2021
87.98999786376953,87.98999786376953,80.0,85.9000015258789,147629.0,60.28569793701172,0.0,,TEPP11,01-03-2021
85.69999694824219,85.69999694824219,78.83999633789062,84.08999633789062,98076.0,59.015411376953125,0.0,,TEPP11,01-04-2021
84.83000183105469,84.83000183105469,77.0,79.33999633789062,116842.0,55.681800842285156,0.0,,TEPP11,01-05-2021
79.25,79.25,73.5,78.4000015258789,138418.0,55.02212142944336,0.0,,TEPP11,01-06-2021
77.79000091552734,83.29000091552734,74.76000213623047,81.55999755859375,233686.0,57.23984909057617,0.0,,TEPP11,01-07-2021
79.22000122070312,81.37000274658203,71.37000274658203,72.55999755859375,107096.0,50.92350769042969,0.0,,TEPP11,01-08-2021
73.62999725341797,76.9800033569336,71.05999755859375,74.0,81247.0,51.93415069580078,0.0,,TEPP11,01-09-2021
74.41000366210938,76.81999969482422,70.01000213623047,70.12999725341797,99239.0,49.218116760253906,0.0,,TEPP11,01-10-2021
71.66000366210938,73.02999877929688,63.400001525878906,65.97000122070312,68480.0,46.298583984375,0.0,,TEPP11,01-11-2021
68.0,75.8499984741211,65.04000091552734,75.11000061035156,49018.0,52.713138580322266,0.0,,TEPP11,01-12-2021
76.5,76.5,70.69999694824219,73.45999908447266,41805.0,51.5551643371582,0.0,,TEPP11,01-01-2022
73.0,73.9800033569336,68.51000213623047,71.4800033569336,108795.0,50.16557312011719,0.0,,TEPP11,01-02-2022
71.4800033569336,72.4800033569336,65.5,71.0,76655.0,49.82870101928711,0.0,,TEPP11,01-03-2022
71.36000061035156,71.66999816894531,68.0,70.44999694824219,38780.0,49.44269943237305,0.0,,TEPP11,01-04-2022
69.94000244140625,70.08000183105469,66.01000213623047,68.51000213623047,71330.0,48.08119201660156,0.49,,TEPP11,01-05-2022
68.5999984741211,74.25,68.01000213623047,68.43000030517578,205753.0,48.36140441894531,0.5,,TEPP11,01-06-2022
68.5,72.70999908447266,67.61000061035156,72.02999877929688,70150.0,51.27987289428711,0.5,,TEPP11,01-07-2022
71.80000305175781,83.0,69.0199966430664,82.55999755859375,269500.0,59.20905685424805,0.49,,TEPP11,01-08-2022
83.01000213623047,84.9000015258789,78.9000015258789,84.81999969482422,201344.0,61.24649429321289,0.49,,TEPP11,01-09-2022
83.16000366210938,86.30000305175781,79.25,82.1500015258789,132899.0,59.67271423339844,0.49,,TEPP11,01-10-2022
81.6500015258789,84.0,71.19000244140625,75.0999984741211,122348.0,54.86865234375,0.5,,TEPP11,01-11-2022
74.5999984741211,77.48999786376953,64.51000213623047,67.01000213623047,119168.0,49.25783920288086,0.5,,TEPP11,01-12-2022
68.44999694824219,75.68000030517578,65.68000030517578,68.98999786376953,141947.0,51.05319595336914,0.51,,TEPP11,01-01-2023
69.8499984741211,71.4000015258789,65.0,67.0,174312.0,49.96082305908203,0.49,,TEPP11,01-02-2023
67.0,70.08999633789062,64.5,66.4000015258789,227358.0,49.86759948730469,0.5,,TEPP11,01-03-2023
65.87999725341797,74.80000305175781,65.75,73.4000015258789,100835.0,55.53920364379883,0.51,,TEPP11,01-04-2023
73.4000015258789,83.0,69.0,80.80999755859375,250989.0,61.61935806274414,0.52,,TEPP11,01-05-2023
80.5,87.9000015258789,76.5,87.9000015258789,300109.0,67.50387573242188,0.55,,TEPP11,01-06-2023
87.05000305175781,88.5,82.18000030517578,88.44999694824219,180758.0,68.39173889160156,0.81,,TEPP11,01-07-2023
90.0,91.80000305175781,86.0,88.8499984741211,327261.0,69.3399887084961,0.58,,TEPP11,01-08-2023
88.2699966430664,92.11000061035156,85.80000305175781,91.9800033569336,343591.0,72.25650787353516,0.58,,TEPP11,01-09-2023
91.4000015258789,95.0,87.0,90.22000122070312,276037.0,71.33961486816406,0.58,,TEPP11,01-10-2023
90.1500015258789,93.52999877929688,86.88999938964844,93.2300033569336,290562.0,74.18750762939453,0.64,,TEPP11,01-11-2023
91.98999786376953,95.0,87.16999816894531,92.30000305175781,346736.0,73.97220611572266,0.64,,TEPP11,01-12-2023
92.30000305175781,94.98999786376953,91.0,93.01000213623047,142360.0,75.05645751953125,0.9,,TEPP11,01-01-2024
92.94999694824219,97.08000183105469,92.0,93.33999633789062,623497.0,76.06446075439453,0.64,,TEPP11,01-02-2024
92.69999694824219,97.61000061035156,92.0,97.61000061035156,363097.0,80.09529113769531,0.64,,TEPP11,01-03-2024
96.61000061035156,97.61000061035156,93.23999786376953,95.11000061035156,320034.0,78.58269500732422,1.0,,TEPP11,01-04-2024
95.11000061035156,98.4800033569336,94.20999908447266,95.4800033569336,277344.0,79.70497131347656,1.05,,TEPP11,01-05-2024
94.5999984741211,95.23999786376953,90.93000030517578,92.0,262801.0,77.6572494506836,1.18,,TEPP11,01-06-2024
91.48999786376953,92.25,90.05000305175781,90.66000366210938,346435.0,77.48375701904297,1.18,,TEPP11,01-07-2024
89.29000091552734,90.19000244140625,87.5,89.55000305175781,339907.0,77.52948760986328,0.78,,TEPP11,01-08-2024
89.0,89.63999938964844,86.5,87.6500015258789,160731.0,76.54303741455078,0.78,,TEPP11,01-09-2024
87.0199966430664,88.83999633789062,84.0,87.5199966430664,284101.0,77.1010971069336,0.78,,TEPP11,01-10-2024
87.58000183105469,88.19999694824219,82.61000061035156,82.80000305175781,198330.0,73.59794616699219,0.78,,TEPP11,01-11-2024
82.80999755859375,83.5,71.33999633789062,80.29000091552734,196864.0,72.00865173339844,0.78,,TEPP11,01-12-2024
78.69999694824219,83.3499984741211,72.5,75.58000183105469,125378.0,68.42908477783203,0.78,,TEPP11,01-01-2025
75.80000305175781,82.20999908447266,73.63999938964844,80.54000091552734,164953.0,73.63514709472656,0.8,,TEPP11,01-02-2025
80.54000091552734,84.25,78.0,84.25,89401.0,77.85110473632812,0.95,,TEPP11,01-03-2025
83.0199966430664,88.4800033569336,80.01000213623047,88.47000122070312,101365.0,82.72639465332031,0.95,,TEPP11,01-04-2025
89.0,89.0,82.05999755859375,83.5999984741211,171105.0,79.06407928466797,0.95,,TEPP11,01-05-2025
82.6500015258789,84.91000366210938,80.5999984741211,84.45999908447266,102164.0,80.74446105957031,0.95,,TEPP11,01-06-2025
82.0,83.54000091552734,79.19999694824219,82.37000274658203,152048.0,79.65154266357422,1.1,,TEPP11,01-07-2025
80.0999984741211,81.0,78.04000091552734,79.75,231081.0,78.13563537597656,0.911547,,TEPP11,01-08-2025
79.0,81.02999877929688,78.5,81.0199966430664,119532.0,80.2682113647461,0.74,,TEPP11,01-09-2025
0.0,0.0,0.0,81.0199966430664,0.0,81.0199966430664,0.0,,TEPP11,15-09-2025
97.0,102.45999908447266,95.91000366210938,98.9800033569336,273183.0,78.89344024658203,0.83,,TRBL11,01-07-2023
98.0,101.4000015258789,96.04000091552734,101.19999694824219,204248.0,81.35907745361328,0.75,,TRBL11,01-08-2023
100.44999694824219,101.19999694824219,96.69999694824219,99.08000183105469,180827.0,80.26289367675781,0.72,,TRBL11,01-09-2023
98.94000244140625,100.19999694824219,96.80999755859375,98.5999984741211,164435.0,80.44639587402344,0.0,,TRBL11,01-10-2023
97.87999725341797,98.9800033569336,96.3499984741211,97.20999908447266,152965.0,79.31231689453125,0.72,,TRBL11,01-11-2023
96.30000305175781,98.9800033569336,95.70999908447266,97.69999694824219,143672.0,80.2984619140625,0.72,,TRBL11,01-12-2023
97.72000122070312,100.06999969482422,96.11000061035156,99.86000061035156,165774.0,82.68617248535156,0.72,,TRBL11,01-01-2024
99.69000244140625,100.98999786376953,98.0199966430664,100.12000274658203,125847.0,83.5169448852539,0.85,,TRBL11,01-02-2024
99.95999908447266,102.5199966430664,98.88999938964844,100.13999938964844,195278.0,84.25074768066406,0.85,,TRBL11,01-03-2024
100.0,102.88999938964844,99.01000213623047,100.91999816894531,210698.0,85.63400268554688,0.85,,TRBL11,01-04-2024
100.06999969482422,105.01000213623047,98.75,101.5999984741211,222194.0,86.94902801513672,0.85,,TRBL11,01-05-2024
101.58999633789062,102.45999908447266,95.86000061035156,99.94999694824219,165485.0,86.26353454589844,0.85,,TRBL11,01-06-2024
99.5,100.9000015258789,95.5,99.33999633789062,196819.0,86.46039581298828,0.85,,TRBL11,01-07-2024
99.87000274658203,99.87000274658203,95.58999633789062,97.0,208157.0,85.14790344238281,0.85,,TRBL11,01-08-2024
96.79000091552734,96.94999694824219,90.0199966430664,93.31999969482422,207251.0,82.62451934814453,0.85,,TRBL11,01-09-2024
92.47000122070312,92.47000122070312,65.45999908447266,70.86000061035156,612331.0,63.29330062866211,0.85,,TRBL11,01-10-2024
66.0,79.38999938964844,62.310001373291016,71.0999984741211,500129.0,64.09146118164062,0.62,,TRBL11,01-11-2024
70.4800033569336,71.0999984741211,55.400001525878906,69.44000244140625,435861.0,63.147613525390625,0.62,,TRBL11,01-12-2024
68.05000305175781,72.98999786376953,60.400001525878906,62.27000045776367,221970.0,57.12547302246094,0.62,,TRBL11,01-01-2025
61.0,63.38999938964844,57.790000915527344,62.0,201327.0,57.39018630981445,0.62,,TRBL11,01-02-2025
61.380001068115234,69.69000244140625,61.099998474121094,63.599998474121094,153335.0,59.463279724121094,0.62,,TRBL11,01-03-2025
62.959999084472656,65.2300033569336,59.709999084472656,65.0,144831.0,61.38608169555664,0.58,,TRBL11,01-04-2025
64.97000122070312,65.44999694824219,60.0,65.30000305175781,161334.0,62.23698043823242,0.58,,TRBL11,01-05-2025
64.22000122070312,64.2300033569336,59.22999954223633,60.13999938964844,139828.0,57.835079193115234,0.58,,TRBL11,01-06-2025
60.0,60.099998474121094,53.33000183105469,54.0,255310.0,52.39578628540039,0.56,,TRBL11,01-07-2025
53.91999816894531,62.970001220703125,51.5,62.61000061035156,185553.0,61.32100296020508,0.6,,TRBL11,01-08-2025
61.61000061035156,61.61000061035156,57.88999938964844,60.9900016784668,358711.0,60.4055290222168,0.6,,TRBL11,01-09-2025
0.0,0.0,0.0,60.9900016784668,0.0,60.9900016784668,0.0,,TRBL11,15-09-2025
99.2449951171875,99.8878402709961,94.1714859008789,98.84939575195312,381794.0,67.03089904785156,0.0,,TRXF11,01-10-2020
98.84939575195312,105.3272705078125,98.30545806884766,100.32299041748047,352800.0,68.03018188476562,0.0,,TRXF11,01-11-2020
99.9076156616211,100.77792358398438,99.05709075927734,100.77792358398438,803341.0,68.33867645263672,0.0,,TRXF11,01-12-2020
100.77792358398438,105.72286987304688,99.84827423095703,105.4261703491211,442108.0,71.49069213867188,0.0,,TRXF11,01-01-2021
105.43606567382812,113.6743392944336,103.34929656982422,110.65792083740234,544519.0,75.03838348388672,0.0,,TRXF11,01-02-2021
110.56891632080078,110.7172622680664,104.83277893066406,106.3162612915039,606474.0,72.09427642822266,0.0,,TRXF11,01-03-2021
106.27670288085938,106.3162612915039,102.85480499267578,106.3162612915039,475201.0,72.09427642822266,0.0,,TRXF11,01-04-2021
106.26681518554688,108.67994689941406,103.40863800048828,104.3185043334961,657634.0,70.73957824707031,0.0,,TRXF11,01-05-2021
104.46685028076172,105.53495788574219,98.92852020263672,102.36030578613281,695603.0,69.41171264648438,0.0,,TRXF11,01-06-2021
102.34053039550781,104.81300354003906,97.89008331298828,102.1130599975586,689475.0,69.2440185546875,0.0,,TRXF11,01-07-2021
101.86581420898438,101.86581420898438,99.40323638916016,100.92627716064453,389343.0,68.43927001953125,0.0,,TRXF11,01-08-2021
100.4614486694336,101.85592651367188,99.10653686523438,100.42189025878906,353802.0,68.09723663330078,0.0,,TRXF11,01-09-2021
100.57023620605469,100.97572326660156,98.6021499633789,98.89884948730469,574745.0,67.06446075439453,0.0,,TRXF11,01-10-2021
99.29444122314453,99.29444122314453,92.76712036132812,96.67362213134766,514269.0,65.55548858642578,0.0,,TRXF11,01-11-2021
95.88243103027344,102.50865936279297,92.96492004394531,99.95706939697266,639550.0,67.78205871582031,0.0,,TRXF11,01-12-2021
99.39334106445312,100.83726501464844,97.94941711425781,99.8878402709961,248161.0,67.7350845336914,0.0,,TRXF11,01-01-2022
98.89884948730469,100.3526611328125,97.5933837890625,99.72959899902344,361839.0,67.62776947021484,0.0,,TRXF11,01-02-2022
99.72959899902344,99.72959899902344,96.25824737548828,99.22521209716797,310712.0,67.28572845458984,0.0,,TRXF11,01-03-2022
97.4747085571289,99.12631225585938,96.32747650146484,98.81973266601562,464913.0,67.01078796386719,0.785354,,TRXF11,01-04-2022
98.43402099609375,98.7999496459961,95.95166015625,97.7120590209961,472334.0,66.7883071899414,0.785354,,TRXF11,01-05-2022
97.76151275634766,97.95519256591797,96.43626403808594,97.34173583984375,354885.0,67.06817626953125,0.834439,,TRXF11,01-06-2022
97.35163116455078,103.37735748291016,96.47102355957031,102.1108627319336,447554.0,70.96009063720703,1.031255,,TRXF11,01-07-2022
101.2104721069336,109.5712890625,98.96442413330078,108.91825866699219,763415.0,76.501220703125,0.834825,,TRXF11,01-08-2022
109.18540954589844,113.90506744384766,107.82986450195312,113.90506744384766,753442.0,80.66328430175781,0.834825,,TRXF11,01-09-2022
113.8852767944336,113.8852767944336,106.8602066040039,109.02500915527344,664177.0,77.80377960205078,0.805361,,TRXF11,01-10-2022
108.32740783691406,109.47346496582031,102.64694213867188,104.66998291015625,550080.0,75.2277603149414,0.840838,,TRXF11,01-11-2022
103.8228988647461,105.13837432861328,100.69366455078125,104.7895736694336,515802.0,75.89909362792969,0.840838,,TRXF11,01-12-2022
104.64009094238281,105.61672973632812,101.74006652832031,104.4407730102539,576862.0,76.25906372070312,1.187065,,TRXF11,01-01-2023
103.99231719970703,104.29129028320312,102.18852233886719,103.54386138916016,505128.0,76.47041320800781,0.840838,,TRXF11,01-02-2023
103.54386138916016,104.63011932373047,100.47441864013672,102.12872314453125,590921.0,76.03746795654297,0.840838,,TRXF11,01-03-2023
102.12872314453125,105.32772064208984,100.65380096435547,104.38807678222656,754119.0,78.35589599609375,0.840838,,TRXF11,01-04-2023
104.38807678222656,104.38807678222656,102.01471710205078,104.03905487060547,940405.0,78.74222564697266,0.841377,,TRXF11,01-05-2023
103.02189636230469,110.6904525756836,102.5232925415039,110.18187713623047,1081817.0,84.06903839111328,0.841377,,TRXF11,01-06-2023
108.755859375,114.28041076660156,107.4694595336914,112.53529357910156,947401.0,86.56475830078125,0.890869,,TRXF11,01-07-2023
112.88431549072266,113.68208312988281,106.98082733154297,113.4826431274414,1229399.0,88.00502014160156,0.890869,,TRXF11,01-08-2023
112.30593872070312,113.68208312988281,110.8001480102539,112.38571166992188,1621876.0,87.84981536865234,0.890869,,TRXF11,01-09-2023
111.48822021484375,111.93696594238281,107.0999984741211,107.91999816894531,1070364.0,85.02655792236328,0.890869,,TRXF11,01-10-2023
107.4000015258789,109.48999786376953,107.0,108.72000122070312,814052.0,86.34124755859375,0.893361,,TRXF11,01-11-2023
107.8499984741211,112.0,106.94999694824219,111.75,1576260.0,89.48833465576172,0.893361,,TRXF11,01-12-2023
111.75,113.25,110.04000091552734,111.54000091552734,2444057.0,90.06021118164062,1.687459,,TRXF11,01-01-2024
111.01000213623047,114.80999755859375,110.63999938964844,114.0199966430664,1669691.0,93.47410583496094,0.893361,,TRXF11,01-02-2024
113.12000274658203,113.8499984741211,109.82151794433594,111.9000015258789,1826148.0,92.47679901123047,0.893361,,TRXF11,01-03-2024
111.80000305175781,113.36000061035156,110.1500015258789,110.5199966430664,1771755.0,92.0576171875,0.895545,,TRXF11,01-04-2024
110.5199966430664,110.5199966430664,108.5,108.9000015258789,1548075.0,91.4400405883789,0.895545,,TRXF11,01-05-2024
108.62999725341797,108.69000244140625,104.19000244140625,105.19999694824219,1501381.0,89.05486297607422,0.895545,,TRXF11,01-06-2024
104.44999694824219,108.25,103.80000305175781,107.0199966430664,2242105.0,91.34674072265625,1.044802,,TRXF11,01-07-2024
106.97000122070312,107.0,104.88999938964844,106.16000366210938,1514618.0,91.52166748046875,0.925396,,TRXF11,01-08-2024
105.30000305175781,106.0,104.8499984741211,105.68000030517578,1313798.0,91.90252685546875,0.925396,,TRXF11,01-09-2024
104.94999694824219,105.41999816894531,99.54000091552734,100.97000122070312,1410414.0,88.57870483398438,0.925396,,TRXF11,01-10-2024
100.0999984741211,103.94999694824219,99.6500015258789,102.80000305175781,1068116.0,90.98079681396484,0.925396,,TRXF11,01-11-2024
101.87000274658203,102.94000244140625,93.0,102.94000244140625,1453026.0,91.9474105834961,0.925396,,TRXF11,01-12-2024
102.94000244140625,102.94000244140625,96.7300033569336,100.5199966430664,1026414.0,90.60140991210938,2.487624,,TRXF11,01-01-2025
99.58999633789062,102.98999786376953,97.30000305175781,102.5,806715.0,94.67391204833984,0.925396,,TRXF11,01-02-2025
102.5,105.62999725341797,99.47000122070312,100.7699966430664,1396836.0,93.94083404541016,0.925396,,TRXF11,01-03-2025
99.86000061035156,104.83999633789062,98.0,103.6642837524414,1393656.0,97.51940155029297,0.925396,,TRXF11,01-04-2025
103.6642837524414,104.43047332763672,100.73883819580078,102.18000030517578,1180410.0,97.01399993896484,0.925396,,TRXF11,01-05-2025
101.69999694824219,103.44999694824219,100.0,102.6500015258789,1339215.0,98.33809661865234,0.93,,TRXF11,01-06-2025
101.13999938964844,101.83999633789062,98.29000091552734,99.69000244140625,1966971.0,96.379638671875,1.51,,TRXF11,01-07-2025
98.80000305175781,99.33000183105469,96.48999786376953,97.55999755859375,1697758.0,95.72854614257812,0.93,,TRXF11,01-08-2025
97.52999877929688,97.7699966430664,96.9000015258789,97.4000015258789,1075692.0,96.47152709960938,0.93,,TRXF11,01-09-2025
0.0,0.0,0.0,97.4000015258789,0.0,97.4000015258789,0.0,,TRXF11,15-09-2025
95.30000305175781,95.7300033569336,86.20999908447266,92.5999984741211,333553.0,73.6286849975586,0.0,,TVRI11,01-10-2023
91.69999694824219,94.83999633789062,90.36000061035156,94.3499984741211,214472.0,75.02017211914062,0.91,,TVRI11,01-11-2023
93.51000213623047,97.97000122070312,92.5,97.83999633789062,201251.0,78.56724548339844,0.91,,TVRI11,01-12-2023
97.6500015258789,105.5,96.48999786376953,104.70999908447266,359939.0,84.90287780761719,0.91,,TVRI11,01-01-2024
104.0,105.19999694824219,100.37000274658203,103.5199966430664,226183.0,84.72599029541016,0.97,,TVRI11,01-02-2024
102.52999877929688,107.48999786376953,101.62000274658203,106.88999938964844,174037.0,88.30216979980469,0.97,,TVRI11,01-03-2024
105.97000122070312,107.0,102.97000122070312,103.83999633789062,223186.0,86.59395599365234,0.97,,TVRI11,01-04-2024
101.25,104.69999694824219,99.30000305175781,104.0,119417.0,87.5216293334961,0.97,,TVRI11,01-05-2024
102.02999877929688,105.16999816894531,100.55999755859375,103.75,0.0,87.31124114990234,0.97,,TVRI11,01-06-2024
102.97000122070312,103.9800033569336,98.98999786376953,102.95999908447266,0.0,87.462158203125,0.97,,TVRI11,01-07-2024
101.55000305175781,104.4000015258789,101.26000213623047,103.56999969482422,0.0,88.8106460571289,0.98,,TVRI11,01-08-2024
102.5,103.23999786376953,98.5,99.9800033569336,0.0,86.55613708496094,0.98,,TVRI11,01-09-2024
99.0,99.41999816894531,93.01000213623047,94.86000061035156,0.0,82.9080581665039,0.98,,TVRI11,01-10-2024
93.87999725341797,95.69999694824219,88.02999877929688,90.0,0.0,79.43904876708984,0.98,,TVRI11,01-11-2024
90.19999694824219,90.44999694824219,80.30999755859375,87.19999694824219,0.0,77.77108001708984,0.98,,TVRI11,01-12-2024
85.44999694824219,88.58999633789062,82.9000015258789,84.44999694824219,0.0,76.14759063720703,0.98,,TVRI11,01-01-2025
83.77999877929688,88.44000244140625,81.0,87.5,0.0,79.79450988769531,1.03,,TVRI11,01-02-2025
86.47000122070312,92.95999908447266,85.55000305175781,90.45999908447266,0.0,83.51240539550781,1.03,,TVRI11,01-03-2025
89.43000030517578,89.73999786376953,85.01000213623047,89.4800033569336,0.0,83.59168243408203,1.03,,TVRI11,01-04-2025
88.44999694824219,92.69999694824219,86.80000305175781,92.44000244140625,0.0,87.35150146484375,1.03,,TVRI11,01-05-2025
91.30000305175781,95.9800033569336,89.68000030517578,94.18000030517578,0.0,90.03206634521484,1.03,,TVRI11,01-06-2025
93.91000366210938,95.41999816894531,90.2300033569336,92.13999938964844,0.0,89.07442474365234,1.03,,TVRI11,01-07-2025
92.01000213623047,93.47000122070312,89.69999694824219,92.80000305175781,0.0,90.70445251464844,1.05,,TVRI11,01-08-2025
92.0,92.7699966430664,90.0199966430664,91.80000305175781,0.0,90.76132202148438,1.05,,TVRI11,01-09-2025
0.0,0.0,0.0,91.80000305175781,0.0,91.80000305175781,0.0,,TVRI11,15-09-2025
114.9000015258789,136.99000549316406,110.02999877929688,132.8000030517578,61517.0,58.14373779296875,2.15,,URPR11,01-10-2020
126.05999755859375,140.0,124.0,140.0,73527.0,62.48494338989258,3.24,,URPR11,01-11-2020
136.99000549316406,136.99000549316406,125.01000213623047,131.9600067138672,63801.0,60.36941146850586,2.036683,,URPR11,01-12-2020
129.89999389648438,132.99000549316406,124.91999816894531,132.0500030517578,142128.0,61.302391052246094,2.01,,URPR11,01-01-2021
129.86000061035156,146.47999572753906,122.30000305175781,128.10000610351562,199337.0,60.388511657714844,2.25,,URPR11,01-02-2021
125.0,132.86000061035156,123.01000213623047,132.86000061035156,197015.0,63.7181282043457,2.09,,URPR11,01-03-2021
129.0,133.0,125.75,130.33999633789062,336156.0,63.54634475708008,2.87,,URPR11,01-04-2021
124.98999786376953,127.48999786376953,119.98999786376953,125.80000305175781,193535.0,62.687068939208984,1.185,,URPR11,01-05-2021
124.9000015258789,129.97999572753906,123.91000366210938,127.0999984741211,276747.0,63.91596984863281,2.06,,URPR11,01-06-2021
126.55000305175781,138.3800048828125,122.0,125.80000305175781,783484.0,64.31538391113281,2.4,,URPR11,01-07-2021
121.76000213623047,121.7699966430664,107.5,119.11000061035156,517140.0,62.067142486572266,1.48,,URPR11,01-08-2021
118.51000213623047,122.8499984741211,115.51000213623047,122.69999694824219,480531.0,64.69898223876953,2.01,,URPR11,01-09-2021
120.52999877929688,121.0,114.6500015258789,119.69999694824219,727555.0,64.20048522949219,2.17,,URPR11,01-10-2021
116.36000061035156,116.91000366210938,101.80000305175781,104.80999755859375,530323.0,57.22637176513672,1.37,,URPR11,01-11-2021
103.0199966430664,116.69000244140625,102.0,115.37000274658203,843136.0,63.72149658203125,1.869,,URPR11,01-12-2021
111.9800033569336,123.91000366210938,108.70999908447266,120.45999908447266,582576.0,67.74076843261719,1.67,,URPR11,01-01-2022
117.80000305175781,118.80000305175781,112.69999694824219,117.0999984741211,636485.0,66.81848907470703,1.63,,URPR11,01-02-2022
115.5999984741211,117.9800033569336,114.5,117.8499984741211,633029.0,68.16886138916016,1.635,,URPR11,01-03-2022
116.25,116.47000122070312,104.91000366210938,107.0,1175783.0,62.76923751831055,1.65,,URPR11,01-04-2022
105.4000015258789,113.16000366210938,104.0199966430664,111.2300033569336,904870.0,66.17720031738281,1.84,,URPR11,01-05-2022
109.22000122070312,115.5,108.30000305175781,112.0,830025.0,67.80123901367188,2.01,,URPR11,01-06-2022
109.27999877929688,109.27999877929688,106.0999984741211,108.55000305175781,1063228.0,66.92204284667969,1.85,,URPR11,01-07-2022
104.0,105.5,100.38999938964844,103.63999938964844,985293.0,64.96812438964844,1.2,,URPR11,01-08-2022
103.48999786376953,103.48999786376953,102.52999877929688,103.0999984741211,930484.0,65.35209655761719,1.62,,URPR11,01-09-2022
101.9000015258789,102.87000274658203,100.91999816894531,102.69000244140625,692961.0,66.12578582763672,1.31,,URPR11,01-10-2022
101.56999969482422,102.02999877929688,98.0,100.0,742714.0,65.22232055664062,1.13,,URPR11,01-11-2022
98.98999786376953,101.48999786376953,95.22000122070312,101.0999984741211,553778.0,66.6734619140625,1.11,,URPR11,01-12-2022
99.88999938964844,101.9000015258789,98.0,101.0999984741211,493815.0,67.4218521118164,1.21,,URPR11,01-01-2023
99.5,100.05000305175781,98.5,99.18000030517578,461587.0,66.94261169433594,1.25,,URPR11,01-02-2023
98.4000015258789,98.4000015258789,90.5,93.80000305175781,805711.0,64.10391235351562,1.3,,URPR11,01-03-2023
92.12999725341797,93.0,87.19999694824219,93.0,520868.0,64.40132141113281,1.33,,URPR11,01-04-2023
90.6500015258789,97.48999786376953,89.02999877929688,97.38999938964844,523140.0,68.4113540649414,1.32,,URPR11,01-05-2023
95.31999969482422,98.47000122070312,93.25,98.16999816894531,538666.0,69.95210266113281,1.33,,URPR11,01-06-2023
96.83000183105469,100.98999786376953,96.04000091552734,100.7300033569336,455891.0,72.77006530761719,1.34,,URPR11,01-07-2023
98.7300033569336,99.4800033569336,95.19999694824219,97.6500015258789,451851.0,71.52125549316406,1.13,,URPR11,01-08-2023
96.48999786376953,96.97000122070312,92.02999877929688,93.75,563124.0,69.4438247680664,1.16,,URPR11,01-09-2023
92.5,92.9800033569336,87.44999694824219,89.86000061035156,625893.0,67.36255645751953,0.0,,URPR11,01-10-2023
88.2699966430664,88.5,79.91000366210938,85.02999877929688,910419.0,63.74181365966797,1.18,,URPR11,01-11-2023
83.41000366210938,88.25,81.25,87.5999984741211,478835.0,66.54218292236328,1.1,,URPR11,01-12-2023
86.48999786376953,92.0,85.0,90.86000061035156,421629.0,69.92308044433594,1.11,,URPR11,01-01-2024
89.75,90.0999984741211,87.68000030517578,90.01000213623047,363883.0,70.15795135498047,1.1,,URPR11,01-02-2024
88.80000305175781,89.9800033569336,86.5999984741211,89.88999938964844,400354.0,70.92304229736328,1.13,,URPR11,01-03-2024
87.0999984741211,87.94000244140625,85.05000305175781,86.2300033569336,445793.0,68.90031433105469,1.05,,URPR11,01-04-2024
84.80000305175781,87.16999816894531,84.0199966430664,86.80000305175781,402911.0,70.17545318603516,1.1,,URPR11,01-05-2024
85.5999984741211,85.5999984741211,82.2300033569336,83.37999725341797,403469.0,68.2815170288086,1.02,,URPR11,01-06-2024
82.3499984741211,84.26000213623047,80.0,82.93000030517578,390161.0,68.72056579589844,1.03,,URPR11,01-07-2024
81.75,83.0,79.9000015258789,82.86000061035156,391059.0,69.52135467529297,1.0,,URPR11,01-08-2024
81.19999694824219,82.31999969482422,79.38999938964844,80.5,408005.0,68.36563873291016,1.0,,URPR11,01-09-2024
78.41000366210938,79.0,65.04000091552734,68.01000213623047,887261.0,58.46392059326172,0.95,,URPR11,01-10-2024
66.80000305175781,66.9000015258789,57.79999923706055,61.0,736456.0,53.06409454345703,0.87,,URPR11,01-11-2024
59.54999923706055,59.91999816894531,49.65999984741211,59.45000076293945,770396.0,52.3858757019043,0.88,,URPR11,01-12-2024
58.56999969482422,59.400001525878906,55.20000076293945,58.75,403869.0,52.52682113647461,0.88,,URPR11,01-01-2025
55.0,55.0099983215332,50.150001525878906,54.099998474121094,498921.0,49.09610366821289,0.81,,URPR11,01-02-2025
53.279998779296875,61.880001068115234,53.040000915527344,61.209999084472656,370699.0,56.325050354003906,0.82,,URPR11,01-03-2025
59.5,59.849998474121094,53.90999984741211,55.5,453601.0,51.85674285888672,0.8,,URPR11,01-04-2025
51.5099983215332,52.68000030517578,47.84000015258789,48.70000076293945,642832.0,46.105712890625,0.69,,URPR11,01-05-2025
44.2599983215332,45.5,39.5,40.349998474121094,803612.0,38.681427001953125,0.45,,URPR11,01-06-2025
39.9900016784668,40.5,38.54999923706055,38.75,485093.0,37.494049072265625,0.45,,URPR11,01-07-2025
37.619998931884766,37.86000061035156,32.34000015258789,35.41999816894531,706808.0,34.65850067138672,0.4,,URPR11,01-08-2025
35.29999923706055,39.06999969482422,34.400001525878906,38.0099983215332,417041.0,37.58074951171875,0.4,,URPR11,01-09-2025
0.0,0.0,0.0,38.0099983215332,0.0,38.0099983215332,0.0,,URPR11,15-09-2025
131.67999267578125,134.8300018310547,124.0199966430664,126.19999694824219,1057616.0,93.78392791748047,0.0,,VILG11,01-10-2020
126.19999694824219,130.9499969482422,123.80000305175781,124.0,959079.0,92.14899444580078,0.0,,VILG11,01-11-2020
124.16999816894531,129.0,122.0199966430664,127.41000366210938,875678.0,94.68311309814453,0.0,,VILG11,01-12-2020
127.41000366210938,127.41000366210938,120.30999755859375,121.0,964376.0,89.91960906982422,0.0,,VILG11,01-01-2021
120.98999786376953,126.0,119.80000305175781,123.5,826358.0,91.77742004394531,0.0,,VILG11,01-02-2021
123.52999877929688,124.54000091552734,117.0,117.98999786376953,1087303.0,87.6827621459961,0.0,,VILG11,01-03-2021
117.5,118.18000030517578,116.5999984741211,117.9000015258789,774639.0,87.61587524414062,0.0,,VILG11,01-04-2021
117.5,120.94999694824219,116.25,117.0199966430664,938027.0,86.96190643310547,0.0,,VILG11,01-05-2021
116.91999816894531,118.41999816894531,102.08999633789062,109.04000091552734,940665.0,81.03166961669922,0.0,,VILG11,01-06-2021
109.87999725341797,118.08000183105469,109.0,115.5999984741211,627885.0,85.90664672851562,0.0,,VILG11,01-07-2021
115.69999694824219,116.0999984741211,105.04000091552734,106.48999786376953,697653.0,79.13666534423828,0.0,,VILG11,01-08-2021
106.29000091552734,108.83999633789062,103.5,105.61000061035156,589944.0,78.48270416259766,0.0,,VILG11,01-09-2021
104.94999694824219,105.97000122070312,100.44000244140625,101.0,690740.0,75.05684661865234,0.0,,VILG11,01-10-2021
101.0,101.01000213623047,86.51000213623047,88.22000122070312,688972.0,65.55955505371094,0.0,,VILG11,01-11-2021
87.81999969482422,107.44999694824219,84.38999938964844,105.95999908447266,929720.0,78.7428207397461,0.0,,VILG11,01-12-2021
104.36000061035156,107.7699966430664,94.12999725341797,102.5999984741211,1000021.0,76.24588012695312,0.0,,VILG11,01-01-2022
102.30999755859375,103.94999694824219,97.05000305175781,102.44999694824219,518851.0,76.13442993164062,0.0,,VILG11,01-02-2022
102.44999694824219,102.44999694824219,97.16999816894531,99.5999984741211,478567.0,74.01644134521484,0.0,,VILG11,01-03-2022
98.9000015258789,102.25,98.37000274658203,101.20999908447266,401962.0,75.2129135131836,0.0,,VILG11,01-04-2022
101.0,101.19999694824219,97.01000213623047,99.25,450952.0,73.75636291503906,0.7,,VILG11,01-05-2022
98.68000030517578,99.86000061035156,94.30000305175781,95.51000213623047,457613.0,71.47135162353516,0.7,,VILG11,01-06-2022
95.18000030517578,95.98999786376953,90.19999694824219,94.41999816894531,466246.0,71.15755462646484,0.71,,VILG11,01-07-2022
93.69999694824219,108.0,93.01000213623047,107.76000213623047,513958.0,81.81917572021484,0.72,,VILG11,01-08-2022
107.04000091552734,110.87999725341797,105.37000274658203,110.43000030517578,460691.0,84.49070739746094,0.72,,VILG11,01-09-2022
109.5,110.9800033569336,107.05000305175781,109.20999908447266,435777.0,84.11933135986328,0.72,,VILG11,01-10-2022
108.52999877929688,109.61000061035156,98.1500015258789,100.6500015258789,409649.0,78.03477478027344,0.72,,VILG11,01-11-2022
99.93000030517578,103.98999786376953,94.08000183105469,99.93000030517578,447007.0,77.9906997680664,0.72,,VILG11,01-12-2022
99.2300033569336,101.5999984741211,92.5,93.55000305175781,523670.0,73.5374755859375,0.7,,VILG11,01-01-2023
92.87999725341797,96.0,85.87000274658203,87.0,500392.0,68.87112426757812,0.67,,VILG11,01-02-2023
86.5,88.93000030517578,83.1500015258789,88.6500015258789,620278.0,70.68350219726562,0.53,,VILG11,01-03-2023
88.0,94.94999694824219,83.55999755859375,94.30000305175781,430707.0,75.64929962158203,0.65,,VILG11,01-04-2023
94.30000305175781,99.30000305175781,92.04000091552734,97.72000122070312,456812.0,78.97190856933594,0.67,,VILG11,01-05-2023
97.5,113.0,97.0999984741211,111.0,475417.0,90.34600067138672,0.7,,VILG11,01-06-2023
109.19999694824219,109.98999786376953,104.55000305175781,109.9800033569336,471075.0,90.16165161132812,0.7,,VILG11,01-07-2023
109.2699966430664,112.0,101.5,104.66000366210938,550059.0,86.3448257446289,0.7,,VILG11,01-08-2023
104.75,109.0,101.5999984741211,107.08000183105469,488208.0,88.9072036743164,0.7,,VILG11,01-09-2023
106.37000274658203,106.86000061035156,101.12000274658203,102.1500015258789,399483.0,85.38497924804688,0.7,,VILG11,01-10-2023
101.45999908447266,102.0,96.62000274658203,97.19999694824219,525945.0,81.78197479248047,0.68,,VILG11,01-11-2023
96.0,100.55000305175781,89.75,99.2699966430664,661776.0,84.0833740234375,0.65,,VILG11,01-12-2023
99.2699966430664,99.72000122070312,91.86000061035156,93.0,621259.0,79.30290222167969,0.64,,VILG11,01-01-2024
92.0,93.69000244140625,90.0,92.0,556204.0,78.95921325683594,0.6,,VILG11,01-02-2024
91.44000244140625,94.0,89.8499984741211,93.0999984741211,487236.0,80.42215728759766,0.56,,VILG11,01-03-2024
93.08999633789062,98.4800033569336,91.8499984741211,92.83999633789062,554022.0,80.68871307373047,0.58,,VILG11,01-04-2024
92.5,94.19000244140625,85.76000213623047,88.5999984741211,540000.0,77.48641204833984,0.6,,VILG11,01-05-2024
88.0,89.41000366210938,81.33000183105469,83.54000091552734,608895.0,73.53633117675781,0.6,,VILG11,01-06-2024
83.19999694824219,92.33000183105469,83.0,88.2300033569336,544473.0,78.19425201416016,0.65,,VILG11,01-07-2024
88.30000305175781,89.98999786376953,84.0,88.0,491822.0,78.60199737548828,0.65,,VILG11,01-08-2024
87.36000061035156,90.0,82.31999969482422,84.51000213623047,468057.0,76.04496765136719,0.64,,VILG11,01-09-2024
83.70999908447266,84.94000244140625,79.5199966430664,81.26000213623047,527323.0,73.65618133544922,0.6,,VILG11,01-10-2024
80.66000366210938,81.16999816894531,77.01000213623047,77.26000213623047,398785.0,70.5312271118164,0.61,,VILG11,01-11-2024
77.19999694824219,77.5999984741211,67.01000213623047,74.5999984741211,758956.0,68.61798095703125,0.62,,VILG11,01-12-2024
74.55999755859375,74.77999877929688,69.22000122070312,71.9000015258789,444901.0,66.66952514648438,0.63,,VILG11,01-01-2025
71.88999938964844,78.88999938964844,69.01000213623047,77.5199966430664,424602.0,72.49288940429688,0.65,,VILG11,01-02-2025
77.5199966430664,84.33000183105469,75.0,83.25,395057.0,78.56151580810547,0.66,,VILG11,01-03-2025
82.20999908447266,88.72000122070312,76.45999908447266,88.19999694824219,418649.0,83.94746398925781,0.67,,VILG11,01-04-2025
87.55000305175781,87.93000030517578,84.80999755859375,86.95999908447266,352958.0,83.43876647949219,0.68,,VILG11,01-05-2025
86.5,86.9000015258789,80.75,85.83000183105469,424428.0,82.99439239501953,0.69,,VILG11,01-06-2025
85.0,85.41000366210938,80.04000091552734,81.9800033569336,388975.0,79.9056167602539,0.7,,VILG11,01-07-2025
81.58999633789062,84.41999816894531,79.06999969482422,83.9000015258789,369080.0,82.449462890625,0.72,,VILG11,01-08-2025
83.83999633789062,88.38999938964844,82.05000305175781,87.25,277140.0,86.50125122070312,0.72,,VILG11,01-09-2025
0.0,0.0,0.0,87.25,0.0,87.25,0.0,,VILG11,15-09-2025
11.778743743896484,12.24513053894043,11.550512313842773,11.808512687683105,4583976.0,8.401057243347168,0.0,0.0,VINO11,01-10-2020
11.808512687683105,11.987130165100098,11.300450325012207,11.967283248901367,3422547.0,8.51401424407959,0.0,0.0,VINO11,01-11-2020
11.907745361328125,12.699609756469727,11.550512313842773,12.552746772766113,3735805.0,8.930533409118652,0.0,0.0,VINO11,01-12-2020
12.552746772766113,12.900056838989258,12.207423210144043,12.659916877746582,4112028.0,9.0067777633667,0.0,0.0,VINO11,01-01-2021
12.572593688964844,12.657933235168457,12.274900436401367,12.304669380187988,4956778.0,8.754040718078613,0.0,0.0,VINO11,01-02-2021
12.314593315124512,12.405884742736816,11.723175048828125,12.262991905212402,3882969.0,8.72439193725586,0.0,0.0,VINO11,01-03-2021
12.221315383911133,12.262991905212402,11.907745361328125,12.08834457397461,3332817.0,8.600139617919922,0.0,0.0,VINO11,01-04-2021
12.040714263916016,12.106206893920898,11.709281921386719,11.95736026763916,3909472.0,8.506950378417969,0.0,0.0,VINO11,01-05-2021
11.917668342590332,11.987130165100098,11.078171730041504,11.804544448852539,4172084.0,8.398235321044922,0.0,0.0,VINO11,01-06-2021
11.715235710144043,11.949421882629395,11.431434631347656,11.929574966430664,3557165.0,8.487183570861816,0.0,0.0,VINO11,01-07-2021
11.90972900390625,11.923622131347656,11.213126182556152,11.784697532653809,3259888.0,8.384112358093262,0.0,0.0,VINO11,01-08-2021
11.764851570129395,12.076437950134277,11.610051155090332,12.044684410095215,3249485.0,8.56907844543457,0.0,0.0,VINO11,01-09-2021
11.945451736450195,12.199483871459961,11.838282585144043,12.024836540222168,3299908.0,8.554957389831543,0.0,0.0,VINO11,01-10-2021
11.907745361328125,11.907745361328125,10.718955039978027,11.018632888793945,3588263.0,7.83910608291626,0.0,0.0,VINO11,01-11-2021
10.875740051269531,11.565999984741211,10.699108123779297,11.34000015258789,5150248.0,8.067737579345703,0.0,0.0,VINO11,01-12-2021
11.229999542236328,11.239999771118164,9.880000114440918,10.326000213623047,6692775.0,7.346334457397461,0.0,0.0,VINO11,01-01-2022
10.199999809265137,10.199999809265137,9.20199966430664,9.437999725341797,4009215.0,6.7145771980285645,0.0,0.0,VINO11,01-02-2022
9.437999725341797,10.097999572753906,9.241999626159668,10.001999855041504,4254205.0,7.115828990936279,0.0,0.0,VINO11,01-03-2022
10.0,10.395999908447266,9.682000160217285,10.241999626159668,3074805.0,7.286573886871338,0.0,0.0,VINO11,01-04-2022
10.215999603271484,10.239999771118164,9.319999694824219,9.795999526977539,3273840.0,6.969271183013916,0.068,0.0,VINO11,01-05-2022
9.727999687194824,9.979999542236328,8.800000190734863,8.826000213623047,2841970.0,6.32114315032959,0.068,0.0,VINO11,01-06-2022
8.760000228881836,9.222000122070312,8.199999809265137,8.829999923706055,3265210.0,6.36821174621582,0.068,0.0,VINO11,01-07-2022
8.826000213623047,10.229999542236328,8.270000457763672,10.092000007629395,3825145.0,7.334883213043213,0.068,0.0,VINO11,01-08-2022
10.0600004196167,10.130000114440918,9.579999923706055,10.0,3530785.0,7.324422836303711,0.068,0.0,VINO11,01-09-2022
10.0,10.300000190734863,9.513999938964844,10.107999801635742,3002230.0,7.453746795654297,0.068,0.0,VINO11,01-10-2022
10.079999923706055,10.399999618530273,9.11400032043457,9.595999717712402,2605550.0,7.124642848968506,0.068,0.0,VINO11,01-11-2022
9.52400016784668,10.095999717712402,8.800000190734863,9.520000457763672,2442475.0,7.1160888671875,0.068,0.0,VINO11,01-12-2022
9.45199966430664,9.767999649047852,8.741999626159668,8.765999794006348,2526645.0,6.599246501922607,0.068,0.0,VINO11,01-01-2023
8.765999794006348,9.199999809265137,8.104000091552734,8.449999809265137,2770590.0,6.4071197509765625,0.062,0.0,VINO11,01-02-2023
8.38599967956543,8.899999618530273,7.690000057220459,7.886000156402588,2561865.0,6.022066593170166,0.062,0.0,VINO11,01-03-2023
7.823999881744385,8.696000099182129,7.697999954223633,8.545999526977539,1855595.0,6.574305057525635,0.062,0.0,VINO11,01-04-2023
8.545999526977539,9.100000381469727,7.934000015258789,8.90999984741211,2906280.0,6.908640384674072,0.062,0.0,VINO11,01-05-2023
8.907999992370605,9.494000434875488,8.715999603271484,9.394000053405762,1951215.0,7.337154388427734,0.062,0.0,VINO11,01-06-2023
9.331999778747559,9.534000396728516,9.100000381469727,9.359999656677246,2089660.0,7.361826419830322,0.062,0.0,VINO11,01-07-2023
9.34000015258789,9.4399995803833,9.039999961853027,9.210000038146973,2582042.0,7.291975021362305,0.062,5.0,VINO11,01-08-2023
9.170000076293945,9.25,8.010000228881836,8.479999542236328,2686022.0,6.7587690353393555,0.06,0.0,VINO11,01-09-2023
8.220000267028809,8.829999923706055,7.53000020980835,7.659999847412109,2731626.0,6.1452436447143555,0.06,0.0,VINO11,01-10-2023
7.559999942779541,7.980000019073486,7.159999847412109,7.670000076293945,3451294.0,6.197114944458008,0.06,0.0,VINO11,01-11-2023
7.610000133514404,7.800000190734863,7.349999904632568,7.639999866485596,2652682.0,6.221608638763428,0.058,0.0,VINO11,01-12-2023
7.639999866485596,8.279999732971191,7.400000095367432,7.659999847412109,3213133.0,6.285425186157227,0.058,10.0,VINO11,01-01-2024
7.679999828338623,7.989999771118164,7.349999904632568,7.429999828338623,3517293.0,6.143335819244385,0.055,0.0,VINO11,01-02-2024
7.400000095367432,7.820000171661377,7.300000190734863,7.769999980926514,3267497.0,6.470919609069824,0.055,0.0,VINO11,01-03-2024
7.699999809265137,8.220000267028809,7.480000019073486,7.679999828338623,2939314.0,6.443665504455566,0.055,0.0,VINO11,01-04-2024
7.699999809265137,8.15999984741211,7.570000171661377,7.860000133514404,1925212.0,6.641702175140381,0.07,0.0,VINO11,01-05-2024
7.800000190734863,7.829999923706055,6.900000095367432,7.0,2359862.0,5.9694108963012695,0.06,0.0,VINO11,01-06-2024
6.900000095367432,7.090000152587891,6.110000133514404,6.159999847412109,4267409.0,5.293489456176758,0.06,0.0,VINO11,01-07-2024
6.099999904632568,6.349999904632568,5.980000019073486,6.130000114440918,3261019.0,5.3132524490356445,0.052,0.0,VINO11,01-08-2024
6.110000133514404,6.130000114440918,5.0,5.099999904632568,4199608.0,4.458120822906494,0.05,0.0,VINO11,01-09-2024
5.059999942779541,5.139999866485596,4.960000038146973,5.099999904632568,3505350.0,4.4947829246521,0.05,0.0,VINO11,01-10-2024
5.059999942779541,5.190000057220459,4.880000114440918,5.0,2998423.0,4.45028018951416,0.05,0.0,VINO11,01-11-2024
5.0,5.050000190734863,4.400000095367432,4.989999771118164,3386300.0,4.485353469848633,0.05,0.0,VINO11,01-12-2024
4.989999771118164,4.989999771118164,4.510000228881836,4.75,2391585.0,4.312752723693848,0.05,0.0,VINO11,01-01-2025
4.690000057220459,4.800000190734863,4.400000095367432,4.78000020980835,2502585.0,4.383918285369873,0.05,0.0,VINO11,01-02-2025
4.78000020980835,5.369999885559082,4.659999847412109,5.309999942779541,1676767.0,4.921810150146484,0.05,0.0,VINO11,01-03-2025
5.260000228881836,5.429999828338623,4.840000152587891,5.199999809265137,2284046.0,4.870800971984863,0.05,0.0,VINO11,01-04-2025
5.199999809265137,5.269999980926514,4.960000038146973,5.210000038146973,2701344.0,4.926557540893555,0.05,0.0,VINO11,01-05-2025
5.179999828338623,5.179999828338623,5.0,5.130000114440918,2175758.0,4.898005962371826,0.05,0.0,VINO11,01-06-2025
5.050000190734863,5.199999809265137,5.0,5.130000114440918,2277387.0,4.945467472076416,0.085,0.0,VINO11,01-07-2025
5.079999923706055,5.099999904632568,4.860000133514404,4.960000038146973,2419298.0,4.862144470214844,0.05,0.0,VINO11,01-08-2025
4.960000038146973,5.019999980926514,4.869999885559082,5.0,1378787.0,4.949596881866455,0.05,0.0,VINO11,01-09-2025
0.0,0.0,0.0,5.0,0.0,5.0,0.0,0.0,VINO11,15-09-2025
109.3606948852539,117.41570281982422,105.87152099609375,109.47035217285156,734656.0,80.51937866210938,0.0,,VISC11,01-10-2020
109.47035217285156,115.63124084472656,106.6690444946289,114.19569396972656,464132.0,83.99502563476562,0.0,,VISC11,01-11-2020
113.74708557128906,115.6412124633789,110.27784729003906,115.38201141357422,655997.0,84.86762237548828,0.0,,VISC11,01-12-2020
115.38201141357422,118.51229858398438,114.2355728149414,116.43873596191406,535151.0,85.64488220214844,0.0,,VISC11,01-01-2021
116.15959930419922,116.92721557617188,112.81996154785156,114.1458511352539,678493.0,83.95836639404297,0.0,,VISC11,01-02-2021
113.5776138305664,113.5776138305664,105.8814926147461,109.9887466430664,672042.0,80.90065002441406,0.0,,VISC11,01-03-2021
109.8093032836914,111.65357971191406,106.59925842285156,111.65357971191406,511173.0,82.12521362304688,0.0,,VISC11,01-04-2021
111.65357971191406,113.1888198852539,107.06781005859375,108.77252197265625,587142.0,80.00608825683594,0.0,,VISC11,01-05-2021
108.86224365234375,111.5140151977539,99.6906967163086,106.6690444946289,605896.0,78.45890045166016,0.0,,VISC11,01-06-2021
106.6690444946289,112.90968322753906,104.88458251953125,111.4542007446289,495610.0,81.97854614257812,0.0,,VISC11,01-07-2021
110.65667724609375,113.13896942138672,100.68760681152344,101.68450927734375,725827.0,74.79259490966797,0.0,,VISC11,01-08-2021
100.5280990600586,103.6085433959961,97.8065414428711,102.28265380859375,559633.0,75.2325439453125,0.0,,VISC11,01-09-2021
101.9337387084961,105.6721420288086,98.75360107421875,99.79039001464844,416976.0,73.3994140625,0.0,,VISC11,01-10-2021
99.6906967163086,101.6047592163086,92.82200622558594,95.2046127319336,441968.0,70.02640533447266,0.0,,VISC11,01-11-2021
94.61643981933594,104.2166519165039,91.47618103027344,103.1599349975586,457230.0,75.87785339355469,0.0,,VISC11,01-12-2021
102.6814193725586,104.1269302368164,99.11248779296875,100.98667907714844,458226.0,74.2793197631836,0.0,,VISC11,01-01-2022
100.71751403808594,101.0365219116211,96.4009017944336,99.68072509765625,395965.0,73.31874084472656,0.0,,VISC11,01-02-2022
99.68072509765625,99.99974060058594,95.90245056152344,99.5710678100586,475745.0,73.23807525634766,0.0,,VISC11,01-03-2022
98.89317321777344,104.6652603149414,98.36481475830078,102.6814193725586,524581.0,75.52587127685547,0.0,,VISC11,01-04-2022
102.9804916381836,103.0502700805664,98.2551498413086,101.1860580444336,460802.0,74.42596435546875,0.697835,,VISC11,01-05-2022
100.48822021484375,102.6814193725586,99.70066833496094,100.68760681152344,433751.0,74.56610870361328,0.697835,,VISC11,01-06-2022
99.9897689819336,101.1860580444336,98.71372985839844,101.07640075683594,470164.0,75.37385559082031,0.697835,,VISC11,01-07-2022
100.68760681152344,112.43116760253906,97.7168197631836,112.1121597290039,578642.0,84.18682098388672,0.707804,,VISC11,01-08-2022
112.00249481201172,112.6504898071289,108.9120864868164,111.14515686035156,496904.0,84.04925537109375,0.717773,,VISC11,01-09-2022
110.4074478149414,113.64739227294922,106.9382095336914,112.8000259399414,575627.0,85.85031127929688,0.737711,,VISC11,01-10-2022
113.44801330566406,113.4579849243164,100.4383773803711,104.5356674194336,462383.0,80.09205627441406,0.74768,,VISC11,01-11-2022
104.5356674194336,106.6889877319336,100.03961181640625,105.8914566040039,416471.0,81.67213439941406,0.757649,,VISC11,01-12-2022
105.8814926147461,109.63983154296875,100.72747802734375,106.5095443725586,551754.0,82.74864196777344,0.847371,,VISC11,01-01-2023
105.5525131225586,106.55938720703125,100.08946228027344,102.82098388671875,420179.0,80.52734375,0.817464,,VISC11,01-02-2023
102.8708267211914,106.46966552734375,99.6906967163086,101.62469482421875,504181.0,80.20600128173828,0.797526,,VISC11,01-03-2023
100.80723571777344,108.05474853515625,99.6906967163086,107.5064468383789,478727.0,85.51136016845703,0.817464,,VISC11,01-04-2023
107.5064468383789,117.63502502441406,106.17059326171875,117.63502502441406,609267.0,94.32646942138672,0.817464,,VISC11,01-05-2023
117.13656616210938,119.35967254638672,108.95196533203125,119.32976531982422,851885.0,96.4185791015625,0.817464,,VISC11,01-06-2023
119.23007202148438,121.12419891357422,117.57521057128906,119.23007202148438,792830.0,97.01216125488281,0.847371,,VISC11,01-07-2023
118.61199188232422,123.60649871826172,116.73780822753906,120.4708023071289,799269.0,98.72273254394531,0.847371,,VISC11,01-08-2023
119.7126235961914,127.06497192382812,117.21861267089844,118.46561431884766,1966721.0,97.77442169189453,0.917797,,VISC11,01-09-2023
118.23616790771484,118.59530639648438,114.49514770507812,116.86944580078125,709051.0,97.19752502441406,0.917797,,VISC11,01-10-2023
116.86944580078125,120.9000015258789,115.1236343383789,118.94999694824219,811265.0,99.70030212402344,0.997605,,VISC11,01-11-2023
117.94999694824219,124.0,117.80000305175781,123.83000183105469,909757.0,104.68413543701172,1.0,,VISC11,01-12-2023
123.83000183105469,124.56999969482422,119.6500015258789,121.19999694824219,1791577.0,103.3294448852539,1.0,,VISC11,01-01-2024
120.97000122070312,122.5,118.69000244140625,120.94000244140625,2440159.0,103.94723510742188,1.0,,VISC11,01-02-2024
120.48999786376953,124.4000015258789,120.0,122.61000061035156,2167776.0,106.25932312011719,1.0,,VISC11,01-03-2024
122.0,123.16999816894531,117.87000274658203,120.29000091552734,1684659.0,105.11785888671875,1.0,,VISC11,01-04-2024
120.29000091552734,122.19999694824219,118.70999908447266,121.91999816894531,1180930.0,107.41836547851562,1.0,,VISC11,01-05-2024
120.62999725341797,120.87999725341797,110.2300033569336,116.3499984741211,1615235.0,103.37022399902344,1.0,,VISC11,01-06-2024
113.66999816894531,115.76000213623047,108.47000122070312,112.9000015258789,1439871.0,101.1346435546875,0.85,,VISC11,01-07-2024
112.08999633789062,113.68000030517578,111.0,112.75,992625.0,101.74353790283203,0.85,,VISC11,01-08-2024
111.93000030517578,112.47000122070312,105.79000091552734,108.69999694824219,986052.0,98.83299255371094,0.83,,VISC11,01-09-2024
107.5999984741211,107.5999984741211,100.01000213623047,105.05000305175781,1248172.0,96.22264099121094,0.8,,VISC11,01-10-2024
104.0,104.19000244140625,96.87999725341797,97.13999938964844,1025341.0,89.63702392578125,0.8,,VISC11,01-11-2024
96.80000305175781,99.97000122070312,85.19000244140625,97.05999755859375,1494958.0,90.25050354003906,0.8,,VISC11,01-12-2024
96.26000213623047,97.94000244140625,91.30000305175781,95.9800033569336,892986.0,89.98737335205078,0.8,,VISC11,01-01-2025
95.18000030517578,100.0,93.0199966430664,99.19000244140625,801251.0,93.76983642578125,0.8,,VISC11,01-02-2025
99.19000244140625,104.16999816894531,97.5,103.44999694824219,708772.0,98.6190414428711,0.8,,VISC11,01-03-2025
102.6500015258789,107.44000244140625,96.0999984741211,107.16000366210938,803459.0,102.98640441894531,0.8,,VISC11,01-04-2025
107.05000305175781,107.1500015258789,101.20999908447266,104.30000305175781,736862.0,101.01899719238281,0.08,,VISC11,01-05-2025
103.88999938964844,105.25,100.0,103.63999938964844,752039.0,100.45475769042969,0.8,,VISC11,01-06-2025
102.83000183105469,106.54000091552734,101.55000305175781,103.36000061035156,726829.0,100.95772552490234,0.81,,VISC11,01-07-2025
103.58000183105469,104.37999725341797,99.0,104.22000122070312,695121.0,102.599609375,0.81,,VISC11,01-08-2025
103.70999908447266,106.69000244140625,102.5,106.2300033569336,328019.0,105.40438079833984,0.81,,VISC11,01-09-2025
0.0,0.0,0.0,106.2300033569336,0.0,106.2300033569336,0.0,,VISC11,15-09-2025
104.0,105.3499984741211,103.3499984741211,104.37999725341797,755487.0,68.81497192382812,0.0,,VRTA11,01-10-2020
104.37999725341797,110.80000305175781,103.83000183105469,110.19999694824219,666089.0,72.65196228027344,0.0,,VRTA11,01-11-2020
109.41999816894531,118.0,108.48999786376953,117.5,607814.0,77.46466064453125,0.0,,VRTA11,01-12-2020
117.5,117.5,113.5199966430664,115.83000183105469,534941.0,76.36366271972656,0.0,,VRTA11,01-01-2021
114.94000244140625,117.88999938964844,112.04000091552734,115.41000366210938,432806.0,76.08676147460938,0.0,,VRTA11,01-02-2021
114.5199966430664,115.5,113.0,115.0,456977.0,75.81646728515625,0.0,,VRTA11,01-03-2021
114.69999694824219,115.79000091552734,113.0199966430664,115.69000244140625,321615.0,76.27136993408203,0.0,,VRTA11,01-04-2021
114.25,114.63999938964844,108.19999694824219,112.41999816894531,460857.0,74.11552429199219,0.0,,VRTA11,01-05-2021
110.93000030517578,112.48999786376953,102.95999908447266,109.5999984741211,500294.0,72.25641632080078,0.0,,VRTA11,01-06-2021
108.4000015258789,112.9800033569336,104.47000122070312,112.9800033569336,333236.0,74.48473358154297,0.0,,VRTA11,01-07-2021
111.61000061035156,111.7300033569336,105.0,108.04000091552734,370420.0,71.22792053222656,0.0,,VRTA11,01-08-2021
107.19000244140625,109.5,105.66999816894531,109.0,374863.0,71.8608169555664,0.0,,VRTA11,01-09-2021
107.8499984741211,110.29000091552734,105.52999877929688,107.98999786376953,300842.0,71.1949691772461,0.0,,VRTA11,01-10-2021
107.0,107.9800033569336,99.3499984741211,101.86000061035156,491808.0,67.15360260009766,0.0,,VRTA11,01-11-2021
99.86000061035156,105.55000305175781,98.5,104.9000015258789,444051.0,69.15778350830078,0.0,,VRTA11,01-12-2021
104.5,106.98999786376953,102.55999755859375,104.9800033569336,484538.0,69.21054077148438,0.0,,VRTA11,01-01-2022
104.1500015258789,105.48999786376953,102.5,104.8499984741211,325288.0,69.12480926513672,0.0,,VRTA11,01-02-2022
104.8499984741211,108.1500015258789,101.0,104.68000030517578,543923.0,69.01277160644531,0.0,,VRTA11,01-03-2022
104.0,104.5,101.19999694824219,102.5,511742.0,67.57554626464844,1.15,,VRTA11,01-04-2022
101.69000244140625,101.69999694824219,98.0999984741211,99.94000244140625,548518.0,66.61968231201172,1.2,,VRTA11,01-05-2022
98.6500015258789,99.87999725341797,97.5,97.80000305175781,546331.0,65.96543884277344,1.25,,VRTA11,01-06-2022
96.5,97.33999633789062,94.44000244140625,95.5,554805.0,65.22997283935547,0.0,,VRTA11,01-07-2022
94.9000015258789,96.62999725341797,93.0,94.0,588693.0,64.20539093017578,1.1,,VRTA11,01-08-2022
93.44000244140625,96.12999725341797,93.0,95.54000091552734,510396.0,66.01769256591797,1.1,,VRTA11,01-09-2022
94.54000091552734,97.0,90.9800033569336,96.01000213623047,785686.0,67.12799072265625,1.0,,VRTA11,01-10-2022
96.0,97.73999786376953,91.04000091552734,92.51000213623047,592136.0,65.36505889892578,1.0,,VRTA11,01-11-2022
92.0,93.69000244140625,84.55000305175781,88.87999725341797,630189.0,63.46116256713867,0.9,,VRTA11,01-12-2022
87.9800033569336,89.98999786376953,86.26000213623047,87.25,525826.0,62.90937423706055,0.9,,VRTA11,01-01-2023
86.8499984741211,89.70999908447266,86.0,89.52999877929688,459655.0,65.2136459350586,1.0,,VRTA11,01-02-2023
88.58000183105469,89.52999877929688,84.0,85.45999908447266,543589.0,62.97079086303711,0.95,,VRTA11,01-03-2023
84.66000366210938,85.02999877929688,81.02999877929688,84.0,538223.0,62.55880355834961,0.95,,VRTA11,01-04-2023
84.0,89.7699966430664,82.4000015258789,89.4000015258789,502866.0,67.32889556884766,0.95,,VRTA11,01-05-2023
88.44999694824219,92.0,87.05999755859375,91.88999938964844,475191.0,69.99578094482422,0.95,,VRTA11,01-06-2023
90.95999908447266,93.5,90.0,93.02999877929688,448854.0,71.6252670288086,0.92,,VRTA11,01-07-2023
90.66999816894531,92.48999786376953,89.4000015258789,92.48999786376953,511837.0,71.92967987060547,0.7,,VRTA11,01-08-2023
91.5,91.79000091552734,88.52999877929688,89.4000015258789,567992.0,70.05369567871094,0.7,,VRTA11,01-09-2023
89.37999725341797,89.5,86.55999755859375,88.30999755859375,542088.0,69.72727966308594,0.7,,VRTA11,01-10-2023
87.5999984741211,89.0,87.1500015258789,88.69000244140625,385494.0,70.57997131347656,0.7,,VRTA11,01-11-2023
87.19999694824219,89.0,85.91000366210938,89.0,484413.0,71.39257049560547,0.7,,VRTA11,01-12-2023
89.0,89.0,86.5,87.5,654488.0,70.7477035522461,0.75,,VRTA11,01-01-2024
87.5,88.58999633789062,86.01000213623047,88.11000061035156,503687.0,71.84637451171875,0.8,,VRTA11,01-02-2024
87.5,90.44000244140625,86.0,90.0,384483.0,74.0646743774414,0.85,,VRTA11,01-03-2024
89.20999908447266,90.0,87.66000366210938,88.63999938964844,396260.0,73.65605163574219,0.9,,VRTA11,01-04-2024
87.73999786376953,88.33999633789062,86.44999694824219,87.33999633789062,338200.0,73.30888366699219,0.9,,VRTA11,01-05-2024
86.44000244140625,89.98999786376953,85.0,88.83000183105469,520353.0,75.32432556152344,0.9,,VRTA11,01-06-2024
87.93000030517578,90.08999633789062,85.83000183105469,89.88999938964844,413469.0,77.01676177978516,0.9,,VRTA11,01-07-2024
88.9000015258789,90.0999984741211,86.81999969482422,89.44999694824219,425793.0,77.42424011230469,0.9,,VRTA11,01-08-2024
88.30000305175781,89.18000030517578,85.5,87.5,399949.0,76.50234985351562,0.8,,VRTA11,01-09-2024
86.69999694824219,87.5,81.19999694824219,82.95999908447266,507440.0,73.1875228881836,0.8,,VRTA11,01-10-2024
81.5,82.16000366210938,79.5,80.20999908447266,425837.0,71.41441345214844,0.8,,VRTA11,01-11-2024
79.4000015258789,80.5,70.0,79.0999984741211,586086.0,71.11186981201172,0.8,,VRTA11,01-12-2024
77.44999694824219,79.9800033569336,74.13999938964844,78.0,399531.0,70.82939910888672,0.85,,VRTA11,01-01-2025
76.5999984741211,79.93000030517578,72.58999633789062,78.83999633789062,420106.0,72.36984252929688,0.85,,VRTA11,01-02-2025
78.83999633789062,83.94000244140625,76.80000305175781,83.94000244140625,376987.0,77.90023803710938,0.85,,VRTA11,01-03-2025
83.01000213623047,84.29000091552734,78.2300033569336,82.95999908447266,324467.0,77.82984924316406,0.85,,VRTA11,01-04-2025
82.0999984741211,82.79000091552734,79.6500015258789,80.98999786376953,400389.0,76.75895690917969,0.85,,VRTA11,01-05-2025
80.08999633789062,82.8499984741211,78.30000305175781,81.58999633789062,370467.0,78.12810516357422,0.85,,VRTA11,01-06-2025
80.73999786376953,81.36000061035156,75.13999938964844,77.2300033569336,345778.0,74.73748779296875,0.85,,VRTA11,01-07-2025
76.80999755859375,77.88999938964844,74.0,75.87000274658203,285834.0,74.19432830810547,0.85,,VRTA11,01-08-2025
75.9000015258789,77.22000122070312,75.0999984741211,76.75,339657.0,75.89014434814453,0.85,,VRTA11,01-09-2025
0.0,0.0,0.0,76.75,0.0,76.75,0.0,,VRTA11,15-09-2025
87.963134765625,91.04290008544922,86.73323059082031,89.4930191040039,385669.0,57.19758605957031,0.0,,XPCI11,01-10-2020
89.4930191040039,91.43286895751953,87.59317016601562,90.98290252685547,486846.0,58.14979934692383,0.0,,XPCI11,01-11-2020
89.99298095703125,92.55278015136719,87.67316436767578,92.55278015136719,555749.0,59.153167724609375,0.0,,XPCI11,01-12-2020
92.55278015136719,97.00243377685547,89.99298095703125,96.89244079589844,350123.0,61.92677688598633,0.0,,XPCI11,01-01-2021
96.91243743896484,97.47239685058594,93.45271301269531,95.59254455566406,402985.0,61.09595489501953,0.0,,XPCI11,01-02-2021
95.29256439208984,96.59246826171875,92.36279296875,96.19249725341797,1034985.0,61.47940444946289,0.0,,XPCI11,01-03-2021
95.86251831054688,99.95220184326172,95.65254211425781,99.72222137451172,703772.0,63.73537063598633,0.0,,XPCI11,01-04-2021
98.43231964111328,100.40216827392578,98.0123519897461,99.9822006225586,869415.0,63.90153503417969,0.0,,XPCI11,01-05-2021
99.74221801757812,102.47200775146484,94.49263000488281,100.4921646118164,805640.0,64.2274398803711,0.0,,XPCI11,01-06-2021
100.41217041015625,103.67191314697266,96.52246856689453,102.2020263671875,845910.0,65.32028198242188,0.0,,XPCI11,01-07-2021
101.27210235595703,101.59207153320312,95.4925537109375,100.1421890258789,586275.0,64.0037841796875,0.0,,XPCI11,01-08-2021
98.08235168457031,100.31217193603516,95.63253784179688,96.8824462890625,555897.0,61.920387268066406,0.0,,XPCI11,01-09-2021
96.17250061035156,99.99220275878906,93.99266815185547,97.33240509033203,502048.0,62.207977294921875,0.0,,XPCI11,01-10-2021
96.72245788574219,96.992431640625,87.503173828125,90.99290466308594,445515.0,58.156211853027344,0.0,,XPCI11,01-11-2021
90.44294738769531,98.86228942871094,89.00305938720703,96.80245208740234,501979.0,61.86924743652344,0.0,,XPCI11,01-12-2021
95.83252716064453,98.99227905273438,95.0025863647461,97.29241180419922,559285.0,62.18238830566406,0.0,,XPCI11,01-01-2022
96.992431640625,99.08226776123047,89.99298095703125,95.44255828857422,571973.0,61.0001106262207,0.0,,XPCI11,01-02-2022
95.44255828857422,97.99235534667969,91.9928207397461,97.0999984741211,638495.0,62.059417724609375,0.0,,XPCI11,01-03-2022
95.94999694824219,98.79000091552734,95.94999694824219,96.70999908447266,710490.0,61.81017303466797,1.13,,XPCI11,01-04-2022
96.80000305175781,97.30999755859375,92.45999908447266,94.80000305175781,776768.0,61.302833557128906,1.18,,XPCI11,01-05-2022
93.94999694824219,95.5,92.08000183105469,94.52999877929688,794297.0,61.88330078125,1.22,,XPCI11,01-06-2022
93.29000091552734,94.33000183105469,91.86000061035156,93.5999984741211,532383.0,62.07332229614258,1.05,,XPCI11,01-07-2022
92.58000183105469,95.4000015258789,89.23999786376953,95.08000183105469,716692.0,63.76307678222656,1.02,,XPCI11,01-08-2022
93.72000122070312,94.23999786376953,87.30000305175781,87.72000122070312,596875.0,59.47539138793945,0.96,,XPCI11,01-09-2022
87.41000366210938,90.81999969482422,84.80999755859375,90.1500015258789,767620.0,61.74643325805664,0.88,,XPCI11,01-10-2022
88.51000213623047,90.5,82.05000305175781,84.25,647615.0,58.29010009765625,0.67,,XPCI11,01-11-2022
83.20999908447266,88.4800033569336,79.0,81.29000091552734,676057.0,56.663272857666016,0.6,,XPCI11,01-12-2022
80.55000305175781,87.9800033569336,77.08000183105469,78.70999908447266,628682.0,55.25840759277344,0.72,,XPCI11,01-01-2023
77.72000122070312,80.7300033569336,76.0,79.8499984741211,536378.0,56.55971908569336,0.96,,XPCI11,01-02-2023
78.9800033569336,82.98999786376953,78.30999755859375,82.69999694824219,490138.0,59.30173110961914,1.0,,XPCI11,01-03-2023
80.79000091552734,81.66999816894531,78.44999694824219,79.69999694824219,367190.0,57.87531661987305,0.95,,XPCI11,01-04-2023
79.69999694824219,85.0,78.19999694824219,83.5199966430664,462024.0,61.35406494140625,0.87,,XPCI11,01-05-2023
82.38999938964844,88.0,80.11000061035156,88.0,471544.0,65.35853576660156,0.93,,XPCI11,01-06-2023
87.08000183105469,89.3499984741211,83.83999633789062,86.88999938964844,570352.0,65.26081085205078,0.91,,XPCI11,01-07-2023
85.88999938964844,89.33000183105469,83.80000305175781,87.02999877929688,645823.0,66.04895782470703,1.0,,XPCI11,01-08-2023
86.56999969482422,88.9800033569336,84.38999938964844,87.9800033569336,593780.0,67.54733276367188,0.9,,XPCI11,01-09-2023
86.98999786376953,89.86000061035156,85.87000274658203,87.33999633789062,493809.0,67.75664520263672,0.95,,XPCI11,01-10-2023
86.54000091552734,88.45999908447266,85.44999694824219,85.9000015258789,412025.0,67.36695098876953,0.95,,XPCI11,01-11-2023
83.0,88.75,82.55000305175781,86.91000366210938,481059.0,68.9085464477539,0.8,,XPCI11,01-12-2023
86.91000366210938,89.98999786376953,84.93000030517578,89.13999938964844,455447.0,71.34107971191406,0.76,,XPCI11,01-01-2024
88.44000244140625,90.94999694824219,87.19000244140625,88.88999938964844,450094.0,71.76858520507812,0.9,,XPCI11,01-02-2024
88.44000244140625,91.5,87.12000274658203,91.23999786376953,459652.0,74.41728210449219,0.9,,XPCI11,01-03-2024
89.75,90.0999984741211,87.0,88.9000015258789,434422.0,73.25041198730469,0.9,,XPCI11,01-04-2024
88.9000015258789,90.30000305175781,86.25,89.19000244140625,440046.0,74.22148132324219,0.9,,XPCI11,01-05-2024
88.30000305175781,88.31999969482422,84.27999877929688,87.0,628563.0,73.13945007324219,0.87,,XPCI11,01-06-2024
86.0,88.68000030517578,84.11000061035156,86.54000091552734,449693.0,73.46941375732422,1.0,,XPCI11,01-07-2024
86.0,88.05000305175781,85.38999938964844,87.91000366210938,440233.0,75.50030517578125,0.87,,XPCI11,01-08-2024
87.11000061035156,87.9800033569336,86.05999755859375,87.0,464361.0,75.4775619506836,0.8,,XPCI11,01-09-2024
86.0999984741211,86.87000274658203,78.6500015258789,79.4000015258789,524582.0,69.51673126220703,0.8,,XPCI11,01-10-2024
78.22000122070312,81.80000305175781,77.51000213623047,78.44999694824219,441888.0,69.3224105834961,0.8,,XPCI11,01-11-2024
77.5,78.44999694824219,66.20999908447266,78.16000366210938,625029.0,69.76913452148438,0.81,,XPCI11,01-12-2024
77.33000183105469,78.20999908447266,69.51000213623047,72.11000061035156,412009.0,65.04017639160156,0.83,,XPCI11,01-01-2025
71.52999877929688,76.13999938964844,70.51000213623047,74.58000183105469,416519.0,67.9900131225586,0.83,,XPCI11,01-02-2025
74.58000183105469,81.0,72.61000061035156,81.0,343323.0,74.70257568359375,0.84,,XPCI11,01-03-2025
80.20999908447266,81.5,73.7699966430664,80.30000305175781,358736.0,74.90059661865234,0.85,,XPCI11,01-04-2025
79.79000091552734,81.94999694824219,78.72000122070312,80.0199966430664,275139.0,75.43098449707031,0.9,,XPCI11,01-05-2025
79.58999633789062,82.23999786376953,76.7699966430664,81.27999877929688,371726.0,77.4872055053711,0.95,,XPCI11,01-06-2025
80.30000305175781,82.5,79.94000244140625,81.30999755859375,409338.0,78.44713592529297,1.0,,XPCI11,01-07-2025
80.75,82.75,78.81999969482422,82.45999908447266,448815.0,80.54763793945312,0.96,,XPCI11,01-08-2025
81.87000274658203,82.30000305175781,80.44000244140625,82.23999786376953,345965.0,81.29253387451172,0.95,,XPCI11,01-09-2025
0.0,0.0,0.0,82.23999786376953,0.0,82.23999786376953,0.0,,XPCI11,15-09-2025
132.04043579101562,136.62905883789062,123.35304260253906,128.96136474609375,1159941.0,95.21487426757812,0.0,,XPLG11,01-10-2020
128.96136474609375,131.66055297851562,126.97195434570312,127.76171875,1013060.0,94.32913970947266,0.0,,XPLG11,01-11-2020
127.08192443847656,127.71173095703125,119.57417297363281,123.96286010742188,1690596.0,91.5243911743164,0.0,,XPLG11,01-12-2020
123.96286010742188,123.96286010742188,119.92406463623047,121.26366424560547,1542479.0,89.53150939941406,0.0,,XPLG11,01-01-2021
120.96375274658203,123.46300506591797,118.96435546875,120.46390533447266,1313753.0,88.94104766845703,0.0,,XPLG11,01-02-2021
119.89407348632812,120.42391967773438,112.21637725830078,116.14520263671875,1547078.0,85.75241088867188,0.0,,XPLG11,01-03-2021
115.27545928955078,116.92496490478516,113.23606872558594,115.96525573730469,1056952.0,85.61957550048828,0.0,,XPLG11,01-04-2021
115.92526245117188,115.92526245117188,111.9664535522461,113.60595703125,1111104.0,83.8776626586914,0.0,,XPLG11,01-05-2021
113.416015625,114.82559204101562,100.11000061035156,105.65834045410156,1389108.0,78.00975036621094,0.0,,XPLG11,01-06-2021
106.21817779541016,113.46600341796875,104.96855163574219,109.71712493896484,923629.0,81.00646209716797,0.0,,XPLG11,01-07-2021
109.7071304321289,109.71712493896484,101.14969635009766,105.43840789794922,1003426.0,77.8473892211914,0.0,,XPLG11,01-08-2021
104.81859588623047,105.34843444824219,98.08061218261719,102.21937561035156,1236552.0,75.47071075439453,0.0,,XPLG11,01-09-2021
101.59955596923828,103.70892333984375,97.57076263427734,98.2305679321289,840602.0,72.52566528320312,0.0,,XPLG11,01-10-2021
98.4205093383789,98.87037658691406,86.23416137695312,90.80279541015625,1205696.0,67.0416259765625,0.0,,XPLG11,01-11-2021
89.97303771972656,102.40931701660156,87.12389373779297,102.36932373046875,1186438.0,75.5814208984375,0.0,,XPLG11,01-12-2021
101.96944427490234,103.62895202636719,96.01123046875,98.56047058105469,1054869.0,72.76924133300781,0.0,,XPLG11,01-01-2022
98.22057342529297,98.41051483154297,90.84278106689453,92.0124282836914,792719.0,67.93470764160156,0.0,,XPLG11,01-02-2022
92.0124282836914,103.95885467529297,91.35263061523438,97.70072937011719,2241440.0,72.13449096679688,0.0,,XPLG11,01-03-2022
97.23086547851562,99.32024383544922,95.47139739990234,97.92066192626953,749051.0,72.29686737060547,0.659802,,XPLG11,01-04-2022
97.65074157714844,97.65074157714844,93.6219482421875,95.43140411376953,783343.0,70.9380874633789,0.659802,,XPLG11,01-05-2022
94.7516098022461,98.41051483154297,93.48198699951172,93.6419448852539,942697.0,70.08009338378906,0.679796,,XPLG11,01-06-2022
93.17208099365234,97.97064208984375,92.4722900390625,97.55077362060547,871282.0,73.52918243408203,0.69979,,XPLG11,01-07-2022
96.91096496582031,108.96734619140625,94.86157989501953,108.16758728027344,945256.0,82.1455307006836,0.719784,,XPLG11,01-08-2022
107.44780731201172,110.38692474365234,104.26876068115234,109.83708953857422,960541.0,84.03343963623047,0.719784,,XPLG11,01-09-2022
109.0973129272461,109.85708618164062,106.97794342041016,108.10760498046875,584693.0,83.26431274414062,0.739778,,XPLG11,01-10-2022
107.36782836914062,107.95764923095703,97.97064208984375,100.91976165771484,747404.0,78.25529479980469,0.739778,,XPLG11,01-11-2022
100.17998504638672,101.81948852539062,95.0715103149414,99.05032348632812,804019.0,77.33491516113281,0.739778,,XPLG11,01-12-2022
98.9603500366211,98.9603500366211,89.97303771972656,91.07271575927734,1100469.0,71.63137817382812,0.739778,,XPLG11,01-01-2023
90.57286071777344,94.32173919677734,89.98303985595703,93.65193939208984,642831.0,74.21428680419922,0.739778,,XPLG11,01-02-2023
92.67223358154297,95.37142181396484,89.97303771972656,94.35173034667969,809452.0,75.38116455078125,0.739778,,XPLG11,01-03-2023
93.76190948486328,102.44930267333984,92.4722900390625,99.97004699707031,683793.0,80.50577545166016,0.739778,,XPLG11,01-04-2023
99.97004699707031,106.46810150146484,95.97124481201172,105.86827850341797,750619.0,85.92935943603516,0.739778,,XPLG11,01-05-2023
105.11849975585938,114.3557357788086,104.57866668701172,114.15579223632812,831960.0,93.34677124023438,0.749775,,XPLG11,01-06-2023
113.75591278076172,114.61566162109375,112.91616821289062,114.3557357788086,583580.0,94.1772689819336,0.789763,,XPLG11,01-07-2023
113.57596588134766,114.9655532836914,110.86678314208984,113.29605102539062,803088.0,93.95455932617188,0.779766,,XPLG11,01-08-2023
112.55000305175781,115.52999877929688,111.95999908447266,113.4000015258789,657165.0,94.68640899658203,0.78,,XPLG11,01-09-2023
112.62000274658203,113.4800033569336,106.72000122070312,108.94999694824219,620845.0,91.60138702392578,0.78,,XPLG11,01-10-2023
108.16000366210938,109.48999786376953,105.55000305175781,107.52999877929688,835800.0,91.03368377685547,0.0,,XPLG11,01-11-2023
107.0199966430664,110.0999984741211,102.69000244140625,108.9000015258789,1851367.0,92.19349670410156,0.78,,XPLG11,01-12-2023
108.9000015258789,111.93000030517578,108.55999755859375,109.37000274658203,1007550.0,93.2679443359375,0.78,,XPLG11,01-01-2024
109.0,112.5,105.5,111.77999877929688,863399.0,96.01079559326172,0.0,,XPLG11,01-02-2024
111.5,112.33000183105469,107.30999755859375,110.2699966430664,1020355.0,94.71382141113281,0.78,,XPLG11,01-03-2024
109.48999786376953,110.5999984741211,104.2300033569336,104.73999786376953,989420.0,90.59613800048828,0.78,,XPLG11,01-04-2024
104.73999786376953,105.6500015258789,102.9000015258789,104.8499984741211,910728.0,91.33736419677734,0.78,,XPLG11,01-05-2024
104.0999984741211,104.98999786376953,97.01000213623047,99.87999725341797,1311962.0,87.66069030761719,0.78,,XPLG11,01-06-2024
99.0,104.37999725341797,97.5,103.91000366210938,943300.0,91.88119506835938,0.78,,XPLG11,01-07-2024
103.12999725341797,104.25,100.4000015258789,103.23999786376953,810986.0,92.00726318359375,0.78,,XPLG11,01-08-2024
102.5,102.98999786376953,98.98999786376953,100.54000091552734,746104.0,90.27871704101562,0.78,,XPLG11,01-09-2024
99.76000213623047,100.4800033569336,95.0,96.94999694824219,961095.0,87.71783447265625,0.78,,XPLG11,01-10-2024
96.16999816894531,97.33999633789062,93.5,94.0,838498.0,85.7137222290039,0.78,,XPLG11,01-11-2024
93.30999755859375,96.19999694824219,87.11000061035156,94.0999984741211,1225679.0,86.50083923339844,0.78,,XPLG11,01-12-2024
94.0999984741211,95.0,88.9000015258789,91.1500015258789,788968.0,84.49016571044922,0.78,,XPLG11,01-01-2025
90.4000015258789,96.73999786376953,88.5,91.8499984741211,982585.0,85.85062408447266,0.82,,XPLG11,01-02-2025
91.8499984741211,98.0,89.6500015258789,97.80000305175781,710654.0,92.2418212890625,0.82,,XPLG11,01-03-2025
97.87000274658203,102.94999694824219,92.05999755859375,101.19999694824219,604240.0,96.30840301513672,0.82,,XPLG11,01-04-2025
101.19999694824219,101.79000091552734,96.25,101.6500015258789,670928.0,97.55458068847656,0.82,,XPLG11,01-05-2025
100.83000183105469,101.26000213623047,96.62000274658203,99.48999786376953,656574.0,96.26158905029297,0.82,,XPLG11,01-06-2025
98.6500015258789,100.5999984741211,96.69000244140625,98.97000122070312,646517.0,96.53722381591797,0.82,,XPLG11,01-07-2025
98.94999694824219,99.98999786376953,95.05999755859375,99.30000305175781,631796.0,97.6640625,0.82,,XPLG11,01-08-2025
98.4800033569336,100.5,96.69000244140625,100.29000091552734,395823.0,99.46182250976562,0.82,,XPLG11,01-09-2025
0.0,0.0,0.0,100.29000091552734,0.0,100.29000091552734,0.0,,XPLG11,15-09-2025
96.19999694824219,97.23999786376953,92.88999938964844,93.05000305175781,411811.0,61.567100524902344,0.0,,XPSF11,01-10-2020
93.05000305175781,96.55000305175781,92.47000122070312,95.98999786376953,396724.0,63.5123405456543,0.0,,XPSF11,01-11-2020
95.9000015258789,97.5,94.30000305175781,97.23999786376953,324469.0,64.33942413330078,0.0,,XPSF11,01-12-2020
97.23999786376953,97.5,95.0199966430664,96.20999908447266,346830.0,63.657928466796875,0.0,,XPSF11,01-01-2021
95.62999725341797,97.98999786376953,95.23999786376953,97.4000015258789,317799.0,64.4452896118164,0.0,,XPSF11,01-02-2021
96.97000122070312,96.97000122070312,94.5,96.87999725341797,347894.0,64.10124206542969,0.0,,XPSF11,01-03-2021
96.0,98.87999725341797,95.26000213623047,97.6500015258789,352357.0,64.61070251464844,0.0,,XPSF11,01-04-2021
97.6500015258789,98.91999816894531,96.95999908447266,98.19999694824219,345770.0,64.9746322631836,0.0,,XPSF11,01-05-2021
98.0,98.1500015258789,89.11000061035156,93.9000015258789,410031.0,62.1295280456543,0.0,,XPSF11,01-06-2021
93.79000091552734,95.48999786376953,90.01000213623047,94.80000305175781,210570.0,62.725013732910156,0.0,,XPSF11,01-07-2021
92.97000122070312,93.3499984741211,81.44999694824219,84.80000305175781,332551.0,56.10842514038086,0.0,,XPSF11,01-08-2021
84.25,84.98999786376953,81.12999725341797,82.08000183105469,220917.0,54.30873107910156,0.0,,XPSF11,01-09-2021
81.98999786376953,82.94000244140625,76.69999694824219,79.0999984741211,230986.0,52.33700180053711,0.0,,XPSF11,01-10-2021
78.55000305175781,79.0199966430664,69.01000213623047,70.98999786376953,236376.0,46.970951080322266,0.0,,XPSF11,01-11-2021
70.5,83.05999755859375,69.31999969482422,82.62000274658203,213920.0,54.666015625,0.0,,XPSF11,01-12-2021
82.5,83.88999938964844,78.08999633789062,78.94999694824219,172548.0,52.23775100708008,0.0,,XPSF11,01-01-2022
77.9800033569336,78.69000244140625,70.94999694824219,72.2699966430664,205417.0,47.81789016723633,0.0,,XPSF11,01-02-2022
72.2699966430664,72.2699966430664,68.4000015258789,69.94999694824219,291268.0,46.2828369140625,0.0,,XPSF11,01-03-2022
69.41000366210938,76.47000122070312,69.02999877929688,73.44999694824219,327567.0,48.598636627197266,0.67,,XPSF11,01-04-2022
73.08000183105469,75.4000015258789,6.860000133514404,7.170000076293945,2050254.0,4.789953708648682,0.68,,XPSF11,01-05-2022
7.070000171661377,7.400000095367432,7.010000228881836,7.099999904632568,1890621.0,4.78751277923584,0.069,,XPSF11,01-06-2022
7.050000190734863,7.449999809265137,6.900000095367432,7.239999771118164,1646651.0,4.92935037612915,0.07,,XPSF11,01-07-2022
7.159999847412109,7.909999847412109,6.940000057220459,7.909999847412109,2377137.0,5.439145088195801,0.071,,XPSF11,01-08-2022
7.820000171661377,7.900000095367432,7.53000020980835,7.670000076293945,1800215.0,5.326348781585693,0.075,,XPSF11,01-09-2022
7.599999904632568,7.889999866485596,7.429999828338623,7.760000228881836,1979820.0,5.440430641174316,0.076,,XPSF11,01-10-2022
7.670000076293945,7.849999904632568,7.059999942779541,7.389999866485596,1861621.0,5.232882499694824,0.077,,XPSF11,01-11-2022
7.329999923706055,7.619999885559082,7.050000190734863,7.599999904632568,1611234.0,5.43551778793335,0.077,,XPSF11,01-12-2022
7.519999980926514,7.559999942779541,7.119999885559082,7.269999980926514,1461670.0,5.254249095916748,0.077,,XPSF11,01-01-2023
7.21999979019165,7.21999979019165,6.900000095367432,7.0,1890823.0,5.110892295837402,0.075,,XPSF11,01-02-2023
6.949999809265137,7.28000020980835,6.900000095367432,7.050000190734863,1951952.0,5.20105504989624,0.076,,XPSF11,01-03-2023
6.929999828338623,7.25,6.650000095367432,7.059999942779541,1888749.0,5.265601634979248,0.076,,XPSF11,01-04-2023
7.059999942779541,7.46999979019165,6.949999809265137,7.440000057220459,1810247.0,5.609490394592285,0.076,,XPSF11,01-05-2023
7.429999828338623,8.09000015258789,7.340000152587891,8.010000228881836,1655454.0,6.1049699783325195,0.076,,XPSF11,01-06-2023
8.010000228881836,8.489999771118164,7.659999847412109,8.399999618530273,2058336.0,6.468288421630859,0.08,,XPSF11,01-07-2023
8.319999694824219,8.880000114440918,8.270000457763672,8.720000267028809,1633699.0,6.78244161605835,0.075,,XPSF11,01-08-2023
8.720000267028809,8.720000267028809,8.199999809265137,8.319999694824219,1332839.0,6.529619216918945,0.075,,XPSF11,01-09-2023
8.199999809265137,8.350000381469727,7.789999961853027,8.0,1558783.0,6.332949161529541,0.075,,XPSF11,01-10-2023
7.929999828338623,8.220000267028809,7.800000190734863,7.889999866485596,1463423.0,6.3026862144470215,0.075,,XPSF11,01-11-2023
7.820000171661377,8.520000457763672,7.78000020980835,8.319999694824219,1606066.0,6.709076881408691,0.075,,XPSF11,01-12-2023
8.319999694824219,8.579999923706055,8.170000076293945,8.5600004196167,1527733.0,6.968851089477539,0.075,,XPSF11,01-01-2024
8.489999771118164,8.520000457763672,8.260000228881836,8.470000267028809,1162167.0,6.9583048820495605,0.075,,XPSF11,01-02-2024
8.399999618530273,8.449999809265137,8.15999984741211,8.380000114440918,1276433.0,6.945219993591309,0.075,,XPSF11,01-03-2024
8.300000190734863,8.390000343322754,8.119999885559082,8.239999771118164,1250304.0,6.890201091766357,0.075,,XPSF11,01-04-2024
8.210000038146973,8.229999542236328,8.050000190734863,8.069999694824219,1268407.0,6.808988571166992,0.075,,XPSF11,01-05-2024
8.0,8.050000190734863,7.46999979019165,7.940000057220459,1773211.0,6.760839939117432,0.075,,XPSF11,01-06-2024
7.920000076293945,7.920000076293945,7.570000171661377,7.639999866485596,1333367.0,6.566418170928955,0.07,,XPSF11,01-07-2024
7.5,7.590000152587891,7.260000228881836,7.550000190734863,1578571.0,6.54678201675415,0.07,,XPSF11,01-08-2024
7.53000020980835,7.539999961853027,7.059999942779541,7.199999809265137,2233750.0,6.301021099090576,0.07,,XPSF11,01-09-2024
7.079999923706055,7.150000095367432,6.550000190734863,6.829999923706055,2051534.0,6.033154487609863,0.07,,XPSF11,01-10-2024
6.75,6.820000171661377,6.460000038146973,6.5,1460792.0,5.798025131225586,0.07,,XPSF11,01-11-2024
6.480000019073486,6.489999771118164,5.590000152587891,6.389999866485596,2225908.0,5.758927345275879,0.07,,XPSF11,01-12-2024
6.389999866485596,6.389999866485596,5.599999904632568,5.760000228881836,2045343.0,5.247659206390381,0.076,,XPSF11,01-01-2025
5.619999885559082,5.940000057220459,5.409999847412109,5.820000171661377,1678016.0,5.366145133972168,0.06,,XPSF11,01-02-2025
5.820000171661377,6.050000190734863,5.659999847412109,6.010000228881836,2446810.0,5.599658966064453,0.06,,XPSF11,01-03-2025
5.960000038146973,6.519999980926514,5.699999809265137,6.389999866485596,1662346.0,6.015731334686279,0.06,,XPSF11,01-04-2025
6.329999923706055,6.440000057220459,6.110000133514404,6.309999942779541,1006781.0,6.000319957733154,0.06,,XPSF11,01-05-2025
6.300000190734863,6.300000190734863,6.010000228881836,6.139999866485596,1114344.0,5.894006252288818,0.06,,XPSF11,01-06-2025
6.110000133514404,6.119999885559082,5.96999979019165,6.079999923706055,1566865.0,5.892439365386963,0.06,,XPSF11,01-07-2025
6.059999942779541,6.099999904632568,5.869999885559082,6.070000171661377,1911867.0,5.940802097320557,0.065,,XPSF11,01-08-2025
6.0,6.170000076293945,5.840000152587891,6.170000076293945,2058933.0,6.10392951965332,0.065,,XPSF11,01-09-2025
0.0,0.0,0.0,6.170000076293945,0.0,6.170000076293945,0.0,,XPSF11,15-09-2025
95.6891860961914,99.46875762939453,94.98926544189453,97.28900909423828,204755.0,62.318782806396484,0.0,,CVBI11,01-10-2020
97.28900909423828,101.58851623535156,97.28900909423828,98.67884826660156,306159.0,63.209049224853516,0.0,,CVBI11,01-11-2020
98.68885040283203,105.78804779052734,98.68885040283203,104.8781509399414,368102.0,67.18000030517578,0.0,,CVBI11,01-12-2020
104.8781509399414,111.09744262695312,104.19822692871094,108.16777801513672,740663.0,69.28720092773438,0.0,,CVBI11,01-01-2021
108.17777252197266,111.39741516113281,105.57807159423828,109.00768280029297,614631.0,69.82521057128906,0.0,,CVBI11,01-02-2021
110.17755126953125,110.78748321533203,105.40808868408203,105.98802185058594,734776.0,67.89096069335938,0.0,,CVBI11,01-03-2021
105.9980239868164,107.94779968261719,104.30821228027344,105.53807067871094,765497.0,67.60272979736328,0.0,,CVBI11,01-04-2021
105.6380615234375,106.87792205810547,103.96825408935547,104.9881362915039,626436.0,67.2504653930664,0.0,,CVBI11,01-05-2021
105.02812957763672,105.93802642822266,98.00892639160156,101.52852630615234,804120.0,65.03443145751953,0.0,,CVBI11,01-06-2021
101.68850708007812,105.73805236816406,101.68850708007812,103.68828582763672,699116.0,66.41785430908203,0.0,,CVBI11,01-07-2021
103.69828033447266,104.48818969726562,99.88871002197266,101.98847198486328,678392.0,65.32902526855469,0.0,,CVBI11,01-08-2021
101.98847198486328,103.23833465576172,100.4886474609375,101.47853088378906,564512.0,65.00238037109375,0.0,,CVBI11,01-09-2021
101.44853973388672,103.9782485961914,100.87860107421875,101.48853302001953,632456.0,65.0087890625,0.0,,CVBI11,01-10-2021
101.58851623535156,101.98847198486328,94.48931884765625,97.7789535522461,865211.0,62.632606506347656,0.0,,CVBI11,01-11-2021
97.7789535522461,103.47830963134766,96.7890625,102.23844909667969,712993.0,65.48915100097656,0.0,,CVBI11,01-12-2021
103.17833709716797,104.92814636230469,100.27867126464844,101.61851501464844,953664.0,65.09205627441406,0.0,,CVBI11,01-01-2022
102.01847076416016,103.04835510253906,96.77906036376953,100.22867584228516,625973.0,64.2017822265625,0.0,,CVBI11,01-02-2022
100.22867584228516,102.77838897705078,97.50897979736328,102.77838897705078,778491.0,65.83499908447266,0.0,,CVBI11,01-03-2022
102.76838684082031,104.48818969726562,99.5887451171875,100.0999984741211,763117.0,64.11936950683594,1.119873,,CVBI11,01-04-2022
100.27999877929688,102.30000305175781,99.0,100.93000030517578,607600.0,65.36029052734375,1.5,,CVBI11,01-05-2022
101.0999984741211,101.94000244140625,98.52999877929688,99.5,602589.0,65.4075927734375,1.55,,CVBI11,01-06-2022
99.5,100.80000305175781,96.0,97.69999694824219,536876.0,65.22109985351562,1.3,,CVBI11,01-07-2022
97.77999877929688,98.79000091552734,90.5199966430664,92.08999633789062,719785.0,62.2842903137207,1.0,,CVBI11,01-08-2022
92.02999877929688,95.0,89.5999984741211,90.19000244140625,816162.0,61.63169860839844,0.76,,CVBI11,01-09-2022
90.19000244140625,92.77999877929688,87.25,90.5199966430664,766723.0,62.37471389770508,0.66,,CVBI11,01-10-2022
90.94999694824219,91.58000183105469,87.16999816894531,88.31999969482422,679672.0,61.29948806762695,0.66,,CVBI11,01-11-2022
88.3499984741211,91.0,83.30999755859375,86.30000305175781,592895.0,60.33506774902344,0.75,,CVBI11,01-12-2022
86.30000305175781,91.30000305175781,86.12000274658203,87.95999908447266,713017.0,62.00668716430664,1.1,,CVBI11,01-01-2023
87.95999908447266,90.4000015258789,86.1500015258789,89.5,386511.0,63.86394119262695,1.1,,CVBI11,01-02-2023
89.51000213623047,90.5,87.0199966430664,89.23999786376953,500764.0,64.46499633789062,1.0,,CVBI11,01-03-2023
89.0999984741211,89.47000122070312,84.16000366210938,87.45999908447266,446089.0,63.88778305053711,1.05,,CVBI11,01-04-2023
87.45999908447266,89.98999786376953,86.5199966430664,88.94000244140625,545004.0,65.76376342773438,1.05,,CVBI11,01-05-2023
88.94000244140625,91.95999908447266,88.54000091552734,89.5999984741211,713545.0,67.04247283935547,0.0,,CVBI11,01-06-2023
89.5999984741211,93.98999786376953,89.22000122070312,92.19000244140625,657978.0,68.98041534423828,1.05,,CVBI11,01-07-2023
92.1500015258789,97.73999786376953,90.55000305175781,93.44999694824219,658585.0,70.71992492675781,0.85,,CVBI11,01-08-2023
93.44999694824219,94.75,91.0,92.18000030517578,480150.0,70.38797760009766,0.9,,CVBI11,01-09-2023
92.18000030517578,93.98999786376953,88.5999984741211,90.62999725341797,516281.0,69.878173828125,0.7,,CVBI11,01-10-2023
90.5999984741211,92.69000244140625,87.1500015258789,89.31999969482422,552881.0,69.38817596435547,0.75,,CVBI11,01-11-2023
89.31999969482422,95.0,87.26000213623047,92.43000030517578,567020.0,72.39812469482422,0.8,,CVBI11,01-12-2023
92.43000030517578,94.41000366210938,91.70999908447266,93.9800033569336,576725.0,74.2769546508789,0.85,,CVBI11,01-01-2024
93.76000213623047,96.0,91.91000366210938,95.5,512216.0,76.16554260253906,1.05,,CVBI11,01-02-2024
95.5,97.47000122070312,93.76000213623047,95.1500015258789,550435.0,76.74817657470703,0.95,,CVBI11,01-03-2024
95.1500015258789,97.41000366210938,93.5,94.20999908447266,752757.0,76.74606323242188,1.08,,CVBI11,01-04-2024
94.38999938964844,95.98999786376953,93.01000213623047,95.16999816894531,568462.0,78.40300750732422,1.11,,CVBI11,01-05-2024
95.16000366210938,96.0,89.5999984741211,93.9800033569336,560721.0,78.33440399169922,0.85,,CVBI11,01-06-2024
94.36000061035156,96.43000030517578,90.61000061035156,93.69999694824219,873022.0,78.81444549560547,0.88,,CVBI11,01-07-2024
93.69999694824219,94.75,91.9000015258789,93.94000244140625,539890.0,79.77098083496094,0.97,,CVBI11,01-08-2024
94.0999984741211,94.69000244140625,89.05000305175781,89.44999694824219,441908.0,76.75448608398438,0.86,,CVBI11,01-09-2024
89.44999694824219,90.23999786376953,83.0,87.30000305175781,559459.0,75.60138702392578,0.78,,CVBI11,01-10-2024
87.30000305175781,88.19000244140625,82.06999969482422,86.25,515158.0,75.35511779785156,0.9,,CVBI11,01-11-2024
87.05000305175781,87.93000030517578,72.19999694824219,84.0,752662.0,74.17377471923828,0.9,,CVBI11,01-12-2024
84.0,84.55000305175781,74.5999984741211,78.18000030517578,441452.0,69.83494567871094,1.05,,CVBI11,01-01-2025
77.11000061035156,85.9000015258789,74.8499984741211,85.05000305175781,414266.0,76.947998046875,1.05,,CVBI11,01-02-2025
85.05000305175781,85.91000366210938,82.66999816894531,83.9000015258789,427450.0,76.95297241210938,1.05,,CVBI11,01-03-2025
83.98999786376953,86.80000305175781,81.1500015258789,85.4000015258789,474397.0,79.3053207397461,1.05,,CVBI11,01-04-2025
85.4000015258789,88.80000305175781,85.31999969482422,86.88999938964844,452256.0,81.72219848632812,1.05,,CVBI11,01-05-2025
87.4800033569336,87.5,81.76000213623047,84.36000061035156,505037.0,80.31228637695312,1.05,,CVBI11,01-06-2025
84.81999969482422,87.3499984741211,83.69999694824219,84.94999694824219,516884.0,81.87548065185547,1.05,,CVBI11,01-07-2025
85.31999969482422,87.30000305175781,84.0199966430664,84.75,475868.0,82.68726348876953,1.05,,CVBI11,01-08-2025
84.75,85.69000244140625,81.05999755859375,82.37000274658203,669667.0,81.35594940185547,1.05,,CVBI11,01-09-2025
0.0,82.37000274658203,82.37000274658203,82.37000274658203,0.0,82.37000274658203,0.0,,CVBI11,15-09-2025
89.22000122070312,93.5,87.0199966430664,88.0999984741211,98281.0,57.72258758544922,0.0,,RVBI11,01-10-2020
88.0999984741211,95.0,87.5,92.9800033569336,119456.0,60.919944763183594,0.0,,RVBI11,01-11-2020
93.0,94.0,90.01000213623047,93.69999694824219,124301.0,61.39168167114258,0.0,,RVBI11,01-12-2020
93.69999694824219,98.12999725341797,91.98999786376953,95.38999938964844,114689.0,62.49897384643555,0.0,,RVBI11,01-01-2021
95.38999938964844,98.0,94.01000213623047,94.05999755859375,107817.0,61.627540588378906,0.0,,RVBI11,01-02-2021
94.06999969482422,95.04000091552734,89.5,93.55000305175781,119317.0,61.293418884277344,0.0,,RVBI11,01-03-2021
93.5,95.0,91.51000213623047,92.80999755859375,99839.0,60.80855178833008,0.0,,RVBI11,01-04-2021
93.31999969482422,99.29000091552734,90.0,95.56999969482422,122735.0,62.616878509521484,0.0,,RVBI11,01-05-2021
97.0,97.5999984741211,86.02999877929688,87.0999984741211,95396.0,57.06740188598633,0.0,,RVBI11,01-06-2021
89.0,96.4800033569336,86.05999755859375,91.0,97217.0,59.62266159057617,0.0,,RVBI11,01-07-2021
91.29000091552734,94.5,80.98999786376953,92.08999633789062,118030.0,60.33680725097656,0.0,,RVBI11,01-08-2021
92.08999633789062,93.0,85.55000305175781,85.80000305175781,87119.0,56.21564865112305,0.0,,RVBI11,01-09-2021
85.80000305175781,88.8499984741211,82.01000213623047,83.80000305175781,79012.0,54.90525436401367,0.0,,RVBI11,01-10-2021
82.11000061035156,83.80000305175781,73.04000091552734,74.83999633789062,80913.0,49.03472900390625,0.0,,RVBI11,01-11-2021
74.83000183105469,85.08000183105469,74.83000183105469,84.01000213623047,100302.0,55.04285430908203,0.0,,RVBI11,01-12-2021
84.43000030517578,84.98999786376953,78.26000213623047,79.0,74839.0,51.76032257080078,0.0,,RVBI11,01-01-2022
79.01000213623047,83.37999725341797,76.11000061035156,79.31999969482422,75523.0,51.96998596191406,0.0,,RVBI11,01-02-2022
79.31999969482422,80.0,75.38999938964844,77.38999938964844,72618.0,50.705474853515625,0.0,,RVBI11,01-03-2022
77.79000091552734,85.48999786376953,77.0,79.36000061035156,70483.0,51.9962043762207,0.75,,RVBI11,01-04-2022
79.37000274658203,80.81999969482422,73.66000366210938,75.86000061035156,68615.0,50.15111541748047,0.75,,RVBI11,01-05-2022
76.91999816894531,76.94999694824219,73.01000213623047,74.75,63086.0,49.90266799926758,0.75,,RVBI11,01-06-2022
74.7699966430664,77.93000030517578,73.33000183105469,75.94999694824219,89416.0,51.20512390136719,0.75,,RVBI11,01-07-2022
76.0,81.45999908447266,75.0,80.3499984741211,70645.0,54.71921920776367,0.75,,RVBI11,01-08-2022
81.47000122070312,82.94999694824219,77.79000091552734,80.66000366210938,61823.0,55.47492980957031,0.75,,RVBI11,01-09-2022
80.68000030517578,82.66000366210938,76.44000244140625,77.31999969482422,89316.0,53.67353820800781,0.75,,RVBI11,01-10-2022
76.5199966430664,79.47000122070312,72.98999786376953,74.1500015258789,66858.0,51.95395278930664,0.75,,RVBI11,01-11-2022
74.7699966430664,76.06999969482422,70.0199966430664,72.66999816894531,53338.0,51.41524887084961,0.75,,RVBI11,01-12-2022
72.66999816894531,76.79000091552734,70.0,71.5,57510.0,51.10015869140625,0.75,,RVBI11,01-01-2023
71.4000015258789,71.88999938964844,68.94999694824219,69.83999633789062,54547.0,50.43184280395508,0.75,,RVBI11,01-02-2023
69.81999969482422,71.62000274658203,68.0,70.4000015258789,57738.0,51.37672805786133,0.75,,RVBI11,01-03-2023
70.4000015258789,75.93000030517578,69.37999725341797,75.4000015258789,40739.0,55.62005615234375,0.75,,RVBI11,01-04-2023
75.4000015258789,79.79000091552734,73.66999816894531,78.80999755859375,40138.0,58.757225036621094,0.75,,RVBI11,01-05-2023
78.80999755859375,88.25,78.43000030517578,80.8499984741211,57751.0,60.88359832763672,0.75,,RVBI11,01-06-2023
81.0,86.2300033569336,80.4800033569336,85.25,52179.0,64.80964660644531,0.75,,RVBI11,01-07-2023
86.22000122070312,89.0,82.54000091552734,83.45999908447266,56876.0,64.0273666381836,0.75,,RVBI11,01-08-2023
83.5999984741211,85.97000122070312,81.02999877929688,82.9800033569336,65848.0,64.2051010131836,0.75,,RVBI11,01-09-2023
82.9800033569336,84.86000061035156,80.02999877929688,81.05000305175781,50547.0,63.275516510009766,0.75,,RVBI11,01-10-2023
81.04000091552734,83.43000030517578,80.4000015258789,81.83999633789062,50606.0,64.47087097167969,0.75,,RVBI11,01-11-2023
81.80000305175781,83.9800033569336,77.95999908447266,83.0,47882.0,65.99169158935547,0.65,,RVBI11,01-12-2023
83.0,86.0,82.4000015258789,83.69999694824219,51672.0,67.08226776123047,0.75,,RVBI11,01-01-2024
83.69999694824219,91.05999755859375,80.80000305175781,84.81999969482422,77020.0,68.59158325195312,0.75,,RVBI11,01-02-2024
86.66999816894531,89.9800033569336,79.69000244140625,80.94999694824219,349540.0,66.05548095703125,0.75,,RVBI11,01-03-2024
81.08999633789062,81.5,75.83999633789062,77.80000305175781,808996.0,64.04021453857422,0.75,,RVBI11,01-04-2024
77.80000305175781,79.0,75.5199966430664,76.0,959358.0,63.152462005615234,0.75,,RVBI11,01-05-2024
76.0,76.55999755859375,72.06999969482422,73.30999755859375,348129.0,61.50347137451172,0.75,,RVBI11,01-06-2024
73.58000183105469,75.0,72.54000091552734,74.9800033569336,436076.0,63.53271484375,0.75,,RVBI11,01-07-2024
74.5999984741211,76.98999786376953,72.80999755859375,74.19999694824219,385526.0,63.51606750488281,0.75,,RVBI11,01-08-2024
74.2300033569336,74.69999694824219,71.30000305175781,71.66000366210938,682818.0,61.96546173095703,0.75,,RVBI11,01-09-2024
71.55000305175781,72.0,67.5,69.94999694824219,517232.0,61.10023880004883,0.75,,RVBI11,01-10-2024
69.94999694824219,69.9800033569336,64.47000122070312,65.4000015258789,491456.0,57.737770080566406,0.75,,RVBI11,01-11-2024
65.5999984741211,66.44999694824219,56.79999923706055,64.4000015258789,574349.0,57.479713439941406,0.75,,RVBI11,01-12-2024
64.4000015258789,65.27999877929688,58.099998474121094,59.880001068115234,375893.0,54.11516571044922,0.75,,RVBI11,01-01-2025
59.880001068115234,61.22999954223633,56.790000915527344,60.20000076293945,409236.0,55.07657241821289,0.7,,RVBI11,01-02-2025
60.20000076293945,65.0,60.08000183105469,64.38999938964844,267698.0,59.629390716552734,0.7,,RVBI11,01-03-2025
64.69999694824219,68.69999694824219,61.41999816894531,68.55999755859375,287029.0,64.21515655517578,0.7,,RVBI11,01-04-2025
68.55999755859375,68.55999755859375,64.62000274658203,66.27999877929688,402533.0,62.78499221801758,0.7,,RVBI11,01-05-2025
66.5199966430664,66.98999786376953,62.16999816894531,65.4000015258789,312916.0,62.6020393371582,0.7,,RVBI11,01-06-2025
65.80000305175781,66.0,62.29999923706055,63.36000061035156,279687.0,61.301761627197266,0.7,,RVBI11,01-07-2025
63.5,64.13999938964844,60.22999954223633,62.56999969482422,261502.0,61.19268798828125,0.7,,RVBI11,01-08-2025
62.599998474121094,64.63999938964844,62.150001525878906,63.5,210445.0,62.79999923706055,0.7,,RVBI11,01-09-2025
0.0,0.0,0.0,63.5,0.0,63.5,0.0,,RVBI11,15-09-2025
123.30581665039062,130.2564239501953,115.17850494384766,125.37005615234375,1175223.0,79.7615966796875,0.0,,IRDM11,01-10-2020
125.37005615234375,130.5157012939453,116.26547241210938,124.65206146240234,1653101.0,79.30480194091797,0.0,,IRDM11,01-11-2020
124.65206146240234,138.11448669433594,123.20610046386719,136.80813598632812,1032767.0,87.03861236572266,0.0,,IRDM11,01-12-2020
136.80813598632812,143.58920288085938,132.22093200683594,138.00479125976562,1170636.0,87.79994201660156,0.0,,IRDM11,01-01-2021
138.0247344970703,158.5574188232422,138.0247344970703,152.28492736816406,1183652.0,96.88508605957031,0.0,,IRDM11,01-02-2021
152.8932342529297,155.44610595703125,129.83758544921875,133.74667358398438,2013304.0,85.09088134765625,0.0,,IRDM11,01-03-2021
133.87631225585938,140.49783325195312,133.87631225585938,138.63304138183594,1053916.0,88.19961547851562,0.0,,IRDM11,01-04-2021
138.7227783203125,141.604736328125,120.60336303710938,130.70516967773438,1477254.0,83.15583801269531,0.0,,IRDM11,01-05-2021
130.86471557617188,132.42037963867188,116.1657485961914,125.66921997070312,1632936.0,79.95193481445312,0.0,,IRDM11,01-06-2021
125.75897216796875,129.6381378173828,116.5746078491211,117.67154693603516,1816427.0,74.86372375488281,0.0,,IRDM11,01-07-2021
117.4920425415039,118.49923706054688,107.04121398925781,116.6444091796875,2104748.0,74.21024322509766,0.0,,IRDM11,01-08-2021
116.8338851928711,117.86101531982422,109.34478759765625,109.943115234375,1519624.0,69.94683837890625,0.0,,IRDM11,01-09-2021
110.01292419433594,114.38072967529297,106.40299987792969,108.57693481445312,1361499.0,69.0776596069336,0.0,,IRDM11,01-10-2021
108.57693481445312,109.5940933227539,100.82855987548828,101.8556900024414,1460996.0,64.80152893066406,0.0,,IRDM11,01-11-2021
101.93547058105469,109.49436950683594,100.22026062011719,108.66667938232422,2163941.0,69.1347427368164,0.0,,IRDM11,01-12-2021
108.76640319824219,111.47882843017578,105.81464385986328,108.52706909179688,1657956.0,69.04594421386719,0.0,,IRDM11,01-01-2022
108.52706909179688,110.08272552490234,104.71770477294922,108.0982666015625,1373070.0,68.7730941772461,0.0,,IRDM11,01-02-2022
108.0982666015625,109.4644546508789,101.21747589111328,108.98578643798828,3297431.0,69.33777618408203,0.0,,IRDM11,01-03-2022
109.39464569091797,111.28936004638672,104.77753448486328,106.42294311523438,1592655.0,67.70724487304688,1.17863,,IRDM11,01-04-2022
106.40299987792969,107.7093505859375,101.36705780029297,104.50828552246094,1413202.0,67.20136260986328,1.257452,,IRDM11,01-05-2022
104.6080093383789,106.40299987792969,100.51942443847656,101.61636352539062,1296362.0,66.12842559814453,1.348696,,IRDM11,01-06-2022
101.80583190917969,105.2761459350586,101.61636352539062,102.48999786376953,1368286.0,67.56144714355469,1.283459,,IRDM11,01-07-2022
102.37999725341797,102.81999969482422,100.01000213623047,101.7300033569336,1733867.0,67.89263916015625,1.327067,,IRDM11,01-08-2022
101.73999786376953,103.7699966430664,101.02999877929688,103.01000213623047,1227701.0,69.65431213378906,1.265012,,IRDM11,01-09-2022
103.01000213623047,103.75,98.80999755859375,99.75,1435416.0,68.28597259521484,0.85032,,IRDM11,01-10-2022
99.94999694824219,101.36000061035156,94.5,94.80000305175781,1406119.0,65.43675231933594,0.788128,,IRDM11,01-11-2022
94.93000030517578,95.80000305175781,87.51000213623047,92.3499984741211,1505635.0,64.25526428222656,0.701563,,IRDM11,01-12-2022
91.51000213623047,93.76000213623047,90.56999969482422,91.72000122070312,1136215.0,64.28978729248047,0.896317,,IRDM11,01-01-2023
91.69999694824219,91.88999938964844,88.5,89.87000274658203,1038381.0,63.608245849609375,0.947851,,IRDM11,01-02-2023
89.93000030517578,90.80999755859375,75.08000183105469,80.45999908447266,2097045.0,57.544063568115234,0.927821,,IRDM11,01-03-2023
81.70999908447266,83.4000015258789,76.68000030517578,79.0,1593457.0,57.097347259521484,0.91119,,IRDM11,01-04-2023
79.0,90.38999938964844,79.0,85.5,1520595.0,62.51372528076172,0.912694,,IRDM11,01-05-2023
85.81999969482422,89.4000015258789,85.5199966430664,88.81999969482422,1217353.0,65.63790893554688,0.867513,,IRDM11,01-06-2023
88.98999786376953,90.0,85.18000030517578,86.76000213623047,1120951.0,64.75458526611328,0.874934,,IRDM11,01-07-2023
86.76000213623047,88.0,80.08000183105469,81.69999694824219,1451938.0,61.57805633544922,0.808716,,IRDM11,01-08-2023
81.55000305175781,84.0,77.80000305175781,78.94999694824219,1395901.0,60.06174850463867,0.739753,,IRDM11,01-09-2023
79.16000366210938,80.41999816894531,77.58999633789062,78.7699966430664,1204989.0,60.463706970214844,0.800673,,IRDM11,01-10-2023
78.62999725341797,79.8499984741211,72.33000183105469,72.43000030517578,1632829.0,56.159271240234375,0.712128,,IRDM11,01-11-2023
72.43000030517578,82.86000061035156,72.43000030517578,82.0,1302975.0,64.15653991699219,0.77,,IRDM11,01-12-2023
82.0,83.47000122070312,77.30000305175781,77.69999694824219,1158187.0,61.42030334472656,0.7,,IRDM11,01-01-2024
77.69999694824219,78.25,74.02999877929688,74.88999938964844,1058719.0,59.71420669555664,0.75,,IRDM11,01-02-2024
75.0,77.0,74.19999694824219,76.98999786376953,1106580.0,61.98659896850586,0.78,,IRDM11,01-03-2024
76.98999786376953,79.0999984741211,74.94999694824219,75.66999816894531,971059.0,61.55558776855469,0.8,,IRDM11,01-04-2024
75.66999816894531,78.25,74.9000015258789,75.80000305175781,1146642.0,62.292728424072266,0.81,,IRDM11,01-05-2024
75.95999908447266,76.0,71.19999694824219,72.2300033569336,1283030.0,59.98080825805664,0.74,,IRDM11,01-06-2024
72.29000091552734,74.80999755859375,71.05999755859375,71.94999694824219,1158391.0,60.35272216796875,0.74,,IRDM11,01-07-2024
71.97000122070312,72.5,70.41000366210938,72.0,1093947.0,61.00469970703125,0.74,,IRDM11,01-08-2024
72.0,72.38999938964844,65.86000061035156,67.58999633789062,1241801.0,57.86623001098633,0.7,,IRDM11,01-09-2024
67.0999984741211,68.5,62.75,67.25,1671061.0,58.144622802734375,0.8,,IRDM11,01-10-2024
67.93000030517578,68.5,65.0,66.44000244140625,1075286.0,58.156776428222656,0.75,,IRDM11,01-11-2024
66.44999694824219,66.94000244140625,57.5099983215332,62.810001373291016,1280863.0,55.59532928466797,0.77,,IRDM11,01-12-2024
62.810001373291016,65.0,60.79999923706055,62.11000061035156,875992.0,55.65740203857422,0.93,,IRDM11,01-01-2025
62.099998474121094,63.97999954223633,60.380001068115234,63.5,887903.0,57.74073028564453,0.75,,IRDM11,01-02-2025
63.5,71.55999755859375,62.689998626708984,71.12000274658203,866866.0,65.455078125,0.8,,IRDM11,01-03-2025
71.4000015258789,71.88999938964844,66.6500015258789,69.22000122070312,797509.0,64.4757080078125,0.72,,IRDM11,01-04-2025
69.4800033569336,70.43000030517578,67.8499984741211,69.75,791218.0,65.66559600830078,0.83,,IRDM11,01-05-2025
69.98999786376953,70.0,65.5,68.9000015258789,850459.0,65.64676666259766,0.82,,IRDM11,01-06-2025
68.7699966430664,68.9800033569336,60.599998474121094,61.310001373291016,1928657.0,59.12215805053711,0.84,,IRDM11,01-07-2025
61.79999923706055,63.22999954223633,60.650001525878906,62.20000076293945,1310064.0,60.72959518432617,0.78,,IRDM11,01-08-2025
62.54999923706055,62.59000015258789,60.099998474121094,60.689998626708984,571068.0,60.002685546875,0.7,,IRDM11,01-09-2025
0.0,0.0,0.0,60.689998626708984,0.0,60.689998626708984,0.0,,IRDM11,15-09-2025
9.550000190734863,9.897000312805176,9.321000099182129,9.432999610900879,7041030.0,6.593040943145752,0.0,0.0,RBRF11,01-10-2020
9.432999610900879,10.045999526977539,9.432999610900879,9.850000381469727,7063940.0,6.884497165679932,0.0,0.0,RBRF11,01-11-2020
9.812000274658203,10.039999961853027,9.381999969482422,9.770000457763672,10190090.0,6.828581809997559,0.0,0.0,RBRF11,01-12-2020
9.770000457763672,10.0,9.536999702453613,9.802000045776367,9185900.0,6.850946426391602,0.0,0.0,RBRF11,01-01-2021
9.850000381469727,10.052000045776367,9.350000381469727,9.446000099182129,9582150.0,6.6021270751953125,0.0,0.0,RBRF11,01-02-2021
9.446000099182129,9.498000144958496,8.984000205993652,9.24899959564209,9394770.0,6.464437961578369,0.0,0.0,RBRF11,01-03-2021
9.24899959564209,9.390000343322754,9.149999618530273,9.170999526977539,8035250.0,6.409919261932373,0.0,0.0,RBRF11,01-04-2021
9.170999526977539,9.300000190734863,8.822999954223633,8.86299991607666,6667110.0,6.1946492195129395,0.0,0.0,RBRF11,01-05-2021
8.86299991607666,8.979999542236328,7.599999904632568,8.210000038146973,9663380.0,5.738245487213135,0.0,0.0,RBRF11,01-06-2021
8.260000228881836,8.64900016784668,7.875,8.1850004196167,6784120.0,5.720771789550781,0.0,0.0,RBRF11,01-07-2021
8.168999671936035,8.258000373840332,7.202000141143799,8.003999710083008,7761070.0,5.594263553619385,0.0,0.0,RBRF11,01-08-2021
8.010000228881836,8.25,7.355999946594238,7.5,7700380.0,5.242002010345459,0.0,0.0,RBRF11,01-09-2021
7.500999927520752,8.039999961853027,7.250999927520752,7.320000171661377,6297330.0,5.116194248199463,0.0,0.0,RBRF11,01-10-2021
7.321000099182129,7.494999885559082,6.521999835968018,6.870999813079834,6890600.0,4.802372455596924,0.0,0.0,RBRF11,01-11-2021
6.872000217437744,7.968999862670898,6.650000095367432,7.940000057220459,6170960.0,5.549532890319824,0.0,0.0,RBRF11,01-12-2021
7.940000057220459,7.940000057220459,7.111000061035156,7.186999797821045,11247650.0,5.02323579788208,0.0,0.0,RBRF11,01-01-2022
7.186999797821045,7.372000217437744,7.053999900817871,7.135000228881836,7941360.0,4.986891746520996,0.0,0.0,RBRF11,01-02-2022
7.135000228881836,7.249000072479248,6.711999893188477,7.208000183105469,7118330.0,5.037914276123047,0.0,0.0,RBRF11,01-03-2022
7.150000095367432,7.579999923706055,7.111999988555908,7.5,7021800.0,5.242002010345459,0.06,0.0,RBRF11,01-04-2022
7.46999979019165,7.495999813079834,6.781000137329102,7.179999828338623,6859450.0,5.058806896209717,0.06,0.0,RBRF11,01-05-2022
7.114999771118164,7.300000190734863,6.701000213623047,6.790999889373779,6714150.0,4.825073719024658,0.06,0.0,RBRF11,01-06-2022
6.801000118255615,6.98799991607666,6.699999809265137,6.886000156402588,5904350.0,4.933315277099609,0.071004,0.0,RBRF11,01-07-2022
6.886000156402588,7.75,6.8520002365112305,7.749000072479248,8879940.0,5.609527111053467,0.06,0.0,RBRF11,01-08-2022
7.75,7.877999782562256,7.302000045776367,7.646999835968018,9683100.0,5.58294153213501,0.06,0.0,RBRF11,01-09-2022
7.630000114440918,7.980000019073486,7.400000095367432,7.547999858856201,7580590.0,5.554462432861328,0.063,0.0,RBRF11,01-10-2022
7.550000190734863,7.672999858856201,6.8480000495910645,6.951000213623047,6707330.0,5.155858993530273,0.0,0.0,RBRF11,01-11-2022
6.952000141143799,7.230000019073486,6.5,6.881999969482422,5303160.0,5.104677200317383,0.063,0.0,RBRF11,01-12-2022
6.949999809265137,7.1579999923706055,6.551000118255615,6.630000114440918,7670260.0,4.961823463439941,0.063,0.0,RBRF11,01-01-2023
6.663000106811523,6.8470001220703125,6.257999897003174,6.408999919891357,5298850.0,4.840958118438721,0.063,0.0,RBRF11,01-02-2023
6.414999961853027,6.7270002365112305,6.184000015258789,6.2729997634887695,6378090.0,4.783412933349609,0.063,0.0,RBRF11,01-03-2023
6.315000057220459,6.818999767303467,6.300000190734863,6.760000228881836,4723430.0,5.205298900604248,0.063,0.0,RBRF11,01-04-2023
6.760000228881836,7.5,6.5,7.276000022888184,8507020.0,5.656188488006592,0.063,0.0,RBRF11,01-05-2023
7.276000022888184,8.064000129699707,7.02400016784668,8.0,9137400.0,6.274715900421143,0.063,0.0,RBRF11,01-06-2023
8.0,8.40999984741211,7.75,8.401000022888184,6891770.0,6.645969867706299,0.063,0.0,RBRF11,01-07-2023
8.40999984741211,8.895999908447266,8.14799976348877,8.307999610900879,10772940.0,6.624447822570801,0.063,0.0,RBRF11,01-08-2023
8.307999610900879,8.800000190734863,7.809999942779541,8.031999588012695,7966730.0,6.4518351554870605,0.055,0.0,RBRF11,01-09-2023
8.022000312805176,8.269000053405762,7.544000148773193,7.697000026702881,8184920.0,6.22329044342041,0.055,0.0,RBRF11,01-10-2023
7.704999923706055,7.99399995803833,7.550000190734863,7.624000072479248,8073080.0,6.208041191101074,0.055,0.0,RBRF11,01-11-2023
7.559999942779541,8.256999969482422,7.330999851226807,8.154999732971191,9057670.0,6.687560081481934,0.055,0.0,RBRF11,01-12-2023
8.154999732971191,8.274999618530273,7.900000095367432,8.119999885559082,6715210.0,6.707527160644531,0.055,10.0,RBRF11,01-01-2024
8.119999885559082,8.199999809265137,7.909999847412109,8.149999618530273,7043798.0,6.777909278869629,0.055,0.0,RBRF11,01-02-2024
8.170000076293945,8.569999694824219,8.0600004196167,8.399999618530273,7117153.0,7.0341796875,0.055,0.0,RBRF11,01-03-2024
8.390000343322754,8.399999618530273,7.699999809265137,8.029999732971191,8284331.0,6.768031120300293,0.055,0.0,RBRF11,01-04-2024
8.0,8.119999885559082,7.639999866485596,8.050000190734863,6702889.0,6.83048152923584,0.055,0.0,RBRF11,01-05-2024
8.020000457763672,8.039999961853027,6.909999847412109,7.440000057220459,9462554.0,6.355942726135254,0.055,0.0,RBRF11,01-06-2024
7.440000057220459,7.849999904632568,7.230000019073486,7.449999809265137,7874507.0,6.409975051879883,0.0682,0.0,RBRF11,01-07-2024
7.449999809265137,7.699999809265137,7.389999866485596,7.510000228881836,6827399.0,6.519800662994385,0.055,0.0,RBRF11,01-08-2024
7.519999980926514,7.590000152587891,6.909999847412109,6.980000019073486,7626589.0,6.104207515716553,0.055,0.0,RBRF11,01-09-2024
6.980000019073486,7.110000133514404,6.550000190734863,6.909999847412109,8801205.0,6.087512969970703,0.055,0.0,RBRF11,01-10-2024
6.909999847412109,7.0,6.519999980926514,6.739999771118164,6529814.0,5.9853901863098145,0.09,0.0,RBRF11,01-11-2024
6.75,6.769999980926514,5.889999866485596,6.400000095367432,10052732.0,5.759915351867676,0.1,0.0,RBRF11,01-12-2024
6.400000095367432,6.610000133514404,6.050000190734863,6.289999961853027,8136917.0,5.75371789932251,0.111,0.0,RBRF11,01-01-2025
6.289999961853027,6.460000038146973,5.989999771118164,6.190000057220459,8071447.0,5.760463714599609,0.06,0.0,RBRF11,01-02-2025
6.190000057220459,6.639999866485596,6.170000076293945,6.590000152587891,10241946.0,6.19102144241333,0.06,0.0,RBRF11,01-03-2025
6.670000076293945,7.03000020980835,6.409999847412109,6.949999809265137,5890299.0,6.589681148529053,0.06,0.0,RBRF11,01-04-2025
6.949999809265137,7.210000038146973,6.940000057220459,7.090000152587891,5032045.0,6.785151958465576,0.06,0.0,RBRF11,01-05-2025
7.159999847412109,7.289999961853027,6.869999885559082,7.010000228881836,4567992.0,6.766094207763672,0.06,0.0,RBRF11,01-06-2025
7.03000020980835,7.269999980926514,6.460000038146973,6.559999942779541,6387929.0,6.385946273803711,0.061,0.0,RBRF11,01-07-2025
6.519999980926514,6.710000038146973,6.420000076293945,6.590000152587891,7555752.0,6.470273971557617,0.06,0.0,RBRF11,01-08-2025
6.599999904632568,6.699999809265137,6.460000038146973,6.670000076293945,3798010.0,6.609363555908203,0.06,0.0,RBRF11,01-09-2025
0.0,0.0,0.0,6.670000076293945,0.0,6.670000076293945,0.0,0.0,RBRF11,15-09-2025
99.4644775390625,102.29322814941406,94.31495666503906,97.26322937011719,407871.0,64.79779815673828,0.0,,RBRR11,01-10-2020
97.26322937011719,98.40867614746094,94.87273406982422,95.37075805664062,306655.0,63.5369873046875,0.0,,RBRR11,01-11-2020
95.23130798339844,95.5201644897461,89.79293823242188,94.70340728759766,481663.0,63.0924072265625,0.0,,RBRR11,01-12-2020
94.70340728759766,95.10182189941406,92.63164520263672,93.627685546875,398576.0,62.375732421875,0.0,,RBRR11,01-01-2021
93.627685546875,97.1935043334961,93.1794662475586,95.41059875488281,353778.0,63.56354904174805,0.0,,RBRR11,01-02-2021
95.61976623535156,99.31507110595703,95.49028015136719,99.31507110595703,532131.0,66.16476440429688,0.0,,RBRR11,01-03-2021
99.29515075683594,102.49243927001953,98.5082778930664,101.3071517944336,560921.0,67.49189758300781,0.0,,RBRR11,01-04-2021
101.3071517944336,102.5721206665039,98.1795883178711,100.06210327148438,462503.0,66.66243743896484,0.0,,RBRR11,01-05-2021
99.9525375366211,101.44659423828125,92.44239807128906,98.06005859375,563497.0,65.32862091064453,0.0,,RBRR11,01-06-2021
98.06005859375,102.0940170288086,95.61976623535156,99.59396362304688,784440.0,66.3505630493164,0.0,,RBRR11,01-07-2021
99.40471649169922,100.56011962890625,94.23526763916016,97.37279510498047,734082.0,64.87078857421875,0.0,,RBRR11,01-08-2021
96.61580657958984,99.60391998291016,94.26515197753906,96.51619720458984,519732.0,64.30011749267578,0.0,,RBRR11,01-09-2021
96.51619720458984,99.45451354980469,95.02214050292969,97.173583984375,584859.0,64.73809051513672,0.0,,RBRR11,01-10-2021
97.173583984375,98.70748901367188,92.03402709960938,93.73725128173828,607249.0,62.4487419128418,0.0,,RBRR11,01-11-2021
93.73725128173828,98.60787963867188,93.6476058959961,98.5580825805664,571482.0,65.6604232788086,0.0,,RBRR11,01-12-2021
98.5580825805664,101.40675354003906,96.22734832763672,101.40675354003906,718461.0,67.5582504272461,0.0,,RBRR11,01-01-2022
101.39678955078125,103.46855163574219,98.25926971435547,99.60391998291016,741411.0,66.357177734375,0.0,,RBRR11,01-02-2022
99.60391998291016,102.58207702636719,98.60787963867188,102.0740966796875,978992.0,68.00281524658203,0.0,,RBRR11,01-03-2022
101.99441528320312,104.52435302734375,99.00629425048828,100.55015563964844,682729.0,66.98756408691406,1.195247,,RBRR11,01-04-2022
100.93861389160156,102.9406509399414,99.66368103027344,101.5,804701.0,68.42061614990234,1.195247,,RBRR11,01-05-2022
101.30000305175781,102.5,98.88999938964844,100.80000305175781,847369.0,68.74696350097656,1.2,,RBRR11,01-06-2022
100.80000305175781,100.9000015258789,96.62000274658203,98.30999755859375,908141.0,67.85737609863281,1.266,,RBRR11,01-07-2022
98.52999877929688,99.18000030517578,94.5,96.4000015258789,964261.0,67.3913345336914,1.1,,RBRR11,01-08-2022
96.4000015258789,97.58999633789062,89.5,90.5999984741211,976636.0,64.05410766601562,0.0,,RBRR11,01-09-2022
90.69999694824219,95.91999816894531,90.08000183105469,91.19999694824219,938117.0,64.47831726074219,0.7,,RBRR11,01-10-2022
91.22000122070312,91.94999694824219,85.66999816894531,89.05999755859375,1183424.0,63.44086456298828,0.7,,RBRR11,01-11-2022
89.06999969482422,90.4800033569336,79.76000213623047,84.22000122070312,1063799.0,60.47353744506836,0.7,,RBRR11,01-12-2022
84.22000122070312,89.48999786376953,81.0999984741211,83.01000213623047,1081759.0,60.0817985534668,0.904016,,RBRR11,01-01-2023
83.0,86.87999725341797,81.5999984741211,86.55999755859375,827747.0,63.30154800415039,0.95,,RBRR11,01-02-2023
86.55999755859375,87.43000030517578,84.02999877929688,86.19999694824219,829055.0,63.748931884765625,0.95,,RBRR11,01-03-2023
86.81999969482422,89.72000122070312,83.72000122070312,88.9800033569336,723605.0,66.54862976074219,1.0,,RBRR11,01-04-2023
88.9800033569336,92.83000183105469,86.02999877929688,90.41000366210938,923111.0,68.40918731689453,1.0,,RBRR11,01-05-2023
90.41000366210938,92.0,89.0199966430664,91.16999816894531,932512.0,69.77037811279297,1.0,,RBRR11,01-06-2023
91.18000030517578,92.5,87.98999786376953,91.7699966430664,943098.0,71.0030288696289,0.8,,RBRR11,01-07-2023
91.7699966430664,91.98999786376953,87.51000213623047,90.5,977565.0,70.647705078125,0.7,,RBRR11,01-08-2023
90.5,92.0,86.87999725341797,89.4000015258789,840411.0,70.32939910888672,0.65,,RBRR11,01-09-2023
89.0,90.83000183105469,86.30999755859375,87.56999969482422,856032.0,69.38924407958984,0.65,,RBRR11,01-10-2023
87.48999786376953,90.4000015258789,85.0,87.68000030517578,675444.0,69.98013305664062,0.65,,RBRR11,01-11-2023
87.68000030517578,89.94999694824219,84.0,89.13999938964844,702004.0,71.66448211669922,0.65,,RBRR11,01-12-2023
89.13999938964844,91.19000244140625,88.0,88.26000213623047,640701.0,71.49636840820312,0.68,,RBRR11,01-01-2024
88.26000213623047,91.0,88.0999984741211,90.0,666073.0,73.45477294921875,0.8,,RBRR11,01-02-2024
90.5,93.79000091552734,89.30000305175781,93.79000091552734,895094.0,77.2299575805664,0.84,,RBRR11,01-03-2024
93.80000305175781,95.0,91.5,92.80000305175781,691422.0,77.13069915771484,0.85,,RBRR11,01-04-2024
92.80000305175781,95.5,89.52999877929688,90.02999877929688,1087860.0,75.51600646972656,0.85,,RBRR11,01-05-2024
90.02999877929688,92.98999786376953,88.3499984741211,91.51000213623047,595906.0,77.46009063720703,0.85,,RBRR11,01-06-2024
91.69999694824219,92.9800033569336,90.12000274658203,90.23999786376953,710831.0,77.1089096069336,0.961,,RBRR11,01-07-2024
91.0,93.0,89.0999984741211,91.2300033569336,706232.0,78.78138732910156,0.85,,RBRR11,01-08-2024
91.30000305175781,92.37000274658203,87.36000061035156,88.94000244140625,678693.0,77.53302764892578,0.85,,RBRR11,01-09-2024
89.5999984741211,90.37999725341797,82.51000213623047,86.08999633789062,886725.0,75.75086975097656,0.8,,RBRR11,01-10-2024
86.06999969482422,86.97000122070312,80.0199966430664,80.1500015258789,765505.0,71.18870544433594,0.8,,RBRR11,01-11-2024
80.1500015258789,82.97000122070312,74.01000213623047,82.75,1015101.0,74.20548248291016,0.8,,RBRR11,01-12-2024
82.75,82.7699966430664,73.25,74.5,594325.0,67.480224609375,0.82,,RBRR11,01-01-2025
74.98999786376953,81.16999816894531,74.61000061035156,80.16999816894531,495650.0,73.35108947753906,0.9,,RBRR11,01-02-2025
80.16999816894531,85.2300033569336,78.0,84.69999694824219,471739.0,78.42387390136719,0.95,,RBRR11,01-03-2025
84.6500015258789,86.0,82.01000213623047,84.69999694824219,520246.0,79.33145141601562,0.95,,RBRR11,01-04-2025
84.69999694824219,87.97000122070312,83.43000030517578,87.97000122070312,633704.0,83.3510971069336,1.0,,RBRR11,01-05-2025
88.41000366210938,89.48999786376953,85.6500015258789,88.95999908447266,710547.0,85.2901840209961,0.9,,RBRR11,01-06-2025
88.8499984741211,90.6500015258789,87.0199966430664,87.83999633789062,724720.0,85.09262084960938,1.0,,RBRR11,01-07-2025
87.5199966430664,88.83000183105469,84.5,87.5,658125.0,85.71532440185547,0.95,,RBRR11,01-08-2025
87.5,88.23999786376953,86.45999908447266,86.97000122070312,425232.0,86.1269760131836,0.85,,RBRR11,01-09-2025
0.0,0.0,0.0,86.97000122070312,0.0,86.97000122070312,0.0,,RBRR11,15-09-2025
102.68348693847656,103.78010559082031,99.712646484375,103.68041229248047,38098.0,64.15364837646484,0.0,,RBRY11,01-10-2020
103.68041229248047,103.92964172363281,101.38748168945312,102.67351531982422,40094.0,63.5306282043457,0.0,,RBRY11,01-11-2020
102.67351531982422,104.67733764648438,101.935791015625,104.08914947509766,181025.0,64.40657043457031,0.0,,RBRY11,01-12-2020
104.08914947509766,109.98099517822266,103.69038391113281,106.66122436523438,47790.0,65.99807739257812,0.0,,RBRY11,01-01-2021
106.66122436523438,106.67119598388672,104.57764434814453,104.69728088378906,52248.0,64.78285217285156,0.0,,RBRY11,01-02-2021
105.1758041381836,111.91503143310547,104.17887878417969,105.16583251953125,210724.0,65.07279205322266,0.0,,RBRY11,01-03-2021
105.9334716796875,109.88130187988281,101.68656158447266,102.97259521484375,191356.0,63.715694427490234,0.0,,RBRY11,01-04-2021
103.67044067382812,105.1758041381836,101.73640441894531,104.47795104980469,251213.0,64.64714050292969,0.0,,RBRY11,01-05-2021
104.72718811035156,104.72718811035156,94.70806884765625,100.6198501586914,148768.0,62.25990676879883,0.0,,RBRY11,01-06-2021
100.68962860107422,103.58071899414062,99.69270324707031,101.58686828613281,100267.0,62.85825729370117,0.0,,RBRY11,01-07-2021
102.18502044677734,103.17198181152344,96.7118911743164,99.1344223022461,151239.0,61.34074020385742,0.0,,RBRY11,01-08-2021
99.14439392089844,101.61677551269531,96.21343231201172,101.29776000976562,184917.0,62.679359436035156,0.0,,RBRY11,01-09-2021
101.34760284423828,103.67044067382812,99.69270324707031,101.0884017944336,137557.0,62.549800872802734,0.0,,RBRY11,01-10-2021
101.0884017944336,102.7233657836914,98.70574951171875,100.14131927490234,161336.0,61.963809967041016,0.0,,RBRY11,01-11-2021
100.14131927490234,104.63746643066406,99.51325988769531,104.27857208251953,151763.0,64.52376556396484,0.0,,RBRY11,01-12-2021
104.26860046386719,105.1159896850586,102.23487091064453,104.57764434814453,191466.0,64.70882415771484,0.0,,RBRY11,01-01-2022
104.57764434814453,106.67119598388672,103.2517318725586,104.67733764648438,110448.0,64.77051544189453,0.0,,RBRY11,01-02-2022
104.67733764648438,106.29238891601562,103.50096893310547,104.7754898071289,153816.0,64.83126068115234,0.0,,RBRY11,01-03-2022
105.1646957397461,106.76142883300781,102.93925476074219,104.59586334228516,130660.0,64.72010803222656,1.297079,,RBRY11,01-04-2022
104.59586334228516,104.63578033447266,102.11094665527344,104.03700256347656,127262.0,65.1751937866211,1.247192,,RBRY11,01-05-2022
104.03700256347656,104.03700256347656,99.88550567626953,100.6539306640625,280654.0,63.81801986694336,1.247192,,RBRY11,01-06-2022
100.6539306640625,104.08689880371094,99.1270523071289,103.13883972167969,231868.0,66.20076751708984,1.407198,,RBRY11,01-07-2022
103.12886047363281,104.7754898071289,99.81564331054688,103.4781494140625,330576.0,67.35511779785156,1.346967,,RBRY11,01-08-2022
104.02702331542969,104.57589721679688,97.9594497680664,99.50627899169922,222133.0,65.64187622070312,1.197304,,RBRY11,01-09-2022
99.50627899169922,104.08689880371094,97.05130767822266,99.5162582397461,218107.0,66.41465759277344,0.997753,,RBRY11,01-10-2022
99.77572631835938,100.75372314453125,93.83788299560547,95.7639389038086,226203.0,64.54936218261719,0.997753,,RBRY11,01-11-2022
95.7639389038086,98.84762573242188,88.39901733398438,98.16902160644531,228392.0,66.85254669189453,0.997753,,RBRY11,01-12-2022
97.89956665039062,98.16902160644531,90.0755844116211,95.2150650024414,290088.0,65.52684020996094,1.097529,,RBRY11,01-01-2023
94.64623260498047,97.30079650878906,92.94969940185547,94.56639099121094,213513.0,65.82715606689453,1.147416,,RBRY11,01-02-2023
94.61628723144531,97.76983642578125,93.30896759033203,96.71199798583984,354538.0,68.1357192993164,1.197304,,RBRY11,01-03-2023
95.86373901367188,96.6920394897461,91.35297393798828,92.80998992919922,214160.0,66.20886993408203,1.247192,,RBRY11,01-04-2023
92.80998992919922,99.45638275146484,89.317138671875,98.29875183105469,347252.0,71.07488250732422,1.247192,,RBRY11,01-05-2023
98.29875183105469,99.54619598388672,94.86578369140625,98.1191177368164,325659.0,71.8736801147461,1.247192,,RBRY11,01-06-2023
98.1191177368164,102.54006958007812,97.00141143798828,101.26268768310547,358357.0,75.12933349609375,1.247192,,RBRY11,01-07-2023
101.17286682128906,102.72968292236328,98.99732208251953,100.34456634521484,292723.0,75.38824462890625,1.197304,,RBRY11,01-08-2023
100.34456634521484,101.86000061035156,98.83000183105469,100.41999816894531,404546.0,76.34745025634766,1.197304,,RBRY11,01-09-2023
100.43000030517578,101.88999938964844,99.25,100.5,482968.0,77.31825256347656,1.199755,,RBRY11,01-10-2023
100.48999786376953,102.30999755859375,98.51000213623047,99.80999755859375,324832.0,77.7153549194336,0.999796,,RBRY11,01-11-2023
99.80999755859375,100.91999816894531,96.5,99.75,426714.0,78.44679260253906,0.999796,,RBRY11,01-12-2023
99.75,101.38999938964844,98.25,99.51000213623047,821191.0,79.0543441772461,0.999796,,RBRY11,01-01-2024
99.30000305175781,101.5,99.01000213623047,99.7699966430664,868226.0,80.06140899658203,1.049786,,RBRY11,01-02-2024
99.27973175048828,101.0,97.0,100.62000274658203,925176.0,81.58927154541016,1.01,,RBRY11,01-03-2024
99.69999694824219,100.37999725341797,97.52999877929688,98.51000213623047,880985.0,80.69137573242188,1.0,,RBRY11,01-04-2024
98.51000213623047,100.9000015258789,96.01000213623047,98.12000274658203,1213762.0,81.18253326416016,0.95,,RBRY11,01-05-2024
98.12000274658203,100.22000122070312,94.26000213623047,98.0,1067173.0,81.85555267333984,0.95,,RBRY11,01-06-2024
98.01000213623047,98.95999908447266,95.05000305175781,96.0,940147.0,80.97603607177734,1.0,,RBRY11,01-07-2024
96.0,97.48999786376953,94.55999755859375,95.94000244140625,682614.0,81.76640319824219,1.0,,RBRY11,01-08-2024
96.0199966430664,98.0,93.44999694824219,96.30000305175781,870643.0,82.93704223632812,0.95,,RBRY11,01-09-2024
96.20999908447266,97.66000366210938,91.11000061035156,91.81999969482422,954537.0,79.86585235595703,0.9,,RBRY11,01-10-2024
91.79000091552734,95.66999816894531,88.30000305175781,90.08999633789062,745996.0,79.10816955566406,0.9,,RBRY11,01-11-2024
88.5199966430664,90.55000305175781,76.11000061035156,88.56999969482422,846091.0,78.52127075195312,0.95,,RBRY11,01-12-2024
88.56999969482422,89.44999694824219,79.0199966430664,83.5,742399.0,74.90830993652344,0.97,,RBRY11,01-01-2025
82.5,90.05999755859375,81.6500015258789,88.98999786376953,631545.0,80.72887420654297,1.05,,RBRY11,01-02-2025
88.98999786376953,94.75,86.7300033569336,94.75,627535.0,87.03128051757812,1.05,,RBRY11,01-03-2025
94.75,95.75,90.3499984741211,93.3499984741211,516676.0,86.74736785888672,1.05,,RBRY11,01-04-2025
93.94999694824219,95.98999786376953,92.01000213623047,93.38999938964844,509049.0,87.78600311279297,1.1,,RBRY11,01-05-2025
93.37999725341797,95.43000030517578,89.51000213623047,95.43000030517578,517598.0,90.75566864013672,1.1,,RBRY11,01-06-2025
95.0,95.0,91.54000091552734,93.19999694824219,560300.0,89.7137680053711,1.15,,RBRY11,01-07-2025
93.33999633789062,94.33000183105469,91.54000091552734,93.5999984741211,456899.0,91.21077728271484,1.175,,RBRY11,01-08-2025
94.43000030517578,96.63999938964844,93.72000122070312,95.08000183105469,578082.0,93.83602142333984,1.25,,RBRY11,01-09-2025
0.0,0.0,0.0,95.08000183105469,0.0,95.08000183105469,0.0,,RBRY11,15-09-2025
9.71399974822998,9.989999771118164,9.550000190734863,9.598999977111816,8616420.0,0.14563977718353271,0.72,0.0,CPTS11,01-10-2020
9.609999656677246,9.850000381469727,9.59000015258789,9.6850004196167,8011550.0,0.15835905075073242,0.9,0.0,CPTS11,01-11-2020
9.710000038146973,10.4399995803833,9.63700008392334,10.414999961853027,10368790.0,0.1874217689037323,1.05,0.0,CPTS11,01-12-2020
10.420000076293945,10.430000305175781,9.930000305175781,10.199999809265137,11914060.0,0.20545391738414764,1.0,0.0,CPTS11,01-01-2021
10.170000076293945,10.369999885559082,9.850000381469727,9.996000289916992,13890500.0,0.2229553461074829,1.05,0.0,CPTS11,01-02-2021
10.0,10.20199966430664,9.800000190734863,10.149999618530273,18192900.0,0.2520359754562378,1.05,0.0,CPTS11,01-03-2021
10.170000076293945,10.449999809265137,10.13599967956543,10.199999809265137,15697390.0,0.28296828269958496,1.01,0.0,CPTS11,01-04-2021
10.210000038146973,10.260000228881836,9.930000305175781,9.979999542236328,21412850.0,0.30683666467666626,1.05,0.0,CPTS11,01-05-2021
9.979999542236328,10.180000305175781,9.5,10.022000312805176,24036080.0,0.34391719102859497,1.0,0.0,CPTS11,01-06-2021
10.00100040435791,10.130000114440918,9.946000099182129,9.968999862670898,22893850.0,0.3795885145664215,1.0,0.0,CPTS11,01-07-2021
9.989999771118164,10.029000282287598,9.75,9.84000015258789,22025380.0,0.41579559445381165,1.01,0.0,CPTS11,01-08-2021
9.845000267028809,9.930000305175781,9.75,9.8100004196167,18945380.0,0.46115097403526306,0.999,0.0,CPTS11,01-09-2021
9.819999694824219,10.0,9.774999618530273,9.795000076293945,17399960.0,0.5120367407798767,1.0,0.0,CPTS11,01-10-2021
9.800000190734863,9.835000038146973,9.401000022888184,9.579999923706055,17463550.0,0.5565840601921082,1.01,0.0,CPTS11,01-11-2021
9.579999923706055,9.8100004196167,9.390999794006348,9.595999717712402,17538570.0,0.6215739846229553,1.0,0.0,CPTS11,01-12-2021
9.635000228881836,9.800000190734863,9.616999626159668,9.670000076293945,16357470.0,0.6975939869880676,1.1,0.0,CPTS11,01-01-2022
9.670999526977539,9.755000114440918,9.449999809265137,9.550000190734863,14924010.0,0.7761043310165405,1.1,0.0,CPTS11,01-02-2022
9.550000190734863,9.699000358581543,9.416999816894531,9.5,17382990.0,0.8705041408538818,1.1,0.0,CPTS11,01-03-2022
9.5,9.595000267028809,9.352999687194824,9.48900032043457,18074460.0,0.981544554233551,1.1,0.0,CPTS11,01-04-2022
9.486000061035156,9.486000061035156,9.201000213623047,9.385000228881836,16248500.0,1.097251057624817,1.08,0.0,CPTS11,01-05-2022
9.395000457763672,9.494999885559082,9.032999992370605,9.083999633789062,14432710.0,1.2000892162322998,1.12,0.0,CPTS11,01-06-2022
9.086000442504883,9.199000358581543,8.711000442504883,8.788000106811523,15453380.0,1.3175907135009766,1.1,0.0,CPTS11,01-07-2022
8.795999526977539,9.0,8.706000328063965,8.918000221252441,19867770.0,1.521045446395874,1.1,0.0,CPTS11,01-08-2022
8.918000221252441,9.170000076293945,8.890000343322754,9.114999771118164,14411500.0,1.7723280191421509,1.1,0.0,CPTS11,01-09-2022
9.130000114440918,9.319999694824219,8.920000076293945,9.010000228881836,14066170.0,1.9915117025375366,1.05,0.0,CPTS11,01-10-2022
9.005999565124512,9.12399959564209,8.295000076293945,8.335000038146973,15932640.0,2.0765347480773926,0.85,0.0,CPTS11,01-11-2022
8.329999923706055,8.574999809265137,7.553999900817871,8.208999633789062,19949770.0,2.261064291000366,0.37,0.0,CPTS11,01-12-2022
8.210000038146973,8.385000228881836,7.65500020980835,7.76800012588501,17961440.0,2.2393128871917725,0.58,0.0,CPTS11,01-01-2023
7.76800012588501,7.997000217437744,7.570000171661377,7.882999897003174,12684890.0,2.4476866722106934,0.75,0.0,CPTS11,01-02-2023
7.882999897003174,7.934999942779541,7.414999961853027,7.586999893188477,14825760.0,2.6063926219940186,0.76,0.0,CPTS11,01-03-2023
7.590000152587891,7.796999931335449,7.429999828338623,7.553999900817871,14127650.0,2.875523805618286,0.71,0.0,CPTS11,01-04-2023
7.553999900817871,8.199999809265137,7.5,8.104999542236328,15412090.0,3.401136875152588,0.81,0.0,CPTS11,01-05-2023
8.125,8.54800033569336,7.951000213623047,8.52400016784668,14836490.0,3.9874675273895264,0.85,0.0,CPTS11,01-06-2023
8.52400016784668,8.894000053405762,8.399999618530273,8.536999702453613,15184280.0,4.456205368041992,0.88,0.0,CPTS11,01-07-2023
8.536999702453613,8.815999984741211,8.380000114440918,8.765000343322754,16986360.0,5.656250476837158,0.88,0.0,CPTS11,01-08-2023
8.765000343322754,9.064000129699707,8.510000228881836,8.720000267028809,32531344.0,6.26132345199585,0.89,10.0,CPTS11,01-09-2023
8.720000267028809,8.859999656677246,7.809999942779541,7.829999923706055,19069815.0,6.166646480560303,0.79,0.0,CPTS11,01-10-2023
7.880000114440918,8.300000190734863,7.820000171661377,7.900000095367432,17489922.0,6.261089324951172,0.054,0.0,CPTS11,01-11-2023
7.940000057220459,8.5,7.849999904632568,8.489999771118164,14411478.0,6.780389785766602,0.061,0.0,CPTS11,01-12-2023
8.489999771118164,8.65999984741211,8.34000015258789,8.520000457763672,18516569.0,6.857029914855957,0.061,0.0,CPTS11,01-01-2024
8.520000457763672,8.579999923706055,8.380000114440918,8.520000457763672,15755102.0,6.90968132019043,0.065,0.0,CPTS11,01-02-2024
8.520000457763672,8.569999694824219,8.3100004196167,8.5600004196167,17800547.0,6.9994940757751465,0.07,0.0,CPTS11,01-03-2024
8.5600004196167,8.760000228881836,8.34000015258789,8.569999694824219,20880835.0,7.07157564163208,0.076,0.0,CPTS11,01-04-2024
8.600000381469727,8.640000343322754,8.329999923706055,8.390000343322754,25630214.0,6.986784934997559,0.079,0.0,CPTS11,01-05-2024
8.390000343322754,8.449999809265137,8.079999923706055,8.270000457763672,19893898.0,6.952288627624512,0.08,0.0,CPTS11,01-06-2024
8.260000228881836,8.5,8.140000343322754,8.239999771118164,19461219.0,6.992544174194336,0.078,0.0,CPTS11,01-07-2024
8.239999771118164,8.430000305175781,8.079999923706055,8.210000038146973,22978570.0,7.0322465896606445,0.077,0.0,CPTS11,01-08-2024
8.260000228881836,8.319999694824219,7.739999771118164,7.809999942779541,22520441.0,6.7564496994018555,0.081,0.0,CPTS11,01-09-2024
7.809999942779541,7.900000095367432,7.159999847412109,7.210000038146973,50439779.0,6.299539566040039,0.081,0.0,CPTS11,01-10-2024
7.239999771118164,7.340000152587891,6.800000190734863,6.889999866485596,24442197.0,6.077601432800293,0.072,0.0,CPTS11,01-11-2024
6.880000114440918,7.0,6.010000228881836,6.829999923706055,28926473.0,6.077153205871582,0.062,0.0,CPTS11,01-12-2024
6.869999885559082,6.929999828338623,6.099999904632568,6.210000038146973,26126805.0,5.589101791381836,0.075,0.0,CPTS11,01-01-2025
6.210000038146973,6.420000076293945,6.150000095367432,6.329999923706055,16403517.0,5.762890338897705,0.075,0.0,CPTS11,01-02-2025
6.320000171661377,7.320000171661377,6.309999942779541,7.199999809265137,27396266.0,6.633794784545898,0.075,0.0,CPTS11,01-03-2025
7.199999809265137,7.679999828338623,7.059999942779541,7.630000114440918,24020696.0,7.111605644226074,0.08,0.0,CPTS11,01-04-2025
7.619999885559082,7.659999847412109,7.300000190734863,7.389999866485596,23427970.0,6.967372417449951,0.082,0.0,CPTS11,01-05-2025
7.389999866485596,7.46999979019165,7.070000171661377,7.46999979019165,19583287.0,7.123858451843262,0.085,0.0,CPTS11,01-06-2025
7.460000038146973,7.619999885559082,7.199999809265137,7.28000020980835,14444155.0,7.027579307556152,0.087,0.0,CPTS11,01-07-2025
7.28000020980835,7.46999979019165,7.130000114440918,7.449999809265137,18402295.0,7.277883052825928,0.088,0.0,CPTS11,01-08-2025
7.449999809265137,7.489999771118164,7.320000171661377,7.380000114440918,7030647.0,7.295685768127441,0.086,0.0,CPTS11,01-09-2025
0.0,7.380000114440918,7.380000114440918,7.380000114440918,0.0,7.380000114440918,0.085,0.0,CPTS11,15-09-2025
102.28699493408203,103.84284210205078,97.2703857421875,99.23513793945312,428532.0,64.40707397460938,0.0,,MCCI11,01-10-2020
99.23513793945312,102.73580169677734,99.23513793945312,102.44657135009766,422823.0,66.49137878417969,0.0,,MCCI11,01-11-2020
102.44657135009766,104.42130279541016,99.37477111816406,102.89537048339844,584774.0,66.78266906738281,0.0,,MCCI11,01-12-2020
102.89537048339844,104.69058227539062,100.72117614746094,102.76571655273438,817062.0,66.69853210449219,0.0,,MCCI11,01-01-2021
102.76571655273438,105.16930389404297,101.73845672607422,104.22183227539062,577017.0,67.6435775756836,0.0,,MCCI11,01-02-2021
104.01239013671875,106.69522857666016,102.06758117675781,103.69324493408203,759857.0,67.30049896240234,0.0,,MCCI11,01-03-2021
103.69324493408203,103.70321655273438,100.74111938476562,102.68592834472656,673046.0,66.64672088623047,0.0,,MCCI11,01-04-2021
102.69590759277344,103.48380279541016,100.0529556274414,103.03499603271484,1009556.0,66.873291015625,0.0,,MCCI11,01-05-2021
103.0250244140625,103.60348510742188,94.97650909423828,101.17994689941406,982335.0,65.66929626464844,0.0,,MCCI11,01-06-2021
101.17994689941406,104.27169799804688,100.73114776611328,103.76305389404297,470927.0,67.3458251953125,0.0,,MCCI11,01-07-2021
103.22449493408203,103.95255279541016,100.04298400878906,102.67595672607422,776723.0,66.64026641845703,0.0,,MCCI11,01-08-2021
102.64603424072266,103.71318817138672,99.23513793945312,101.75840759277344,905505.0,66.04472351074219,0.0,,MCCI11,01-09-2021
101.77835083007812,102.10747528076172,99.27503204345703,100.06293487548828,973087.0,64.94432067871094,0.0,,MCCI11,01-10-2021
100.04298400878906,101.33952331542969,96.82158660888672,100.74111938476562,846972.0,65.38448333740234,0.0,,MCCI11,01-11-2021
100.74111938476562,103.22449493408203,97.25043487548828,102.67595672607422,1044056.0,66.64026641845703,0.0,,MCCI11,01-12-2021
102.67595672607422,103.22449493408203,100.06293487548828,100.98048400878906,866759.0,65.53982543945312,0.0,,MCCI11,01-01-2022
101.13008117675781,101.75840759277344,98.85615539550781,99.62409973144531,820630.0,64.65949249267578,0.0,,MCCI11,01-02-2022
99.62409973144531,100.73114776611328,98.48713684082031,98.9359359741211,942490.0,64.2128677368164,0.0,,MCCI11,01-03-2022
98.9359359741211,100.83087921142578,97.70921325683594,99.63407897949219,921515.0,64.66597747802734,0.997338,,MCCI11,01-04-2022
99.73381042480469,99.86346435546875,96.8614730834961,97.55961608886719,633503.0,63.95548629760742,0.997338,,MCCI11,01-05-2022
97.58953094482422,99.42463684082031,95.74446105957031,97.53966522216797,943619.0,64.58765411376953,1.097072,,MCCI11,01-06-2022
97.53966522216797,98.23780059814453,95.54499053955078,97.20056915283203,814476.0,65.08992767333984,1.097072,,MCCI11,01-07-2022
97.20056915283203,97.86878967285156,95.2358169555664,97.2105484008789,780691.0,65.83406829833984,1.097072,,MCCI11,01-08-2022
97.04100036621094,98.08820343017578,95.84419250488281,97.14073181152344,638021.0,66.5398178100586,1.097072,,MCCI11,01-09-2022
97.14073181152344,97.81892395019531,94.99645233154297,95.0,681395.0,65.81177520751953,1.097072,,MCCI11,01-10-2022
94.95999908447266,97.19999694824219,94.0,94.70999908447266,690447.0,66.35986328125,1.1,,MCCI11,01-11-2022
94.83000183105469,96.8499984741211,84.5,87.9000015258789,946730.0,62.2984733581543,1.1,,MCCI11,01-12-2022
87.94000244140625,92.7699966430664,86.44999694824219,86.55999755859375,1087156.0,62.06926727294922,1.15,,MCCI11,01-01-2023
86.7699966430664,88.16000366210938,82.29000091552734,84.18000030517578,955711.0,61.12090301513672,0.95,,MCCI11,01-02-2023
84.18000030517578,89.77999877929688,83.30000305175781,84.98999786376953,1096747.0,62.391971588134766,0.95,,MCCI11,01-03-2023
85.0,89.45999908447266,83.5,85.0,781574.0,63.10467529296875,0.95,,MCCI11,01-04-2023
85.0,90.98999786376953,84.98999786376953,89.80000305175781,923434.0,67.39581298828125,0.95,,MCCI11,01-05-2023
89.4800033569336,93.05999755859375,88.18000030517578,92.66000366210938,936204.0,70.31207275390625,0.95,,MCCI11,01-06-2023
92.69999694824219,96.4800033569336,90.19999694824219,92.55999755859375,1045120.0,70.96058654785156,0.95,,MCCI11,01-07-2023
93.3499984741211,96.95999908447266,91.20999908447266,94.19999694824219,982639.0,72.95164489746094,0.9,,MCCI11,01-08-2023
94.19999694824219,96.87999725341797,92.0,95.19999694824219,789306.0,74.43135070800781,0.9,,MCCI11,01-09-2023
95.01000213623047,95.75,90.36000061035156,93.18000030517578,751673.0,73.55257415771484,0.9,,MCCI11,01-10-2023
93.16999816894531,94.01000213623047,85.1500015258789,88.08999633789062,834407.0,70.20366668701172,0.9,,MCCI11,01-11-2023
89.66999816894531,97.30000305175781,88.44000244140625,94.56999969482422,857344.0,76.10242462158203,0.9,,MCCI11,01-12-2023
94.56999969482422,96.0,92.93000030517578,93.5,792557.0,75.98372650146484,0.9,,MCCI11,01-01-2024
93.5199966430664,95.80000305175781,91.36000061035156,94.0,796699.0,77.11759948730469,0.8,,MCCI11,01-02-2024
94.0,95.47000122070312,91.5,94.0999984741211,724844.0,77.85179901123047,0.8,,MCCI11,01-03-2024
93.31999969482422,94.41000366210938,88.11000061035156,91.8499984741211,995120.0,76.6393814086914,0.8,,MCCI11,01-04-2024
91.8499984741211,92.58999633789062,88.2699966430664,90.87000274658203,955117.0,76.47459411621094,0.8,,MCCI11,01-05-2024
91.69000244140625,91.98999786376953,86.04000091552734,91.0,882427.0,77.26136016845703,0.8,,MCCI11,01-06-2024
90.9000015258789,93.5,89.30000305175781,93.1500015258789,820388.0,79.80248260498047,0.8,,MCCI11,01-07-2024
93.08000183105469,93.5,87.91999816894531,90.06999969482422,762123.0,77.84113311767578,0.8,,MCCI11,01-08-2024
90.06999969482422,91.0,86.4000015258789,88.12000274658203,858151.0,76.84237670898438,0.8,,MCCI11,01-09-2024
87.91999816894531,88.73999786376953,80.05000305175781,83.51000213623047,1071496.0,73.48747253417969,0.8,,MCCI11,01-10-2024
84.51000213623047,85.2300033569336,81.3499984741211,82.0,698659.0,72.84405517578125,0.8,,MCCI11,01-11-2024
82.25,82.75,70.05000305175781,80.4000015258789,749838.0,72.11177825927734,0.8,,MCCI11,01-12-2024
80.4000015258789,81.70999908447266,71.55000305175781,74.11000061035156,541759.0,67.16187286376953,0.8,,MCCI11,01-01-2025
73.9800033569336,81.41000366210938,72.4000015258789,80.0199966430664,692777.0,73.26731872558594,0.9,,MCCI11,01-02-2025
80.0199966430664,85.0,79.80000305175781,83.54000091552734,563524.0,77.41444396972656,0.9,,MCCI11,01-03-2025
83.30000305175781,86.0,81.93000030517578,85.0,641992.0,79.62564086914062,0.9,,MCCI11,01-04-2025
85.55999755859375,86.2699966430664,83.6500015258789,85.48999786376953,805651.0,80.96150207519531,0.9,,MCCI11,01-05-2025
85.70999908447266,89.58999633789062,83.81999969482422,89.30000305175781,713439.0,85.47480773925781,0.9,,MCCI11,01-06-2025
89.30000305175781,90.4800033569336,84.01000213623047,85.19999694824219,749636.0,82.41758728027344,0.9,,MCCI11,01-07-2025
86.48999786376953,88.55999755859375,83.75,86.63999938964844,770994.0,84.67805480957031,1.0,,MCCI11,01-08-2025
87.0,90.6500015258789,86.63999938964844,89.2300033569336,414651.0,88.23734283447266,1.0,,MCCI11,01-09-2025
0.0,0.0,0.0,89.2300033569336,0.0,89.2300033569336,0.0,,MCCI11,15-09-2025
98.89933013916016,100.73576354980469,98.2739486694336,99.14749908447266,120966.0,64.45516967773438,0.0,,VGIP11,01-10-2020
99.14749908447266,104.00163269042969,97.78754425048828,98.0555648803711,225488.0,63.74532699584961,0.0,,VGIP11,01-11-2020
97.91658782958984,111.16868591308594,97.91658782958984,109.70946502685547,587732.0,71.32145690917969,0.0,,VGIP11,01-12-2020
109.70946502685547,114.15660858154297,106.71161651611328,107.80354309082031,391072.0,70.08240509033203,0.0,,VGIP11,01-01-2021
107.8829574584961,116.90629577636719,107.22779846191406,107.99214935302734,442524.0,70.20503997802734,0.0,,VGIP11,01-02-2021
109.29254913330078,115.53641510009766,104.42848205566406,108.9649658203125,436831.0,70.83745574951172,0.0,,VGIP11,01-03-2021
108.9649658203125,109.47122192382812,100.86480712890625,107.90281677246094,712338.0,70.14696502685547,0.0,,VGIP11,01-04-2021
107.90281677246094,108.20061492919922,102.24461364746094,105.42115020751953,447391.0,68.53364562988281,0.0,,VGIP11,01-05-2021
105.42115020751953,107.05904388427734,95.29595184326172,99.29639434814453,937323.0,64.5519790649414,0.0,,VGIP11,01-06-2021
99.26661682128906,102.54241943359375,99.06808471679688,101.94681549072266,459263.0,66.2750015258789,0.0,,VGIP11,01-07-2021
101.74828338623047,102.24461364746094,98.2739486694336,100.0408935546875,457641.0,65.03596496582031,0.0,,VGIP11,01-08-2021
100.1401596069336,100.82510375976562,98.2739486694336,98.47248077392578,420249.0,64.016357421875,0.0,,VGIP11,01-09-2021
98.72064971923828,100.02104187011719,97.57908630371094,98.02578735351562,411857.0,63.725975036621094,0.0,,VGIP11,01-10-2021
98.02578735351562,98.91918182373047,93.80695343017578,96.22905731201172,452646.0,62.55792236328125,0.0,,VGIP11,01-11-2021
96.38788604736328,101.38099670410156,95.70294952392578,101.15267944335938,670078.0,65.75873565673828,0.0,,VGIP11,01-12-2021
101.18246459960938,102.73102569580078,98.71072387695312,99.12764739990234,964236.0,64.44227600097656,0.0,,VGIP11,01-01-2022
99.34603118896484,100.8548812866211,95.93125915527344,98.75042724609375,765150.0,64.19705200195312,0.0,,VGIP11,01-02-2022
98.75042724609375,101.3512191772461,97.29121398925781,99.05815887451172,731602.0,64.39708709716797,0.0,,VGIP11,01-03-2022
99.05815887451172,100.91444396972656,97.54000091552734,98.98999786376953,700610.0,64.352783203125,1.389733,,VGIP11,01-04-2022
99.0,100.08999633789062,96.9000015258789,99.95999908447266,824111.0,65.899658203125,1.5,,VGIP11,01-05-2022
99.94999694824219,101.83999633789062,97.05000305175781,98.38999938964844,765202.0,65.8577651977539,1.75,,VGIP11,01-06-2022
98.63999938964844,100.48999786376953,93.80000305175781,96.88999938964844,784910.0,66.00557708740234,1.42,,VGIP11,01-07-2022
96.88999938964844,97.0999984741211,90.0,90.9000015258789,835800.0,62.82905578613281,1.0,,VGIP11,01-08-2022
90.9000015258789,92.20999908447266,88.01000213623047,90.05000305175781,706806.0,62.91720199584961,1.0,,VGIP11,01-09-2022
90.05000305175781,92.79000091552734,86.68000030517578,89.3499984741211,669295.0,63.12176513671875,0.45,,VGIP11,01-10-2022
89.44999694824219,91.55999755859375,84.98999786376953,86.80000305175781,602374.0,61.62808609008789,0.45,,VGIP11,01-11-2022
86.79000091552734,88.0,78.12999725341797,85.91000366210938,642628.0,61.306236267089844,0.45,,VGIP11,01-12-2022
85.91000366210938,87.73999786376953,84.0199966430664,86.19999694824219,467107.0,61.83753967285156,0.82,,VGIP11,01-01-2023
86.19999694824219,86.93000030517578,80.04000091552734,83.45999908447266,457594.0,60.452396392822266,0.8,,VGIP11,01-02-2023
84.01000213623047,84.5,79.0,79.69000244140625,562181.0,58.28649139404297,0.87,,VGIP11,01-03-2023
79.73999786376953,83.5,78.0,83.5,467416.0,61.71957778930664,0.0,,VGIP11,01-04-2023
83.5,87.98999786376953,83.5,87.4000015258789,494327.0,64.60227966308594,1.2,,VGIP11,01-05-2023
87.56999969482422,90.12000274658203,85.9800033569336,90.0,563664.0,67.46880340576172,1.09,,VGIP11,01-06-2023
90.05999755859375,92.25,84.16000366210938,87.5999984741211,530491.0,66.49362182617188,1.0,,VGIP11,01-07-2023
87.61000061035156,92.0,86.05999755859375,91.4000015258789,489320.0,70.14373016357422,0.0,,VGIP11,01-08-2023
91.0,94.79000091552734,86.19000244140625,87.41000366210938,452150.0,67.08167266845703,0.64,,VGIP11,01-09-2023
87.31999969482422,90.86000061035156,86.0,87.66999816894531,424911.0,67.74395751953125,0.8,,VGIP11,01-10-2023
86.16999816894531,88.98999786376953,82.6500015258789,86.88999938964844,464322.0,67.74639129638672,0.8,,VGIP11,01-11-2023
86.88999938964844,88.41000366210938,84.0,88.16000366210938,386511.0,69.36980438232422,0.7,,VGIP11,01-12-2023
88.16000366210938,91.47000122070312,87.93000030517578,90.44999694824219,380302.0,71.758544921875,0.76,,VGIP11,01-01-2024
90.44999694824219,93.98999786376953,90.05999755859375,92.9000015258789,457987.0,74.3370361328125,0.8,,VGIP11,01-02-2024
92.9000015258789,94.52999877929688,90.5999984741211,92.26000213623047,903287.0,74.46070861816406,0.83,,VGIP11,01-03-2024
92.68000030517578,94.5,90.69999694824219,91.68000030517578,572101.0,74.65296936035156,0.88,,VGIP11,01-04-2024
91.68000030517578,92.38999938964844,88.16999816894531,90.63999938964844,542776.0,74.50843811035156,1.08,,VGIP11,01-05-2024
90.0,91.47000122070312,86.69999694824219,88.23999786376953,384936.0,73.40648651123047,0.72,,VGIP11,01-06-2024
88.2300033569336,91.30000305175781,87.33999633789062,89.94999694824219,355772.0,75.43248748779297,0.95,,VGIP11,01-07-2024
89.5,91.54000091552734,87.4000015258789,88.51000213623047,368686.0,75.00953674316406,0.88,,VGIP11,01-08-2024
88.51000213623047,88.9800033569336,83.48999786376953,85.20999908447266,397464.0,72.9273681640625,0.89,,VGIP11,01-09-2024
85.0,86.58000183105469,81.0,81.5,544655.0,70.47577667236328,0.8,,VGIP11,01-10-2024
81.5999984741211,82.4800033569336,75.16000366210938,77.04000091552734,440445.0,67.25202178955078,0.72,,VGIP11,01-11-2024
77.04000091552734,79.83000183105469,66.52999877929688,79.30999755859375,753486.0,69.86237335205078,0.82,,VGIP11,01-12-2024
78.7300033569336,80.5,71.30000305175781,75.1500015258789,466278.0,66.95849609375,0.92,,VGIP11,01-01-2025
75.1500015258789,80.13999938964844,73.01000213623047,77.86000061035156,404665.0,70.21233367919922,0.83,,VGIP11,01-02-2025
77.86000061035156,83.5,77.86000061035156,81.30999755859375,302356.0,74.1224365234375,0.91,,VGIP11,01-03-2025
81.41000366210938,85.4000015258789,77.01000213623047,83.8499984741211,325150.0,77.30599212646484,0.72,,VGIP11,01-04-2025
83.8499984741211,84.9000015258789,81.11000061035156,82.48999786376953,315176.0,76.74931335449219,1.13,,VGIP11,01-05-2025
82.30000305175781,83.94999694824219,79.75,81.9000015258789,399527.0,77.23993682861328,1.98,,VGIP11,01-06-2025
82.79000091552734,85.9000015258789,80.70999908447266,81.86000061035156,500153.0,79.09288024902344,1.25,,VGIP11,01-07-2025
81.86000061035156,83.4800033569336,78.56999969482422,80.41000366210938,399706.0,78.86280822753906,0.76,,VGIP11,01-08-2025
80.25,81.08000183105469,79.01000213623047,80.29000091552734,503544.0,79.47467041015625,0.82,,VGIP11,01-09-2025
0.0,0.0,0.0,80.29000091552734,0.0,80.29000091552734,0.0,,VGIP11,15-09-2025
8.598203659057617,8.872550964355469,8.37156867980957,8.647905349731445,1967410.0,5.265277862548828,0.0,0.0,VGIR11,01-10-2020
8.647905349731445,8.746312141418457,8.36461067199707,8.579318046569824,1781657.0,5.223516464233398,0.0,0.0,VGIR11,01-11-2020
8.538562774658203,8.66281509399414,8.215509414672852,8.564408302307129,1735431.0,5.214441299438477,0.0,0.0,VGIR11,01-12-2020
8.564408302307129,8.747305870056152,8.399401664733887,8.578324317932129,3269068.0,5.222912788391113,0.0,0.0,VGIR11,01-01-2021
8.55446720123291,8.903366088867188,8.483893394470215,8.817880630493164,2030481.0,5.368765830993652,0.0,0.0,VGIR11,01-02-2021
8.816886901855469,9.671736717224121,8.747305870056152,9.562396049499512,2496116.0,5.822065830230713,0.0,0.0,VGIR11,01-03-2021
9.524622917175293,9.561402320861816,8.946107864379883,9.323833465576172,1784212.0,5.676816940307617,0.0,0.0,VGIR11,01-04-2021
9.323833465576172,9.345701217651367,9.045509338378906,9.129006385803223,3043290.0,5.558197975158691,0.0,0.0,VGIR11,01-05-2021
9.129006385803223,9.23437213897705,8.477928161621094,8.905353546142578,2154409.0,5.422025680541992,0.0,0.0,VGIR11,01-06-2021
8.904359817504883,9.393413543701172,8.732396125793457,9.195605278015137,1465756.0,5.598745822906494,0.0,0.0,VGIR11,01-07-2021
9.263197898864746,9.564384460449219,8.876526832580566,9.37154483795166,2008899.0,5.705864429473877,0.0,0.0,VGIR11,01-08-2021
9.37154483795166,9.741317749023438,9.20057487487793,9.49380874633789,1996123.0,5.7803053855896,0.0,0.0,VGIR11,01-09-2021
9.445101737976074,9.782072067260742,9.442119598388672,9.719449996948242,2003407.0,5.917690277099609,0.0,0.0,VGIR11,01-10-2021
9.719449996948242,9.88743782043457,9.295999526977539,9.453054428100586,2127640.0,5.755491256713867,0.0,0.0,VGIR11,01-11-2021
9.453054428100586,9.835748672485352,9.394408226013184,9.810898780822754,2291017.0,5.973365783691406,0.0,0.0,VGIR11,01-12-2021
9.838730812072754,9.988826751708984,9.693605422973633,9.909305572509766,2025338.0,6.033280849456787,0.0,0.0,VGIR11,01-01-2022
9.90831184387207,10.120036125183105,9.75622844696045,9.945090293884277,2650330.0,6.055067539215088,0.0,0.0,VGIR11,01-02-2022
9.945090293884277,10.170000076293945,9.861593246459961,10.065999984741211,4774590.0,6.12868595123291,0.0,0.0,VGIR11,01-03-2022
10.069999694824219,10.196999549865723,10.001999855041504,10.159000396728516,2771520.0,6.185309410095215,0.11916,0.0,VGIR11,01-04-2022
10.159000396728516,10.199000358581543,9.77299976348877,9.836999893188477,4520800.0,6.060406684875488,0.11916,0.0,VGIR11,01-05-2022
9.836999893188477,9.920000076293945,9.5,9.800000190734863,5169480.0,6.110305309295654,0.12909,0.0,VGIR11,01-06-2022
9.83899974822998,10.145000457763672,9.802000045776367,10.04699993133545,6116650.0,6.34691047668457,0.118167,0.0,VGIR11,01-07-2022
10.050000190734863,10.199999809265137,9.979999542236328,10.029999732971191,7654060.0,6.412007808685303,0.12909,0.0,VGIR11,01-08-2022
10.031999588012695,10.1899995803833,9.770000457763672,10.069999694824219,6184673.0,6.520566463470459,0.12909,10.0,VGIR11,01-09-2022
10.079999923706055,10.149999618530273,9.789999961853027,9.90999984741211,9991503.0,6.500176906585693,0.12909,10.0,VGIR11,01-10-2022
9.90999984741211,10.050000190734863,9.800000190734863,9.890000343322754,7282305.0,6.572240352630615,0.12909,0.0,VGIR11,01-11-2022
9.899999618530273,10.069999694824219,9.520000457763672,9.850000381469727,7944918.0,6.631523132324219,0.12909,0.0,VGIR11,01-12-2022
9.859999656677246,9.949999809265137,9.479999542236328,9.619999885559082,9156480.0,6.56112003326416,0.10923,0.0,VGIR11,01-01-2023
9.630000114440918,9.8100004196167,9.5,9.75,7100268.0,6.724735260009766,0.12909,0.0,VGIR11,01-02-2023
9.760000228881836,9.829999923706055,9.239999771118164,9.300000190734863,10042594.0,6.500790596008301,0.11916,0.0,VGIR11,01-03-2023
9.34000015258789,9.670000076293945,9.119999885559082,9.319999694824219,6565759.0,6.5952911376953125,0.11916,0.0,VGIR11,01-04-2023
9.319999694824219,9.600000381469727,9.100000381469727,9.140000343322754,8617637.0,6.550512790679932,0.11916,0.0,VGIR11,01-05-2023
9.149999618530273,9.539999961853027,9.100000381469727,9.510000228881836,8977796.0,6.90254020690918,0.11916,0.0,VGIR11,01-06-2023
9.5,9.729999542236328,9.34000015258789,9.579999923706055,11014791.0,7.043497562408447,0.12909,0.0,VGIR11,01-07-2023
9.609999656677246,9.9399995803833,9.539999961853027,9.8100004196167,11134060.0,7.309882164001465,0.0,0.0,VGIR11,01-08-2023
9.829999923706055,9.880000114440918,9.5600004196167,9.800000190734863,10755258.0,7.302430629730225,0.12909,0.0,VGIR11,01-09-2023
9.800000190734863,10.0,9.529999732971191,9.670000076293945,7918442.0,7.302647113800049,0.11916,0.0,VGIR11,01-10-2023
9.65999984741211,10.0600004196167,9.550000190734863,9.649999618530273,9537886.0,7.375696182250977,0.11916,0.0,VGIR11,01-11-2023
9.670000076293945,9.859999656677246,9.4399995803833,9.84000015258789,9610746.0,7.613396644592285,0.10923,0.0,VGIR11,01-12-2023
9.84000015258789,9.90999984741211,9.649999618530273,9.6899995803833,9234691.0,7.581932067871094,0.10923,0.0,VGIR11,01-01-2024
9.6899995803833,9.899999618530273,9.5600004196167,9.699999809265137,8939507.0,7.67451810836792,0.10923,0.0,VGIR11,01-02-2024
9.699999809265137,9.920000076293945,9.670000076293945,9.869999885559082,7341927.0,7.897222518920898,0.10923,0.0,VGIR11,01-03-2024
9.890000343322754,9.979999542236328,9.619999885559082,9.729999542236328,8319097.0,7.873137474060059,0.0993,0.0,VGIR11,01-04-2024
9.695534706115723,9.880000114440918,9.630000114440918,9.819999694824219,7866438.0,8.026142120361328,0.109618,0.0,VGIR11,01-05-2024
9.84000015258789,10.079999923706055,9.680000305175781,10.039999961853027,7360613.0,8.299358367919922,0.109618,0.0,VGIR11,01-06-2024
10.010000228881836,10.170000076293945,9.859999656677246,9.920000076293945,8319590.0,8.292542457580566,0.099653,0.0,VGIR11,01-07-2024
9.920000076293945,10.119999885559082,9.699999809265137,10.09000015258789,9692420.0,8.519638061523438,0.1,0.0,VGIR11,01-08-2024
10.109999656677246,10.180000305175781,9.779999732971191,9.800000190734863,11139616.0,8.359641075134277,0.1,0.0,VGIR11,01-09-2024
9.779999732971191,9.899999618530273,9.260000228881836,9.8100004196167,13274589.0,8.452784538269043,0.1,0.0,VGIR11,01-10-2024
9.760000228881836,9.8100004196167,9.319999694824219,9.4399995803833,11428253.0,8.21731185913086,0.11,0.0,VGIR11,01-11-2024
9.4399995803833,9.609999656677246,8.119999885559082,9.289999961853027,15245057.0,8.180574417114258,0.11,0.0,VGIR11,01-12-2024
9.289999961853027,9.539999961853027,8.770000457763672,8.989999771118164,11038205.0,8.0167236328125,0.109584,0.0,VGIR11,01-01-2025
8.989999771118164,9.369999885559082,8.920000076293945,9.350000381469727,9195625.0,8.436521530151367,0.11,0.0,VGIR11,01-02-2025
9.350000381469727,9.640000343322754,9.220000267028809,9.539999961853027,8487115.0,8.712818145751953,0.11,0.0,VGIR11,01-03-2025
9.5600004196167,9.640000343322754,9.130000114440918,9.390000343322754,16514097.0,8.677587509155273,0.12,0.0,VGIR11,01-04-2025
9.390000343322754,9.800000190734863,9.380000114440918,9.5600004196167,10390051.0,8.947834014892578,0.12,0.0,VGIR11,01-05-2025
9.600000381469727,9.739999771118164,9.239999771118164,9.65999984741211,11551914.0,9.154448509216309,0.12,0.0,VGIR11,01-06-2025
9.65999984741211,9.8100004196167,9.380000114440918,9.529999732971191,13510515.0,9.147283554077148,0.12,0.0,VGIR11,01-07-2025
9.550000190734863,9.600000381469727,9.359999656677246,9.579999923706055,10193808.0,9.313164710998535,0.14,0.0,VGIR11,01-08-2025
9.600000381469727,9.739999771118164,9.520000457763672,9.619999885559082,5170188.0,9.491336822509766,0.13,0.0,VGIR11,01-09-2025
0.0,0.0,0.0,9.619999885559082,0.0,9.619999885559082,0.0,0.0,VGIR11,15-09-2025
12.44372844696045,12.8041410446167,11.762737274169922,11.944840431213379,2960931.0,8.577796936035156,0.0,0.0,ALZR11,01-10-2020
11.944840431213379,12.329913139343262,11.582530975341797,11.869913101196289,2494594.0,8.5239896774292,0.0,0.0,ALZR11,01-11-2020
11.903107643127441,12.415273666381836,11.580634117126465,12.206613540649414,2528703.0,8.765780448913574,0.0,0.0,ALZR11,01-12-2020
12.206613540649414,12.32517147064209,11.665994644165039,12.033994674682617,2871165.0,8.641820907592773,0.0,0.0,ALZR11,01-01-2021
12.033994674682617,12.880965232849121,11.931562423706055,11.96096420288086,3180269.0,8.589378356933594,0.0,0.0,ALZR11,01-02-2021
12.045376777648926,12.28818130493164,11.499067306518555,12.196181297302246,3380700.0,8.75829029083252,0.0,0.0,ALZR11,01-03-2021
12.198078155517578,12.518655776977539,12.009334564208984,12.196181297302246,2011956.0,8.75829029083252,0.0,0.0,ALZR11,01-04-2021
12.196181297302246,12.31853199005127,11.747562408447266,12.054861068725586,2431935.0,8.656805038452148,0.0,0.0,ALZR11,01-05-2021
12.103232383728027,12.203768730163574,10.544920921325684,11.115891456604004,4033412.0,7.98251485824585,0.0,0.0,ALZR11,01-06-2021
11.191766738891602,12.066243171691895,11.092180252075195,11.514242172241211,2175474.0,8.268575668334961,0.0,0.0,ALZR11,01-07-2021
11.514242172241211,11.560715675354004,10.812384605407715,11.056138038635254,2253034.0,7.939605236053467,0.0,0.0,ALZR11,01-08-2021
11.0125093460083,11.073209762573242,10.584755897521973,10.918611526489258,1912078.0,7.840845584869385,0.0,0.0,ALZR11,01-09-2021
10.926199913024902,11.028633117675781,10.508879661560059,10.508879661560059,1653247.0,7.546610355377197,0.0,0.0,ALZR11,01-10-2021
10.527849197387695,10.575271606445312,9.627764701843262,9.920838356018066,2429700.0,7.124325275421143,0.0,0.0,ALZR11,01-11-2021
9.920838356018066,10.812384605407715,9.91135311126709,10.79626178741455,1921059.0,7.752983570098877,0.0,0.0,ALZR11,01-12-2021
10.79626178741455,11.002076148986816,10.542076110839844,10.923355102539062,1829787.0,7.844250679016113,0.0,0.0,ALZR11,01-01-2022
10.923355102539062,11.062776565551758,10.242363929748535,10.59424114227295,1719239.0,7.607909679412842,0.0,0.0,ALZR11,01-02-2022
10.59424114227295,10.793416023254395,10.304962158203125,10.751684188842773,2562570.0,7.720973968505859,0.072405,0.0,ALZR11,01-03-2022
10.78298282623291,11.070364952087402,10.660633087158203,11.00586986541748,1718205.0,7.9586639404296875,0.073179,0.0,ALZR11,01-04-2022
11.00586986541748,11.085539817810059,10.86170482635498,10.926199913024902,1781316.0,7.954179763793945,0.073563,0.0,ALZR11,01-05-2022
10.928096771240234,11.172798156738281,10.79910659790039,11.049498558044434,2865692.0,8.097921371459961,0.074044,0.0,ALZR11,01-06-2022
11.030529975891113,11.12442684173584,10.763559341430664,10.956626892089844,3109198.0,8.084501266479492,0.0,0.0,ALZR11,01-07-2022
10.975934028625488,11.456673622131348,10.807965278625488,11.340832710266113,3386384.0,8.367992401123047,0.075482,0.0,ALZR11,01-08-2022
11.340832710266113,11.554174423217773,11.011651992797852,11.316699981689453,2813584.0,8.40629768371582,0.545485,0.0,ALZR11,01-09-2022
11.316699981689453,11.676772117614746,11.171897888183594,11.407442092895508,2367264.0,8.895689964294434,0.076793,0.0,ALZR11,01-10-2022
11.407442092895508,11.407442092895508,10.913187026977539,11.148730278015137,1743693.0,8.752570152282715,0.074823,0.0,ALZR11,01-11-2022
11.148730278015137,11.284843444824219,10.498089790344238,10.716257095336914,2101847.0,8.470000267028809,0.070031,0.0,ALZR11,01-12-2022
10.721083641052246,11.145833969116211,10.633237838745117,10.753905296325684,2151880.0,8.555734634399414,0.075652,0.0,ALZR11,01-01-2023
10.712395668029785,10.925736427307129,10.618758201599121,10.783830642700195,1559501.0,8.638877868652344,0.077764,0.0,ALZR11,01-02-2023
10.792518615722656,11.004894256591797,10.667989730834961,10.8118257522583,2065134.0,8.724563598632812,0.078748,0.0,ALZR11,01-03-2023
10.8118257522583,11.391031265258789,10.75680160522461,11.283878326416016,2293324.0,9.17133903503418,0.078748,0.0,ALZR11,01-04-2023
11.283878326416016,11.298798561096191,10.69800853729248,10.927491188049316,4759609.0,8.945793151855469,0.080344,0.0,ALZR11,01-05-2023
10.932415962219238,11.622832298278809,10.894004821777344,11.361832618713379,4914212.0,9.369361877441406,0.0,0.0,ALZR11,01-06-2023
11.380545616149902,11.690791130065918,11.030905723571777,11.329331398010254,5752651.0,9.342559814453125,0.081254,0.0,ALZR11,01-07-2023
11.355923652648926,11.62086296081543,11.227886199951172,11.499719619750977,4399198.0,9.54995059967041,0.081254,0.0,ALZR11,01-08-2023
11.51252269744873,11.568662643432617,11.086060523986816,11.502674102783203,4086377.0,9.620562553405762,0.081254,0.0,ALZR11,01-09-2023
11.467218399047852,11.522372245788574,11.178641319274902,11.289935111999512,3097748.0,9.50991153717041,0.081254,0.0,ALZR11,01-10-2023
11.288949966430664,11.371682167053223,11.118561744689941,11.256448745727539,3203027.0,9.549938201904297,0.081156,0.0,ALZR11,01-11-2023
11.256448745727539,11.619877815246582,11.184551239013672,11.58639144897461,2597961.0,9.900986671447754,0.081254,0.0,ALZR11,01-12-2023
11.58639144897461,11.8286771774292,11.257433891296387,11.355923652648926,3206944.0,9.77271842956543,0.078551,0.0,ALZR11,01-01-2024
11.384486198425293,11.700639724731445,11.362817764282227,11.414032936096191,2705558.0,9.88888931274414,0.078551,0.0,ALZR11,01-02-2024
11.424866676330566,11.710489273071289,11.415018081665039,11.617907524108887,2337520.0,10.133753776550293,0.078551,0.0,ALZR11,01-03-2024
11.617907524108887,11.671092987060547,11.02992057800293,11.49676513671875,2653904.0,10.096266746520996,0.075934,0.0,ALZR11,01-04-2024
11.49676513671875,11.638590812683105,10.920999526977539,10.99899959564209,4964161.0,9.723363876342773,0.073399,0.0,ALZR11,01-05-2024
10.975000381469727,10.98799991607666,10.805000305175781,10.843999862670898,3670920.0,9.649980545043945,0.073237,0.0,ALZR11,01-06-2024
10.843999862670898,10.972999572753906,10.527000427246094,10.777999877929688,4187590.0,9.655970573425293,0.071078,0.0,ALZR11,01-07-2024
10.800000190734863,10.852999687194824,10.59000015258789,10.770999908447266,4319860.0,9.712793350219727,0.07575,0.0,ALZR11,01-08-2024
10.77299976348877,10.821000099182129,10.402999877929688,10.48900032043457,3606550.0,9.525177955627441,0.074571,0.0,ALZR11,01-09-2024
10.48900032043457,10.5,9.989999771118164,10.149999618530273,4839660.0,9.281908988952637,0.0732,0.0,ALZR11,01-10-2024
10.145999908447266,10.241000175476074,9.906000137329102,9.967000007629395,3752960.0,9.17900276184082,0.0775,0.0,ALZR11,01-11-2024
9.967000007629395,10.22700023651123,9.324999809265137,10.074999809265137,4525520.0,9.350701332092285,0.08055,0.0,ALZR11,01-12-2024
10.074999809265137,10.274999618530273,9.699999809265137,9.947999954223633,2978460.0,9.310168266296387,0.08055,0.0,ALZR11,01-01-2025
9.947999954223633,9.958000183105469,9.513999938964844,9.770000457763672,3240570.0,9.218741416931152,0.08055,0.0,ALZR11,01-02-2025
9.770000457763672,10.194000244140625,9.699999809265137,10.119999885559082,2716150.0,9.627893447875977,0.08055,0.0,ALZR11,01-03-2025
10.12399959564209,10.170000076293945,9.47599983215332,9.79699993133545,6486220.0,9.395182609558105,0.08155,0.0,ALZR11,01-04-2025
9.79699993133545,10.199999809265137,9.795000076293945,10.039999961853027,3837834.0,9.709251403808594,0.08155,10.0,ALZR11,01-05-2025
10.050000190734863,10.289999961853027,9.979999542236328,10.109999656677246,3311169.0,9.855742454528809,0.08155,10.0,ALZR11,01-06-2025
10.109999656677246,10.289999961853027,9.890000343322754,10.020000457763672,3279570.0,9.846809387207031,0.0937,0.0,ALZR11,01-07-2025
10.020000457763672,10.260000228881836,9.930000305175781,10.140000343322754,2870386.0,10.057123184204102,0.08255,0.0,ALZR11,01-08-2025
10.119999885559082,10.619999885559082,10.079999923706055,10.579999923706055,1947426.0,10.579999923706055,0.0,0.0,ALZR11,01-09-2025
0.0,0.0,0.0,10.579999923706055,0.0,10.579999923706055,0.0,0.0,ALZR11,15-09-2025
100.0,100.43000030517578,97.0,100.0,24765.0,72.02877807617188,0.0,,BPML11,01-10-2020
100.0,100.41999816894531,94.51000213623047,99.98999786376953,29971.0,72.0215835571289,0.0,,BPML11,01-11-2020
99.5199966430664,99.98999786376953,95.01000213623047,98.98999786376953,1055.0,71.3012924194336,0.0,,BPML11,01-12-2020
98.98999786376953,109.30000305175781,95.01000213623047,98.5,48630.0,70.94835662841797,0.0,,BPML11,01-01-2021
98.5,110.0,96.05000305175781,101.98999786376953,69629.0,73.46216583251953,0.0,,BPML11,01-02-2021
102.44999694824219,102.44999694824219,84.0,88.83999633789062,383987.0,63.990333557128906,0.0,,BPML11,01-03-2021
87.12000274658203,98.94000244140625,86.5999984741211,94.37999725341797,20889.0,67.98078918457031,0.0,,BPML11,01-04-2021
95.48999786376953,96.9800033569336,86.70999908447266,91.5,13629.0,65.90633392333984,0.0,,BPML11,01-05-2021
91.4800033569336,91.4800033569336,80.0,87.0,35445.0,62.665035247802734,0.0,,BPML11,01-06-2021
86.01000213623047,88.4800033569336,80.05999755859375,86.80000305175781,39350.0,62.52097702026367,0.0,,BPML11,01-07-2021
86.45999908447266,88.43000030517578,80.55000305175781,86.45999908447266,2736.0,62.27607345581055,0.0,,BPML11,01-08-2021
86.45999908447266,95.0,78.01000213623047,83.37999725341797,9475.0,60.057613372802734,0.0,,BPML11,01-09-2021
83.98999786376953,84.83000183105469,79.02999877929688,82.51000213623047,2316.0,59.43095397949219,0.0,,BPML11,01-10-2021
82.51000213623047,83.5,76.0,78.97000122070312,3878.0,56.88113021850586,0.0,,BPML11,01-11-2021
78.95999908447266,81.87999725341797,69.80000305175781,75.79000091552734,18191.0,54.59062194824219,0.0,,BPML11,01-12-2021
74.06999969482422,76.55000305175781,65.54000091552734,69.23999786376953,11165.0,49.87272644042969,0.0,,BPML11,01-01-2022
68.02999877929688,70.0,62.0,63.900001525878906,25575.0,46.026390075683594,0.0,,BPML11,01-02-2022
63.900001525878906,69.0,62.09000015258789,66.0,5135.0,47.53898620605469,0.35,,BPML11,01-03-2022
67.37000274658203,76.38999938964844,65.08999633789062,73.4000015258789,11115.0,53.1563720703125,0.3,,BPML11,01-04-2022
73.37999725341797,73.37999725341797,66.48999786376953,67.02999877929688,12869.0,48.7534065246582,0.2,,BPML11,01-05-2022
70.94999694824219,70.97000122070312,61.0,62.70000076293945,25113.0,45.73444366455078,0.15,,BPML11,01-06-2022
62.70000076293945,66.83000183105469,58.189998626708984,63.97999954223633,58643.0,46.776084899902344,0.0,,BPML11,01-07-2022
63.779998779296875,65.48999786376953,58.0,63.849998474121094,18378.0,46.68103790283203,0.0,,BPML11,01-08-2022
63.849998474121094,73.5999984741211,58.0,64.25,19204.0,46.973480224609375,0.3,,BPML11,01-09-2022
64.25,69.98999786376953,62.209999084472656,69.0199966430664,4102.0,50.70356369018555,0.3,,BPML11,01-10-2022
69.0199966430664,69.69000244140625,64.80999755859375,65.97000122070312,2557.0,48.677730560302734,0.3,,BPML11,01-11-2022
65.95999908447266,66.87000274658203,54.540000915527344,63.11000061035156,11548.0,46.77753829956055,0.3,,BPML11,01-12-2022
63.099998474121094,63.099998474121094,55.349998474121094,60.5,4811.0,45.05934143066406,0.270465,,BPML11,01-01-2023
60.5,63.9900016784668,53.150001525878906,60.220001220703125,3174.0,45.0454216003418,0.270465,,BPML11,01-02-2023
60.209999084472656,60.9900016784668,52.13999938964844,56.0,17416.0,42.0820426940918,0.0,,BPML11,01-03-2023
55.5,62.880001068115234,54.5099983215332,57.400001525878906,6051.0,43.13409423828125,0.0,,BPML11,01-04-2023
57.400001525878906,58.52000045776367,51.0,57.790000915527344,33723.0,43.42716598510742,0.0,,BPML11,01-05-2023
57.0,64.77999877929688,54.68000030517578,61.540000915527344,17026.0,46.245155334472656,0.0,,BPML11,01-06-2023
61.54999923706055,68.0,60.040000915527344,64.04000091552734,28011.0,48.123817443847656,0.0,,BPML11,01-07-2023
64.04000091552734,70.0,63.0,68.0,40092.0,51.09961700439453,0.0,,BPML11,01-08-2023
72.0,83.0,70.0,83.0,121534.0,62.37158203125,0.0,,BPML11,01-09-2023
83.0,87.1500015258789,81.5,87.1500015258789,47430.0,65.49016571044922,0.0,,BPML11,01-10-2023
88.19999694824219,99.0,85.05000305175781,94.80000305175781,8472.0,71.2388916015625,0.0,,BPML11,01-11-2023
94.79000091552734,96.05000305175781,92.5,96.0,162781.0,72.14064025878906,0.0,,BPML11,01-12-2023
96.0,97.05000305175781,92.0,94.97000122070312,57155.0,71.36663055419922,0.87,,BPML11,01-01-2024
93.0199966430664,93.80000305175781,89.0,93.0,87390.0,70.52552032470703,0.91,,BPML11,01-02-2024
92.30000305175781,98.0,91.5,96.0,90912.0,73.5199203491211,1.02,,BPML11,01-03-2024
96.0199966430664,105.0,95.69999694824219,100.0,56065.0,77.431396484375,1.02,,BPML11,01-04-2024
99.1500015258789,102.98999786376953,93.02999877929688,97.5,206364.0,76.27400970458984,1.0,,BPML11,01-05-2024
97.48999786376953,97.48999786376953,87.0,96.0,258297.0,75.8748779296875,1.07,,BPML11,01-06-2024
96.08000183105469,96.83999633789062,86.58999633789062,88.62999725341797,328578.0,70.88520050048828,1.07,,BPML11,01-07-2024
89.6500015258789,90.0,84.2699966430664,88.77999877929688,268166.0,71.8468246459961,1.07,,BPML11,01-08-2024
88.0,93.5,86.51000213623047,88.0999984741211,787228.0,72.19580841064453,1.07,,BPML11,01-09-2024
89.83999633789062,89.83999633789062,78.83999633789062,82.88999938964844,213638.0,68.71695709228516,1.07,,BPML11,01-10-2024
83.9800033569336,83.9800033569336,72.30000305175781,76.30999755859375,284847.0,64.1073226928711,1.07,,BPML11,01-11-2024
76.30999755859375,77.98999786376953,64.52999877929688,72.95999908447266,359854.0,62.12235641479492,1.07,,BPML11,01-12-2024
72.0199966430664,76.8499984741211,68.43000030517578,73.5999984741211,235031.0,63.66556167602539,1.07,,BPML11,01-01-2025
74.44000244140625,76.0,70.41000366210938,72.75,225515.0,63.87668228149414,1.07,,BPML11,01-02-2025
72.75,81.98999786376953,72.61000061035156,80.0,467028.0,71.30956268310547,1.07,,BPML11,01-03-2025
80.01000213623047,81.08999633789062,78.04000091552734,80.0,362183.0,72.27638244628906,1.07,,BPML11,01-04-2025
80.0,80.77999877929688,78.80999755859375,80.0,171722.0,73.25617980957031,1.07,,BPML11,01-05-2025
79.9800033569336,81.94999694824219,79.37999725341797,80.0199966430664,212346.0,74.26832580566406,1.06,,BPML11,01-06-2025
80.04000091552734,81.9800033569336,77.88999938964844,78.45999908447266,256777.0,74.63731384277344,0.92,,BPML11,01-07-2025
78.6500015258789,79.94999694824219,76.95999908447266,78.2699966430664,259610.0,76.33285522460938,1.06,,BPML11,01-08-2025
78.2699966430664,79.0,76.5999984741211,78.30000305175781,155544.0,78.30000305175781,0.92,,BPML11,01-09-2025
0.0,78.30000305175781,78.30000305175781,78.30000305175781,0.0,78.30000305175781,0.92,,BPML11,15-09-2025
103.55088806152344,111.09962463378906,102.32730102539062,107.18217468261719,1128745.0,78.28937530517578,0.0,,BTLG11,01-10-2020
107.18217468261719,113.52705383300781,106.57038116455078,108.64258575439453,916022.0,79.3561019897461,0.0,,BTLG11,01-11-2020
109.38265228271484,110.17206573486328,103.5311508178711,110.0240478515625,2177918.0,80.36517333984375,0.0,,BTLG11,01-12-2020
110.0240478515625,111.99757385253906,107.16243743896484,111.44498443603516,1338037.0,81.40303802490234,0.0,,BTLG11,01-01-2021
112.47122192382812,117.42476654052734,111.405517578125,116.43800354003906,1125327.0,85.05011749267578,0.0,,BTLG11,01-02-2021
117.02019500732422,117.03006744384766,110.37928771972656,113.19155883789062,1083871.0,82.67881774902344,0.0,,BTLG11,01-03-2021
113.18168640136719,114.25726318359375,109.53067016601562,113.76387786865234,1060545.0,83.09685516357422,0.0,,BTLG11,01-04-2021
113.97109985351562,115.15521240234375,108.34654998779297,110.22140502929688,1281049.0,80.50931549072266,0.0,,BTLG11,01-05-2021
110.0733871459961,112.98433685302734,99.66304016113281,104.9323501586914,1462977.0,76.6460189819336,0.0,,BTLG11,01-06-2021
105.33692932128906,113.6355972290039,104.9323501586914,109.2543716430664,993737.0,79.8029556274414,0.0,,BTLG11,01-07-2021
109.39252471923828,110.0240478515625,103.51141357421875,104.981689453125,1132283.0,76.68209075927734,0.0,,BTLG11,01-08-2021
105.12970733642578,106.4717025756836,102.62332916259766,105.4750747680664,1202162.0,77.04244232177734,0.0,,BTLG11,01-09-2021
105.5836181640625,106.4717025756836,101.78457641601562,102.62332916259766,833298.0,74.9594497680664,0.0,,BTLG11,01-10-2021
102.62332916259766,104.59685516357422,93.24908447265625,99.38674926757812,893130.0,72.59535217285156,0.0,,BTLG11,01-11-2021
99.38674926757812,105.85990905761719,97.19613647460938,105.51454162597656,878341.0,77.07128143310547,0.0,,BTLG11,01-12-2021
105.51454162597656,106.4124984741211,101.63656616210938,103.89625549316406,807746.0,75.88924407958984,0.0,,BTLG11,01-01-2022
103.99492645263672,104.78433990478516,99.57423400878906,101.63656616210938,705342.0,74.23866271972656,0.0,,BTLG11,01-02-2022
101.63656616210938,103.61009216308594,100.85702514648438,102.08870697021484,833140.0,74.56893920898438,0.0,,BTLG11,01-03-2022
102.09860229492188,103.5230941772461,99.26939392089844,101.88096618652344,691850.0,74.41716766357422,0.712247,,BTLG11,01-04-2022
101.88096618652344,102.84052276611328,99.94207763671875,100.90162658691406,689999.0,74.21691131591797,0.712247,,BTLG11,01-05-2022
100.90162658691406,102.08870697021484,97.9339370727539,98.92316436767578,681882.0,73.27143096923828,0.712247,,BTLG11,01-06-2022
98.92316436767578,99.21993255615234,94.96623992919922,99.07154846191406,807529.0,73.904296875,0.81117,,BTLG11,01-07-2022
99.11112213134766,103.1669692993164,99.07154846191406,102.83062744140625,1107327.0,77.35578155517578,0.732031,,BTLG11,01-08-2022
102.83062744140625,103.86932373046875,100.54550170898438,101.89086151123047,1073313.0,77.2100830078125,0.732031,,BTLG11,01-09-2022
101.89086151123047,102.3854751586914,100.02120971679688,101.28742980957031,1294388.0,77.3022689819336,0.732031,,BTLG11,01-10-2022
101.28742980957031,101.79193878173828,96.45008850097656,97.2513656616211,1324708.0,74.76063537597656,0.732031,,BTLG11,01-11-2022
97.2513656616211,99.31885528564453,93.48239135742188,99.31885528564453,763170.0,76.91368865966797,0.732031,,BTLG11,01-12-2022
99.2891845703125,99.41777801513672,92.99766540527344,93.64067077636719,1078447.0,73.08124542236328,0.732031,,BTLG11,01-01-2023
93.87808227539062,94.16496276855469,90.11900329589844,91.30608367919922,828577.0,71.79851531982422,0.732031,,BTLG11,01-02-2023
91.35554504394531,94.9068832397461,91.00931549072266,93.47249603271484,973990.0,74.08528900146484,0.732031,,BTLG11,01-03-2023
93.26476287841797,96.9447021484375,91.63253021240234,95.26300811767578,693655.0,76.09345245361328,0.732031,,BTLG11,01-04-2023
95.26300811767578,98.42855072021484,92.49315643310547,97.37007141113281,1275029.0,78.38710021972656,0.732031,,BTLG11,01-05-2023
97.37007141113281,101.6930160522461,95.47074890136719,101.53473663330078,1671707.0,82.35896301269531,0.732031,,BTLG11,01-06-2023
101.53473663330078,107.0942153930664,101.53473663330078,105.15532684326172,1645988.0,85.92084503173828,0.751816,,BTLG11,01-07-2023
105.50155639648438,105.84778594970703,101.75220489501953,103.51790618896484,1612832.0,85.20557403564453,0.758154,,BTLG11,01-08-2023
103.8570785522461,104.5853042602539,99.83686828613281,101.25342559814453,1260477.0,83.9617919921875,0.758154,,BTLG11,01-09-2023
101.40306091308594,101.47288513183594,98.92908477783203,99.20840454101562,1405334.0,82.86968231201172,0.758154,,BTLG11,01-10-2023
99.59745788574219,100.754638671875,97.86167907714844,100.51522064208984,1467798.0,84.5979995727539,0.758154,,BTLG11,01-11-2023
100.51522064208984,103.74735260009766,99.3879623413086,103.61766815185547,1509700.0,87.87774658203125,0.758154,,BTLG11,01-12-2023
103.61766815185547,104.24613189697266,101.69235229492188,102.44000244140625,2256624.0,87.5382080078125,0.808032,,BTLG11,01-01-2024
102.44000244140625,104.0,102.05000305175781,103.69999694824219,2312954.0,89.31388092041016,0.78,,BTLG11,01-02-2024
103.69999694824219,108.4800033569336,103.69999694824219,106.11000061035156,3898849.0,92.08724212646484,0.76,,BTLG11,01-03-2024
106.4000015258789,107.30000305175781,100.44999694824219,101.5,1993577.0,88.72992706298828,0.76,,BTLG11,01-04-2024
101.5,103.0,99.80000305175781,100.9000015258789,1902991.0,88.83891296386719,0.76,,BTLG11,01-05-2024
100.94999694824219,101.12000274658203,95.97000122070312,99.75,2284922.0,88.48633575439453,0.76,,BTLG11,01-06-2024
99.80000305175781,103.16999816894531,97.80000305175781,100.63999938964844,2230686.0,89.96647644042969,0.76,,BTLG11,01-07-2024
101.6500015258789,103.0,99.4000015258789,102.66999816894531,2083324.0,92.46749114990234,0.76,,BTLG11,01-08-2024
102.9000015258789,103.0,97.08000183105469,97.83000183105469,1876205.0,88.7671890258789,0.78,,BTLG11,01-09-2024
98.51000213623047,100.48999786376953,95.05000305175781,96.02999877929688,2305848.0,87.81001281738281,0.78,,BTLG11,01-10-2024
96.9000015258789,98.8499984741211,93.75,95.0,1788967.0,87.57162475585938,0.78,,BTLG11,01-11-2024
95.0999984741211,95.86000061035156,85.69999694824219,93.86000061035156,2579071.0,87.21997833251953,0.78,,BTLG11,01-12-2024
94.80000305175781,96.86000061035156,90.19999694824219,94.30000305175781,1728200.0,88.387451171875,0.868191,,BTLG11,01-01-2025
93.9000015258789,97.0,92.12999725341797,94.9800033569336,1505755.0,89.84243774414062,0.78,,BTLG11,01-02-2025
94.9800033569336,97.80999755859375,94.80999755859375,97.5,1484497.0,92.9912338256836,0.78,,BTLG11,01-03-2025
97.5,101.55000305175781,95.11000061035156,100.72000122070312,1453922.0,96.84963989257812,0.78,,BTLG11,01-04-2025
100.72000122070312,101.91999816894531,99.98999786376953,100.36000061035156,1251099.0,97.27235412597656,0.78,,BTLG11,01-05-2025
101.37000274658203,102.80000305175781,99.5199966430664,99.94000244140625,1441805.0,97.6191635131836,0.78,,BTLG11,01-06-2025
100.0999984741211,101.25,98.31999969482422,99.0,1479240.0,97.45420837402344,0.7801,,BTLG11,01-07-2025
99.30999755859375,100.48999786376953,97.51000213623047,100.0,1376996.0,99.20651245117188,0.78,,BTLG11,01-08-2025
100.1500015258789,103.0999984741211,99.81999969482422,102.55000305175781,865288.0,102.55000305175781,0.0,,BTLG11,01-09-2025
0.0,102.55000305175781,102.55000305175781,102.55000305175781,0.0,102.55000305175781,0.0,,BTLG11,15-09-2025
98.98999786376953,99.5999984741211,94.44000244140625,97.48999786376953,683315.0,73.59910583496094,0.0,,JSRE11,01-10-2020
97.48999786376953,97.8499984741211,92.47000122070312,96.19999694824219,750647.0,72.62523651123047,0.0,,JSRE11,01-11-2020
95.68000030517578,99.48999786376953,93.19999694824219,99.48999786376953,557469.0,75.10899353027344,0.0,,JSRE11,01-12-2020
99.48999786376953,100.8499984741211,96.5999984741211,100.01000213623047,448339.0,75.50153350830078,0.0,,JSRE11,01-01-2021
100.01000213623047,100.01000213623047,96.5,97.9000015258789,560192.0,73.90863800048828,0.0,,JSRE11,01-02-2021
97.61000061035156,98.0,89.1500015258789,94.55999755859375,942174.0,71.38715362548828,0.0,,JSRE11,01-03-2021
93.66999816894531,95.30000305175781,90.69999694824219,95.19999694824219,640690.0,71.87028503417969,0.0,,JSRE11,01-04-2021
94.63999938964844,95.05000305175781,88.01000213623047,91.47000122070312,705924.0,69.05436706542969,0.0,,JSRE11,01-05-2021
90.9000015258789,91.86000061035156,79.9800033569336,89.5,644249.0,67.567138671875,0.0,,JSRE11,01-06-2021
88.79000091552734,94.0,85.80000305175781,89.55999755859375,523240.0,67.61241149902344,0.0,,JSRE11,01-07-2021
90.13999938964844,90.13999938964844,80.0,81.2300033569336,581632.0,61.323795318603516,0.0,,JSRE11,01-08-2021
81.0,81.94999694824219,78.0,80.30000305175781,565821.0,60.621665954589844,0.0,,JSRE11,01-09-2021
79.9800033569336,80.30000305175781,73.02999877929688,73.47000122070312,725754.0,55.46544647216797,0.0,,JSRE11,01-10-2021
73.2300033569336,74.0,67.68000030517578,69.93000030517578,843014.0,52.79296112060547,0.0,,JSRE11,01-11-2021
69.4000015258789,83.52999877929688,68.25,83.12000274658203,663660.0,62.75062942504883,0.0,,JSRE11,01-12-2021
82.5999984741211,83.70999908447266,77.33999633789062,80.30000305175781,423440.0,60.621665954589844,0.0,,JSRE11,01-01-2022
80.0,80.30000305175781,74.5,77.12999725341797,577246.0,58.228515625,0.0,,JSRE11,01-02-2022
77.12999725341797,77.12999725341797,70.16999816894531,73.0999984741211,712068.0,55.18612289428711,0.0,,JSRE11,01-03-2022
72.38999938964844,78.38999938964844,71.58000183105469,77.4800033569336,606611.0,58.49277114868164,0.48,,JSRE11,01-04-2022
77.19999694824219,78.9000015258789,72.04000091552734,77.80000305175781,833832.0,59.122554779052734,0.49,,JSRE11,01-05-2022
77.6500015258789,80.19999694824219,75.68000030517578,75.83000183105469,917093.0,57.992252349853516,0.49,,JSRE11,01-06-2022
75.6500015258789,78.0,74.0199966430664,76.33000183105469,579958.0,58.7446174621582,0.49,,JSRE11,01-07-2022
75.52999877929688,88.73999786376953,74.33999633789062,87.30999755859375,780115.0,67.63201141357422,0.49,,JSRE11,01-08-2022
87.30000305175781,87.9800033569336,79.4000015258789,87.75,1006356.0,68.4120101928711,0.49,,JSRE11,01-09-2022
87.9800033569336,89.95999908447266,83.80000305175781,86.1500015258789,685242.0,67.54368591308594,0.49,,JSRE11,01-10-2022
85.9800033569336,86.0,71.26000213623047,72.41000366210938,727438.0,57.0899772644043,0.49,,JSRE11,01-11-2022
71.91999816894531,73.56999969482422,66.70999908447266,73.0,527998.0,57.88438034057617,0.49,,JSRE11,01-12-2022
73.0,73.0,63.75,64.3499984741211,863709.0,51.373130798339844,0.49,,JSRE11,01-01-2023
64.08999633789062,68.12000274658203,61.060001373291016,67.4800033569336,562835.0,54.23596954345703,0.49,,JSRE11,01-02-2023
67.0,67.0,60.220001220703125,61.52000045776367,774499.0,49.82512283325195,0.46,,JSRE11,01-03-2023
61.45000076293945,69.6500015258789,60.869998931884766,67.33000183105469,650973.0,54.90492248535156,0.46,,JSRE11,01-04-2023
67.33000183105469,76.66999816894531,65.5,74.70999908447266,800453.0,61.38199996948242,0.46,,JSRE11,01-05-2023
74.54000091552734,81.48999786376953,72.58999633789062,79.69999694824219,753342.0,65.93225860595703,0.46,,JSRE11,01-06-2023
80.02999877929688,81.9000015258789,78.70999908447266,80.05999755859375,799682.0,66.640380859375,0.46,,JSRE11,01-07-2023
79.75,79.93000030517578,75.5,77.37000274658203,978048.0,64.77511596679688,0.46,,JSRE11,01-08-2023
76.91000366210938,80.70999908447266,75.3499984741211,75.95999908447266,741690.0,63.9621467590332,0.46,,JSRE11,01-09-2023
75.4000015258789,76.30000305175781,66.3499984741211,69.5,704655.0,58.87253952026367,0.46,,JSRE11,01-10-2023
69.51000213623047,73.80000305175781,68.0,73.52999877929688,780125.0,62.665809631347656,0.46,,JSRE11,01-11-2023
73.05999755859375,76.25,70.81999969482422,75.05999755859375,696881.0,64.39592742919922,0.46,,JSRE11,01-12-2023
75.05999755859375,77.80000305175781,72.86000061035156,75.94000244140625,734646.0,65.5610580444336,0.46,,JSRE11,01-01-2024
75.44999694824219,76.52999877929688,73.16999816894531,75.41000366210938,561213.0,65.50493621826172,0.46,,JSRE11,01-02-2024
74.94999694824219,75.69999694824219,73.05000305175781,73.6500015258789,494840.0,64.36602783203125,0.46,,JSRE11,01-03-2024
73.16999816894531,75.41999816894531,68.76000213623047,69.66999816894531,813161.0,61.26140594482422,0.48,,JSRE11,01-04-2024
69.66999816894531,72.0199966430664,67.4000015258789,69.56999969482422,780573.0,61.57477951049805,0.48,,JSRE11,01-05-2024
68.16999816894531,69.27999877929688,63.95000076293945,66.69999694824219,702481.0,59.444156646728516,0.48,,JSRE11,01-06-2024
65.79000091552734,69.80000305175781,60.79999923706055,65.69000244140625,868692.0,58.95075988769531,0.48,,JSRE11,01-07-2024
65.0,66.7300033569336,63.599998474121094,64.0999984741211,640709.0,57.94084167480469,0.48,,JSRE11,01-08-2024
64.0999984741211,65.02999877929688,61.709999084472656,62.75,602358.0,57.13807678222656,0.48,,JSRE11,01-09-2024
62.290000915527344,63.38999938964844,58.900001525878906,62.11000061035156,814427.0,56.98200988769531,0.48,,JSRE11,01-10-2024
62.4900016784668,62.720001220703125,57.61000061035156,57.95000076293945,765834.0,53.57529830932617,0.48,,JSRE11,01-11-2024
57.31999969482422,59.2599983215332,54.529998779296875,57.029998779296875,769141.0,53.13538360595703,0.48,,JSRE11,01-12-2024
56.099998474121094,58.0,51.97999954223633,53.7400016784668,599775.0,50.48826217651367,0.48,,JSRE11,01-01-2025
52.279998779296875,59.130001068115234,50.79999923706055,56.65999984741211,594505.0,53.68341064453125,0.0,,JSRE11,01-02-2025
56.65999984741211,60.20000076293945,55.0,59.900001525878906,397201.0,56.753196716308594,0.48,,JSRE11,01-03-2025
59.41999816894531,64.44999694824219,57.59000015258789,64.0999984741211,600154.0,61.2514533996582,0.48,,JSRE11,01-04-2025
63.5,65.56999969482422,61.9900016784668,65.0,600588.0,62.61320495605469,0.48,,JSRE11,01-05-2025
63.709999084472656,66.48999786376953,61.709999084472656,66.48999786376953,534797.0,64.53170776367188,0.48,,JSRE11,01-06-2025
65.37999725341797,66.75,62.029998779296875,64.11000061035156,542116.0,62.684715270996094,0.48,,JSRE11,01-07-2025
63.279998779296875,63.72999954223633,61.0,62.400001525878906,609381.0,61.45639419555664,0.48,,JSRE11,01-08-2025
61.88999938964844,63.0099983215332,61.22999954223633,61.970001220703125,326146.0,61.49330520629883,0.48,,JSRE11,01-09-2025
0.0,0.0,0.0,61.970001220703125,0.0,61.970001220703125,0.0,,JSRE11,15-09-2025
99.80000305175781,104.5,98.0,99.41000366210938,232278.0,49.383949279785156,0.008893,,RZAK11,01-01-2021
99.41000366210938,102.5,93.01000213623047,95.0,231687.0,47.1973762512207,0.0,,RZAK11,01-02-2021
95.51000213623047,99.98999786376953,88.3499984741211,96.5199966430664,298275.0,47.952537536621094,0.5,,RZAK11,01-03-2021
96.5,99.29000091552734,95.54000091552734,97.80000305175781,214971.0,48.84153747558594,0.0,,RZAK11,01-04-2021
97.80999755859375,102.48999786376953,87.97000122070312,98.5,349961.0,49.19110870361328,1.0,,RZAK11,01-05-2021
96.76000213623047,99.9000015258789,92.0,96.6500015258789,266801.0,48.777984619140625,0.9,,RZAK11,01-06-2021
96.01000213623047,101.0,92.11000061035156,99.80000305175781,405025.0,50.83945083618164,1.038758,,RZAK11,01-07-2021
99.79000091552734,99.79000091552734,88.0999984741211,92.22000122070312,266274.0,47.471214294433594,0.8,,RZAK11,01-08-2021
91.61000061035156,96.9000015258789,82.11000061035156,85.55000305175781,278114.0,44.40780258178711,0.6,,RZAK11,01-09-2021
85.5,92.0,83.80000305175781,86.20999908447266,190963.0,45.04005813598633,0.75,,RZAK11,01-10-2021
84.72000122070312,88.94000244140625,81.70999908447266,83.38999938964844,199787.0,43.9314079284668,1.0,,RZAK11,01-11-2021
83.30000305175781,96.72000122070312,82.11000061035156,94.37000274658203,222632.0,50.30145263671875,1.1,,RZAK11,01-12-2021
93.91000366210938,96.75,90.05000305175781,93.5,308347.0,50.48626708984375,1.323805,,RZAK11,01-01-2022
93.01000213623047,97.47000122070312,89.02999877929688,90.0999984741211,293658.0,49.33791732788086,1.3,,RZAK11,01-02-2022
90.0999984741211,95.48999786376953,88.5999984741211,95.2699966430664,329578.0,52.89083480834961,1.3,,RZAK11,01-03-2022
94.83999633789062,100.0,94.05000305175781,95.86000061035156,276147.0,53.97030258178711,1.2,,RZAK11,01-04-2022
95.27999877929688,99.58999633789062,94.54000091552734,98.13999938964844,324343.0,55.93562316894531,1.8,,RZAK11,01-05-2022
98.13999938964844,99.9800033569336,95.5,96.61000061035156,298513.0,56.08211898803711,1.8,,RZAK11,01-06-2022
96.4000015258789,99.91000366210938,96.20999908447266,98.5199966430664,366124.0,58.26154708862305,1.649029,,RZAK11,01-07-2022
98.5199966430664,101.44999694824219,97.0,99.31999969482422,308104.0,59.73311996459961,1.5,,RZAK11,01-08-2022
99.7300033569336,104.55999755859375,99.31999969482422,101.75,327749.0,62.127803802490234,1.66,,RZAK11,01-09-2022
101.7699966430664,105.0,100.20999908447266,101.13999938964844,613580.0,62.777015686035156,1.45,,RZAK11,01-10-2022
101.13999938964844,101.81999969482422,95.62000274658203,97.70999908447266,546379.0,61.51375198364258,1.4,,RZAK11,01-11-2022
97.70999908447266,103.51000213623047,95.81999969482422,96.76000213623047,596913.0,61.79759216308594,1.5,,RZAK11,01-12-2022
96.76000213623047,102.5,96.01000213623047,98.6500015258789,846348.0,63.94776916503906,1.4,,RZAK11,01-01-2023
99.41999816894531,101.80999755859375,97.2699966430664,98.0999984741211,624021.0,64.51476287841797,1.2,,RZAK11,01-02-2023
98.33999633789062,99.4800033569336,89.52999877929688,94.94000244140625,814306.0,63.19380187988281,1.2,,RZAK11,01-03-2023
94.43000030517578,94.69000244140625,83.08000183105469,92.95999908447266,729601.0,62.670440673828125,1.11,,RZAK11,01-04-2023
91.16000366210938,94.8499984741211,90.12000274658203,94.55999755859375,929438.0,64.5474853515625,1.3,,RZAK11,01-05-2023
93.5999984741211,95.94000244140625,92.45999908447266,94.0,850385.0,65.07906341552734,1.25,,RZAK11,01-06-2023
93.52999877929688,95.20999908447266,87.2300033569336,93.9800033569336,1293356.0,65.92823791503906,1.2,,RZAK11,01-07-2023
92.98999786376953,93.37999725341797,88.98999786376953,91.73999786376953,1177128.0,65.18017578125,1.16,,RZAK11,01-08-2023
92.0,95.0,91.83999633789062,93.27999877929688,624851.0,67.10797119140625,1.16,,RZAK11,01-09-2023
93.52999877929688,94.98999786376953,91.27999877929688,92.61000061035156,728348.0,67.44955444335938,1.3,,RZAK11,01-10-2023
87.4800033569336,92.26000213623047,82.5199966430664,84.0,1363220.0,62.03669357299805,1.2,,RZAK11,01-11-2023
84.0,89.5,84.0,88.30000305175781,605178.0,66.11152648925781,1.2,,RZAK11,01-12-2023
88.30000305175781,91.87999725341797,87.2699966430664,87.5,664765.0,66.42066955566406,1.12,,RZAK11,01-01-2024
87.5,90.1500015258789,87.5,87.66000366210938,502999.0,67.3885498046875,1.15,,RZAK11,01-02-2024
87.66999816894531,90.37999725341797,87.66999816894531,88.62999725341797,473863.0,69.01599884033203,1.16,,RZAK11,01-03-2024
88.76000213623047,89.5,85.01000213623047,86.12000274658203,561597.0,67.94436645507812,1.11,,RZAK11,01-04-2024
86.29000091552734,87.80000305175781,84.05000305175781,84.48999786376953,622052.0,67.49736785888672,1.05,,RZAK11,01-05-2024
84.8499984741211,85.41000366210938,80.80999755859375,82.69999694824219,902211.0,66.87195587158203,1.0,,RZAK11,01-06-2024
82.69999694824219,84.0,81.9000015258789,82.77999877929688,574045.0,67.74038696289062,1.0,,RZAK11,01-07-2024
82.77999877929688,83.98999786376953,81.80000305175781,82.43000030517578,674309.0,68.26687622070312,0.95,,RZAK11,01-08-2024
82.43000030517578,84.05000305175781,78.5999984741211,78.94000244140625,664969.0,66.12889862060547,0.92,,RZAK11,01-09-2024
78.75,79.58999633789062,76.5,78.22000122070312,693844.0,66.26091766357422,1.05,,RZAK11,01-10-2024
78.0999984741211,80.80000305175781,77.75,78.5,425220.0,67.39383697509766,1.07,,RZAK11,01-11-2024
79.0,79.0,68.01000213623047,76.98999786376953,614805.0,67.00279998779297,1.13,,RZAK11,01-12-2024
77.16999816894531,80.0,72.66999816894531,76.87000274658203,438907.0,67.952392578125,1.774053,,RZAK11,01-01-2025
76.87000274658203,78.83999633789062,75.51000213623047,78.75,367376.0,71.19306182861328,1.2,,RZAK11,01-02-2025
78.75,83.68000030517578,78.5,83.0199966430664,450716.0,76.23400115966797,1.3,,RZAK11,01-03-2025
83.5999984741211,84.4000015258789,80.98999786376953,82.02999877929688,392019.0,76.53909301757812,1.15,,RZAK11,01-04-2025
82.05000305175781,82.5999984741211,79.62999725341797,80.80000305175781,547130.0,76.45120239257812,1.05,,RZAK11,01-05-2025
80.91000366210938,81.5199966430664,79.80999755859375,80.8499984741211,347703.0,77.48954772949219,1.15,,RZAK11,01-06-2025
80.87000274658203,82.94999694824219,79.19999694824219,81.25,381965.0,78.99515533447266,1.15,,RZAK11,01-07-2025
81.30000305175781,82.77999877929688,79.19999694824219,80.5,312966.0,79.36965942382812,1.15,,RZAK11,01-08-2025
81.0,82.69000244140625,80.30000305175781,81.27999877929688,349409.0,81.27999877929688,0.0,,RZAK11,01-09-2025
0.0,0.0,0.0,81.27999877929688,0.0,81.27999877929688,0.0,,RZAK11,15-09-2025
95.5,100.19999694824219,85.02999877929688,87.56999969482422,573495.0,76.79024505615234,0.92,,RZAT11,01-10-2024
87.56999969482422,91.95999908447266,83.04000091552734,83.66000366210938,246372.0,74.05535888671875,0.98,,RZAT11,01-11-2024
84.0,86.48999786376953,71.5,86.38999938964844,249293.0,77.34732818603516,1.0,,RZAT11,01-12-2024
86.5,88.19999694824219,77.0999984741211,77.0999984741211,229222.0,69.89122009277344,1.0,,RZAT11,01-01-2025
77.62000274658203,83.5,76.38999938964844,82.95999908447266,140445.0,76.09751892089844,1.0,,RZAT11,01-02-2025
82.95999908447266,89.9800033569336,82.5199966430664,89.80000305175781,132004.0,83.41730499267578,1.1,,RZAT11,01-03-2025
89.98999786376953,90.5,87.75,88.95999908447266,131350.0,83.69893646240234,1.1,,RZAT11,01-04-2025
88.95999908447266,92.79000091552734,88.51000213623047,91.26000213623047,223308.0,86.92475128173828,1.15,,RZAT11,01-05-2025
91.30999755859375,92.33000183105469,88.69999694824219,91.08999633789062,174254.0,87.87602996826172,1.15,,RZAT11,01-06-2025
91.25,92.69999694824219,86.5,88.27999877929688,160192.0,86.25594329833984,1.05,,RZAT11,01-07-2025
87.47000122070312,90.66999816894531,86.91000366210938,87.94000244140625,152093.0,86.9182357788086,1.05,,RZAT11,01-08-2025
88.0,92.80000305175781,87.9000015258789,90.61000061035156,157264.0,90.61000061035156,0.0,,RZAT11,01-09-2025
0.0,0.0,0.0,90.61000061035156,0.0,90.61000061035156,0.0,,RZAT11,15-09-2025
103.55106353759766,113.68416595458984,102.61372375488281,107.54708099365234,1055884.0,76.61841583251953,0.0,,XPML11,01-10-2020
107.54708099365234,112.96389770507812,106.11640930175781,108.92841339111328,819948.0,77.60249328613281,0.0,,XPML11,01-11-2020
108.92841339111328,116.36791229248047,102.99852752685547,115.17404174804688,744859.0,82.0519790649414,0.0,,XPML11,01-12-2020
115.17404174804688,118.40045166015625,112.78630065917969,112.89482879638672,798434.0,80.42825317382812,0.0,,XPML11,01-01-2021
112.3028335571289,112.83563232421875,105.99800872802734,106.94520568847656,1070142.0,76.18963623046875,0.0,,XPML11,01-02-2021
106.94520568847656,107.50761413574219,101.13372039794922,104.29106903076172,1058213.0,74.29877471923828,0.0,,XPML11,01-03-2021
104.27133178710938,107.35961151123047,102.04145812988281,104.58706665039062,749851.0,74.50965118408203,0.0,,XPML11,01-04-2021
104.58706665039062,104.64627075195312,99.11104583740234,103.12679290771484,799941.0,73.4693374633789,0.0,,XPML11,01-05-2021
103.20572662353516,107.54708099365234,93.83235931396484,101.82438659667969,850957.0,72.54147338867188,0.0,,XPML11,01-06-2021
101.82438659667969,107.15241241455078,99.4366455078125,101.13372039794922,803633.0,72.0494384765625,0.0,,XPML11,01-07-2021
101.13372039794922,102.47559356689453,97.0390396118164,100.91665649414062,854794.0,71.89479064941406,0.0,,XPML11,01-08-2021
100.91665649414062,102.51506042480469,92.03662109375,94.52302551269531,889355.0,67.33983612060547,0.0,,XPML11,01-09-2021
94.52302551269531,103.36359405517578,93.68435668945312,97.3843765258789,757163.0,69.37834930419922,0.0,,XPML11,01-10-2021
97.48303985595703,98.08490753173828,84.75498962402344,88.3070068359375,744043.0,62.91144943237305,0.0,,XPML11,01-11-2021
88.3070068359375,98.10464477539062,82.3968505859375,98.10464477539062,852367.0,69.8914566040039,0.0,,XPML11,01-12-2021
96.80223846435547,98.39077758789062,88.40567016601562,96.56543731689453,885536.0,68.79489135742188,0.0,,XPML11,01-01-2022
96.44703674316406,97.45343780517578,87.3203353881836,90.18167877197266,832413.0,64.24698638916016,0.0,,XPML11,01-02-2022
90.18167877197266,94.62169647216797,87.86300659179688,94.61183166503906,687883.0,67.40310668945312,0.631426,,XPML11,01-03-2022
94.2270278930664,99.66358184814453,93.83235931396484,97.92704010009766,730006.0,70.26121520996094,0.651158,,XPML11,01-04-2022
97.92704010009766,98.66704559326172,93.33902740478516,96.9009017944336,618218.0,69.98661804199219,0.67089,,XPML11,01-05-2022
96.89103698730469,98.14411163330078,93.26009368896484,93.43769073486328,754545.0,67.95976257324219,0.67089,,XPML11,01-06-2022
93.81262969970703,95.21369934082031,89.796875,94.35529327392578,679825.0,69.11211395263672,0.680756,,XPML11,01-07-2022
94.35529327392578,103.71879577636719,90.74407958984375,103.66946411132812,922434.0,76.50203704833984,0.690622,,XPML11,01-08-2022
103.65959930419922,106.08680725097656,100.21611785888672,102.52033996582031,790319.0,76.17068481445312,0.722622,,XPML11,01-09-2022
102.5599365234375,103.48059844970703,100.70870971679688,102.93611907958984,607818.0,77.01569366455078,0.74242,,XPML11,01-10-2022
102.92622375488281,103.83698272705078,95.26392364501953,97.17455291748047,691338.0,73.23307037353516,0.74242,,XPML11,01-11-2022
97.17455291748047,102.06495666503906,92.95731353759766,94.71944427490234,879423.0,71.91436004638672,0.762218,,XPML11,01-12-2022
94.73924255371094,98.87728118896484,92.56133270263672,95.91729736328125,976316.0,73.41885375976562,0.890904,,XPML11,01-01-2023
95.91729736328125,98.8277816772461,94.0561752319336,98.00611877441406,720429.0,75.70765686035156,0.762218,,XPML11,01-02-2023
98.00611877441406,100.49092102050781,92.90782165527344,94.53135681152344,985241.0,73.6035385131836,0.772117,,XPML11,01-03-2023
94.53135681152344,106.88606262207031,93.20480346679688,102.11445617675781,820386.0,80.14834594726562,0.791914,,XPML11,01-04-2023
102.11445617675781,104.17356872558594,98.74858856201172,100.62154388427734,1070234.0,79.61241149902344,0.801813,,XPML11,01-05-2023
100.64139556884766,104.8203125,100.55206298828125,104.71112823486328,1347924.0,83.50474548339844,0.803964,,XPML11,01-06-2023
104.27437591552734,105.61556243896484,102.83541870117188,105.60559844970703,1616155.0,84.87750244140625,0.827011,,XPML11,01-07-2023
105.59563446044922,110.55804443359375,105.52587890625,110.10963439941406,2100163.0,89.2080307006836,0.836975,,XPML11,01-08-2023
110.10963439941406,114.58377075195312,109.11316680908203,110.34878540039062,3494938.0,90.0990219116211,0.846939,,XPML11,01-09-2023
110.60786437988281,113.09902954101562,107.738037109375,108.7145767211914,1980647.0,89.4386215209961,0.846939,,XPML11,01-10-2023
108.73450469970703,114.07556915283203,108.7145767211914,110.64772033691406,1653727.0,91.72652435302734,0.846939,,XPML11,01-11-2023
111.9730224609375,121.17041778564453,110.43846893310547,116.70624542236328,2419493.0,97.4789810180664,0.896759,,XPML11,01-12-2023
116.70624542236328,119.47642517089844,112.87981414794922,116.97000122070312,2841894.0,98.48889923095703,0.919937,,XPML11,01-01-2024
117.0,119.0999984741211,116.2300033569336,118.18000030517578,1800002.0,100.30323791503906,0.899938,,XPML11,01-02-2024
118.18000030517578,118.62999725341797,115.8499984741211,116.23999786376953,2056027.0,99.4105224609375,0.899938,,XPML11,01-03-2024
116.25,117.9000015258789,114.69999694824219,116.30999755859375,3228199.0,100.23625946044922,0.91,,XPML11,01-04-2024
116.30999755859375,118.5,113.30000305175781,113.87000274658203,2872640.0,98.91006469726562,0.92,,XPML11,01-05-2024
113.93000030517578,114.7300033569336,109.01000213623047,112.75,3189844.0,98.71195220947266,0.92,,XPML11,01-06-2024
112.75,114.16999816894531,109.4000015258789,111.58999633789062,2794919.0,98.51957702636719,0.92,,XPML11,01-07-2024
111.75,113.77999877929688,110.69999694824219,112.0,2546707.0,99.69021606445312,0.92,,XPML11,01-08-2024
112.45999908447266,112.79000091552734,106.70999908447266,107.43000030517578,3696776.0,96.40760803222656,0.92,,XPML11,01-09-2024
107.69999694824219,108.25,102.7699966430664,103.69999694824219,3049808.0,93.83140563964844,0.92,,XPML11,01-10-2024
103.38999938964844,104.5,99.6500015258789,100.51000213623047,2589700.0,91.7367172241211,0.92,,XPML11,01-11-2024
101.23999786376953,101.76000213623047,90.31999969482422,97.66999816894531,3865080.0,89.94023895263672,0.92,,XPML11,01-12-2024
97.66999816894531,99.91000366210938,94.8499984741211,97.5,2911637.0,90.64002227783203,0.92,,XPML11,01-01-2025
97.61000061035156,98.98999786376953,94.9000015258789,95.25,2754409.0,89.40457916259766,0.92,,XPML11,01-02-2025
95.25,103.37999725341797,95.25,102.3499984741211,2581807.0,96.97044372558594,0.92,,XPML11,01-03-2025
102.5,106.97000122070312,99.12000274658203,106.5,2260849.0,101.85559844970703,0.92,,XPML11,01-04-2025
106.5,107.22000122070312,103.6500015258789,104.5999984741211,2137906.0,100.92529296875,0.92,,XPML11,01-05-2025
104.88999938964844,104.94000244140625,100.5999984741211,104.1500015258789,2369788.0,101.36668395996094,0.92,,XPML11,01-06-2025
104.0,105.5,100.0999984741211,101.79000091552734,2080169.0,99.95645141601562,0.92,,XPML11,01-07-2025
102.37000274658203,102.9000015258789,98.23999786376953,101.9000015258789,2285610.0,100.9671859741211,0.92,,XPML11,01-08-2025
104.0,105.91999816894531,102.5,105.80000305175781,1321903.0,105.80000305175781,0.0,,XPML11,01-09-2025
0.0,0.0,0.0,105.80000305175781,0.0,105.80000305175781,0.0,,XPML11,15-09-2025
124.01000213623047,124.37999725341797,115.97000122070312,117.04000091552734,150162.0,80.37858581542969,0.0,,BCIA11,01-10-2020
117.04000091552734,119.0,116.01000213623047,116.1500015258789,105870.0,79.76737213134766,0.0,,BCIA11,01-11-2020
116.04000091552734,116.98999786376953,108.30000305175781,115.20999908447266,150112.0,79.12179565429688,0.0,,BCIA11,01-12-2020
115.20999908447266,116.4000015258789,111.98999786376953,113.30000305175781,97186.0,77.81008911132812,0.0,,BCIA11,01-01-2021
113.2300033569336,113.2300033569336,106.01000213623047,106.30000305175781,123523.0,73.00276947021484,0.0,,BCIA11,01-02-2021
106.0,106.01000213623047,100.02999877929688,105.0999984741211,134645.0,72.17865753173828,0.0,,BCIA11,01-03-2021
104.72000122070312,104.81999969482422,100.80000305175781,101.69999694824219,117921.0,69.84366607666016,0.0,,BCIA11,01-04-2021
101.5999984741211,102.16000366210938,96.9000015258789,97.73999786376953,140722.0,67.12406921386719,0.0,,BCIA11,01-05-2021
97.0,100.0,92.68000030517578,94.0999984741211,142731.0,64.624267578125,0.0,,BCIA11,01-06-2021
93.4000015258789,98.30000305175781,88.0,93.91000366210938,146191.0,64.49378967285156,0.0,,BCIA11,01-07-2021
93.91999816894531,94.54000091552734,88.01000213623047,90.41000366210938,85961.0,62.090118408203125,0.0,,BCIA11,01-08-2021
90.61000061035156,90.61000061035156,84.80999755859375,86.5999984741211,115384.0,59.473548889160156,0.0,,BCIA11,01-09-2021
85.9800033569336,88.0,81.86000061035156,82.83999633789062,120607.0,56.8913459777832,0.0,,BCIA11,01-10-2021
82.19999694824219,85.4000015258789,79.33000183105469,80.19999694824219,101823.0,55.07826232910156,0.0,,BCIA11,01-11-2021
80.19999694824219,86.98999786376953,79.87999725341797,85.98999786376953,79617.0,59.05464553833008,0.0,,BCIA11,01-12-2021
85.97000122070312,90.9800033569336,83.93000030517578,86.98999786376953,76205.0,59.74137496948242,0.0,,BCIA11,01-01-2022
86.9800033569336,88.45999908447266,82.48999786376953,84.25,58438.0,57.85967254638672,0.0,,BCIA11,01-02-2022
84.25,85.7699966430664,81.58999633789062,82.05999755859375,97189.0,56.35564041137695,0.0,,BCIA11,01-03-2022
81.3499984741211,87.01000213623047,81.01000213623047,85.25,129868.0,58.54642105102539,0.68,,BCIA11,01-04-2022
85.19999694824219,85.19999694824219,80.5,84.0,89885.0,58.17000961303711,0.71,,BCIA11,01-05-2022
84.05000305175781,84.12999725341797,81.0999984741211,82.91999816894531,86742.0,57.90436553955078,0.74,,BCIA11,01-06-2022
81.2300033569336,83.97000122070312,81.2300033569336,83.30999755859375,79847.0,58.69375228881836,0.74,,BCIA11,01-07-2022
83.30000305175781,92.75,81.19999694824219,91.37999725341797,106439.0,64.95897674560547,0.74,,BCIA11,01-08-2022
90.63999938964844,95.0,89.9800033569336,93.81999969482422,69647.0,67.29119110107422,0.74,,BCIA11,01-09-2022
93.05999755859375,94.44999694824219,89.97000122070312,92.55000305175781,74126.0,66.92224884033203,0.76,,BCIA11,01-10-2022
92.0,92.43000030517578,85.0,85.9000015258789,74982.0,62.62095260620117,0.76,,BCIA11,01-11-2022
85.80000305175781,87.16000366210938,81.5199966430664,84.98999786376953,63913.0,62.470542907714844,0.76,,BCIA11,01-12-2022
84.23999786376953,84.9800033569336,82.30000305175781,83.5,74859.0,61.923213958740234,0.76,,BCIA11,01-01-2023
84.79000091552734,84.98999786376953,81.05999755859375,82.0,95878.0,61.35953140258789,0.76,,BCIA11,01-02-2023
81.48999786376953,84.69999694824219,80.01000213623047,80.6500015258789,92001.0,60.90366744995117,0.78,,BCIA11,01-03-2023
80.4800033569336,88.69000244140625,79.45999908447266,85.08999633789062,128753.0,64.87364959716797,0.78,,BCIA11,01-04-2023
85.08999633789062,89.43000030517578,85.08999633789062,89.16999816894531,266043.0,68.64823913574219,0.78,,BCIA11,01-05-2023
89.16999816894531,99.87000274658203,88.01000213623047,98.41000366210938,242199.0,76.46263122558594,0.8,,BCIA11,01-06-2023
97.61000061035156,106.66999816894531,97.55000305175781,106.0,108327.0,83.10549926757812,0.8,,BCIA11,01-07-2023
106.0,106.0,101.75,103.5,153829.0,81.8105239868164,0.82,,BCIA11,01-08-2023
102.66999816894531,107.19999694824219,100.56999969482422,103.37999725341797,168510.0,82.35274505615234,0.83,,BCIA11,01-09-2023
102.44999694824219,102.48999786376953,97.7699966430664,100.12000274658203,134430.0,80.40058135986328,0.85,,BCIA11,01-10-2023
99.2699966430664,101.0,95.55000305175781,99.95999908447266,132964.0,80.93757629394531,0.85,,BCIA11,01-11-2023
99.94999694824219,104.27999877929688,98.45999908447266,103.95999908447266,115111.0,84.89713287353516,0.85,,BCIA11,01-12-2023
103.95999908447266,109.5,102.0,109.31999969482422,148529.0,90.0399169921875,0.85,,BCIA11,01-01-2024
108.45999908447266,109.9800033569336,104.04000091552734,108.44999694824219,167497.0,90.05970001220703,0.85,,BCIA11,01-02-2024
108.4000015258789,108.8499984741211,103.30000305175781,106.19999694824219,197624.0,88.8823471069336,0.87,,BCIA11,01-03-2024
105.95999908447266,108.0,102.55000305175781,103.0,233345.0,86.90129089355469,0.87,,BCIA11,01-04-2024
103.0,108.43000030517578,101.25,106.3499984741211,194310.0,90.46881103515625,0.87,,BCIA11,01-05-2024
106.56999969482422,107.19999694824219,100.69999694824219,102.5999984741211,165836.0,88.02227783203125,0.87,,BCIA11,01-06-2024
102.98999786376953,105.8499984741211,101.19999694824219,103.33000183105469,177539.0,89.37973022460938,0.87,,BCIA11,01-07-2024
103.0,104.38999938964844,99.9000015258789,103.02999877929688,101187.0,89.88240051269531,0.87,,BCIA11,01-08-2024
102.8499984741211,102.8499984741211,92.75,94.30999755859375,238092.0,82.97376251220703,0.87,,BCIA11,01-09-2024
93.45999908447266,95.80000305175781,89.5,90.68000030517578,177138.0,80.45951843261719,0.87,,BCIA11,01-10-2024
89.5,90.31999969482422,83.51000213623047,84.26000213623047,124339.0,75.45921325683594,0.84,,BCIA11,01-11-2024
82.80000305175781,87.69000244140625,75.48999786376953,86.95999908447266,113459.0,78.6053466796875,0.84,,BCIA11,01-12-2024
87.80000305175781,87.80000305175781,76.0,79.0,79362.0,72.12916564941406,0.95,,BCIA11,01-01-2025
78.88999938964844,84.97000122070312,75.04000091552734,83.5999984741211,77398.0,77.17214965820312,0.84,,BCIA11,01-02-2025
83.5999984741211,86.25,80.54000091552734,82.94000244140625,91315.0,77.38575744628906,0.84,,BCIA11,01-03-2025
82.36000061035156,90.68000030517578,79.01000213623047,88.20999908447266,99160.0,83.13819885253906,0.84,,BCIA11,01-04-2025
88.20999908447266,90.98999786376953,84.0999984741211,86.0999984741211,91791.0,81.97978210449219,0.84,,BCIA11,01-05-2025
86.0999984741211,86.87000274658203,82.76000213623047,86.79000091552734,129286.0,83.43125915527344,0.84,,BCIA11,01-06-2025
86.55999755859375,87.47000122070312,83.5999984741211,85.0,112197.0,82.51555633544922,0.84,,BCIA11,01-07-2025
85.19999694824219,85.23999786376953,80.4000015258789,84.36000061035156,87949.0,82.69463348388672,0.84,,BCIA11,01-08-2025
84.36000061035156,85.95999908447266,81.91000366210938,84.91999816894531,44285.0,84.07442474365234,0.84,,BCIA11,01-09-2025
0.0,84.91999816894531,84.91999816894531,84.91999816894531,0.0,84.91999816894531,0.0,,BCIA11,15-09-2025
99.0,100.19999694824219,97.05000305175781,100.0,181712.0,55.348323822021484,0.65,,RZTR11,01-11-2020
99.9800033569336,109.9800033569336,99.23999786376953,105.16000366210938,359050.0,58.5889892578125,0.91,,RZTR11,01-12-2020
107.0,109.58000183105469,103.0999984741211,107.9800033569336,539075.0,60.70515441894531,0.0,,RZTR11,01-01-2021
107.08000183105469,108.69000244140625,102.0999984741211,103.47000122070312,446625.0,58.1696662902832,0.8,,RZTR11,01-02-2021
103.47000122070312,108.73999786376953,101.0,102.4800033569336,610683.0,58.04312515258789,0.85,,RZTR11,01-03-2021
102.43000030517578,110.0,101.58000183105469,107.0999984741211,565072.0,61.162254333496094,0.8,,RZTR11,01-04-2021
105.94000244140625,108.48999786376953,100.69999694824219,101.79000091552734,651161.0,58.58722686767578,0.7,,RZTR11,01-05-2021
101.29000091552734,102.55000305175781,91.01000213623047,97.5,858661.0,56.487220764160156,0.5,,RZTR11,01-06-2021
96.0,99.94999694824219,93.08999633789062,96.5,611088.0,56.18384552001953,0.77,,RZTR11,01-07-2021
96.98999786376953,98.77999877929688,94.05000305175781,97.41000366210938,630046.0,57.16510772705078,0.9,,RZTR11,01-08-2021
96.5199966430664,100.02999877929688,95.69999694824219,99.98999786376953,717622.0,59.231605529785156,0.9,,RZTR11,01-09-2021
99.0,101.66999816894531,95.51000213623047,96.9000015258789,733847.0,57.936458587646484,0.95,,RZTR11,01-10-2021
96.11000061035156,97.95999908447266,93.0199966430664,96.5,685543.0,58.25074005126953,0.95,,RZTR11,01-11-2021
97.0,102.5,93.51000213623047,101.7699966430664,726547.0,62.04013442993164,1.25,,RZTR11,01-12-2021
100.5199966430664,105.0,99.19000244140625,103.9000015258789,773193.0,64.16980743408203,1.25,,RZTR11,01-01-2022
102.66000366210938,103.47000122070312,99.0,101.48999786376953,684370.0,63.46084213256836,1.25,,RZTR11,01-02-2022
99.80000305175781,103.0,99.37000274658203,102.72000122070312,821864.0,65.01207733154297,1.25,,RZTR11,01-03-2022
102.0,105.29000091552734,101.31999969482422,104.27999877929688,587474.0,66.82244873046875,1.25,,RZTR11,01-04-2022
103.44999694824219,104.31999969482422,100.2300033569336,103.55000305175781,676978.0,67.17208862304688,1.25,,RZTR11,01-05-2022
102.69999694824219,102.87000274658203,99.80999755859375,101.19999694824219,686148.0,66.4441146850586,1.25,,RZTR11,01-06-2022
100.69000244140625,101.87999725341797,98.01000213623047,101.8499984741211,609344.0,67.68798828125,1.25,,RZTR11,01-07-2022
101.4800033569336,104.4000015258789,99.01000213623047,104.38999938964844,649250.0,70.24363708496094,1.25,,RZTR11,01-08-2022
103.55999755859375,107.25,102.5,105.30000305175781,691932.0,71.73641204833984,1.25,,RZTR11,01-09-2022
104.05000305175781,106.0,102.5,103.77999877929688,631624.0,71.55774688720703,1.25,,RZTR11,01-10-2022
102.80000305175781,104.86000061035156,98.0,101.86000061035156,788612.0,71.07764434814453,1.25,,RZTR11,01-11-2022
101.0,102.0,93.01000213623047,100.0,1040333.0,70.63045501708984,1.25,,RZTR11,01-12-2022
95.16000366210938,96.68000030517578,88.30999755859375,90.5,739259.0,64.71472930908203,0.86,,RZTR11,01-01-2023
89.29000091552734,89.4800033569336,80.5999984741211,84.5,685633.0,60.94841003417969,0.85,,RZTR11,01-02-2023
84.94999694824219,87.19000244140625,82.12000274658203,83.91000366210938,620012.0,61.0966796875,0.85,,RZTR11,01-03-2023
83.0999984741211,86.5,80.18000030517578,85.06999969482422,473045.0,62.570709228515625,0.85,,RZTR11,01-04-2023
84.22000122070312,94.0,83.06999969482422,90.69999694824219,551814.0,67.39440155029297,0.85,,RZTR11,01-05-2023
89.9000015258789,94.87999725341797,88.27999877929688,91.69000244140625,450491.0,68.81761169433594,0.85,,RZTR11,01-06-2023
91.06999969482422,96.05000305175781,90.6500015258789,94.0,448226.0,71.21881103515625,0.85,,RZTR11,01-07-2023
93.16000366210938,99.83999633789062,92.08000183105469,98.69999694824219,512422.0,75.47948455810547,0.85,,RZTR11,01-08-2023
97.80000305175781,101.41000366210938,96.0,100.83999633789062,473910.0,77.81971740722656,0.85,,RZTR11,01-09-2023
100.19999694824219,103.5,97.22000122070312,102.37999725341797,492693.0,79.69447326660156,0.0,,RZTR11,01-10-2023
102.0,105.5,99.58000183105469,102.05999755859375,499727.0,79.44538116455078,1.4,,RZTR11,01-11-2023
100.95999908447266,109.94999694824219,100.69999694824219,108.4000015258789,505838.0,85.5504150390625,1.4,,RZTR11,01-12-2023
105.80000305175781,107.5999984741211,102.1500015258789,103.4800033569336,683695.0,82.8033676147461,1.1,,RZTR11,01-01-2024
101.0,102.4000015258789,95.01000213623047,97.44000244140625,905123.0,78.76953887939453,0.85,,RZTR11,01-02-2024
96.5,99.44000244140625,94.0,96.25,1085736.0,78.45198059082031,0.85,,RZTR11,01-03-2024
95.55999755859375,103.0,93.69000244140625,95.4000015258789,1260467.0,78.44345092773438,0.9,,RZTR11,01-04-2024
94.7699966430664,98.30000305175781,93.62000274658203,98.0999984741211,1125767.0,81.4249038696289,0.9,,RZTR11,01-05-2024
97.19999694824219,97.19999694824219,92.0,94.69999694824219,950314.0,79.35142517089844,0.9,,RZTR11,01-06-2024
92.91000366210938,95.87000274658203,91.0999984741211,93.97000122070312,1083700.0,79.46882629394531,0.9,,RZTR11,01-07-2024
93.06999969482422,95.19999694824219,92.16999816894531,94.73999786376953,890016.0,80.88874816894531,0.9,,RZTR11,01-08-2024
93.48999786376953,94.52999877929688,89.98999786376953,90.61000061035156,1166450.0,78.11067962646484,0.9,,RZTR11,01-09-2024
89.70999908447266,90.5999984741211,84.05999755859375,87.19999694824219,1337751.0,75.89200592041016,0.9,,RZTR11,01-10-2024
86.19999694824219,92.5,84.45999908447266,89.26000213623047,1171587.0,78.46424102783203,0.9,,RZTR11,01-11-2024
89.55999755859375,89.80000305175781,79.22000122070312,86.26000213623047,1309346.0,76.61786651611328,1.15,,RZTR11,01-12-2024
84.52999877929688,86.87999725341797,80.9000015258789,83.5,1040006.0,75.13438415527344,1.1,,RZTR11,01-01-2025
82.69999694824219,86.19999694824219,79.23999786376953,85.30000305175781,973893.0,77.74546813964844,1.05,,RZTR11,01-02-2025
83.9000015258789,92.55999755859375,83.75,89.9000015258789,807483.0,82.9815444946289,1.05,,RZTR11,01-03-2025
89.69999694824219,92.75,86.30000305175781,90.9000015258789,916024.0,84.95030212402344,1.05,,RZTR11,01-04-2025
90.25,94.0,90.0199966430664,93.98999786376953,690992.0,88.8760757446289,1.05,,RZTR11,01-05-2025
93.0,95.0,89.77999877929688,94.98999786376953,617800.0,90.871337890625,1.05,,RZTR11,01-06-2025
94.23999786376953,94.9000015258789,90.5,91.19000244140625,637079.0,88.22166442871094,1.05,,RZTR11,01-07-2025
90.7699966430664,91.8499984741211,88.26000213623047,91.81999969482422,629725.0,89.82405090332031,1.0,,RZTR11,01-08-2025
90.5,93.98999786376953,89.86000061035156,93.5,278153.0,92.48169708251953,1.0,,RZTR11,01-09-2025
0.0,0.0,0.0,93.5,0.0,93.5,0.0,,RZTR11,15-09-2025
10.850000381469727,12.336000442504883,10.675000190734863,11.104000091552734,3559020.0,4.891635894775391,0.72,0.0,KISU11,01-02-2021
11.34000015258789,12.178999900817871,10.901000022888184,11.70199966430664,2792960.0,5.521002769470215,0.65,0.0,KISU11,01-03-2021
12.100000381469727,15.111000061035156,11.708000183105469,14.949999809265137,2916100.0,7.491972923278809,0.81,0.0,KISU11,01-04-2021
13.776000022888184,15.520000457763672,10.404999732971191,12.067999839782715,4323430.0,6.497448444366455,0.81,0.0,KISU11,01-05-2021
11.99899959564209,12.067999839782715,10.54699993133545,11.199999809265137,1339790.0,6.37554407119751,0.64,0.0,KISU11,01-06-2021
11.199999809265137,12.0,9.65999984741211,9.680000305175781,5152940.0,5.818883895874023,0.7,10.0,KISU11,01-07-2021
9.619999885559082,9.729999542236328,8.029999732971191,8.6899995803833,4454196.0,5.572021961212158,0.06,0.0,KISU11,01-08-2021
8.569999694824219,9.050000190734863,8.100000381469727,8.350000381469727,2464721.0,5.3874077796936035,0.06,0.0,KISU11,01-09-2021
8.300000190734863,8.5,7.409999847412109,7.550000190734863,3564839.0,4.905114650726318,0.06,0.0,KISU11,01-10-2021
7.570000171661377,7.949999809265137,7.099999904632568,7.519999980926514,4269432.0,4.920984268188477,0.06,0.0,KISU11,01-11-2021
7.420000076293945,8.239999771118164,7.349999904632568,8.09000015258789,2688739.0,5.336394309997559,0.06,0.0,KISU11,01-12-2021
8.09000015258789,8.649999618530273,7.849999904632568,8.010000228881836,2185382.0,5.326120376586914,0.07,0.0,KISU11,01-01-2022
8.0,8.079999923706055,7.449999809265137,7.639999866485596,3078841.0,5.124433994293213,0.065,0.0,KISU11,01-02-2022
7.599999904632568,7.920000076293945,7.300000190734863,7.53000020980835,3552470.0,5.091975212097168,0.065,0.0,KISU11,01-03-2022
7.510000228881836,7.900000095367432,7.46999979019165,7.630000114440918,3037876.0,5.203869819641113,0.065,0.0,KISU11,01-04-2022
7.610000133514404,7.699999809265137,7.159999847412109,7.480000019073486,3510135.0,5.145986557006836,0.065,0.0,KISU11,01-05-2022
7.5,7.699999809265137,7.300000190734863,7.630000114440918,3159509.0,5.29428243637085,0.075,0.0,KISU11,01-06-2022
7.619999885559082,7.989999771118164,7.429999828338623,7.909999847412109,3005113.0,5.544158458709717,0.1,0.0,KISU11,01-07-2022
7.889999866485596,8.329999923706055,7.539999961853027,8.289999961853027,2726142.0,5.887667655944824,0.07,0.0,KISU11,01-08-2022
8.239999771118164,8.470000267028809,8.170000076293945,8.449999809265137,2152565.0,6.054884910583496,0.07,0.0,KISU11,01-09-2022
8.390000343322754,8.989999771118164,8.289999961853027,8.470000267028809,1972051.0,6.120901107788086,0.075,0.0,KISU11,01-10-2022
8.449999809265137,8.520000457763672,7.809999942779541,8.180000305175781,2802885.0,5.964267253875732,0.075,0.0,KISU11,01-11-2022
8.100000381469727,8.359999656677246,7.75,8.100000381469727,2172094.0,5.9586992263793945,0.075,0.0,KISU11,01-12-2022
8.050000190734863,8.170000076293945,7.820000171661377,8.100000381469727,2362221.0,6.013837814331055,0.09,0.0,KISU11,01-01-2023
8.020000457763672,8.079999923706055,7.900000095367432,7.949999809265137,1708330.0,5.9687910079956055,0.075,0.0,KISU11,01-02-2023
7.949999809265137,8.039999961853027,7.650000095367432,7.75,2387628.0,5.873013019561768,0.075,0.0,KISU11,01-03-2023
7.710000038146973,7.900000095367432,7.550000190734863,7.869999885559082,2027689.0,6.020750522613525,0.07,0.0,KISU11,01-04-2023
7.800000190734863,8.079999923706055,7.710000038146973,8.050000190734863,1865230.0,6.21458625793457,0.07,0.0,KISU11,01-05-2023
8.010000228881836,8.5,7.920000076293945,8.5,2171415.0,6.620875358581543,0.07,0.0,KISU11,01-06-2023
8.479999542236328,8.84000015258789,8.300000190734863,8.8100004196167,1819004.0,6.9225382804870605,0.08,0.0,KISU11,01-07-2023
8.739999771118164,8.829999923706055,8.550000190734863,8.710000038146973,2066347.0,6.908988952636719,0.07,0.0,KISU11,01-08-2023
8.6899995803833,8.8100004196167,8.550000190734863,8.710000038146973,1616215.0,6.964324951171875,0.07,0.0,KISU11,01-09-2023
8.710000038146973,8.720000267028809,8.119999885559082,8.319999694824219,1872610.0,6.706386089324951,0.0,0.0,KISU11,01-10-2023
8.25,8.4399995803833,7.960000038146973,8.25,2562639.0,6.649961948394775,0.075,0.0,KISU11,01-11-2023
8.130000114440918,8.770000457763672,8.020000457763672,8.65999984741211,2132301.0,7.043940544128418,0.075,0.0,KISU11,01-12-2023
8.630000114440918,8.65999984741211,8.210000038146973,8.5,2854321.0,6.977228164672852,0.08,0.0,KISU11,01-01-2024
8.479999542236328,8.59000015258789,8.220000267028809,8.399999618530273,2192144.0,6.95943546295166,0.075,0.0,KISU11,01-02-2024
8.380000114440918,8.569999694824219,8.25,8.390000343322754,2136104.0,7.013028144836426,0.075,0.0,KISU11,01-03-2024
8.319999694824219,8.489999771118164,8.270000457763672,8.40999984741211,2062207.0,7.093078136444092,0.075,0.0,KISU11,01-04-2024
8.34000015258789,8.6899995803833,8.289999961853027,8.619999885559082,1868007.0,7.3357696533203125,0.075,0.0,KISU11,01-05-2024
8.529999732971191,8.640000343322754,8.239999771118164,8.40999984741211,1624003.0,7.221456527709961,0.075,0.0,KISU11,01-06-2024
8.34000015258789,8.380000114440918,8.170000076293945,8.270000457763672,1921848.0,7.163571357727051,0.075,0.0,KISU11,01-07-2024
8.25,8.25,8.020000457763672,8.1899995803833,1772181.0,7.158108711242676,0.07,0.0,KISU11,01-08-2024
8.119999885559082,8.149999618530273,7.809999942779541,7.929999828338623,1715390.0,6.990033149719238,0.07,0.0,KISU11,01-09-2024
7.820000171661377,7.860000133514404,7.25,7.420000076293945,3211312.0,6.596868515014648,0.068,0.0,KISU11,01-10-2024
7.329999923706055,7.480000019073486,6.960000038146973,7.199999809265137,2227143.0,6.456638813018799,0.066,0.0,KISU11,01-11-2024
7.130000114440918,7.300000190734863,6.409999847412109,7.099999904632568,2575931.0,6.424106121063232,0.067,0.0,KISU11,01-12-2024
7.0,7.119999885559082,6.510000228881836,6.539999961853027,1683151.0,5.972996711730957,0.067,0.0,KISU11,01-01-2025
6.510000228881836,7.099999904632568,6.429999828338623,7.050000190734863,1472908.0,6.500120639801025,0.07,0.0,KISU11,01-02-2025
6.949999809265137,7.159999847412109,6.800000190734863,7.119999885559082,1084329.0,6.635684967041016,0.07,0.0,KISU11,01-03-2025
7.079999923706055,7.449999809265137,6.710000038146973,7.159999847412109,1505868.0,6.739884853363037,0.07,0.0,KISU11,01-04-2025
7.150000095367432,7.150000095367432,6.920000076293945,7.119999885559082,1441747.0,6.7687788009643555,0.07,0.0,KISU11,01-05-2025
7.010000228881836,7.039999961853027,6.679999828338623,6.949999809265137,2018294.0,6.672398090362549,0.07,0.0,KISU11,01-06-2025
6.869999885559082,6.929999828338623,6.75,6.860000133514404,1562148.0,6.65138578414917,0.07,0.0,KISU11,01-07-2025
6.789999961853027,6.840000152587891,6.46999979019165,6.699999809265137,1774900.0,6.562346935272217,0.07,0.0,KISU11,01-08-2025
6.690000057220459,6.860000133514404,6.599999904632568,6.78000020980835,1067939.0,6.709164619445801,0.07,0.0,KISU11,01-09-2025
0.0,0.0,0.0,6.78000020980835,0.0,6.78000020980835,0.0,0.0,KISU11,15-09-2025
108.97000122070312,110.0,101.33000183105469,107.0,328295.0,59.65367889404297,0.725,,BLMG11,01-03-2021
106.98999786376953,109.86000061035156,99.43000030517578,104.9800033569336,117306.0,58.91587829589844,0.725,,BLMG11,01-04-2021
104.9800033569336,105.0,99.80000305175781,102.47000122070312,142290.0,57.90517807006836,0.725,,BLMG11,01-05-2021
102.9000015258789,104.5,97.23999786376953,99.91999816894531,273759.0,56.86031723022461,1.1,,BLMG11,01-06-2021
99.91000366210938,104.88999938964844,98.0,102.43000030517578,180426.0,58.92995071411133,0.9,,BLMG11,01-07-2021
102.44999694824219,103.19000244140625,94.66000366210938,98.0,174730.0,56.893333435058594,0.9,,BLMG11,01-08-2021
98.0,100.33000183105469,94.66000366210938,97.69999694824219,208592.0,57.23428726196289,0.9,,BLMG11,01-09-2021
97.5999984741211,98.97000122070312,94.0,96.63999938964844,149321.0,57.146854400634766,0.9,,BLMG11,01-10-2021
96.0,97.9000015258789,85.05000305175781,92.08000183105469,153721.0,54.95706558227539,0.9,,BLMG11,01-11-2021
92.11000061035156,95.48999786376953,89.04000091552734,93.5999984741211,169840.0,56.39870071411133,0.9,,BLMG11,01-12-2021
93.6500015258789,97.11000061035156,91.0,92.5999984741211,166074.0,56.3309326171875,0.9,,BLMG11,01-01-2022
93.80000305175781,97.11000061035156,90.0199966430664,91.55999755859375,174455.0,56.23978042602539,0.8,,BLMG11,01-02-2022
91.55999755859375,93.4000015258789,77.08000183105469,81.9000015258789,270452.0,50.737449645996094,0.8,,BLMG11,01-03-2022
82.48999786376953,88.43000030517578,80.5,86.94000244140625,181389.0,54.35017776489258,0.8,,BLMG11,01-04-2022
85.97000122070312,86.88999938964844,78.41000366210938,83.7699966430664,183986.0,52.86412811279297,0.8,,BLMG11,01-05-2022
83.76000213623047,84.52999877929688,76.52999877929688,79.0,159678.0,50.327640533447266,0.8,,BLMG11,01-06-2022
79.0,79.0999984741211,73.54000091552734,75.98999786376953,121453.0,48.88059997558594,0.8,,BLMG11,01-07-2022
75.98999786376953,84.9800033569336,74.55999755859375,83.0,154543.0,53.946590423583984,0.8,,BLMG11,01-08-2022
83.91999816894531,86.88999938964844,81.5,86.7300033569336,108194.0,56.96704864501953,0.8,,BLMG11,01-09-2022
86.7300033569336,91.98999786376953,84.98999786376953,86.61000061035156,155366.0,57.42874526977539,0.8,,BLMG11,01-10-2022
86.5999984741211,88.19999694824219,73.4000015258789,73.80000305175781,119185.0,49.37549591064453,0.8,,BLMG11,01-11-2022
74.33999633789062,79.8499984741211,66.19999694824219,74.51000213623047,133974.0,50.315799713134766,0.8,,BLMG11,01-12-2022
74.51000213623047,77.69999694824219,69.02999877929688,73.0199966430664,164468.0,49.83460235595703,0.8,,BLMG11,01-01-2023
73.0199966430664,73.16000366210938,66.18000030517578,67.4800033569336,117931.0,46.53403091430664,0.79,,BLMG11,01-02-2023
67.44000244140625,69.9000015258789,60.119998931884766,60.130001068115234,159136.0,41.935401916503906,0.78,,BLMG11,01-03-2023
60.310001373291016,63.88999938964844,60.119998931884766,63.11000061035156,136877.0,44.52486801147461,0.76,,BLMG11,01-04-2023
63.130001068115234,69.98999786376953,63.130001068115234,67.93000030517578,138339.0,48.52224349975586,0.74,,BLMG11,01-05-2023
67.93000030517578,69.02999877929688,64.98999786376953,68.4800033569336,133786.0,49.471988677978516,0.72,,BLMG11,01-06-2023
68.4800033569336,69.04000091552734,66.5999984741211,68.55000305175781,180607.0,50.05465316772461,0.71,,BLMG11,01-07-2023
68.55000305175781,69.58999633789062,60.15999984741211,61.77000045776367,182020.0,45.578731536865234,0.7,,BLMG11,01-08-2023
61.70000076293945,64.83999633789062,56.5099983215332,57.720001220703125,168071.0,43.0324592590332,0.7,,BLMG11,01-09-2023
58.27000045776367,60.209999084472656,54.02000045776367,54.75,153249.0,41.29245376586914,0.68,,BLMG11,01-10-2023
54.86000061035156,56.470001220703125,49.56999969482422,50.369998931884766,151891.0,38.435977935791016,0.66,,BLMG11,01-11-2023
51.380001068115234,52.36000061035156,39.369998931884766,40.79999923706055,359564.0,31.50738525390625,0.3,,BLMG11,01-12-2023
41.099998474121094,43.400001525878906,39.29999923706055,39.5,406213.0,30.688800811767578,0.44,,BLMG11,01-01-2024
39.5,40.0,38.599998474121094,39.63999938964844,187627.0,31.124481201171875,0.44,,BLMG11,01-02-2024
39.63999938964844,39.9900016784668,38.4900016784668,39.16999816894531,236887.0,31.10270118713379,0.44,,BLMG11,01-03-2024
39.16999816894531,39.70000076293945,38.0,38.65999984741211,281533.0,31.042221069335938,0.44,,BLMG11,01-04-2024
38.65999984741211,39.599998474121094,38.0,38.58000183105469,137052.0,31.325166702270508,0.45,,BLMG11,01-05-2024
38.599998474121094,40.65999984741211,37.93000030517578,39.15999984741211,344101.0,32.164390563964844,0.45,,BLMG11,01-06-2024
39.16999816894531,39.900001525878906,37.599998474121094,38.099998474121094,396425.0,31.664339065551758,0.45,,BLMG11,01-07-2024
38.47999954223633,42.34000015258789,37.900001525878906,42.34000015258789,343556.0,35.60189437866211,0.5,,BLMG11,01-08-2024
42.27000045776367,42.869998931884766,38.38999938964844,39.06999969482422,387078.0,33.282413482666016,0.5,,BLMG11,01-09-2024
38.86000061035156,39.439998626708984,32.54999923706055,33.20000076293945,462787.0,28.62090492248535,0.5,,BLMG11,01-10-2024
33.22999954223633,34.70000076293945,32.0,32.400001525878906,334451.0,28.294931411743164,0.5,,BLMG11,01-11-2024
32.849998474121094,32.849998474121094,25.0,26.040000915527344,373380.0,23.078845977783203,0.9,,BLMG11,01-12-2024
26.200000762939453,30.040000915527344,26.030000686645508,29.520000457763672,263985.0,27.09825325012207,0.0,,BLMG11,01-01-2025
28.549999237060547,29.520000457763672,26.440000534057617,28.299999237060547,221545.0,25.978336334228516,0.35,,BLMG11,01-02-2025
28.399999618530273,33.22999954223633,27.8799991607666,32.0,278780.0,29.737449645996094,0.35,,BLMG11,01-03-2025
32.20000076293945,34.470001220703125,30.399999618530273,33.38999938964844,196368.0,31.411983489990234,0.35,,BLMG11,01-04-2025
32.7599983215332,38.880001068115234,32.459999084472656,38.25,491019.0,36.39271545410156,0.35,,BLMG11,01-05-2025
37.95000076293945,41.43000030517578,36.0099983215332,38.0,613645.0,36.53577423095703,0.35,,BLMG11,01-06-2025
38.290000915527344,40.29999923706055,33.20000076293945,33.36000061035156,235220.0,32.35805130004883,0.35,,BLMG11,01-07-2025
33.54999923706055,34.5,31.020000457763672,32.0,114321.0,31.32143783569336,0.36,,BLMG11,01-08-2025
32.0,37.0,31.479999542236328,33.400001525878906,340194.0,33.04656219482422,0.36,,BLMG11,01-09-2025
0.0,33.400001525878906,33.400001525878906,33.400001525878906,0.0,33.400001525878906,0.0,,BLMG11,15-09-2025
101.31999969482422,105.25,99.51000213623047,103.80000305175781,189462.0,63.770877838134766,0.160793,,BTAL11,01-03-2021
103.98999786376953,105.79000091552734,102.12000274658203,105.0,223813.0,64.60905456542969,0.353595,,BTAL11,01-04-2021
104.30999755859375,106.29000091552734,100.51000213623047,103.88999938964844,213094.0,64.14409637451172,0.475776,,BTAL11,01-05-2021
103.97000122070312,104.3499984741211,92.0,97.63999938964844,224455.0,60.565513610839844,0.563395,,BTAL11,01-06-2021
97.63999938964844,101.91000366210938,94.98999786376953,100.79000091552734,123440.0,62.86985397338867,0.662572,,BTAL11,01-07-2021
100.7699966430664,100.7699966430664,94.5,94.98999786376953,136329.0,59.644020080566406,0.7,,BTAL11,01-08-2021
95.0,95.79000091552734,90.9000015258789,95.08000183105469,178244.0,60.12806701660156,0.79,,BTAL11,01-09-2021
95.08000183105469,101.33999633789062,92.38999938964844,92.5,195081.0,59.00679016113281,0.8,,BTAL11,01-10-2021
92.69000244140625,98.0,86.0199966430664,89.0,157778.0,57.23681640625,0.8,,BTAL11,01-11-2021
89.5999984741211,99.98999786376953,88.7699966430664,99.0,156758.0,64.22456359863281,0.8,,BTAL11,01-12-2021
100.0,100.0,93.19999694824219,94.97000122070312,229781.0,62.131134033203125,0.83,,BTAL11,01-01-2022
94.97000122070312,95.88999938964844,92.98999786376953,94.13999938964844,182592.0,62.12889099121094,0.8,,BTAL11,01-02-2022
94.1500015258789,98.54000091552734,93.19999694824219,98.0,187408.0,65.22998809814453,0.8,,BTAL11,01-03-2022
98.47000122070312,100.47000122070312,96.4000015258789,97.58000183105469,225836.0,65.49110412597656,0.83,,BTAL11,01-04-2022
97.77999877929688,98.93000030517578,94.5999984741211,98.87999725341797,214301.0,66.92111206054688,0.83,,BTAL11,01-05-2022
99.02999877929688,99.47000122070312,92.98999786376953,94.62000274658203,235400.0,64.58837890625,0.83,,BTAL11,01-06-2022
94.56999969482422,95.0,90.0,90.9000015258789,196812.0,62.573036193847656,0.83,,BTAL11,01-07-2022
90.33000183105469,101.58999633789062,90.25,99.6500015258789,239240.0,69.21368408203125,0.83,,BTAL11,01-08-2022
99.6500015258789,102.9000015258789,98.5,100.44999694824219,210111.0,70.37812805175781,0.83,,BTAL11,01-09-2022
100.48999786376953,101.98999786376953,98.5,98.66999816894531,200994.0,69.6959228515625,0.83,,BTAL11,01-10-2022
98.66999816894531,99.44000244140625,88.19999694824219,89.5199966430664,234382.0,63.75829315185547,0.83,,BTAL11,01-11-2022
89.61000061035156,97.0,88.19999694824219,95.0,217549.0,68.2692642211914,0.83,,BTAL11,01-12-2022
95.0,96.33000183105469,87.01000213623047,90.48999786376953,273415.0,65.62684631347656,0.83,,BTAL11,01-01-2023
90.48999786376953,91.30000305175781,83.8499984741211,85.45999908447266,147641.0,62.52516174316406,0.83,,BTAL11,01-02-2023
85.45999908447266,87.0,81.75,85.0,224831.0,62.77457809448242,0.83,,BTAL11,01-03-2023
85.0,91.98999786376953,82.12000274658203,89.62999725341797,156866.0,66.83870697021484,0.83,,BTAL11,01-04-2023
89.63999938964844,95.5,87.25,88.1500015258789,239341.0,66.34740447998047,0.8,,BTAL11,01-05-2023
88.05000305175781,95.69999694824219,88.0,91.0,216943.0,69.0926513671875,0.76,,BTAL11,01-06-2023
91.98999786376953,97.66999816894531,89.63999938964844,93.81999969482422,219076.0,71.8043441772461,0.73,,BTAL11,01-07-2023
93.30000305175781,93.30000305175781,85.88999938964844,86.5,237100.0,66.70170593261719,0.73,,BTAL11,01-08-2023
86.0,91.0999984741211,84.5,86.4000015258789,202282.0,67.15851593017578,0.71,,BTAL11,01-09-2023
86.5,88.5,81.0,81.69999694824219,202916.0,64.01077270507812,0.71,,BTAL11,01-10-2023
81.69999694824219,83.0,72.75,73.0,267976.0,57.67621612548828,0.68,,BTAL11,01-11-2023
73.19999694824219,80.0,71.5999984741211,79.44000244140625,296188.0,63.29906463623047,0.64,,BTAL11,01-12-2023
79.44000244140625,80.31999969482422,73.75,74.37999725341797,220476.0,59.78421401977539,0.65,,BTAL11,01-01-2024
74.37999725341797,74.98999786376953,70.0,70.66999816894531,246571.0,57.2908821105957,0.65,,BTAL11,01-02-2024
70.66999816894531,73.27999877929688,69.4000015258789,70.08999633789062,209182.0,57.330474853515625,0.65,,BTAL11,01-03-2024
70.08999633789062,70.41999816894531,68.54000091552734,69.69999694824219,230371.0,57.52730178833008,0.65,,BTAL11,01-04-2024
69.72000122070312,77.69999694824219,68.9000015258789,76.19000244140625,225312.0,63.47309494018555,0.84,,BTAL11,01-05-2024
76.18000030517578,76.5,71.97000122070312,75.44000244140625,160967.0,63.574832916259766,0.84,,BTAL11,01-06-2024
75.44000244140625,79.83999633789062,75.0,77.12000274658203,201182.0,65.72924041748047,0.84,,BTAL11,01-07-2024
77.38999938964844,80.02999877929688,76.12999725341797,77.0999984741211,194959.0,66.41893768310547,0.84,,BTAL11,01-08-2024
77.48999786376953,78.5999984741211,72.1500015258789,73.86000061035156,196717.0,64.30513000488281,0.84,,BTAL11,01-09-2024
73.9000015258789,74.25,69.87000274658203,71.69999694824219,188947.0,63.10272979736328,0.84,,BTAL11,01-10-2024
71.98999786376953,71.98999786376953,69.55000305175781,70.5999984741211,160257.0,62.859127044677734,0.84,,BTAL11,01-11-2024
70.47000122070312,72.97000122070312,63.09000015258789,68.48999786376953,205249.0,61.70540237426758,0.84,,BTAL11,01-12-2024
68.87000274658203,70.52999877929688,66.6500015258789,69.0,133567.0,62.97248077392578,0.84,,BTAL11,01-01-2025
69.0,72.80999755859375,67.33999633789062,71.76000213623047,134974.0,66.29530334472656,0.84,,BTAL11,01-02-2025
71.76000213623047,74.98999786376953,71.38999938964844,73.0,163467.0,68.24993133544922,0.84,,BTAL11,01-03-2025
73.0,76.69999694824219,71.9800033569336,76.33999633789062,137449.0,72.19319915771484,0.84,,BTAL11,01-04-2025
77.11000061035156,79.5999984741211,75.5199966430664,79.04000091552734,150837.0,75.5819091796875,0.9,,BTAL11,01-05-2025
79.04000091552734,83.0,78.13999938964844,81.30000305175781,116388.0,78.63812255859375,0.9,,BTAL11,01-06-2025
81.58999633789062,84.93000030517578,75.25,78.26000213623047,160625.0,76.5285873413086,0.9,,BTAL11,01-07-2025
78.94000244140625,80.0999984741211,75.69999694824219,77.5,128419.0,76.6080551147461,0.9,,BTAL11,01-08-2025
76.0999984741211,79.9800033569336,76.0999984741211,79.91000366210938,77156.0,79.91000366210938,0.0,,BTAL11,01-09-2025
0.0,79.91000366210938,79.91000366210938,79.91000366210938,0.0,79.91000366210938,0.0,,BTAL11,15-09-2025
9.960000038146973,10.020000457763672,9.4399995803833,10.010000228881836,784187.0,5.364906311035156,0.07,,VGHF11,01-04-2021
9.989999771118164,9.989999771118164,9.5,9.539999961853027,831177.0,5.149196624755859,0.08,,VGHF11,01-05-2021
9.569999694824219,9.800000190734863,9.399999618530273,9.6899995803833,1617542.0,5.272294044494629,0.1,,VGHF11,01-06-2021
9.729999542236328,10.25,9.569999694824219,10.020000457763672,1576217.0,5.509599208831787,0.13,,VGHF11,01-07-2021
9.960000038146973,10.069999694824219,9.680000305175781,10.029999732971191,1596551.0,5.590095043182373,0.12,,VGHF11,01-08-2021
9.899999618530273,11.0,9.84000015258789,10.119999885559082,1605496.0,5.708620071411133,0.12,,VGHF11,01-09-2021
9.989999771118164,10.0600004196167,9.6899995803833,9.90999984741211,2599719.0,5.657852649688721,0.13,,VGHF11,01-10-2021
9.789999961853027,10.09000015258789,9.710000038146973,9.989999771118164,1707733.0,5.777746200561523,0.15,,VGHF11,01-11-2021
9.880000114440918,10.079999923706055,9.649999618530273,10.0,3495675.0,5.872416973114014,0.15,,VGHF11,01-12-2021
9.880000114440918,10.5,9.869999885559082,10.25,4810203.0,6.110983848571777,0.18,,VGHF11,01-01-2022
10.09000015258789,10.289999961853027,9.989999771118164,10.289999961853027,4680353.0,6.247280597686768,0.16,,VGHF11,01-02-2022
10.180000305175781,10.470000267028809,9.890000343322754,10.460000038146973,9635426.0,6.451194763183594,0.16,,VGHF11,01-03-2022
10.25,10.6899995803833,10.069999694824219,10.149999618530273,8402466.0,6.3588762283325195,0.14,,VGHF11,01-04-2022
10.079999923706055,10.079999923706055,9.779999732971191,9.8100004196167,9418456.0,6.229243755340576,0.13,,VGHF11,01-05-2022
9.75,10.09000015258789,9.710000038146973,10.020000457763672,7146519.0,6.445138931274414,0.14,,VGHF11,01-06-2022
9.890000343322754,9.960000038146973,9.699999809265137,9.960000038146973,6799675.0,6.499299049377441,0.13,,VGHF11,01-07-2022
9.84000015258789,9.989999771118164,9.649999618530273,9.920000076293945,6830804.0,6.558285713195801,0.12,,VGHF11,01-08-2022
9.819999694824219,9.9399995803833,9.800000190734863,9.869999885559082,6715877.0,6.604806423187256,0.12,,VGHF11,01-09-2022
9.800000190734863,9.800000190734863,9.239999771118164,9.529999732971191,6091151.0,6.455370903015137,0.09,,VGHF11,01-10-2022
9.430000305175781,9.4399995803833,8.899999618530273,9.109999656677246,6274829.0,6.227663040161133,0.09,,VGHF11,01-11-2022
9.010000228881836,9.449999809265137,8.869999885559082,9.399999618530273,4640189.0,6.487172603607178,0.1,,VGHF11,01-12-2022
9.300000190734863,9.300000190734863,9.010000228881836,9.15999984741211,4777820.0,6.39170503616333,0.09,,VGHF11,01-01-2023
9.050000190734863,9.220000267028809,8.970000267028809,9.180000305175781,4497260.0,6.467585563659668,0.1,,VGHF11,01-02-2023
9.079999923706055,9.130000114440918,9.0,9.119999885559082,5283457.0,6.496232509613037,0.1,,VGHF11,01-03-2023
9.029999732971191,9.050000190734863,8.600000381469727,8.979999542236328,4590111.0,6.466951847076416,0.1,,VGHF11,01-04-2023
8.850000381469727,9.520000457763672,8.8100004196167,9.449999809265137,4893156.0,6.880874156951904,0.12,,VGHF11,01-05-2023
9.350000381469727,9.65999984741211,9.149999618530273,9.579999923706055,4524277.0,7.070008277893066,0.11,,VGHF11,01-06-2023
9.460000038146973,9.899999618530273,9.380000114440918,9.6899995803833,4716616.0,7.235408782958984,0.12,,VGHF11,01-07-2023
9.529999732971191,9.760000228881836,9.420000076293945,9.630000114440918,8010265.0,7.2818217277526855,0.12,,VGHF11,01-08-2023
9.510000228881836,9.760000228881836,9.449999809265137,9.729999542236328,7423728.0,7.449692726135254,0.12,,VGHF11,01-09-2023
9.579999923706055,9.579999923706055,9.350000381469727,9.470000267028809,6326844.0,7.3421173095703125,0.0,,VGHF11,01-10-2023
9.369999885559082,9.430000305175781,9.199999809265137,9.279999732971191,6889313.0,7.194809436798096,0.1,,VGHF11,01-11-2023
9.199999809265137,9.800000190734863,9.149999618530273,9.5600004196167,7517975.0,7.4909987449646,0.11,,VGHF11,01-12-2023
9.529999732971191,9.760000228881836,9.399999618530273,9.520000457763672,10341541.0,7.549138069152832,0.1,,VGHF11,01-01-2024
9.430000305175781,9.5,9.300000190734863,9.359999656677246,11280763.0,7.500720024108887,0.1,,VGHF11,01-02-2024
9.260000228881836,9.5,9.25,9.479999542236328,10934559.0,7.677531719207764,0.1,,VGHF11,01-03-2024
9.130000114440918,9.239999771118164,8.550000190734863,8.960000038146973,14902127.0,7.3347625732421875,0.08,,VGHF11,01-04-2024
8.819999694824219,9.109999656677246,8.819999694824219,8.90999984741211,8841541.0,7.3559064865112305,0.09,,VGHF11,01-05-2024
8.819999694824219,9.079999923706055,8.739999771118164,9.0,9573936.0,7.505599498748779,0.09,,VGHF11,01-06-2024
8.90999984741211,8.970000267028809,8.640000343322754,8.869999885559082,10935045.0,7.472667694091797,0.09,,VGHF11,01-07-2024
8.779999732971191,8.979999542236328,8.65999984741211,8.979999542236328,8048823.0,7.6417555809021,0.09,,VGHF11,01-08-2024
8.890000343322754,8.890000343322754,8.489999771118164,8.520000457763672,8634638.0,7.324629306793213,0.09,,VGHF11,01-09-2024
8.399999618530273,8.430000305175781,7.519999980926514,7.78000020980835,12293957.0,6.756163120269775,0.08,,VGHF11,01-10-2024
7.699999809265137,8.0,7.670000076293945,7.829999923706055,8703929.0,6.8640336990356445,0.09,,VGHF11,01-11-2024
7.699999809265137,7.769999980926514,6.510000228881836,7.619999885559082,12852424.0,6.758120059967041,0.09,,VGHF11,01-12-2024
7.650000095367432,7.760000228881836,6.96999979019165,7.139999866485596,8278150.0,6.406044960021973,0.09,,VGHF11,01-01-2025
7.0,7.349999904632568,6.559999942779541,7.289999961853027,9434170.0,6.618799686431885,0.09,,VGHF11,01-02-2025
7.139999866485596,7.980000019073486,7.050000190734863,7.760000228881836,7363680.0,7.135469436645508,0.09,,VGHF11,01-03-2025
7.690000057220459,7.760000228881836,7.300000190734863,7.760000228881836,7580607.0,7.224662780761719,0.09,,VGHF11,01-04-2025
7.659999847412109,7.78000020980835,7.5,7.760000228881836,7362425.0,7.309437274932861,0.09,,VGHF11,01-05-2025
7.679999828338623,7.769999980926514,7.400000095367432,7.760000228881836,7021369.0,7.395206928253174,0.09,,VGHF11,01-06-2025
7.690000057220459,7.78000020980835,7.579999923706055,7.699999809265137,8077995.0,7.424131870269775,0.1,,VGHF11,01-07-2025
7.659999847412109,7.75,7.449999809265137,7.699999809265137,7058889.0,7.521052360534668,0.09,,VGHF11,01-08-2025
7.690000057220459,7.730000019073486,7.539999961853027,7.71999979019165,3732738.0,7.62976598739624,0.09,,VGHF11,01-09-2025
0.0,0.0,0.0,7.71999979019165,0.0,7.71999979019165,0.0,,VGHF11,15-09-2025
98.0,98.98999786376953,88.0,91.30000305175781,103611.0,51.989463806152344,0.5,,AFHI11,01-05-2021
91.79000091552734,97.98999786376953,88.87000274658203,90.30000305175781,139851.0,51.698543548583984,0.6,,AFHI11,01-06-2021
90.12999725341797,95.94999694824219,90.08999633789062,93.58000183105469,161980.0,53.9140739440918,0.9,,AFHI11,01-07-2021
93.5999984741211,97.98999786376953,90.0,93.30000305175781,271574.0,54.27790832519531,0.9,,AFHI11,01-08-2021
93.30000305175781,95.0,91.5,92.29000091552734,161848.0,54.19940948486328,1.0,,AFHI11,01-09-2021
92.1500015258789,96.4000015258789,92.0,93.19000244140625,170149.0,55.3101692199707,1.05,,AFHI11,01-10-2021
93.0,99.45999908447266,92.9000015258789,96.0999984741211,204215.0,57.670677185058594,1.2,,AFHI11,01-11-2021
96.16999816894531,98.98999786376953,95.11000061035156,98.19999694824219,157787.0,59.659549713134766,1.25,,AFHI11,01-12-2021
98.20999908447266,101.95999908447266,97.5,100.97000122070312,152559.0,62.13331985473633,1.3,,AFHI11,01-01-2022
100.0,103.0,95.01000213623047,96.73999786376953,196103.0,60.305152893066406,1.3,,AFHI11,01-02-2022
96.80999755859375,102.48999786376953,96.80999755859375,100.0,158036.0,63.140106201171875,1.3,,AFHI11,01-03-2022
99.69999694824219,103.44999694824219,98.2300033569336,98.9800033569336,175152.0,63.30168533325195,1.35,,AFHI11,01-04-2022
99.23999786376953,107.0,97.81999969482422,103.69999694824219,261171.0,67.19994354248047,1.35,,AFHI11,01-05-2022
103.0,106.98999786376953,97.7300033569336,99.80000305175781,149006.0,65.55192565917969,1.4,,AFHI11,01-06-2022
99.80999755859375,100.0199966430664,98.20999908447266,98.5,227660.0,65.59446716308594,1.4,,AFHI11,01-07-2022
98.5,101.19999694824219,98.0199966430664,99.1500015258789,124302.0,66.96674346923828,1.3,,AFHI11,01-08-2022
99.1500015258789,101.94999694824219,96.02999877929688,97.0,141302.0,66.37458801269531,1.15,,AFHI11,01-09-2022
97.69000244140625,99.19999694824219,94.80000305175781,95.37000274658203,136734.0,66.01606750488281,1.0,,AFHI11,01-10-2022
95.38999938964844,96.87999725341797,92.5,94.33999633789062,207101.0,65.98048400878906,0.95,,AFHI11,01-11-2022
94.33999633789062,96.5,92.08000183105469,95.0,129503.0,67.1063003540039,0.96,,AFHI11,01-12-2022
95.0,97.02999877929688,93.1500015258789,94.44000244140625,194756.0,67.39391326904297,1.0,,AFHI11,01-01-2023
94.44000244140625,95.0,92.05000305175781,93.87000274658203,120300.0,67.68535614013672,1.05,,AFHI11,01-02-2023
94.18000030517578,95.05000305175781,91.51000213623047,92.66999816894531,149814.0,67.57476806640625,1.06,,AFHI11,01-03-2023
92.48999786376953,93.80000305175781,91.62000274658203,92.44999694824219,121418.0,68.17859649658203,1.1,,AFHI11,01-04-2023
93.0,97.04000091552734,92.16000366210938,94.91999816894531,231426.0,70.83421325683594,1.1,,AFHI11,01-05-2023
94.98999786376953,97.98999786376953,94.0,97.0,159790.0,73.23123168945312,1.1,,AFHI11,01-06-2023
97.0,99.48999786376953,96.1500015258789,96.1500015258789,270118.0,73.41380310058594,1.1,,AFHI11,01-07-2023
96.16000366210938,98.33000183105469,95.87000274658203,97.30000305175781,350068.0,75.12873840332031,1.05,,AFHI11,01-08-2023
96.81999969482422,99.08000183105469,95.30999755859375,96.18000030517578,220762.0,75.06935119628906,1.05,,AFHI11,01-09-2023
96.4000015258789,98.7300033569336,95.08000183105469,95.62999725341797,220296.0,75.4465103149414,1.05,,AFHI11,01-10-2023
95.43000030517578,97.08999633789062,94.04000091552734,95.29000091552734,290239.0,75.98871612548828,1.02,,AFHI11,01-11-2023
95.30999755859375,101.69999694824219,94.51000213623047,100.0,190997.0,80.59516143798828,1.0,,AFHI11,01-12-2023
100.0,101.0,97.9000015258789,98.69999694824219,214453.0,80.37227630615234,1.0,,AFHI11,01-01-2024
98.5,99.19999694824219,97.0,98.0,271109.0,80.61080169677734,0.95,,AFHI11,01-02-2024
97.56999969482422,98.79000091552734,96.48999786376953,97.93000030517578,259998.0,81.33392333984375,0.95,,AFHI11,01-03-2024
97.94000244140625,99.33000183105469,96.3499984741211,97.2699966430664,338211.0,81.57323455810547,0.95,,AFHI11,01-04-2024
97.20999908447266,98.70999908447266,96.5999984741211,97.05000305175781,275308.0,82.18112182617188,0.95,,AFHI11,01-05-2024
97.0,97.69000244140625,96.06999969482422,97.5199966430664,373549.0,83.38561248779297,0.96,,AFHI11,01-06-2024
97.5199966430664,98.87999725341797,96.08999633789062,96.8499984741211,278104.0,83.64042663574219,0.95,,AFHI11,01-07-2024
96.95999908447266,97.4000015258789,95.98999786376953,97.02999877929688,229652.0,84.61825561523438,0.95,,AFHI11,01-08-2024
97.02999877929688,97.8499984741211,96.33000183105469,97.2300033569336,210091.0,85.62966918945312,0.93,,AFHI11,01-09-2024
97.16000366210938,97.19999694824219,92.75,93.19000244140625,328275.0,82.86139678955078,0.93,,AFHI11,01-10-2024
93.33000183105469,95.62000274658203,93.0,93.63999938964844,220892.0,84.0787582397461,0.93,,AFHI11,01-11-2024
93.19999694824219,93.62999725341797,81.70999908447266,90.55000305175781,349420.0,82.10901641845703,0.95,,AFHI11,01-12-2024
90.43000030517578,93.4800033569336,86.4000015258789,87.91999816894531,222803.0,80.57755279541016,0.95,,AFHI11,01-01-2025
87.8499984741211,91.5,86.80999755859375,91.37999725341797,198169.0,84.62271118164062,0.97,,AFHI11,01-02-2025
91.37999725341797,94.94000244140625,90.3499984741211,93.20999908447266,178520.0,87.2701416015625,0.98,,AFHI11,01-03-2025
93.16000366210938,93.5999984741211,91.0,93.13999938964844,161892.0,88.1210708618164,0.99,,AFHI11,01-04-2025
93.13999938964844,94.13999938964844,92.05000305175781,92.9000015258789,154191.0,88.84239196777344,1.0,,AFHI11,01-05-2025
93.12999725341797,93.5,90.69999694824219,92.98999786376953,240098.0,89.8904800415039,1.01,,AFHI11,01-06-2025
92.5,92.9000015258789,90.76000213623047,91.61000061035156,214203.0,89.53947448730469,1.09,,AFHI11,01-07-2025
91.61000061035156,93.5,90.77999877929688,92.6500015258789,179308.0,91.63330841064453,1.01,,AFHI11,01-08-2025
92.6500015258789,93.38999938964844,91.19000244140625,92.12000274658203,128860.0,92.12000274658203,0.0,,AFHI11,01-09-2025
0.0,0.0,0.0,92.12000274658203,0.0,92.12000274658203,0.0,,AFHI11,15-09-2025
100.69999694824219,104.19999694824219,94.41999816894531,99.30000305175781,441888.0,63.929176330566406,0.12,,SNFF11,01-06-2021
99.02999877929688,104.23999786376953,98.5,99.5,204962.0,64.13243865966797,0.41,,SNFF11,01-07-2021
99.02999877929688,100.01000213623047,90.0,94.98999786376953,199472.0,61.47507095336914,0.55,,SNFF11,01-08-2021
94.9800033569336,96.5,90.0999984741211,93.05000305175781,213436.0,60.57209396362305,0.7,,SNFF11,01-09-2021
93.05999755859375,96.5,88.04000091552734,90.38999938964844,179822.0,59.279640197753906,0.7,,SNFF11,01-10-2021
90.5,96.48999786376953,81.01000213623047,85.0,151523.0,56.15469741821289,0.62,,SNFF11,01-11-2021
85.0,95.9800033569336,84.0,86.04000091552734,144350.0,57.23660659790039,0.7,,SNFF11,01-12-2021
87.0,93.33999633789062,86.04000091552734,87.95999908447266,167707.0,58.96986389160156,0.65,,SNFF11,01-01-2022
87.5199966430664,89.66999816894531,83.9000015258789,84.73999786376953,137116.0,57.21633529663086,0.65,,SNFF11,01-02-2022
85.76000213623047,87.0,78.9000015258789,86.0999984741211,185369.0,58.56616973876953,0.65,,SNFF11,01-03-2022
86.58999633789062,89.0,82.81999969482422,86.72000122070312,115379.0,59.45915222167969,0.65,,SNFF11,01-04-2022
87.47000122070312,87.5,81.5,83.51000213623047,135575.0,57.679595947265625,0.65,,SNFF11,01-05-2022
83.55000305175781,89.5,81.0,88.18000030517578,169994.0,61.38185501098633,1.3,,SNFF11,01-06-2022
88.18000030517578,90.44999694824219,83.44999694824219,85.6500015258789,129012.0,60.53462219238281,0.65,,SNFF11,01-07-2022
86.04000091552734,92.19000244140625,85.5,87.19000244140625,126950.0,62.07565689086914,0.65,,SNFF11,01-08-2022
87.2300033569336,91.69999694824219,86.05000305175781,87.5,116272.0,62.738704681396484,0.65,,SNFF11,01-09-2022
87.5,90.56999969482422,86.02999877929688,86.52999877929688,98554.0,62.49317932128906,0.65,,SNFF11,01-10-2022
87.0,89.79000091552734,83.01000213623047,86.36000061035156,88292.0,62.827720642089844,0.65,,SNFF11,01-11-2022
86.3499984741211,90.0,84.55000305175781,87.94000244140625,110707.0,64.44839477539062,1.3,,SNFF11,01-12-2022
87.9000015258789,89.98999786376953,85.93000030517578,88.37999725341797,122587.0,65.72016143798828,0.8,,SNFF11,01-01-2023
88.37999725341797,89.0,83.9800033569336,85.4000015258789,100095.0,64.0854721069336,0.65,,SNFF11,01-02-2023
86.62999725341797,86.95999908447266,81.5,84.58999633789062,108116.0,63.955421447753906,0.65,,SNFF11,01-03-2023
84.58999633789062,85.97000122070312,81.62000274658203,85.9000015258789,67891.0,65.44081115722656,0.65,,SNFF11,01-04-2023
85.98999786376953,87.1500015258789,83.70999908447266,85.0,78039.0,65.26616668701172,0.65,,SNFF11,01-05-2023
84.9000015258789,89.0,84.52999877929688,87.86000061035156,82060.0,67.9724349975586,0.65,,SNFF11,01-06-2023
87.80000305175781,90.0,85.86000061035156,87.95999908447266,108718.0,68.5561752319336,0.65,,SNFF11,01-07-2023
87.94999694824219,91.2699966430664,87.55000305175781,90.69999694824219,142890.0,71.21662902832031,0.65,,SNFF11,01-08-2023
90.69999694824219,96.01000213623047,88.0,90.43000030517578,69573.0,71.5195541381836,0.65,,SNFF11,01-09-2023
89.4000015258789,90.44000244140625,84.5,86.69000244140625,69301.0,69.04136657714844,0.65,,SNFF11,01-10-2023
86.66999816894531,88.52999877929688,85.33999633789062,86.20999908447266,77459.0,69.1612777709961,0.65,,SNFF11,01-11-2023
86.20999908447266,89.94999694824219,82.0,87.11000061035156,158281.0,70.4045639038086,1.3,,SNFF11,01-12-2023
87.11000061035156,89.4000015258789,85.06999969482422,85.5,93782.0,70.11668395996094,0.65,,SNFF11,01-01-2024
85.08999633789062,86.9800033569336,82.54000091552734,84.4000015258789,128803.0,69.72559356689453,0.69,,SNFF11,01-02-2024
84.48999786376953,89.0,84.4000015258789,88.9800033569336,118008.0,74.10140228271484,0.72,,SNFF11,01-03-2024
89.0,92.69999694824219,87.01000213623047,88.19000244140625,195476.0,74.06421661376953,1.0,,SNFF11,01-04-2024
88.19000244140625,90.5,85.72000122070312,86.19000244140625,131795.0,73.17662048339844,1.0,,SNFF11,01-05-2024
86.5,88.80000305175781,85.69999694824219,88.2699966430664,115992.0,75.78462219238281,1.0,,SNFF11,01-06-2024
88.2699966430664,89.5,86.0999984741211,88.0,140007.0,76.41342163085938,1.1,,SNFF11,01-07-2024
88.30000305175781,91.55999755859375,86.5,91.05000305175781,129865.0,80.04845428466797,1.0,,SNFF11,01-08-2024
91.30000305175781,91.97000122070312,87.0999984741211,89.83000183105469,166009.0,79.86321258544922,1.0,,SNFF11,01-09-2024
89.83000183105469,89.98999786376953,80.69000244140625,81.44999694824219,132344.0,73.23306274414062,0.72,,SNFF11,01-10-2024
81.44999694824219,85.0,78.44999694824219,79.0,83504.0,71.63311004638672,0.72,,SNFF11,01-11-2024
79.0,79.48999786376953,73.12000274658203,75.94999694824219,97547.0,69.47238159179688,0.72,,SNFF11,01-12-2024
75.58999633789062,77.95999908447266,71.5,72.4000015258789,97329.0,66.84496307373047,0.72,,SNFF11,01-01-2025
72.3499984741211,72.43000030517578,66.70999908447266,69.45999908447266,246997.0,64.73506164550781,0.72,,SNFF11,01-02-2025
69.45999908447266,74.94999694824219,69.45999908447266,70.94999694824219,172303.0,66.82455444335938,0.72,,SNFF11,01-03-2025
70.94000244140625,74.37999725341797,68.4000015258789,73.13999938964844,244841.0,69.55974578857422,0.72,,SNFF11,01-04-2025
73.13999938964844,74.79000091552734,72.66999816894531,73.38999938964844,136574.0,70.5204849243164,0.72,,SNFF11,01-05-2025
74.12999725341797,74.47000122070312,70.81999969482422,72.4800033569336,119880.0,70.33186340332031,0.72,,SNFF11,01-06-2025
72.4800033569336,74.9000015258789,68.0199966430664,69.12000274658203,139149.0,67.73616027832031,0.72,,SNFF11,01-07-2025
69.48999786376953,69.77999877929688,67.05000305175781,68.94999694824219,114714.0,68.23764038085938,0.72,,SNFF11,01-08-2025
68.94999694824219,71.69999694824219,68.02999877929688,71.1500015258789,132935.0,71.1500015258789,0.0,,SNFF11,01-09-2025
0.0,0.0,0.0,71.1500015258789,0.0,71.1500015258789,0.0,,SNFF11,15-09-2025
11.0,11.199999809265137,11.0,11.0,196670.0,0.25527316331863403,1.31,0.0,MCRE11,01-09-2021
11.640000343322754,15.0,11.00100040435791,12.0,353430.0,0.27847984433174133,1.3,0.0,MCRE11,01-10-2021
12.0,14.100000381469727,10.425999641418457,10.517000198364258,12090.0,0.24406439065933228,1.3,0.0,MCRE11,01-11-2021
10.975000381469727,12.0,10.975000381469727,12.0,42580.0,0.31231382489204407,1.3,0.0,MCRE11,01-12-2021
12.0,12.5,11.0,11.0,48380.0,0.28628769516944885,1.3,0.0,MCRE11,01-01-2022
11.998000144958496,11.998000144958496,11.0,11.793000221252441,966400.0,0.3442166745662689,1.3,0.0,MCRE11,01-02-2022
11.699999809265137,11.776000022888184,10.8149995803833,11.015000343322754,2828060.0,0.36415717005729675,1.3,0.0,MCRE11,01-03-2022
11.019000053405762,11.5,10.8100004196167,11.097999572753906,2753550.0,0.41607344150543213,1.3,0.0,MCRE11,01-04-2022
11.074999809265137,11.100000381469727,10.5,11.0,1756360.0,0.46600595116615295,1.5,0.0,MCRE11,01-05-2022
11.020000457763672,11.65999984741211,10.60099983215332,11.0,2279850.0,0.5388193130493164,1.4,0.0,MCRE11,01-06-2022
10.994999885559082,11.199999809265137,10.572999954223633,11.0,4843690.0,0.6150161027908325,1.4,0.0,MCRE11,01-07-2022
11.0,11.232000350952148,10.562000274658203,10.652000427246094,8730.0,0.6844579577445984,1.4,0.0,MCRE11,01-08-2022
10.656999588012695,11.5,10.310999870300293,10.340999603271484,74000.0,0.7624692320823669,1.4,0.0,MCRE11,01-09-2022
10.343000411987305,10.954999923706055,10.331999778747559,10.57800006866455,48170.0,0.8925127983093262,1.4,0.0,MCRE11,01-10-2022
10.569000244140625,10.899999618530273,10.22700023651123,10.439000129699707,46520.0,1.0108994245529175,1.4,0.0,MCRE11,01-11-2022
10.439000129699707,11.199999809265137,10.307000160217285,11.199999809265137,48210.0,1.2510521411895752,3.4,0.0,MCRE11,01-12-2022
11.199999809265137,11.762999534606934,10.729999542236328,10.994999885559082,41940.0,1.8162001371383667,1.4,0.0,MCRE11,01-01-2023
11.197999954223633,11.199999809265137,10.769000053405762,11.026000022888184,33380.0,2.085007429122925,1.4,0.0,MCRE11,01-02-2023
11.194000244140625,11.99899959564209,10.621999740600586,10.822999954223633,37240.0,2.3435401916503906,1.4,0.0,MCRE11,01-03-2023
10.625,11.100000381469727,10.420999526977539,10.800000190734863,31910.0,2.679598569869995,1.4,0.0,MCRE11,01-04-2023
10.949999809265137,11.579000473022461,10.532999992370605,11.0,49690.0,3.1235361099243164,1.4,0.0,MCRE11,01-05-2023
11.0,11.899999618530273,10.651000022888184,11.098999977111816,1435780.0,3.6041932106018066,1.4,0.0,MCRE11,01-06-2023
11.098999977111816,11.25,10.800999641418457,11.11299991607666,42650.0,4.118190288543701,1.4,0.0,MCRE11,01-07-2023
11.11299991607666,11.119999885559082,10.800999641418457,10.99899959564209,82340.0,4.658222675323486,1.3,0.0,MCRE11,01-08-2023
11.097000122070312,11.25,10.82699966430664,10.972000122070312,89180.0,5.265407085418701,1.3,0.0,MCRE11,01-09-2023
10.947999954223633,11.199999809265137,10.701000213623047,10.800000190734863,79080.0,5.871089935302734,1.3,0.0,MCRE11,01-10-2023
10.800000190734863,11.282999992370605,10.741999626159668,11.175000190734863,43110.0,6.879168510437012,1.3,0.0,MCRE11,01-11-2023
11.175000190734863,11.413000106811523,10.821999549865723,11.180000305175781,46550.0,7.787898063659668,1.3,0.0,MCRE11,01-12-2023
11.180000305175781,12.279999732971191,10.220000267028809,10.220000267028809,70609.0,8.054956436157227,0.13,10.0,MCRE11,01-01-2024
10.25,13.619999885559082,10.25,11.770000457763672,556635.0,9.376510620117188,0.11,0.0,MCRE11,01-02-2024
11.760000228881836,12.119999885559082,9.449999809265137,9.819999694824219,2971360.0,7.8925065994262695,0.11,0.0,MCRE11,01-03-2024
9.850000381469727,10.140000343322754,9.149999618530273,9.399999618530273,12215243.0,7.62947940826416,0.11,0.0,MCRE11,01-04-2024
9.420000076293945,9.84000015258789,9.319999694824219,9.770000457763672,8945111.0,8.018523216247559,0.11,0.0,MCRE11,01-05-2024
9.649999618530273,10.09000015258789,9.260000228881836,9.710000038146973,9980494.0,8.061654090881348,0.11,0.0,MCRE11,01-06-2024
9.710000038146973,9.8100004196167,9.319999694824219,9.449999809265137,10146154.0,7.937893867492676,0.11,0.0,MCRE11,01-07-2024
9.489999771118164,9.630000114440918,9.220000267028809,9.390000343322754,9631418.0,7.977873802185059,0.1,0.0,MCRE11,01-08-2024
9.34000015258789,9.4399995803833,8.710000038146973,8.770000457763672,10316090.0,7.530976295471191,0.1,0.0,MCRE11,01-09-2024
8.789999961853027,8.949999809265137,8.020000457763672,8.4399995803833,13437911.0,7.326204299926758,0.1,0.0,MCRE11,01-10-2024
8.4399995803833,9.140000343322754,8.0,8.180000305175781,9475594.0,7.185551643371582,0.1,0.0,MCRE11,01-11-2024
8.180000305175781,8.3100004196167,6.539999961853027,7.789999961853027,14956829.0,6.926619529724121,0.1,0.0,MCRE11,01-12-2024
7.789999961853027,7.96999979019165,7.079999923706055,7.510000228881836,9306490.0,6.771969318389893,0.1,0.0,MCRE11,01-01-2025
7.510000228881836,8.449999809265137,7.349999904632568,8.220000267028809,7961799.0,7.510370254516602,0.11,0.0,MCRE11,01-02-2025
8.220000267028809,8.75,8.15999984741211,8.5,7494734.0,7.875720500946045,0.11,0.0,MCRE11,01-03-2025
8.479999542236328,9.149999618530273,8.260000228881836,8.90999984741211,6950714.0,8.361573219299316,0.11,0.0,MCRE11,01-04-2025
8.90999984741211,9.09000015258789,8.710000038146973,8.819999694824219,7120866.0,8.383975982666016,0.11,0.0,MCRE11,01-05-2025
8.850000381469727,8.899999618530273,8.289999961853027,8.5,8992784.0,8.179211616516113,0.11,0.0,MCRE11,01-06-2025
8.489999771118164,8.729999542236328,8.329999923706055,8.550000190734863,8850295.0,8.333796501159668,0.11,0.0,MCRE11,01-07-2025
8.539999961853027,8.699999809265137,8.40999984741211,8.579999923706055,6687285.0,8.470255851745605,0.11,0.0,MCRE11,01-08-2025
8.600000381469727,8.899999618530273,8.489999771118164,8.800000190734863,3380805.0,8.800000190734863,0.0,0.0,MCRE11,01-09-2025
0.0,0.0,0.0,8.800000190734863,0.0,8.800000190734863,0.0,0.0,MCRE11,15-09-2025
10.0,11.0,9.35099983215332,10.300000190734863,30330.0,1.6040894985198975,1.5,0.0,CYCR11,01-12-2021
10.0,10.5,9.857999801635742,9.994999885559082,90390.0,1.8312817811965942,1.740278,0.0,CYCR11,01-01-2022
9.880999565124512,10.005000114440918,9.649999618530273,9.99899959564209,45500.0,2.204482078552246,1.15,0.0,CYCR11,01-02-2022
9.99899959564209,10.098999977111816,9.199999809265137,9.949999809265137,26280.0,2.478893756866455,1.15,0.0,CYCR11,01-03-2022
9.95300006866455,10.178999900817871,9.652999877929688,9.899999618530273,18400.0,2.786970853805542,1.15,0.0,CYCR11,01-04-2022
9.99899959564209,11.0,9.517999649047852,10.34000015258789,67950.0,3.291229724884033,1.35,0.0,CYCR11,01-05-2022
10.600000381469727,10.600000381469727,9.75100040435791,10.199999809265137,96530.0,3.7592990398406982,1.35,0.0,CYCR11,01-06-2022
10.199999809265137,10.199999809265137,9.112000465393066,9.899999618530273,491440.0,4.196650981903076,1.15,0.0,CYCR11,01-07-2022
9.399999618530273,9.748000144958496,8.800000190734863,9.298999786376953,866710.0,4.442786693572998,1.0,0.0,CYCR11,01-08-2022
9.298999786376953,9.300000190734863,8.164999961853027,8.598999977111816,494300.0,4.56995964050293,1.0,0.0,CYCR11,01-09-2022
8.305000305175781,9.079999923706055,8.25,8.699999809265137,561674.0,5.18076753616333,1.0,10.0,CYCR11,01-10-2022
8.569999694824219,8.869999885559082,7.840000152587891,8.630000114440918,988724.0,5.815369129180908,0.1,0.0,CYCR11,01-11-2022
8.260000228881836,8.920000076293945,8.170000076293945,8.920000076293945,694076.0,6.080679893493652,0.1,0.0,CYCR11,01-12-2022
8.800000190734863,8.960000038146973,8.319999694824219,8.460000038146973,662508.0,5.83471155166626,0.116814,0.0,CYCR11,01-01-2023
8.390000343322754,8.479999542236328,8.0600004196167,8.149999618530273,831371.0,5.695496082305908,0.095,0.0,CYCR11,01-02-2023
8.050000190734863,8.140000343322754,7.820000171661377,8.039999961853027,1172246.0,5.682434558868408,0.1,0.0,CYCR11,01-03-2023
7.989999771118164,8.359999656677246,7.809999942779541,8.319999694824219,701007.0,5.953377723693848,0.1,0.0,CYCR11,01-04-2023
8.289999961853027,8.850000381469727,8.119999885559082,8.699999809265137,848752.0,6.303691864013672,0.1,0.0,CYCR11,01-05-2023
8.609999656677246,9.149999618530273,8.5,9.0,770044.0,6.600390434265137,0.105,0.0,CYCR11,01-06-2023
8.970000267028809,9.210000038146973,8.75,9.119999885559082,950029.0,6.770105361938477,0.11,0.0,CYCR11,01-07-2023
9.020000457763672,9.59000015258789,8.880000114440918,9.399999618530273,859387.0,7.064301013946533,0.1,0.0,CYCR11,01-08-2023
9.289999961853027,9.550000190734863,9.109999656677246,9.550000190734863,641024.0,7.256597518920898,0.1,0.0,CYCR11,01-09-2023
9.449999809265137,9.550000190734863,9.149999618530273,9.279999732971191,428336.0,7.12725830078125,0.0,0.0,CYCR11,01-10-2023
9.210000038146973,9.460000038146973,9.15999984741211,9.329999923706055,649756.0,7.165658950805664,0.1,0.0,CYCR11,01-11-2023
9.229999542236328,9.859999656677246,9.1899995803833,9.779999732971191,625293.0,7.59309196472168,0.1,0.0,CYCR11,01-12-2023
9.75,9.960000038146973,9.399999618530273,9.869999885559082,1018394.0,7.745989799499512,0.11,0.0,CYCR11,01-01-2024
9.630000114440918,9.800000190734863,9.529999732971191,9.630000114440918,730462.0,7.643607139587402,0.1,0.0,CYCR11,01-02-2024
9.510000228881836,9.770000457763672,9.460000038146973,9.640000343322754,584439.0,7.72986364364624,0.1,0.0,CYCR11,01-03-2024
9.680000305175781,9.899999618530273,9.5,9.649999618530273,511168.0,7.819076061248779,0.11,0.0,CYCR11,01-04-2024
9.569999694824219,9.899999618530273,9.319999694824219,9.670000076293945,2603735.0,7.925720691680908,0.11,0.0,CYCR11,01-05-2024
9.6899995803833,9.890000343322754,9.550000190734863,9.819999694824219,665590.0,8.141467094421387,0.11,0.0,CYCR11,01-06-2024
9.710000038146973,9.8100004196167,9.600000381469727,9.789999961853027,1184426.0,8.209985733032227,0.12,0.0,CYCR11,01-07-2024
9.739999771118164,9.989999771118164,9.600000381469727,9.960000038146973,1239235.0,8.455880165100098,0.12,0.0,CYCR11,01-08-2024
9.859999656677246,9.930000305175781,9.699999809265137,9.8100004196167,691952.0,8.431886672973633,0.1,0.0,CYCR11,01-09-2024
9.640000343322754,9.649999618530273,8.300000190734863,8.699999809265137,1245664.0,7.553659915924072,0.08,0.0,CYCR11,01-10-2024
8.640000343322754,8.960000038146973,8.289999961853027,8.579999923706055,1649617.0,7.510719299316406,0.09,0.0,CYCR11,01-11-2024
8.399999618530273,8.65999984741211,7.449999809265137,8.479999542236328,1796799.0,7.500777244567871,0.095,0.0,CYCR11,01-12-2024
8.65999984741211,8.65999984741211,7.599999904632568,7.78000020980835,1625533.0,6.958657741546631,0.095,0.0,CYCR11,01-01-2025
7.739999771118164,8.699999809265137,7.550000190734863,8.489999771118164,2151567.0,7.6797356605529785,0.1,0.0,CYCR11,01-02-2025
8.5,8.949999809265137,8.34000015258789,8.65999984741211,1267325.0,7.935510635375977,0.1,0.0,CYCR11,01-03-2025
8.529999732971191,8.84000015258789,8.390000343322754,8.729999542236328,1188572.0,8.095002174377441,0.106,0.0,CYCR11,01-04-2025
8.729999542236328,9.069999694824219,8.619999885559082,9.010000228881836,1695455.0,8.458166122436523,0.11,0.0,CYCR11,01-05-2025
8.850000381469727,9.069999694824219,8.579999923706055,8.970000267028809,1249365.0,8.528071403503418,0.115,0.0,CYCR11,01-06-2025
8.800000190734863,8.970000267028809,8.550000190734863,8.680000305175781,1515637.0,8.359050750732422,0.116,0.0,CYCR11,01-07-2025
8.65999984741211,8.789999961853027,8.470000267028809,8.619999885559082,1054992.0,8.410027503967285,0.106,0.0,CYCR11,01-08-2025
8.510000228881836,8.670000076293945,8.40999984741211,8.649999618530273,479508.0,8.543630599975586,0.106,0.0,CYCR11,01-09-2025
0.0,8.649999618530273,8.649999618530273,8.649999618530273,0.0,8.649999618530273,0.0,0.0,CYCR11,15-09-2025
101.43896484375,107.15592956542969,100.15091705322266,104.03488159179688,574020.0,66.69890594482422,0.0,,SNCI11,01-03-2022
103.53948211669922,113.92315673828125,101.5083236694336,101.95418548583984,453965.0,65.36490631103516,1.288051,,SNCI11,01-04-2022
102.30097198486328,104.84734344482422,102.0433578491211,102.96647644042969,379115.0,66.81812286376953,1.436672,,SNCI11,01-05-2022
102.86650848388672,104.56595611572266,101.61691284179688,102.6465835571289,345463.0,67.5523681640625,1.399544,,SNCI11,01-06-2022
102.71656036376953,104.16608428955078,101.45697021484375,101.8568344116211,312419.0,67.9455337524414,1.299577,,SNCI11,01-07-2022
101.8568344116211,101.96680450439453,99.96745300292969,100.5672607421875,434788.0,67.9349136352539,1.249593,,SNCI11,01-08-2022
100.59724426269531,101.8568344116211,99.96745300292969,100.1500015258789,299790.0,68.49415588378906,1.149626,,SNCI11,01-09-2022
100.2699966430664,101.5199966430664,95.0,98.98999786376953,361648.0,68.47510528564453,1.0,,SNCI11,01-10-2022
99.0999984741211,101.0,96.58000183105469,99.91000366210938,273659.0,69.80261993408203,1.0,,SNCI11,01-11-2022
99.91000366210938,101.25,95.80999755859375,98.45999908447266,183619.0,69.48020935058594,1.0,,SNCI11,01-12-2022
98.01000213623047,99.0,97.05000305175781,97.83000183105469,196225.0,69.73759460449219,1.0,,SNCI11,01-01-2023
97.83000183105469,98.30000305175781,94.61000061035156,96.45999908447266,175475.0,69.46437072753906,1.0,,SNCI11,01-02-2023
96.45999908447266,98.2699966430664,91.01000213623047,91.79000091552734,159699.0,66.78874206542969,1.0,,SNCI11,01-03-2023
91.69999694824219,95.98999786376953,90.02999877929688,93.48999786376953,132769.0,68.72699737548828,1.05,,SNCI11,01-04-2023
93.48999786376953,99.0,93.48999786376953,98.08999633789062,148582.0,72.90936279296875,1.1,,SNCI11,01-05-2023
98.08999633789062,100.2699966430664,97.9000015258789,99.1500015258789,144125.0,74.52532196044922,1.1,,SNCI11,01-06-2023
99.16000366210938,100.97000122070312,98.68000030517578,99.98999786376953,131668.0,75.99217987060547,1.1,,SNCI11,01-07-2023
99.94999694824219,100.94000244140625,98.52999877929688,99.16000366210938,140209.0,76.19623565673828,1.0,,SNCI11,01-08-2023
99.44000244140625,100.5,97.01000213623047,99.48999786376953,130758.0,77.21582794189453,1.0,,SNCI11,01-09-2023
99.48999786376953,100.54000091552734,98.70999908447266,99.20999908447266,122581.0,77.77429962158203,1.0,,SNCI11,01-10-2023
99.22000122070312,100.4800033569336,97.86000061035156,99.20999908447266,118086.0,78.55658721923828,1.0,,SNCI11,01-11-2023
99.20999908447266,100.98999786376953,99.0,100.48999786376953,126000.0,80.37240600585938,1.0,,SNCI11,01-12-2023
100.48999786376953,100.5,99.38999938964844,100.04000091552734,168625.0,80.81792449951172,1.0,,SNCI11,01-01-2024
100.04000091552734,100.98999786376953,97.7699966430664,98.47000122070312,142968.0,80.34998321533203,0.9,,SNCI11,01-02-2024
98.47000122070312,100.37999725341797,96.36000061035156,97.38999938964844,130801.0,80.18984985351562,0.87,,SNCI11,01-03-2024
97.38999938964844,98.5,94.55000305175781,95.87999725341797,117493.0,79.64303588867188,0.93,,SNCI11,01-04-2024
96.08000183105469,97.91999816894531,94.1500015258789,94.19999694824219,97682.0,78.99497985839844,0.9,,SNCI11,01-05-2024
94.25,96.87000274658203,92.69999694824219,96.19000244140625,109914.0,81.41914367675781,0.95,,SNCI11,01-06-2024
96.19000244140625,97.30000305175781,94.0,95.94999694824219,107045.0,82.04338836669922,1.0,,SNCI11,01-07-2024
95.0,98.0,94.88999938964844,97.30000305175781,117199.0,84.0616683959961,1.0,,SNCI11,01-08-2024
97.2300033569336,98.25,90.0199966430664,91.0,274447.0,79.42982482910156,1.0,,SNCI11,01-09-2024
91.0,91.5199966430664,87.6500015258789,89.81999969482422,171313.0,79.244140625,1.0,,SNCI11,01-10-2024
89.80000305175781,90.94000244140625,85.87999725341797,87.4000015258789,123750.0,77.96595001220703,1.0,,SNCI11,01-11-2024
87.4000015258789,88.19999694824219,74.4000015258789,85.2699966430664,155005.0,76.92130279541016,1.0,,SNCI11,01-12-2024
85.2699966430664,88.38999938964844,78.12000274658203,81.26000213623047,111099.0,74.21339416503906,1.0,,SNCI11,01-01-2025
81.4000015258789,85.38999938964844,81.08999633789062,83.70999908447266,74225.0,77.34856414794922,1.0,,SNCI11,01-02-2025
83.70999908447266,91.0,82.4800033569336,90.05000305175781,81369.0,84.19862365722656,1.0,,SNCI11,01-03-2025
89.86000061035156,91.98999786376953,86.0999984741211,89.52999877929688,95043.0,84.66649627685547,1.0,,SNCI11,01-04-2025
89.5,93.0,88.70999908447266,91.2300033569336,104435.0,87.25354766845703,1.0,,SNCI11,01-05-2025
91.2300033569336,92.0999984741211,87.26000213623047,88.62000274658203,111243.0,85.68109130859375,1.0,,SNCI11,01-06-2025
88.62000274658203,90.61000061035156,84.5999984741211,86.19000244140625,129489.0,84.2483139038086,1.0,,SNCI11,01-07-2025
87.0,87.5199966430664,81.69000244140625,83.94999694824219,140991.0,82.98505401611328,1.0,,SNCI11,01-08-2025
84.58000183105469,85.25,82.5199966430664,84.6500015258789,99356.0,84.6500015258789,0.0,,SNCI11,01-09-2025
0.0,0.0,0.0,84.6500015258789,0.0,84.6500015258789,0.0,,SNCI11,15-09-2025
9.848999977111816,10.050000190734863,9.600000381469727,10.045000076293945,103830.0,0.18508654832839966,0.62,0.0,JSAF11,01-12-2021
10.038999557495117,10.041999816894531,8.550000190734863,9.345000267028809,134320.0,0.1837548166513443,0.79,0.0,JSAF11,01-01-2022
9.300000190734863,9.300000190734863,8.270000457763672,8.579999923706055,240300.0,0.18311350047588348,0.9,0.0,JSAF11,01-02-2022
8.399999618530273,8.510000228881836,8.100000381469727,8.37399959564209,237810.0,0.19776318967342377,0.9,0.0,JSAF11,01-03-2022
8.348999977111816,8.550999641418457,7.994999885559082,8.539999961853027,577800.0,0.22531835734844208,0.93,0.0,JSAF11,01-04-2022
8.46500015258789,8.600000381469727,8.151000022888184,8.449999809265137,381420.0,0.25079676508903503,0.93,0.0,JSAF11,01-05-2022
8.383000373840332,8.54800033569336,7.916999816894531,8.170999526977539,629870.0,0.2721533179283142,0.93,0.0,JSAF11,01-06-2022
8.07800006866455,8.149999618530273,7.622000217437744,8.076000213623047,791140.0,0.30225512385368347,0.93,0.0,JSAF11,01-07-2022
7.989999771118164,8.878999710083008,7.6529998779296875,8.848999977111816,1187000.0,0.37372153997421265,0.93,0.0,JSAF11,01-08-2022
8.875,8.998000144958496,8.732000350952148,8.887999534606934,703390.0,0.42422008514404297,0.93,0.0,JSAF11,01-09-2022
8.770000457763672,9.746000289916992,8.769000053405762,9.440999984741211,653650.0,0.5035345554351807,0.93,0.0,JSAF11,01-10-2022
9.347999572753906,9.479000091552734,8.479999542236328,8.503999710083008,514800.0,0.506564199924469,0.93,0.0,JSAF11,01-11-2022
8.41100025177002,8.949000358581543,8.017000198364258,8.447999954223633,827310.0,0.5582162737846375,0.93,0.0,JSAF11,01-12-2022
8.289999961853027,8.5,7.553999900817871,8.019000053405762,1366310.0,0.5949315428733826,0.93,0.0,JSAF11,01-01-2023
7.929999828338623,8.114999771118164,7.710999965667725,7.986999988555908,574740.0,0.6658583879470825,0.93,0.0,JSAF11,01-02-2023
7.877999782562256,8.1899995803833,7.550000190734863,7.993000030517578,1319330.0,0.7537775635719299,0.93,0.0,JSAF11,01-03-2023
7.89900016784668,8.619999885559082,7.754000186920166,8.602999687194824,806250.0,0.9182207584381104,0.93,0.0,JSAF11,01-04-2023
8.60099983215332,8.883000373840332,8.100000381469727,8.699999809265137,1702470.0,1.0508407354354858,0.93,0.0,JSAF11,01-05-2023
8.600000381469727,9.401000022888184,8.357999801635742,9.197999954223633,1641450.0,1.2456494569778442,0.93,0.0,JSAF11,01-06-2023
9.0600004196167,9.991000175476074,9.059000015258789,9.743000030517578,1251800.0,1.4773839712142944,0.93,0.0,JSAF11,01-07-2023
9.746000289916992,10.100000381469727,9.49899959564209,9.822999954223633,3073960.0,1.6570580005645752,0.93,0.0,JSAF11,01-08-2023
9.788999557495117,10.244999885559082,9.597999572753906,9.960000038146973,2322230.0,1.857469916343689,0.93,0.0,JSAF11,01-09-2023
9.755000114440918,10.347999572753906,9.60200023651123,10.3100004196167,2625980.0,2.123816728591919,0.0,0.0,JSAF11,01-10-2023
10.3100004196167,10.428000450134277,9.982000350952148,10.24899959564209,2515930.0,2.11125111579895,1.0,0.0,JSAF11,01-11-2023
10.14799976348877,10.449000358581543,9.979999542236328,10.133000373840332,1863050.0,2.311561346054077,1.0,0.0,JSAF11,01-12-2023
10.133000373840332,10.564000129699707,10.027000427246094,10.404999732971191,2773340.0,2.630244255065918,1.0,0.0,JSAF11,01-01-2024
10.39900016784668,10.779999732971191,10.109000205993652,10.234999656677246,2792080.0,2.870558738708496,1.0,0.0,JSAF11,01-02-2024
10.199000358581543,10.649999618530273,10.125,10.288000106811523,2947110.0,3.19222092628479,1.0,0.0,JSAF11,01-03-2024
10.1850004196167,10.388999938964844,9.95199966430664,10.194999694824219,2651490.0,3.5059049129486084,1.0,0.0,JSAF11,01-04-2024
10.060999870300293,10.494000434875488,9.918999671936035,10.109999656677246,4027250.0,3.8509929180145264,1.0,0.0,JSAF11,01-05-2024
10.085000038146973,10.08899974822998,9.03600025177002,9.774999618530273,5525620.0,4.128325462341309,1.0,0.0,JSAF11,01-06-2024
9.586999893188477,9.64799976348877,9.118000030517578,9.449999809265137,4473620.0,4.429163455963135,1.0,0.0,JSAF11,01-07-2024
9.348999977111816,10.220999717712402,9.180000305175781,9.970999717712402,6286010.0,5.205928802490234,1.0,0.0,JSAF11,01-08-2024
9.75100040435791,9.822999954223633,9.199999809265137,9.302000045776367,3209840.0,5.431389808654785,0.91,0.0,JSAF11,01-09-2024
9.211000442504883,9.6899995803833,8.420000076293945,8.569000244140625,6122640.0,5.505887985229492,0.91,0.0,JSAF11,01-10-2024
8.458999633789062,8.550000190734863,8.048999786376953,8.151000022888184,5293090.0,5.805224418640137,0.91,0.0,JSAF11,01-11-2024
8.119000434875488,8.192999839782715,6.599999904632568,7.78000020980835,4972415.0,6.199345111846924,0.91,10.0,JSAF11,01-12-2024
7.449999809265137,7.579999923706055,6.190000057220459,6.579999923706055,6199062.0,5.902070999145508,0.091,0.0,JSAF11,01-01-2025
6.420000076293945,7.170000076293945,6.289999961853027,7.090000152587891,5614049.0,6.434791564941406,0.091,0.0,JSAF11,01-02-2025
7.03000020980835,8.130000114440918,6.880000114440918,7.730000019073486,5172861.0,7.11403226852417,0.091,0.0,JSAF11,01-03-2025
7.75,8.229999542236328,7.329999923706055,7.980000019073486,4557810.0,7.439598083496094,0.091,0.0,JSAF11,01-04-2025
7.860000133514404,8.210000038146973,7.739999771118164,8.029999732971191,3915146.0,7.575392723083496,0.091,0.0,JSAF11,01-05-2025
7.940000057220459,8.0600004196167,7.380000114440918,7.900000095367432,4525342.0,7.53872013092041,0.091,0.0,JSAF11,01-06-2025
7.710000038146973,7.889999866485596,7.369999885559082,7.449999809265137,4253176.0,7.190788745880127,0.091,0.0,JSAF11,01-07-2025
7.400000095367432,7.5,7.239999771118164,7.409999847412109,4060513.0,7.235527038574219,0.091,0.0,JSAF11,01-08-2025
7.340000152587891,7.789999961853027,7.21999979019165,7.789999961853027,3099583.0,7.70064115524292,0.085,0.0,JSAF11,01-09-2025
0.0,0.0,0.0,7.789999961853027,0.0,7.789999961853027,0.0,0.0,JSAF11,15-09-2025
9.89900016784668,9.89900016784668,9.00100040435791,9.105999946594238,814260.0,6.2736430168151855,0.12,0.0,KCRE11,01-08-2022
9.093999862670898,9.510000228881836,9.010000228881836,9.199000358581543,688960.0,6.416281223297119,0.1,0.0,KCRE11,01-09-2022
9.163999557495117,9.494000434875488,9.052000045776367,9.494000434875488,490650.0,6.695572376251221,0.035,0.0,KCRE11,01-10-2022
9.303000450134277,9.597000122070312,9.00100040435791,9.161999702453613,613170.0,6.486110210418701,0.035,0.0,KCRE11,01-11-2022
9.109999656677246,9.109999656677246,8.52400016784668,8.84000015258789,946870.0,6.281312465667725,0.051,0.0,KCRE11,01-12-2022
8.829000473022461,8.98900032043457,8.449000358581543,8.98900032043457,1472710.0,6.422937393188477,0.061,0.0,KCRE11,01-01-2023
8.880999565124512,9.5,8.850000381469727,9.354000091552734,871760.0,6.730183124542236,0.108,0.0,KCRE11,01-02-2023
9.270000457763672,9.425000190734863,8.710000038146973,8.899999618530273,1380310.0,6.481402397155762,0.087,0.0,KCRE11,01-03-2023
8.89900016784668,9.579999923706055,8.869999885559082,9.326000213623047,1135210.0,6.855396270751953,0.135,0.0,KCRE11,01-04-2023
9.326000213623047,9.776000022888184,9.105999946594238,9.625,1274320.0,7.184159755706787,0.102,0.0,KCRE11,01-05-2023
9.74899959564209,9.977999687194824,9.515000343322754,9.895999908447266,942840.0,7.468116760253906,0.147,0.0,KCRE11,01-06-2023
9.699000358581543,9.857000350952148,9.378999710083008,9.833999633789062,953870.0,7.536427021026611,0.11,0.0,KCRE11,01-07-2023
9.73799991607666,10.03600025177002,9.550000190734863,9.875,1226270.0,7.65291690826416,0.09,0.0,KCRE11,01-08-2023
9.8100004196167,9.87399959564209,9.5,9.574000358581543,883040.0,7.488180637359619,0.08,0.0,KCRE11,01-09-2023
9.510000228881836,9.638999938964844,9.305999755859375,9.494999885559082,1282730.0,7.487044334411621,0.057,0.0,KCRE11,01-10-2023
9.409000396728516,9.52299976348877,9.288000106811523,9.46399974822998,1465860.0,7.507297039031982,0.085,0.0,KCRE11,01-11-2023
9.628999710083008,10.029999732971191,9.300000190734863,9.795999526977539,1352890.0,7.840846061706543,0.085,0.0,KCRE11,01-12-2023
9.795999526977539,10.156000137329102,9.710000038146973,9.940999984741211,1222700.0,8.02901840209961,0.081,0.0,KCRE11,01-01-2024
9.899999618530273,10.142999649047852,9.829999923706055,10.022000312805176,1168260.0,8.1619291305542,0.09,0.0,KCRE11,01-02-2024
9.99899959564209,10.100000381469727,9.800999641418457,9.885000228881836,1111750.0,8.12390422821045,0.09,0.0,KCRE11,01-03-2024
9.79800033569336,9.928999900817871,9.720000267028809,9.850000381469727,1093290.0,8.168495178222656,0.1,0.0,KCRE11,01-04-2024
9.850000381469727,9.967000007629395,9.640999794006348,9.857999801635742,1260710.0,8.258675575256348,0.116,0.0,KCRE11,01-05-2024
9.710000038146973,9.75,9.489999771118164,9.75,662116.0,8.265538215637207,0.11,10.0,KCRE11,01-06-2024
9.699999809265137,9.699999809265137,9.520000457763672,9.619999885559082,888890.0,8.247358322143555,0.09,0.0,KCRE11,01-07-2024
9.579999923706055,9.989999771118164,9.380000114440918,9.960000038146973,1012525.0,8.618398666381836,0.1,0.0,KCRE11,01-08-2024
9.850000381469727,9.9399995803833,9.300000190734863,9.640000343322754,991734.0,8.42912483215332,0.09,0.0,KCRE11,01-09-2024
9.539999961853027,9.569999694824219,8.699999809265137,8.880000114440918,1378546.0,7.835390090942383,0.08,0.0,KCRE11,01-10-2024
8.800000190734863,9.300000190734863,8.680000305175781,8.899999618530273,1032825.0,7.918752670288086,0.08,0.0,KCRE11,01-11-2024
8.720000267028809,8.890000343322754,7.650000095367432,8.399999618530273,1794365.0,7.541822910308838,0.08,0.0,KCRE11,01-12-2024
8.300000190734863,8.550000190734863,7.75,7.900000095367432,1649170.0,7.157238960266113,0.09,0.0,KCRE11,01-01-2025
7.96999979019165,8.640000343322754,7.699999809265137,8.5600004196167,1152507.0,7.83917760848999,0.11,0.0,KCRE11,01-02-2025
8.5600004196167,9.029999732971191,8.369999885559082,8.869999885559082,929738.0,8.237775802612305,0.1,0.0,KCRE11,01-03-2025
8.800000190734863,8.899999618530273,8.329999923706055,8.829999923706055,797483.0,8.297560691833496,0.1,0.0,KCRE11,01-04-2025
8.619999885559082,9.199999809265137,8.619999885559082,9.079999923706055,906492.0,8.629777908325195,0.0,0.0,KCRE11,01-05-2025
9.0600004196167,9.100000381469727,8.720000267028809,9.039999961853027,860635.0,8.591760635375977,0.14,0.0,KCRE11,01-06-2025
8.890000343322754,8.899999618530273,8.699999809265137,8.75,952639.0,8.446371078491211,0.11,0.0,KCRE11,01-07-2025
8.670000076293945,8.6899995803833,8.380000114440918,8.680000305175781,876047.0,8.482011795043945,0.11,0.0,KCRE11,01-08-2025
8.529999732971191,8.5600004196167,8.300000190734863,8.539999961853027,587970.0,8.451451301574707,0.09,0.0,KCRE11,01-09-2025
0.0,0.0,0.0,8.539999961853027,0.0,8.539999961853027,0.0,0.0,KCRE11,15-09-2025
99.97000122070312,100.0,98.0,100.0,286.0,58.55048751831055,1.15,,KIVO11,01-04-2022
99.98999786376953,100.0,93.93000030517578,100.0,1196.0,58.55048751831055,1.35,,KIVO11,01-05-2022
100.0,100.0,98.0,99.29000091552734,492.0,58.93034744262695,1.55,,KIVO11,01-06-2022
99.9000015258789,103.94999694824219,93.91000366210938,102.80000305175781,7484.0,61.97417449951172,1.65,,KIVO11,01-07-2022
100.01000213623047,103.0,100.0,102.98999786376953,1397.0,63.1379508972168,1.25,,KIVO11,01-08-2022
103.0,103.0,91.80999755859375,98.3499984741211,59993.0,61.035579681396484,1.25,,KIVO11,01-09-2022
94.27999877929688,97.48999786376953,91.0,96.88999938964844,18749.0,60.129493713378906,1.15,,KIVO11,01-10-2022
96.62000274658203,98.98999786376953,90.0199966430664,95.83999633789062,14389.0,60.18159103393555,1.3,,KIVO11,01-11-2022
94.54000091552734,97.9000015258789,83.22000122070312,97.19999694824219,26490.0,61.86564254760742,1.3,,KIVO11,01-12-2022
95.0,95.0,82.12000274658203,85.48999786376953,49709.0,55.16070556640625,1.4,,KIVO11,01-01-2023
86.2300033569336,92.44999694824219,81.5,89.94999694824219,39887.0,58.886592864990234,1.25,,KIVO11,01-02-2023
87.05999755859375,94.47000122070312,82.62999725341797,87.0,35714.0,57.800472259521484,1.2,,KIVO11,01-03-2023
85.08000183105469,85.95999908447266,78.66000366210938,82.12999725341797,52471.0,55.302764892578125,1.25,,KIVO11,01-04-2023
81.5999984741211,90.0,81.5999984741211,88.58999633789062,58450.0,60.522212982177734,1.5,,KIVO11,01-05-2023
89.98999786376953,96.0,87.0,93.48999786376953,54303.0,65.05796813964844,1.8,,KIVO11,01-06-2023
93.44999694824219,95.86000061035156,92.0,94.44000244140625,53346.0,67.08207702636719,1.5,,KIVO11,01-07-2023
93.22000122070312,94.0,90.0999984741211,93.18000030517578,59544.0,67.26630401611328,1.2,,KIVO11,01-08-2023
92.12999725341797,94.1500015258789,91.0,93.44000244140625,40978.0,68.32213592529297,1.15,,KIVO11,01-09-2023
92.41999816894531,97.0,87.05000305175781,89.8499984741211,65547.0,66.51811981201172,0.0,,KIVO11,01-10-2023
88.08999633789062,90.5,85.0,89.3499984741211,57334.0,66.14795684814453,1.18,,KIVO11,01-11-2023
89.9800033569336,93.1500015258789,87.1500015258789,90.8499984741211,86912.0,68.15351104736328,1.25,,KIVO11,01-12-2023
90.0999984741211,99.43000030517578,88.0,94.8499984741211,100720.0,72.16378021240234,1.25,,KIVO11,01-01-2024
93.80000305175781,95.5,90.80000305175781,91.70999908447266,54025.0,70.74821472167969,1.05,,KIVO11,01-02-2024
90.70999908447266,91.91999816894531,88.51000213623047,90.9000015258789,77536.0,70.90830993652344,1.05,,KIVO11,01-03-2024
91.08999633789062,94.0,87.12000274658203,89.9800033569336,84474.0,71.00359344482422,1.05,,KIVO11,01-04-2024
88.93000030517578,89.9800033569336,86.0999984741211,87.91999816894531,73524.0,70.18878936767578,1.05,,KIVO11,01-05-2024
85.80000305175781,90.29000091552734,81.05000305175781,85.44000244140625,183223.0,69.01429748535156,0.95,,KIVO11,01-06-2024
85.43000030517578,88.5,81.8499984741211,83.43000030517578,107903.0,68.1268310546875,1.1,,KIVO11,01-07-2024
81.76000213623047,83.2300033569336,79.44000244140625,81.11000061035156,109117.0,67.0962142944336,0.95,,KIVO11,01-08-2024
79.80000305175781,81.0,75.9800033569336,79.0,142328.0,66.10347747802734,0.95,,KIVO11,01-09-2024
76.0,79.1500015258789,66.5199966430664,77.05000305175781,230171.0,65.23589324951172,0.82,,KIVO11,01-10-2024
75.4800033569336,79.2300033569336,71.37999725341797,71.83000183105469,159264.0,61.45415496826172,0.9,,KIVO11,01-11-2024
71.83000183105469,72.48999786376953,54.0,59.88999938964844,393535.0,51.84446334838867,0.9,,KIVO11,01-12-2024
58.97999954223633,63.970001220703125,57.11000061035156,58.599998474121094,258077.0,51.37142562866211,0.95,,KIVO11,01-01-2025
57.70000076293945,63.9900016784668,55.0,61.0,223297.0,54.33729553222656,0.9,,KIVO11,01-02-2025
60.099998474121094,69.9000015258789,60.099998474121094,68.68000030517578,103828.0,62.13270950317383,0.9,,KIVO11,01-03-2025
68.36000061035156,68.36000061035156,61.279998779296875,67.04000091552734,133268.0,61.55727005004883,0.9,,KIVO11,01-04-2025
65.98999786376953,68.93000030517578,65.0,68.01000213623047,158129.0,63.27714157104492,1.0,,KIVO11,01-05-2025
67.98999786376953,70.36000061035156,65.0,70.30000305175781,126105.0,66.39820098876953,1.0,,KIVO11,01-06-2025
69.0,71.9800033569336,67.86000061035156,68.06999969482422,112111.0,65.25141906738281,1.2,,KIVO11,01-07-2025
68.0999984741211,68.0999984741211,63.540000915527344,64.80000305175781,142102.0,63.19554901123047,0.95,,KIVO11,01-08-2025
61.29999923706055,64.44000244140625,60.0099983215332,63.90999984741211,78916.0,63.209754943847656,0.71,,KIVO11,01-09-2025
0.0,0.0,0.0,63.90999984741211,0.0,63.90999984741211,0.0,,KIVO11,15-09-2025
10.1713285446167,11.0,9.808417320251465,10.119999885559082,99353.0,6.459618091583252,0.131568,,LIFE11,01-11-2022
10.460000038146973,11.229999542236328,9.75,10.800000190734863,39501.0,6.982956886291504,0.12917,,LIFE11,01-12-2022
10.670000076293945,11.989999771118164,10.199999809265137,10.449999809265137,823024.0,6.8440117835998535,0.131157,,LIFE11,01-01-2023
9.930000305175781,10.789999961853027,9.930000305175781,10.270000457763672,22990.0,6.808812618255615,0.12917,,LIFE11,01-02-2023
10.020000457763672,10.350000381469727,9.75,9.970000267028809,47402.0,6.692646026611328,0.134138,,LIFE11,01-03-2023
10.079999923706055,10.140000343322754,9.5,9.699999809265137,250728.0,6.59757137298584,0.149042,,LIFE11,01-04-2023
9.699999809265137,10.399999618530273,9.489999771118164,10.180000305175781,324681.0,7.029127597808838,0.149042,,LIFE11,01-05-2023
10.140000343322754,10.289999961853027,9.9399995803833,10.25,691720.0,7.1879048347473145,0.129468,,LIFE11,01-06-2023
10.100000381469727,11.010000228881836,10.100000381469727,10.470000267028809,178838.0,7.43676233291626,0.139106,,LIFE11,01-07-2023
10.34000015258789,10.449999809265137,9.739999771118164,10.260000228881836,456058.0,7.38786506652832,0.119234,,LIFE11,01-08-2023
10.140000343322754,10.300000190734863,9.779999732971191,10.09000015258789,535163.0,7.349145412445068,0.121221,,LIFE11,01-09-2023
10.020000457763672,10.260000228881836,9.84000015258789,10.140000343322754,190298.0,7.473865032196045,0.119234,,LIFE11,01-10-2023
9.899999618530273,10.199999809265137,9.609999656677246,9.880000114440918,375220.0,7.369312286376953,0.124202,,LIFE11,01-11-2023
9.770000457763672,10.180000305175781,9.699999809265137,10.180000305175781,513907.0,7.687236785888672,0.124202,,LIFE11,01-12-2023
10.180000305175781,10.239999771118164,9.789999961853027,10.100000381469727,469266.0,7.723921298980713,0.124202,,LIFE11,01-01-2024
10.050000190734863,10.149999618530273,9.890000343322754,10.0,838181.0,7.741903781890869,0.119234,,LIFE11,01-02-2024
9.960000038146973,10.09000015258789,9.369999885559082,10.029999732971191,524899.0,7.8578948974609375,0.119234,,LIFE11,01-03-2024
9.90999984741211,10.239999771118164,9.819999694824219,10.100000381469727,423859.0,8.008221626281738,0.119234,,LIFE11,01-04-2024
10.199999809265137,10.380000114440918,9.869999885559082,10.25,1278922.0,8.224930763244629,0.119234,,LIFE11,01-05-2024
10.050000190734863,10.449999809265137,9.880000114440918,10.359999656677246,552678.0,8.412510871887207,0.119234,,LIFE11,01-06-2024
10.0,10.649999618530273,9.949999809265137,10.539999961853027,602696.0,8.659404754638672,0.178851,,LIFE11,01-07-2024
10.479999542236328,10.800000190734863,10.15999984741211,10.550000190734863,1232040.0,8.81988525390625,0.134138,,LIFE11,01-08-2024
10.420000076293945,10.579999923706055,10.25,10.359999656677246,847178.0,8.772688865661621,0.135,,LIFE11,01-09-2024
10.350000381469727,10.359999656677246,9.510000228881836,10.0,1981552.0,8.577608108520508,0.135,,LIFE11,01-10-2024
9.880000114440918,9.930000305175781,9.119999885559082,9.550000190734863,2159861.0,8.299768447875977,0.135,,LIFE11,01-11-2024
9.59000015258789,9.630000114440918,7.590000152587891,8.630000114440918,2182315.0,7.602848052978516,0.135,,LIFE11,01-12-2024
8.720000267028809,9.619999885559082,8.050000190734863,8.770000457763672,1532445.0,7.83696985244751,0.14,,LIFE11,01-01-2025
8.600000381469727,9.229999542236328,8.210000038146973,8.600000381469727,1364320.0,7.811782360076904,0.12,,LIFE11,01-02-2025
8.600000381469727,8.989999771118164,8.149999618530273,8.989999771118164,1855038.0,8.27932357788086,0.12,,LIFE11,01-03-2025
8.869999885559082,8.979999542236328,8.399999618530273,8.890000343322754,1370742.0,8.30308723449707,0.12,,LIFE11,01-04-2025
8.800000190734863,8.869999885559082,8.619999885559082,8.800000190734863,1521496.0,8.330221176147461,0.0,,LIFE11,01-05-2025
8.699999809265137,9.020000457763672,8.359999656677246,8.960000038146973,2036315.0,8.48167896270752,0.12,,LIFE11,01-06-2025
8.829999923706055,9.039999961853027,8.710000038146973,8.9399995803833,1616813.0,8.579743385314941,0.12,,LIFE11,01-07-2025
8.899999618530273,8.920000076293945,8.359999656677246,8.550000190734863,2078367.0,8.316845893859863,0.12,,LIFE11,01-08-2025
8.449999809265137,8.529999732971191,8.319999694824219,8.399999618530273,934082.0,8.2821044921875,0.12,,LIFE11,01-09-2025
0.0,0.0,0.0,8.399999618530273,0.0,8.399999618530273,0.0,,LIFE11,15-09-2025
9.444000244140625,9.60099983215332,9.300000190734863,9.532999992370605,1027680.0,6.31161642074585,0.15,0.0,RBRX11,01-10-2022
9.583000183105469,9.65999984741211,9.055000305175781,9.149999618530273,1027350.0,6.156128883361816,0.16,0.0,RBRX11,01-11-2022
9.133999824523926,9.5,8.404000282287598,8.887999534606934,1306640.0,6.0808868408203125,0.15,0.0,RBRX11,01-12-2022
8.887999534606934,9.300000190734863,8.604999542236328,8.715999603271484,1303750.0,6.060701370239258,0.15,0.0,RBRX11,01-01-2023
8.715999603271484,8.798999786376953,8.0,8.043000221252441,1314130.0,5.687202453613281,0.0,0.0,RBRX11,01-02-2023
8.07800006866455,8.501999855041504,7.926000118255615,8.210000038146973,1617920.0,5.805286884307861,0.105,0.0,RBRX11,01-03-2023
8.220000267028809,8.701000213623047,8.119000434875488,8.319999694824219,963340.0,5.958667278289795,0.117,0.0,RBRX11,01-04-2023
8.319999694824219,8.994999885559082,8.303999900817871,8.710000038146973,1089260.0,6.326930522918701,0.117,0.0,RBRX11,01-05-2023
8.708999633789062,9.128000259399414,8.699999809265137,9.041000366210938,1069790.0,6.657470226287842,0.117,0.0,RBRX11,01-06-2023
8.9399995803833,9.494999885559082,8.899999618530273,9.340999603271484,1372320.0,6.967907905578613,0.117,0.0,RBRX11,01-07-2023
9.340999603271484,9.460000038146973,9.100000381469727,9.248000144958496,1716350.0,6.985061168670654,0.11,0.0,RBRX11,01-08-2023
9.288999557495117,9.39900016784668,9.199999809265137,9.342000007629395,2342240.0,7.139196872711182,0.11,0.0,RBRX11,01-09-2023
9.342000007629395,9.559000015258789,9.079999923706055,9.145999908447266,1218450.0,7.072782039642334,0.105,0.0,RBRX11,01-10-2023
9.17300033569336,9.37399959564209,8.916999816894531,9.112000465393066,1181100.0,7.126779079437256,0.1,0.0,RBRX11,01-11-2023
9.112000465393066,9.460000038146973,8.961999893188477,9.380000114440918,957520.0,7.416701793670654,0.1,10.0,RBRX11,01-12-2023
9.380000114440918,9.6899995803833,9.050000190734863,9.489999771118164,2070667.0,7.5858659744262695,0.09,0.0,RBRX11,01-01-2024
9.489999771118164,9.670000076293945,9.229999542236328,9.449999809265137,1459247.0,7.628518104553223,0.09,0.0,RBRX11,01-02-2024
9.470000267028809,9.960000038146973,9.40999984741211,9.739999771118164,2532250.0,7.938876628875732,0.1,0.0,RBRX11,01-03-2024
9.760000228881836,9.890000343322754,9.289999961853027,9.40999984741211,1625057.0,7.749380111694336,0.1,0.0,RBRX11,01-04-2024
9.430000305175781,9.710000038146973,9.319999694824219,9.380000114440918,3559696.0,7.804804801940918,0.11,0.0,RBRX11,01-05-2024
9.380000114440918,9.399999618530273,8.880000114440918,8.979999542236328,2505140.0,7.558041572570801,0.11,0.0,RBRX11,01-06-2024
9.0,9.289999961853027,8.960000038146973,9.079999923706055,2223843.0,7.734485149383545,0.11,0.0,RBRX11,01-07-2024
9.100000381469727,9.300000190734863,9.020000457763672,9.09000015258789,2841887.0,7.836601734161377,0.09,0.0,RBRX11,01-08-2024
9.119999885559082,9.170000076293945,8.25,8.630000114440918,2147918.0,7.51361083984375,0.08,0.0,RBRX11,01-09-2024
8.619999885559082,8.619999885559082,8.010000228881836,8.5600004196167,2623091.0,7.519357204437256,0.08,0.0,RBRX11,01-10-2024
8.5600004196167,8.619999885559082,7.909999847412109,8.079999923706055,1495555.0,7.166620254516602,0.08,0.0,RBRX11,01-11-2024
8.140000343322754,8.140000343322754,6.760000228881836,7.630000114440918,1952790.0,6.834082126617432,0.08,0.0,RBRX11,01-12-2024
7.71999979019165,7.980000019073486,6.800000190734863,6.869999885559082,1395260.0,6.222596645355225,0.08,0.0,RBRX11,01-01-2025
6.96999979019165,7.769999980926514,6.820000171661377,7.599999904632568,1259569.0,6.957134246826172,0.08,0.0,RBRX11,01-02-2025
7.599999904632568,8.140000343322754,7.449999809265137,7.880000114440918,1933653.0,7.293822288513184,0.08,0.0,RBRX11,01-03-2025
7.989999771118164,8.1899995803833,7.769999980926514,7.989999771118164,1009105.0,7.471297740936279,0.08,0.0,RBRX11,01-04-2025
7.980000019073486,8.3100004196167,7.96999979019165,8.149999618530273,867860.0,7.698182582855225,0.09,0.0,RBRX11,01-05-2025
8.149999618530273,8.239999771118164,7.960000038146973,8.069999694824219,1488569.0,7.707733631134033,0.09,0.0,RBRX11,01-06-2025
8.029999732971191,8.130000114440918,7.5,7.679999828338623,1456795.0,7.416945457458496,0.096169,0.0,RBRX11,01-07-2025
7.690000057220459,7.940000057220459,7.599999904632568,7.800000190734863,1678865.0,7.624029159545898,0.09,0.0,RBRX11,01-08-2025
7.800000190734863,8.050000190734863,7.789999961853027,7.849999904632568,365235.0,7.76223611831665,0.09,0.0,RBRX11,01-09-2025
0.0,0.0,0.0,7.849999904632568,0.0,7.849999904632568,0.0,0.0,RBRX11,15-09-2025
9.989999771118164,10.149999618530273,8.510000228881836,9.600000381469727,1482793.0,6.424569129943848,0.11,,WHGR11,01-08-2022
9.600000381469727,9.899999618530273,9.010000228881836,9.449999809265137,1288910.0,6.394596576690674,0.11,,WHGR11,01-09-2022
9.399999618530273,9.539999961853027,8.720000267028809,9.220000267028809,944003.0,6.311279296875,0.08,,WHGR11,01-10-2022
9.140000343322754,9.199999809265137,8.3100004196167,9.140000343322754,1644360.0,6.309935092926025,0.07,,WHGR11,01-11-2022
9.079999923706055,9.140000343322754,8.3100004196167,8.670000076293945,1120056.0,6.031254291534424,0.07,,WHGR11,01-12-2022
8.59000015258789,8.819999694824219,8.260000228881836,8.609999656677246,1266430.0,6.035740375518799,0.09,,WHGR11,01-01-2023
8.510000228881836,8.739999771118164,8.359999656677246,8.680000305175781,1016781.0,6.1486382484436035,0.1,,WHGR11,01-02-2023
8.479999542236328,8.680000305175781,8.3100004196167,8.5,1641577.0,6.091884136199951,0.1,,WHGR11,01-03-2023
8.420000076293945,8.569999694824219,8.1899995803833,8.4399995803833,1617304.0,6.119383335113525,0.1,,WHGR11,01-04-2023
8.4399995803833,9.260000228881836,8.15999984741211,9.180000305175781,2209829.0,6.7351531982421875,0.1,,WHGR11,01-05-2023
9.140000343322754,9.300000190734863,8.989999771118164,9.229999542236328,1748534.0,6.853033542633057,0.1,,WHGR11,01-06-2023
9.119999885559082,9.630000114440918,9.119999885559082,9.4399995803833,1486786.0,7.086146354675293,0.11,,WHGR11,01-07-2023
9.449999809265137,9.90999984741211,9.430000305175781,9.729999542236328,1144615.0,7.391929626464844,0.11,,WHGR11,01-08-2023
9.630000114440918,9.989999771118164,9.489999771118164,9.739999771118164,1349963.0,7.486766338348389,0.1,,WHGR11,01-09-2023
9.75,9.850000381469727,9.529999732971191,9.65999984741211,960321.0,7.502379894256592,0.1,,WHGR11,01-10-2023
9.609999656677246,9.75,9.350000381469727,9.640000343322754,1289026.0,7.564511299133301,0.1,,WHGR11,01-11-2023
9.600000381469727,10.029999732971191,9.329999923706055,9.800000190734863,1447932.0,7.770503044128418,0.1,,WHGR11,01-12-2023
9.800000190734863,10.239999771118164,9.619999885559082,9.899999618530273,1985892.0,7.932075023651123,0.1,,WHGR11,01-01-2024
9.800000190734863,10.029999732971191,9.600000381469727,9.75,1279420.0,7.892427921295166,0.1,,WHGR11,01-02-2024
9.680000305175781,9.989999771118164,9.569999694824219,9.979999542236328,1269342.0,8.161042213439941,0.1,,WHGR11,01-03-2024
9.880000114440918,10.050000190734863,9.65999984741211,9.869999885559082,1109344.0,8.154727935791016,0.1,,WHGR11,01-04-2024
9.869999885559082,9.930000305175781,9.510000228881836,9.84000015258789,1204698.0,8.21222972869873,0.1,,WHGR11,01-05-2024
9.819999694824219,9.850000381469727,9.479999542236328,9.779999732971191,1162466.0,8.245697975158691,0.1,,WHGR11,01-06-2024
9.569999694824219,9.829999923706055,9.529999732971191,9.770000457763672,808583.0,8.321839332580566,0.1,,WHGR11,01-07-2024
9.779999732971191,9.84000015258789,9.420000076293945,9.770000457763672,1036383.0,8.407809257507324,0.095,,WHGR11,01-08-2024
9.699999809265137,9.699999809265137,9.229999542236328,9.470000267028809,790287.0,8.229658126831055,0.1,,WHGR11,01-09-2024
9.470000267028809,9.489999771118164,8.800000190734863,8.850000381469727,1101009.0,7.770397186279297,0.1,,WHGR11,01-10-2024
8.579999923706055,9.109999656677246,8.529999732971191,8.9399995803833,965307.0,7.933189392089844,0.1,,WHGR11,01-11-2024
8.8100004196167,8.899999618530273,7.849999904632568,8.65999984741211,626236.0,7.772548198699951,0.1,,WHGR11,01-12-2024
8.600000381469727,8.869999885559082,8.0,8.15999984741211,927856.0,7.406634330749512,0.1,,WHGR11,01-01-2025
8.0600004196167,8.770000457763672,7.5,8.59000015258789,693277.0,7.888020992279053,0.1,,WHGR11,01-02-2025
8.59000015258789,8.899999618530273,8.329999923706055,8.84000015258789,550790.0,8.218305587768555,0.1,,WHGR11,01-03-2025
8.8100004196167,8.890000343322754,8.300000190734863,8.680000305175781,567126.0,8.164606094360352,0.1,,WHGR11,01-04-2025
8.579999923706055,9.100000381469727,8.449999809265137,8.989999771118164,707179.0,8.55295181274414,0.1,,WHGR11,01-05-2025
8.930000305175781,9.100000381469727,8.729999542236328,8.869999885559082,922930.0,8.537139892578125,0.1,,WHGR11,01-06-2025
8.770000457763672,8.869999885559082,8.65999984741211,8.6899995803833,785975.0,8.457977294921875,0.035,,WHGR11,01-07-2025
8.739999771118164,8.779999732971191,8.529999732971191,8.75,488716.0,8.550460815429688,0.1,,WHGR11,01-08-2025
8.649999618530273,8.829999923706055,8.479999542236328,8.819999694824219,341666.0,8.719199180603027,0.1,,WHGR11,01-09-2025
0.0,0.0,0.0,8.819999694824219,0.0,8.819999694824219,0.0,,WHGR11,15-09-2025
10.187926292419434,10.306619644165039,9.851625442504883,10.089014053344727,819900.0,6.663785457611084,0.0,,MANA11,01-09-2022
10.128579139709473,10.489999771118164,9.510000228881836,10.270000457763672,618351.0,6.783328056335449,0.117915,,MANA11,01-10-2022
10.1899995803833,10.369999885559082,9.149999618530273,10.100000381469727,389203.0,6.749932289123535,0.119212,,MANA11,01-11-2022
10.279999732971191,10.279999732971191,9.399999618530273,10.09000015258789,529526.0,6.822441577911377,0.109277,,MANA11,01-12-2022
10.149999618530273,10.149999618530273,9.5,9.979999542236328,145020.0,6.821872711181641,0.109277,,MANA11,01-01-2023
10.399999618530273,10.399999618530273,9.489999771118164,10.050000190734863,375259.0,6.944938659667969,0.109277,,MANA11,01-02-2023
10.0,10.0,9.149999618530273,10.0,334723.0,6.9868903160095215,0.109277,,MANA11,01-03-2023
9.899999618530273,10.0,9.020000457763672,10.0,332922.0,7.063695907592773,0.109277,,MANA11,01-04-2023
10.0,10.010000228881836,9.199999809265137,10.010000228881836,582887.0,7.1488800048828125,0.109277,,MANA11,01-05-2023
10.0,10.199999809265137,9.300000190734863,9.960000038146973,475128.0,7.191761016845703,0.119212,,MANA11,01-06-2023
9.9399995803833,10.100000381469727,9.649999618530273,9.960000038146973,621342.0,7.278439044952393,0.119212,,MANA11,01-07-2023
9.84000015258789,10.050000190734863,9.25,10.050000190734863,502761.0,7.4331793785095215,0.109277,,MANA11,01-08-2023
9.890000343322754,9.899999618530273,9.300000190734863,9.899999618530273,410984.0,7.403461933135986,0.109277,,MANA11,01-09-2023
9.739999771118164,9.8100004196167,9.329999923706055,9.8100004196167,312907.0,7.416805267333984,0.099343,,MANA11,01-10-2023
9.699999809265137,9.699999809265137,9.300000190734863,9.670000076293945,442757.0,7.385063171386719,0.099343,,MANA11,01-11-2023
9.449999809265137,9.779999732971191,9.199999809265137,9.489999771118164,482954.0,7.321741580963135,0.099343,,MANA11,01-12-2023
9.489999771118164,9.5,9.260000228881836,9.479999542236328,659773.0,7.389945030212402,0.109277,,MANA11,01-01-2024
9.34000015258789,9.789999961853027,9.199999809265137,9.550000190734863,632451.0,7.5312371253967285,0.099343,,MANA11,01-02-2024
9.489999771118164,9.699999809265137,9.239999771118164,9.479999542236328,1009082.0,7.55520486831665,0.099343,,MANA11,01-03-2024
9.430000305175781,9.6899995803833,9.300000190734863,9.460000038146973,1394714.0,7.618515491485596,0.109277,,MANA11,01-04-2024
9.350000381469727,9.960000038146973,9.3100004196167,9.949999809265137,1028096.0,8.10657787322998,0.109277,,MANA11,01-05-2024
9.705825805664062,10.0600004196167,9.685957908630371,9.930000305175781,1792418.0,8.184831619262695,0.109277,,MANA11,01-06-2024
9.890000343322754,9.960000038146973,9.390000343322754,9.800000190734863,919918.0,8.167378425598145,0.1,,MANA11,01-07-2024
9.6899995803833,9.6899995803833,9.239999771118164,9.279999732971191,2426970.0,7.812683582305908,0.1,,MANA11,01-08-2024
9.239999771118164,9.239999771118164,8.729999542236328,8.949999809265137,2791803.0,7.612541198730469,0.1,,MANA11,01-09-2024
8.729999542236328,9.100000381469727,8.279999732971191,8.550000190734863,3190530.0,7.351535320281982,0.1,,MANA11,01-10-2024
8.520000457763672,8.59000015258789,8.239999771118164,8.4399995803833,3706408.0,7.338953971862793,0.1,,MANA11,01-11-2024
8.380000114440918,8.420000076293945,7.039999961853027,7.849999904632568,4468364.0,6.906703472137451,0.11,,MANA11,01-12-2024
7.590000152587891,8.1899995803833,7.380000114440918,7.900000095367432,3076812.0,7.04248046875,0.11,,MANA11,01-01-2025
7.800000190734863,8.34000015258789,7.420000076293945,8.270000457763672,2849276.0,7.477093696594238,0.1,,MANA11,01-02-2025
8.270000457763672,8.609999656677246,8.100000381469727,8.460000038146973,2300028.0,7.7469377517700195,0.1,,MANA11,01-03-2025
8.4399995803833,8.869999885559082,8.119999885559082,8.850000381469727,2750220.0,8.20326042175293,0.11,,MANA11,01-04-2025
8.770000457763672,8.930000305175781,8.649999618530273,8.880000114440918,2784248.0,8.33950138092041,0.11,,MANA11,01-05-2025
8.8100004196167,8.930000305175781,8.199999809265137,8.890000343322754,3214978.0,8.453969955444336,0.11,,MANA11,01-06-2025
8.760000228881836,8.979999542236328,8.609999656677246,8.760000228881836,3005323.0,8.434830665588379,0.11,,MANA11,01-07-2025
8.640000343322754,8.729999542236328,8.5,8.6899995803833,2680853.0,8.472260475158691,0.11,,MANA11,01-08-2025
8.579999923706055,8.8100004196167,8.510000228881836,8.8100004196167,1357363.0,8.698481559753418,0.11,,MANA11,01-09-2025
0.0,0.0,0.0,8.8100004196167,0.0,8.8100004196167,0.0,,MANA11,15-09-2025
124.45999908447266,127.4000015258789,124.01000213623047,126.41999816894531,2105.0,82.80500793457031,0.0,,HTMX11,01-12-2020
101.69000244140625,104.69000244140625,98.01000213623047,102.0,50272.0,66.80992889404297,0.0,,HTMX11,01-06-2021
101.0199966430664,116.08000183105469,100.0,109.0999984741211,42714.0,71.4604263305664,0.0,,HTMX11,01-07-2021
109.0999984741211,109.9800033569336,99.51000213623047,100.0999984741211,42447.0,65.5654525756836,0.0,,HTMX11,01-08-2021
100.11000061035156,102.2699966430664,94.0,101.51000213623047,40802.0,66.4889907836914,0.0,,HTMX11,01-09-2021
101.51000213623047,106.9000015258789,96.38999938964844,96.38999938964844,36084.0,63.13538360595703,0.0,,HTMX11,01-10-2021
96.8499984741211,100.0,84.58999633789062,84.5999984741211,36945.0,55.41295623779297,0.0,,HTMX11,01-11-2021
84.5999984741211,92.19999694824219,84.20999908447266,88.37999725341797,25022.0,57.888832092285156,0.0,,HTMX11,01-12-2021
88.37999725341797,90.5,83.08000183105469,84.83000183105469,27515.0,55.56356430053711,0.0,,HTMX11,01-01-2022
83.2300033569336,84.5,78.0,78.55999755859375,22361.0,51.45676040649414,0.0,,HTMX11,01-02-2022
78.55999755859375,80.01000213623047,73.0,78.01000213623047,34968.0,51.09649658203125,0.0,,HTMX11,01-03-2022
78.01000213623047,84.75,76.97000122070312,81.0199966430664,22586.0,53.06804656982422,0.0,,HTMX11,01-04-2022
81.23999786376953,83.76000213623047,76.51000213623047,77.79000091552734,30631.0,50.95241165161133,0.0,,HTMX11,01-05-2022
77.29000091552734,90.19000244140625,77.05999755859375,86.38999938964844,49363.0,56.585391998291016,0.0,,HTMX11,01-06-2022
86.97000122070312,98.0,85.0,93.80000305175781,45946.0,61.43890380859375,0.0,,HTMX11,01-07-2022
93.56999969482422,117.5,93.37000274658203,113.5999984741211,77937.0,74.40791320800781,0.0,,HTMX11,01-08-2022
113.5999984741211,119.98999786376953,113.5999984741211,116.69000244140625,40801.0,76.43190002441406,0.864501,,HTMX11,01-09-2022
115.77999877929688,122.3499984741211,112.87999725341797,117.11000061035156,128631.0,77.29519653320312,0.90172,,HTMX11,01-10-2022
117.0,118.98999786376953,100.66999816894531,106.80000305175781,43896.0,71.03932189941406,0.906856,,HTMX11,01-11-2022
106.9800033569336,115.0,106.9800033569336,111.55000305175781,44278.0,74.77790069580078,1.271606,,HTMX11,01-12-2022
111.58000183105469,115.0,104.55000305175781,113.5999984741211,54696.0,77.06971740722656,1.263511,,HTMX11,01-01-2023
112.86000061035156,113.73999786376953,105.06999969482422,105.98999786376953,50677.0,72.73068237304688,0.739078,,HTMX11,01-02-2023
104.0,114.0,97.91999816894531,101.48999786376953,42553.0,70.09883117675781,0.626698,,HTMX11,01-03-2023
99.02999877929688,108.0,96.87999725341797,105.0,41277.0,72.95453643798828,0.632442,,HTMX11,01-04-2023
105.0,118.0,101.58000183105469,114.75,58543.0,80.22885131835938,1.896027,,HTMX11,01-05-2023
114.58999633789062,130.97000122070312,109.0,128.14999389648438,99679.0,91.24526977539062,1.738132,,HTMX11,01-06-2023
128.99000549316406,133.89999389648438,117.0,133.85000610351562,106187.0,96.76957702636719,1.884932,,HTMX11,01-07-2023
131.8000030517578,149.0,128.5,137.8699951171875,113240.0,101.16388702392578,1.872321,,HTMX11,01-08-2023
138.00999450683594,151.5,135.0500030517578,144.10000610351562,93301.0,107.23526763916016,2.018526,,HTMX11,01-09-2023
146.75999450683594,161.94000244140625,137.77000427246094,159.0,116090.0,120.0815200805664,0.0,,HTMX11,01-10-2023
159.8800048828125,179.5,148.2100067138672,177.0,154420.0,133.67568969726562,3.7,,HTMX11,01-11-2023
175.75,199.0,172.3800048828125,198.0,182840.0,153.09812927246094,3.7,,HTMX11,01-12-2023
194.74000549316406,194.74000549316406,141.02000427246094,169.5800018310547,337323.0,133.92266845703125,3.254262,,HTMX11,01-01-2024
145.0,176.99000549316406,140.02999877929688,154.36000061035156,239606.0,123.93997955322266,0.862561,,HTMX11,01-02-2024
154.36000061035156,180.0,154.36000061035156,179.5,165390.0,144.8624267578125,2.6,,HTMX11,01-03-2024
176.0,179.0,170.10000610351562,176.88999938964844,114912.0,145.20184326171875,1.661711,,HTMX11,01-04-2024
176.89999389648438,189.2899932861328,169.0500030517578,187.64999389648438,103259.0,155.47354125976562,2.186519,,HTMX11,01-05-2024
183.7899932861328,186.99000549316406,175.0500030517578,186.1699981689453,98642.0,156.17784118652344,1.975859,,HTMX11,01-06-2024
180.89999389648438,184.52999877929688,176.61000061035156,179.6300048828125,92123.0,152.2949981689453,1.411007,,HTMX11,01-07-2024
177.99000549316406,191.10000610351562,176.00999450683594,190.82000732421875,92077.0,163.01773071289062,2.3,,HTMX11,01-08-2024
187.0,209.0,185.10000610351562,206.89999389648438,89220.0,179.04745483398438,2.132836,,HTMX11,01-09-2024
203.5,204.10000610351562,180.0,188.67999267578125,134739.0,165.12582397460938,2.15,,HTMX11,01-10-2024
188.25999450683594,189.99000549316406,152.77000427246094,155.4600067138672,271169.0,137.48155212402344,2.365658,,HTMX11,01-11-2024
154.44000244140625,159.2100067138672,150.66000366210938,158.83999633789062,191368.0,142.2542266845703,3.415538,,HTMX11,01-12-2024
157.82000732421875,178.8800048828125,155.00999450683594,158.0,198461.0,144.6806640625,3.93725,,HTMX11,01-01-2025
157.49000549316406,157.49000549316406,148.02999877929688,150.6199951171875,189649.0,141.42843627929688,1.2302,,HTMX11,01-02-2025
148.6999969482422,148.6999969482422,142.0,143.36000061035156,157808.0,135.66781616210938,0.9817,,HTMX11,01-03-2025
142.99000549316406,144.5,137.58999633789062,142.4499969482422,114239.0,135.6910400390625,0.798211,,HTMX11,01-04-2025
140.99000549316406,143.2899932861328,135.0,140.0,133727.0,134.10394287109375,0.8,,HTMX11,01-05-2025
141.60000610351562,147.0,140.60000610351562,145.3000030517578,78781.0,139.966796875,1.54,,HTMX11,01-06-2025
145.16000366210938,146.1699981689453,141.41000366210938,145.47000122070312,71302.0,141.6891326904297,1.5,,HTMX11,01-07-2025
141.02000427246094,143.6999969482422,139.0,139.8699951171875,75358.0,137.65576171875,1.22,,HTMX11,01-08-2025
138.9499969482422,139.0,136.5,138.39999389648438,48631.0,137.36102294921875,1.05,,HTMX11,01-09-2025
0.0,0.0,0.0,138.39999389648438,0.0,138.39999389648438,0.0,,HTMX11,15-09-2025
10.0,10.00100040435791,9.657999992370605,9.895999908447266,492420.0,6.680001735687256,0.055502,0.0,SPXS11,01-09-2022
9.895999908447266,9.944999694824219,9.399999618530273,9.574999809265137,394950.0,6.499506950378418,0.032486,0.0,SPXS11,01-10-2022
9.699999809265137,9.699999809265137,8.699999809265137,9.324999809265137,557790.0,6.35085916519165,0.083,0.0,SPXS11,01-11-2022
9.850000381469727,9.984000205993652,8.850000381469727,9.199000358581543,408000.0,6.321463108062744,0.0549,0.0,SPXS11,01-12-2022
9.449999809265137,9.79800033569336,7.860000133514404,8.314000129699707,470350.0,5.7464423179626465,0.0614,0.0,SPXS11,01-01-2023
8.5,8.600000381469727,7.71999979019165,7.961999893188477,296410.0,5.540835857391357,0.09,0.0,SPXS11,01-02-2023
8.199000358581543,8.366999626159668,7.813000202178955,7.900000095367432,680060.0,5.557971000671387,0.091,0.0,SPXS11,01-03-2023
7.900000095367432,8.300000190734863,7.504000186920166,8.196999549865723,579570.0,5.833502769470215,0.1,0.0,SPXS11,01-04-2023
8.196999549865723,9.149999618530273,7.949999809265137,9.0,811240.0,6.488367557525635,0.105,0.0,SPXS11,01-05-2023
9.0,9.5,8.932000160217285,9.423999786376953,988510.0,6.883058071136475,0.115,0.0,SPXS11,01-06-2023
9.423999786376953,9.706000328063965,9.300999641418457,9.699999809265137,1412750.0,7.171460151672363,0.12,0.0,SPXS11,01-07-2023
9.625,10.0,9.449999809265137,9.944999694824219,987090.0,7.446660041809082,0.122,0.0,SPXS11,01-08-2023
9.942000389099121,10.298999786376953,9.402000427246094,9.49899959564209,1554100.0,7.2032999992370605,0.123,0.0,SPXS11,01-09-2023
9.470000267028809,9.880000114440918,9.130000114440918,9.420000076293945,1185002.0,7.23031759262085,0.117,10.0,SPXS11,01-10-2023
9.420000076293945,9.600000381469727,8.779999732971191,9.149999618530273,1603600.0,7.107982158660889,0.09,0.0,SPXS11,01-11-2023
9.149999618530273,9.5,8.729999542236328,9.5,1436284.0,7.451291084289551,0.09,0.0,SPXS11,01-12-2023
9.5,9.59000015258789,9.210000038146973,9.300000190734863,1081779.0,7.368602752685547,0.091,0.0,SPXS11,01-01-2024
9.300000190734863,9.850000381469727,9.210000038146973,9.6899995803833,878673.0,7.752738952636719,0.093,0.0,SPXS11,01-02-2024
9.6899995803833,9.920000076293945,9.359999656677246,9.470000267028809,1299947.0,7.651710033416748,0.094,0.0,SPXS11,01-03-2024
9.489999771118164,9.65999984741211,9.270000457763672,9.65999984741211,1879603.0,7.882984638214111,0.095,0.0,SPXS11,01-04-2024
9.65999984741211,9.850000381469727,9.449999809265137,9.850000381469727,4081989.0,8.119747161865234,0.096,0.0,SPXS11,01-05-2024
9.6899995803833,9.899999618530273,9.300000190734863,9.3100004196167,2579140.0,7.752205848693848,0.097,0.0,SPXS11,01-06-2024
9.40999984741211,9.550000190734863,9.210000038146973,9.270000457763672,1837784.0,7.795745849609375,0.098,0.0,SPXS11,01-07-2024
9.279999732971191,9.40999984741211,9.210000038146973,9.40999984741211,1290393.0,7.99631929397583,0.099,0.0,SPXS11,01-08-2024
9.430000305175781,9.430000305175781,9.069999694824219,9.350000381469727,1115093.0,8.030638694763184,0.1,0.0,SPXS11,01-09-2024
9.34000015258789,9.479999542236328,8.850000381469727,9.350000381469727,1373829.0,8.117833137512207,0.101,0.0,SPXS11,01-10-2024
9.359999656677246,9.390000343322754,8.529999732971191,9.0,1049509.0,7.9009785652160645,0.1,0.0,SPXS11,01-11-2024
9.050000190734863,9.069999694824219,7.019999980926514,8.6899995803833,1164226.0,7.713315963745117,0.1,0.0,SPXS11,01-12-2024
8.699999809265137,8.800000190734863,7.570000171661377,7.869999885559082,668625.0,7.068637371063232,0.1,0.0,SPXS11,01-01-2025
7.869999885559082,8.470000267028809,7.449999809265137,8.1899995803833,656587.0,7.445434093475342,0.1,0.0,SPXS11,01-02-2025
8.1899995803833,8.729999542236328,8.180000305175781,8.4399995803833,2441112.0,7.773265361785889,0.091,0.0,SPXS11,01-03-2025
8.470000267028809,9.149999618530273,8.119999885559082,8.800000190734863,830080.0,8.19359016418457,0.095,0.0,SPXS11,01-04-2025
8.890000343322754,9.050000190734863,8.510000228881836,8.829999923706055,664905.0,8.315229415893555,0.1,0.0,SPXS11,01-05-2025
8.829999923706055,8.880000114440918,8.390000343322754,8.600000381469727,1090755.0,8.192264556884766,0.101,0.0,SPXS11,01-06-2025
8.600000381469727,8.729999542236328,8.34000015258789,8.34000015258789,947387.0,8.0379056930542,0.102,0.0,SPXS11,01-07-2025
8.420000076293945,8.600000381469727,8.199999809265137,8.5,1147622.0,8.290437698364258,0.104,0.0,SPXS11,01-08-2025
8.550000190734863,8.579999923706055,8.40999984741211,8.5600004196167,326696.0,8.453876495361328,0.106,0.0,SPXS11,01-09-2025
0.0,0.0,0.0,8.5600004196167,0.0,8.5600004196167,0.0,0.0,SPXS11,15-09-2025
9.260764122009277,9.270071029663086,9.260764122009277,9.270071029663086,10.0,7.087591648101807,0.078485,0.0,CCME11,01-02-2023
9.270071029663086,9.270071029663086,9.268209457397461,9.268209457397461,74.0,7.146738052368164,0.078485,0.0,CCME11,01-03-2023
9.268209457397461,9.400373458862305,8.920116424560547,9.400373458862305,214.0,7.310553550720215,0.078485,0.0,CCME11,01-04-2023
9.400373458862305,10.144956588745117,9.400373458862305,10.144956588745117,10.0,7.956992149353027,0.083102,0.0,CCME11,01-05-2023
10.144956588745117,12.104144096374512,8.377500534057617,11.739297866821289,696.0,9.289604187011719,0.0,0.0,CCME11,01-06-2023
11.915205955505371,11.915205955505371,10.170000076293945,10.17199993133545,371.0,8.049360275268555,0.100961,0.0,CCME11,01-07-2023
10.17199993133545,11.857000350952148,10.17199993133545,10.88599967956543,18360.0,8.689112663269043,0.089287,0.0,CCME11,01-08-2023
10.928999900817871,11.850000381469727,10.699999809265137,10.850000381469727,14640.0,8.731243133544922,0.089287,0.0,CCME11,01-09-2023
10.75,10.850000381469727,10.649999618530273,10.76200008392334,26840.0,8.731771469116211,0.089287,0.0,CCME11,01-10-2023
10.782999992370605,12.0,10.600000381469727,10.819000244140625,25460.0,8.850855827331543,0.089287,0.0,CCME11,01-11-2023
10.819999694824219,10.819999694824219,10.720000267028809,10.800000190734863,4580.0,8.909406661987305,0.089287,0.0,CCME11,01-12-2023
10.800000190734863,10.821999549865723,10.262999534606934,10.819999694824219,2680.0,9.00024127960205,0.089287,0.0,CCME11,01-01-2024
10.720999717712402,10.90999984741211,10.720999717712402,10.880000114440918,25474.0,9.125603675842285,0.089287,10.0,CCME11,01-02-2024
10.880000114440918,11.09000015258789,10.779999732971191,11.09000015258789,64882.0,9.37882137298584,0.089287,0.0,CCME11,01-03-2024
11.09000015258789,11.699999809265137,10.989999771118164,11.699999809265137,56189.0,9.975968360900879,0.089287,0.0,CCME11,01-04-2024
11.460000038146973,12.399999618530273,11.350000381469727,12.399999618530273,59382.0,10.659106254577637,0.09,0.0,CCME11,01-05-2024
12.430000305175781,12.75,11.649999618530273,11.949999809265137,81097.0,10.35402774810791,0.08,0.0,CCME11,01-06-2024
11.960000038146973,12.5,10.100000381469727,10.130000114440918,1389241.0,8.834136962890625,0.08,0.0,CCME11,01-07-2024
10.279999732971191,10.819999694824219,9.8100004196167,10.270000457763672,1316817.0,9.017624855041504,0.08,0.0,CCME11,01-08-2024
10.149999618530273,10.270000457763672,9.3100004196167,9.630000114440918,1730695.0,8.520586967468262,0.08,0.0,CCME11,01-09-2024
9.6899995803833,9.6899995803833,8.90999984741211,9.220000267028809,2024072.0,8.22374439239502,0.08,0.0,CCME11,01-10-2024
9.390000343322754,9.770000457763672,8.329999923706055,8.569999694824219,1313329.0,7.71260929107666,0.08,0.0,CCME11,01-11-2024
8.739999771118164,9.0600004196167,6.980000019073486,8.859999656677246,1563110.0,8.043007850646973,0.08,0.0,CCME11,01-12-2024
8.949999809265137,9.050000190734863,7.150000095367432,7.349999904632568,971087.0,6.738308429718018,0.08,0.0,CCME11,01-01-2025
7.46999979019165,8.510000228881836,7.269999980926514,7.929999828338623,666724.0,7.3381428718566895,0.08,0.0,CCME11,01-02-2025
7.929999828338623,8.989999771118164,7.929999828338623,8.90999984741211,645828.0,8.332135200500488,0.08,0.0,CCME11,01-03-2025
8.90999984741211,9.09000015258789,8.399999618530273,9.010000228881836,303254.0,8.508864402770996,0.084,0.0,CCME11,01-04-2025
9.109999656677246,9.449999809265137,8.84000015258789,8.970000267028809,327988.0,8.554060935974121,0.084,0.0,CCME11,01-05-2025
8.970000267028809,9.020000457763672,8.539999961853027,8.920000076293945,696305.0,8.585368156433105,0.084,0.0,CCME11,01-06-2025
8.960000038146973,9.289999961853027,8.529999732971191,8.699999809265137,693570.0,8.453953742980957,0.086,0.0,CCME11,01-07-2025
8.699999809265137,9.140000343322754,8.59000015258789,8.789999961853027,428665.0,8.6233549118042,0.084,0.0,CCME11,01-08-2025
8.880000114440918,9.020000457763672,8.630000114440918,8.850000381469727,304563.0,8.766471862792969,0.084,0.0,CCME11,01-09-2025
0.0,8.850000381469727,8.850000381469727,8.850000381469727,0.0,8.850000381469727,0.0,0.0,CCME11,15-09-2025
58.77000045776367,73.19999694824219,56.16999816894531,68.69999694824219,643435.0,52.103477478027344,0.571037,,BROF11,01-05-2023
68.69999694824219,70.98999786376953,67.7300033569336,70.0,688022.0,53.591941833496094,0.61,,BROF11,01-06-2023
70.0,70.5999984741211,68.9000015258789,69.75,342048.0,53.86863708496094,0.719512,,BROF11,01-07-2023
69.5,70.38999938964844,65.51000213623047,66.33000183105469,301078.0,51.76314926147461,0.53,,BROF11,01-08-2023
66.30000305175781,68.8499984741211,65.61000061035156,67.69999694824219,298136.0,53.23820877075195,0.54,,BROF11,01-09-2023
67.5,68.0,61.119998931884766,62.79999923706055,251445.0,49.780235290527344,0.54,,BROF11,01-10-2023
63.90999984741211,64.76000213623047,59.79999923706055,63.9900016784668,500811.0,51.14885711669922,0.55,,BROF11,01-11-2023
63.5,63.91999816894531,56.439998626708984,61.470001220703125,809364.0,49.57575988769531,0.56,,BROF11,01-12-2023
61.470001220703125,61.84000015258789,54.869998931884766,57.040000915527344,340000.0,46.45657730102539,0.57,,BROF11,01-01-2024
57.20000076293945,62.5,56.5,61.79999923706055,333988.0,50.84054946899414,0.54,,BROF11,01-02-2024
61.790000915527344,61.790000915527344,57.11000061035156,58.0,232634.0,48.159358978271484,0.54,,BROF11,01-03-2024
58.0,62.0099983215332,54.93000030517578,55.529998779296875,551168.0,46.53882598876953,0.54,,BROF11,01-04-2024
55.959999084472656,58.0,52.97999954223633,57.54999923706055,246673.0,48.66889953613281,0.54,,BROF11,01-05-2024
57.54999923706055,57.83000183105469,51.11000061035156,52.349998474121094,278553.0,44.69502258300781,0.54,,BROF11,01-06-2024
52.79999923706055,52.79999923706055,49.0,49.810001373291016,251609.0,42.94200134277344,0.434688,,BROF11,01-07-2024
49.779998779296875,49.779998779296875,46.4900016784668,47.5,212798.0,41.305641174316406,0.42,,BROF11,01-08-2024
46.619998931884766,48.900001525878906,46.099998474121094,47.5,212180.0,41.671871185302734,0.43,,BROF11,01-09-2024
47.79999923706055,48.369998931884766,45.0099983215332,48.369998931884766,227446.0,42.82025146484375,0.44,,BROF11,01-10-2024
48.34000015258789,48.54999923706055,45.849998474121094,47.0,187391.0,42.00733947753906,0.46,,BROF11,01-11-2024
46.34000015258789,47.0,40.22999954223633,43.77000045776367,219577.0,39.503082275390625,0.5,,BROF11,01-12-2024
43.720001220703125,48.97999954223633,42.61000061035156,47.349998474121094,173753.0,43.25257110595703,0.57,,BROF11,01-01-2025
47.349998474121094,49.9900016784668,45.560001373291016,46.619998931884766,117244.0,43.105194091796875,0.57,,BROF11,01-02-2025
46.619998931884766,49.75,46.13999938964844,48.119998931884766,146293.0,45.00568771362305,0.57,,BROF11,01-03-2025
48.599998474121094,51.90999984741211,46.4900016784668,50.5,209251.0,47.79927444458008,0.59,,BROF11,01-04-2025
51.0,53.5,48.2400016784668,51.90999984741211,367918.0,49.73994445800781,0.6,,BROF11,01-05-2025
51.91999816894531,53.08000183105469,49.7599983215332,51.97999954223633,148044.0,50.399959564208984,0.6,,BROF11,01-06-2025
52.349998474121094,54.900001525878906,51.119998931884766,52.4900016784668,158590.0,51.48591232299805,0.62,,BROF11,01-07-2025
52.54999923706055,56.279998779296875,51.2599983215332,53.72999954223633,175033.0,53.323394775390625,0.42,,BROF11,01-08-2025
53.72999954223633,54.470001220703125,51.91999816894531,53.189998626708984,103682.0,53.189998626708984,0.0,,BROF11,01-09-2025
0.0,53.189998626708984,53.189998626708984,53.189998626708984,0.0,53.189998626708984,0.0,,BROF11,15-09-2025
101.9000015258789,103.19000244140625,100.5,102.20999908447266,155387.0,87.67145538330078,0.0,,KNUQ11,01-11-2023
102.0,102.97000122070312,100.51000213623047,102.80000305175781,92226.0,88.17755889892578,0.0,,KNUQ11,01-12-2023
102.80000305175781,106.08999633789062,102.30000305175781,104.66999816894531,129707.0,89.78155517578125,1.121286,,KNUQ11,01-01-2024
103.62999725341797,105.94000244140625,102.69000244140625,104.58000183105469,157046.0,90.69359588623047,0.0,,KNUQ11,01-02-2024
103.93000030517578,104.72000122070312,101.02999877929688,103.77999877929688,178414.0,89.99982452392578,0.0,,KNUQ11,01-03-2024
102.5999984741211,106.79000091552734,101.9000015258789,104.0999984741211,246650.0,90.27733612060547,1.121286,,KNUQ11,01-04-2024
104.0999984741211,107.29000091552734,103.0,105.68000030517578,333895.0,92.6485595703125,1.133791,,KNUQ11,01-05-2024
104.05000305175781,106.55999755859375,102.5999984741211,105.41999816894531,409693.0,93.43828582763672,1.064778,,KNUQ11,01-06-2024
103.9800033569336,106.1500015258789,103.0,104.80000305175781,489957.0,93.83418273925781,0.0,,KNUQ11,01-07-2024
104.18000030517578,106.19000244140625,102.41999816894531,106.12999725341797,426251.0,95.02500915527344,1.054919,,KNUQ11,01-08-2024
106.0,107.6500015258789,104.69999694824219,106.3499984741211,600896.0,96.19025421142578,0.0,,KNUQ11,01-09-2024
105.47000122070312,106.58999633789062,102.72000122070312,103.44999694824219,776644.0,93.56729125976562,0.0,,KNUQ11,01-10-2024
103.01000213623047,104.37000274658203,102.11000061035156,103.56999969482422,699472.0,93.67582702636719,0.0,,KNUQ11,01-11-2024
102.47000122070312,105.9000015258789,93.0199966430664,104.18000030517578,1238456.0,94.22755432128906,0.0,,KNUQ11,01-12-2024
103.04000091552734,104.4800033569336,95.05000305175781,99.08999633789062,900203.0,89.62380981445312,1.084496,,KNUQ11,01-01-2025
97.5,104.0,96.86000061035156,102.5,1038573.0,93.68328094482422,1.232382,,KNUQ11,01-02-2025
102.5,105.44999694824219,100.58999633789062,105.05000305175781,567667.0,97.22309112548828,0.0,,KNUQ11,01-03-2025
104.30000305175781,104.94999694824219,101.58000183105469,103.44999694824219,534141.0,95.74230194091797,1.163369,,KNUQ11,01-04-2025
102.86000061035156,104.87999725341797,101.5,104.68000030517578,539024.0,97.965576171875,1.281677,,KNUQ11,01-05-2025
103.58000183105469,104.97000122070312,102.80999755859375,104.7699966430664,414621.0,99.27981567382812,1.330972,,KNUQ11,01-06-2025
104.38999938964844,105.8499984741211,102.82994842529297,104.8499984741211,487833.0,100.63516235351562,1.380268,,KNUQ11,01-07-2025
104.1500015258789,106.20999908447266,103.11000061035156,105.51000213623047,829199.0,102.62059020996094,1.5,,KNUQ11,01-08-2025
104.36000061035156,105.66999816894531,103.56999969482422,104.69999694824219,405587.0,103.31074523925781,1.4,,KNUQ11,01-09-2025
0.0,0.0,0.0,104.69999694824219,0.0,104.69999694824219,0.0,,KNUQ11,15-09-2025
11.774999618530273,11.899999618530273,11.121999740600586,11.539999961853027,28610.0,9.107316970825195,0.11,0.0,CPSH11,01-08-2023
11.550000190734863,12.0,10.812000274658203,11.0,1316110.0,8.764184951782227,0.11,0.0,CPSH11,01-09-2023
11.097999572753906,11.104000091552734,10.70300006866455,10.83899974822998,4459520.0,8.715811729431152,0.074,0.0,CPSH11,01-10-2023
10.730999946594238,10.899999618530273,10.510000228881836,10.718999862670898,5148920.0,8.677958488464355,0.1,0.0,CPSH11,01-11-2023
10.699999809265137,11.04800033569336,10.5600004196167,11.038000106811523,5722720.0,9.01937484741211,0.1,0.0,CPSH11,01-12-2023
11.038000106811523,11.116000175476074,10.920999526977539,10.96399974822998,5206230.0,9.041861534118652,0.11,0.0,CPSH11,01-01-2024
10.920999526977539,11.0,10.800000190734863,10.807999610900879,1084550.0,9.002684593200684,0.1,0.0,CPSH11,01-02-2024
10.807999610900879,10.918000221252441,10.767000198364258,10.800000190734863,5069690.0,9.078947067260742,0.1,0.0,CPSH11,01-03-2024
10.89900016784668,10.946000099182129,10.470000267028809,10.720000267028809,11374694.0,9.095684051513672,0.1,10.0,CPSH11,01-04-2024
10.6899995803833,10.829999923706055,10.199999809265137,10.430000305175781,1719617.0,8.932331085205078,0.095,0.0,CPSH11,01-05-2024
10.4399995803833,10.899999618530273,10.15999984741211,10.699999809265137,3484592.0,9.247956275939941,0.095,0.0,CPSH11,01-06-2024
10.710000038146973,11.199999809265137,10.229999542236328,10.960000038146973,8247507.0,9.561203956604004,0.095,0.0,CPSH11,01-07-2024
11.050000190734863,11.050000190734863,10.449999809265137,10.600000381469727,3113288.0,9.326757431030273,0.1,0.0,CPSH11,01-08-2024
10.699999809265137,10.699999809265137,10.149999618530273,10.300000190734863,2194554.0,9.148940086364746,0.1,0.0,CPSH11,01-09-2024
10.359999656677246,10.359999656677246,9.609999656677246,9.899999618530273,3429017.0,8.878276824951172,0.1,0.0,CPSH11,01-10-2024
9.899999618530273,10.069999694824219,9.100000381469727,9.199999809265137,7184275.0,8.335577964782715,0.0,0.0,CPSH11,01-11-2024
9.229999542236328,9.449999809265137,8.300000190734863,8.989999771118164,7312571.0,8.145307540893555,0.11,0.0,CPSH11,01-12-2024
9.079999923706055,9.550000190734863,8.550000190734863,8.779999732971191,3153254.0,8.054591178894043,0.1,0.0,CPSH11,01-01-2025
8.890000343322754,9.25,8.510000228881836,8.550000190734863,4777871.0,7.931527614593506,0.1,0.0,CPSH11,01-02-2025
8.550000190734863,9.3100004196167,8.520000457763672,8.989999771118164,9916714.0,8.433931350708008,0.1,0.0,CPSH11,01-03-2025
9.039999961853027,9.710000038146973,8.899999618530273,9.529999732971191,4305400.0,9.040426254272461,0.1,0.0,CPSH11,01-04-2025
9.5600004196167,9.920000076293945,9.199999809265137,9.699999809265137,6523502.0,9.304850578308105,0.1,0.0,CPSH11,01-05-2025
9.800000190734863,9.930000305175781,9.460000038146973,9.6899995803833,5963328.0,9.392692565917969,0.1,0.0,CPSH11,01-06-2025
9.6899995803833,9.90999984741211,9.319999694824219,9.380000114440918,7689573.0,9.187211990356445,0.1,0.0,CPSH11,01-07-2025
9.460000038146973,9.6899995803833,9.300000190734863,9.600000381469727,2790491.0,9.498734474182129,0.1,0.0,CPSH11,01-08-2025
9.579999923706055,10.0600004196167,9.550000190734863,9.970000267028809,4143470.0,9.970000267028809,0.0,0.0,CPSH11,01-09-2025
0.0,9.970000267028809,9.970000267028809,9.970000267028809,0.0,9.970000267028809,0.0,0.0,CPSH11,15-09-2025
103.66000366210938,108.0,102.45999908447266,105.8499984741211,206521.0,83.3724365234375,1.0,,KNHF11,01-09-2023
104.02999877929688,107.43000030517578,102.19999694824219,102.5,183105.0,81.51866912841797,0.0,,KNHF11,01-10-2023
102.0,103.25,100.5,102.69000244140625,284598.0,81.6697769165039,1.05,,KNHF11,01-11-2023
101.69999694824219,107.5,101.5,106.4800033569336,235387.0,85.56047058105469,1.05,,KNHF11,01-12-2023
105.47000122070312,105.80000305175781,103.0,105.80000305175781,238408.0,85.8923110961914,1.0,,KNHF11,01-01-2024
104.87999725341797,104.87999725341797,102.2300033569336,103.58000183105469,311703.0,84.88723754882812,0.85,,KNHF11,01-02-2024
103.11000061035156,107.4800033569336,100.11000061035156,102.8499984741211,402982.0,84.97164154052734,0.86,,KNHF11,01-03-2024
103.0,106.0,99.9000015258789,100.73999786376953,432803.0,83.92523193359375,0.9,,KNHF11,01-04-2024
100.23999786376953,100.66000366210938,97.97000122070312,98.19999694824219,687493.0,82.53138732910156,0.9,,KNHF11,01-05-2024
97.5,98.19000244140625,93.97000122070312,98.18000030517578,982868.0,83.2583999633789,0.9,,KNHF11,01-06-2024
96.11000061035156,98.98999786376953,93.6500015258789,96.83000183105469,740369.0,82.87310791015625,0.9,,KNHF11,01-07-2024
96.5,99.29000091552734,93.87999725341797,98.33999633789062,614965.0,84.94414520263672,0.9,,KNHF11,01-08-2024
97.63999938964844,97.6500015258789,94.0,94.4000015258789,787681.0,82.30583953857422,0.9,,KNHF11,01-09-2024
93.4000015258789,94.91999816894531,86.61000061035156,89.30000305175781,1377940.0,78.57838439941406,0.9,,KNHF11,01-10-2024
88.33999633789062,90.95999908447266,84.7699966430664,85.19999694824219,1003410.0,75.6922607421875,0.9,,KNHF11,01-11-2024
84.13999938964844,86.93000030517578,76.0199966430664,83.72000122070312,1384903.0,75.13465881347656,0.9,,KNHF11,01-12-2024
81.11000061035156,84.5,76.01000213623047,77.13999938964844,1089096.0,69.96855163574219,0.9,,KNHF11,01-01-2025
76.23999786376953,86.4800033569336,73.69000244140625,85.30999755859375,1184317.0,78.21986389160156,0.9,,KNHF11,01-02-2025
84.27999877929688,90.48999786376953,80.80000305175781,88.80999755859375,1291655.0,82.3902359008789,0.9,,KNHF11,01-03-2025
88.94999694824219,92.33999633789062,86.01000213623047,90.79000091552734,803754.0,85.12517547607422,0.9,,KNHF11,01-04-2025
90.13999938964844,93.16000366210938,89.69999694824219,91.25,662874.0,86.43236541748047,0.95,,KNHF11,01-05-2025
90.54000091552734,94.5,88.5199966430664,93.9800033569336,671217.0,89.95954895019531,1.0,,KNHF11,01-06-2025
93.4800033569336,93.94999694824219,90.37000274658203,91.19999694824219,994474.0,88.26576232910156,1.0,,KNHF11,01-07-2025
90.88999938964844,91.75,87.94000244140625,91.58000183105469,832462.0,89.58679962158203,1.0,,KNHF11,01-08-2025
91.48999786376953,93.38999938964844,88.81999969482422,93.38999938964844,424770.0,92.3702392578125,1.0,,KNHF11,01-09-2025
0.0,0.0,0.0,93.38999938964844,0.0,93.38999938964844,0.0,,KNHF11,15-09-2025
103.80000305175781,104.5,92.0,99.0,93215.0,76.5449447631836,1.069,,CLIN11,01-11-2023
98.30000305175781,100.0,93.0999984741211,100.0,96662.0,78.15357971191406,1.1,,CLIN11,01-12-2023
96.70999908447266,100.0,92.0,95.0,184463.0,75.08012390136719,1.01,,CLIN11,01-01-2024
94.48999786376953,97.5,91.01000213623047,97.22000122070312,389620.0,77.65142059326172,1.01,,CLIN11,01-02-2024
97.88999938964844,97.9000015258789,95.0,97.44999694824219,268288.0,78.6860122680664,1.0,,CLIN11,01-03-2024
97.4000015258789,98.86000061035156,95.26000213623047,97.75,259760.0,79.75299835205078,1.02,,CLIN11,01-04-2024
97.75,99.0999984741211,95.5,97.95999908447266,304231.0,80.76268768310547,1.0,,CLIN11,01-05-2024
97.95999908447266,97.97000122070312,93.16999816894531,95.56999969482422,288715.0,79.61080932617188,0.95,,CLIN11,01-06-2024
95.9000015258789,97.97000122070312,94.54000091552734,95.94000244140625,418843.0,80.71112060546875,1.0,,CLIN11,01-07-2024
95.98999786376953,97.01000213623047,93.16000366210938,97.01000213623047,289783.0,82.4623794555664,0.98,,CLIN11,01-08-2024
97.08000183105469,97.08000183105469,92.19999694824219,95.0,259754.0,81.5977554321289,0.95,,CLIN11,01-09-2024
94.05999755859375,95.0,88.33999633789062,93.48999786376953,477858.0,81.09724426269531,0.95,,CLIN11,01-10-2024
93.1500015258789,95.20999908447266,88.0,88.2300033569336,382863.0,77.32164764404297,0.95,,CLIN11,01-11-2024
88.44999694824219,89.13999938964844,72.0999984741211,81.05000305175781,328602.0,71.75640869140625,1.0,,CLIN11,01-12-2024
80.16000366210938,87.5,75.33999633789062,76.69999694824219,237621.0,68.72224426269531,1.0,,CLIN11,01-01-2025
76.69999694824219,86.44000244140625,74.73999786376953,84.36000061035156,214030.0,76.50559997558594,1.0,,CLIN11,01-02-2025
84.0,89.62000274658203,81.02999877929688,88.76000213623047,187452.0,81.5509262084961,1.01,,CLIN11,01-03-2025
88.9000015258789,90.4800033569336,83.83999633789062,88.97000122070312,164057.0,82.72474670410156,1.1,,CLIN11,01-04-2025
89.13999938964844,92.81999969482422,85.0199966430664,91.5999984741211,343662.0,86.27389526367188,1.15,,CLIN11,01-05-2025
91.5999984741211,93.25,88.55999755859375,92.98999786376953,223307.0,88.70781707763672,1.15,,CLIN11,01-06-2025
92.80999755859375,93.1500015258789,87.51000213623047,89.12000274658203,259677.0,86.0980224609375,1.1,,CLIN11,01-07-2025
89.23999786376953,89.8499984741211,87.55000305175781,89.04000091552734,177260.0,87.0553207397461,1.0,,CLIN11,01-08-2025
89.44000244140625,89.58000183105469,87.5999984741211,88.12999725341797,94278.0,87.13966369628906,1.0,,CLIN11,01-09-2025
0.0,88.12999725341797,88.12999725341797,88.12999725341797,0.0,88.12999725341797,0.0,,CLIN11,15-09-2025
8.279999732971191,8.536665916442871,8.25333309173584,8.399999618530273,1275953.0,2.2875723838806152,1.55,0.0,SNEL11,01-01-2024
8.407332420349121,9.533332824707031,8.399999618530273,9.333333015441895,860891.0,3.1142683029174805,1.55,0.0,SNEL11,01-02-2024
9.333333015441895,9.990666389465332,9.201333045959473,9.34000015258789,945580.0,3.7708041667938232,1.55,0.0,SNEL11,01-03-2024
9.399999618530273,9.59666633605957,8.326665878295898,8.687332153320312,1563128.0,4.171622276306152,1.55,0.0,SNEL11,01-04-2024
8.687332153320312,8.993332862854004,8.633333206176758,8.800000190734863,1351119.0,5.090432167053223,1.55,0.0,SNEL11,01-05-2024
8.799331665039062,10.25,8.633333206176758,9.170000076293945,1161898.0,6.428184986114502,1.55,15.0,SNEL11,01-06-2024
9.1899995803833,9.569999694824219,9.020000457763672,9.40999984741211,1248222.0,7.936457633972168,0.1,0.0,SNEL11,01-07-2024
9.4399995803833,9.4399995803833,9.140000343322754,9.170000076293945,1207657.0,7.81640625,0.1,0.0,SNEL11,01-08-2024
9.170000076293945,9.420000076293945,9.0600004196167,9.149999618530273,1782066.0,7.883859157562256,0.1,0.0,SNEL11,01-09-2024
9.149999618530273,9.649999618530273,8.670000076293945,8.84000015258789,2607020.0,7.700917720794678,0.1,0.0,SNEL11,01-10-2024
8.84000015258789,9.0600004196167,8.520000457763672,8.680000305175781,1894591.0,7.644537448883057,0.1,0.0,SNEL11,01-11-2024
8.779999732971191,8.949999809265137,8.199999809265137,8.630000114440918,1396564.0,7.68599796295166,0.1,0.0,SNEL11,01-12-2024
8.720000267028809,8.979999542236328,8.399999618530273,8.630000114440918,870792.0,7.774039268493652,0.1,0.0,SNEL11,01-01-2025
8.630000114440918,8.899999618530273,8.569999694824219,8.710000038146973,985429.0,7.936287879943848,0.1,0.0,SNEL11,01-02-2025
8.710000038146973,8.899999618530273,8.600000381469727,8.680000305175781,1193999.0,7.999861240386963,0.1,0.0,SNEL11,01-03-2025
8.699999809265137,8.75,8.520000457763672,8.680000305175781,1325405.0,8.09139347076416,0.1,0.0,SNEL11,01-04-2025
8.710000038146973,8.720000267028809,8.399999618530273,8.579999923706055,2591605.0,8.09117603302002,0.1,0.0,SNEL11,01-05-2025
8.600000381469727,8.600000381469727,8.449999809265137,8.470000267028809,2797503.0,8.081636428833008,0.1,0.0,SNEL11,01-06-2025
8.489999771118164,8.609999656677246,8.289999961853027,8.420000076293945,3022985.0,8.128556251525879,0.1,0.0,SNEL11,01-07-2025
8.399999618530273,8.609999656677246,8.329999923706055,8.609999656677246,2864813.0,8.409882545471191,0.1,0.0,SNEL11,01-08-2025
8.65999984741211,8.670000076293945,8.449999809265137,8.609999656677246,2657988.0,8.510000228881836,0.0,0.0,SNEL11,01-09-2025
0.0,0.0,0.0,8.609999656677246,0.0,8.510000228881836,0.1,0.0,SNEL11,15-09-2025
71.69999694824219,76.9800033569336,65.13999938964844,65.5199966430664,243297.0,50.26752471923828,0.78,,GZIT11,01-03-2024
66.19999694824219,69.87999725341797,64.5,65.80000305175781,186703.0,51.085994720458984,0.78,,GZIT11,01-04-2024
65.79000091552734,66.01000213623047,60.84000015258789,61.150001525878906,238763.0,48.042476654052734,0.78,,GZIT11,01-05-2024
61.04999923706055,61.86000061035156,56.060001373291016,57.20000076293945,320612.0,45.49794006347656,0.78,,GZIT11,01-06-2024
57.400001525878906,57.45000076293945,55.0,55.83000183105469,474969.0,45.00143814086914,0.78,,GZIT11,01-07-2024
56.18000030517578,59.38999938964844,55.20000076293945,56.70000076293945,298428.0,46.348148345947266,0.78,,GZIT11,01-08-2024
57.060001373291016,58.4900016784668,53.869998931884766,54.38999938964844,220498.0,45.07672882080078,0.78,,GZIT11,01-09-2024
54.209999084472656,54.959999084472656,45.81999969482422,48.310001373291016,781720.0,40.602134704589844,0.78,,GZIT11,01-10-2024
47.7400016784668,48.310001373291016,44.0,45.5,178221.0,38.86474609375,0.0,,GZIT11,01-11-2024
44.150001525878906,45.380001068115234,38.33000183105469,43.470001220703125,248050.0,37.130775451660156,0.78,,GZIT11,01-12-2024
44.70000076293945,46.70000076293945,37.439998626708984,38.0,211613.0,33.10398864746094,0.78,,GZIT11,01-01-2025
38.279998779296875,46.900001525878906,38.2400016784668,42.970001220703125,439579.0,38.17811584472656,0.78,,GZIT11,01-02-2025
42.970001220703125,50.2400016784668,42.63999938964844,48.5,309655.0,43.878211975097656,0.78,,GZIT11,01-03-2025
48.5,49.97999954223633,47.68000030517578,48.0099983215332,203584.0,44.147403717041016,0.78,,GZIT11,01-04-2025
48.4900016784668,48.970001220703125,45.45000076293945,47.400001525878906,212342.0,44.284725189208984,0.78,,GZIT11,01-05-2025
47.459999084472656,48.880001068115234,45.5,46.0,215346.0,43.67920684814453,0.78,,GZIT11,01-06-2025
46.0,47.13999938964844,44.470001220703125,44.5099983215332,240048.0,42.97547149658203,0.78,,GZIT11,01-07-2025
44.5099983215332,45.099998474121094,42.20000076293945,43.25,242245.0,42.48225021362305,0.78,,GZIT11,01-08-2025
43.2400016784668,44.95000076293945,42.79999923706055,44.79999923706055,117440.0,44.79999923706055,0.0,,GZIT11,01-09-2025
0.0,0.0,0.0,44.79999923706055,0.0,44.79999923706055,0.0,,GZIT11,15-09-2025
10.399999618530273,10.800000190734863,10.0,10.789999961853027,4901.0,8.575859069824219,0.02887,,VRTM11,01-12-2023
10.789999961853027,11.0,9.899999618530273,10.779999732971191,9234.0,8.591530799865723,0.08661,,VRTM11,01-01-2024
10.720000267028809,14.5,9.539999961853027,11.0,10292.0,8.837808609008789,0.076987,,VRTM11,01-02-2024
10.920000076293945,11.0,9.510000228881836,10.970000267028809,4896.0,8.877104759216309,0.076987,,VRTM11,01-03-2024
10.75,11.399999618530273,9.550000190734863,10.550000190734863,4025.0,8.597406387329102,0.076987,,VRTM11,01-04-2024
10.350000381469727,10.770000457763672,8.757221221923828,10.289999961853027,3279.0,8.444790840148926,0.096233,,VRTM11,01-05-2024
10.1899995803833,12.0,9.880000114440918,12.0,3953.0,9.938811302185059,0.1,,VRTM11,01-06-2024
10.699999809265137,11.529999732971191,10.109999656677246,11.029999732971191,54066.0,9.22507381439209,0.1,,VRTM11,01-07-2024
10.930000305175781,16.5,8.550000190734863,8.800000190734863,780764.0,7.421835899353027,0.1,,VRTM11,01-08-2024
8.800000190734863,8.800000190734863,8.100000381469727,8.380000114440918,2116644.0,7.132274627685547,0.09,,VRTM11,01-09-2024
8.210000038146973,8.279999732971191,7.300000190734863,7.639999866485596,1591788.0,6.569644451141357,0.08,,VRTM11,01-10-2024
7.619999885559082,7.619999885559082,7.050000190734863,7.300000190734863,1261687.0,6.337782859802246,0.085,,VRTM11,01-11-2024
7.289999961853027,7.300000190734863,6.110000133514404,6.849999904632568,1016578.0,6.0140061378479,0.09,,VRTM11,01-12-2024
6.800000190734863,7.389999866485596,6.079999923706055,6.389999866485596,851023.0,5.680175304412842,0.09,,VRTM11,01-01-2025
6.349999904632568,6.690000057220459,6.159999847412109,6.650000095367432,794890.0,5.989995002746582,0.09,,VRTM11,01-02-2025
6.650000095367432,7.099999904632568,6.329999923706055,7.050000190734863,1107687.0,6.441014289855957,0.09,,VRTM11,01-03-2025
6.949999809265137,7.269999980926514,6.619999885559082,7.199999809265137,1326713.0,6.668304920196533,0.09,,VRTM11,01-04-2025
7.130000114440918,7.28000020980835,6.989999771118164,7.159999847412109,1215191.0,6.717007160186768,0.09,,VRTM11,01-05-2025
7.019999980926514,7.269999980926514,6.989999771118164,7.099999904632568,1267864.0,6.74503231048584,0.09,,VRTM11,01-06-2025
7.03000020980835,7.119999885559082,6.920000076293945,7.039999961853027,1572565.0,6.77316951751709,0.09,,VRTM11,01-07-2025
6.929999828338623,7.090000152587891,6.730000019073486,6.960000038146973,952522.0,6.7821736335754395,0.09,,VRTM11,01-08-2025
6.869999885559082,6.869999885559082,6.699999809265137,6.78000020980835,551168.0,6.692327499389648,0.09,,VRTM11,01-09-2025
0.0,0.0,0.0,6.78000020980835,0.0,6.78000020980835,0.0,,VRTM11,15-09-2025
9.34000015258789,9.789999961853027,9.260000228881836,9.680000305175781,1306472.0,8.030219078063965,0.07,,AJFI11,01-12-2023
9.680000305175781,9.789999961853027,9.449999809265137,9.529999732971191,3382513.0,7.963130950927734,0.07,,AJFI11,01-01-2024
9.5,10.119999885559082,9.25,9.649999618530273,3771083.0,8.122258186340332,0.082,,AJFI11,01-02-2024
9.630000114440918,9.979999542236328,9.609999656677246,9.899999618530273,1296445.0,8.402275085449219,0.08,,AJFI11,01-03-2024
9.890000343322754,9.890000343322754,8.960000038146973,9.260000228881836,2707067.0,7.923583030700684,0.0715,,AJFI11,01-04-2024
9.260000228881836,9.390000343322754,9.0600004196167,9.149999618530273,1676109.0,7.887417793273926,0.07,,AJFI11,01-05-2024
9.149999618530273,9.149999618530273,8.09000015258789,8.149999618530273,2342934.0,7.07862663269043,0.06,,AJFI11,01-06-2024
8.149999618530273,8.8100004196167,8.0,8.550000190734863,1417717.0,7.476334095001221,0.06,,AJFI11,01-07-2024
8.550000190734863,8.6899995803833,8.140000343322754,8.350000381469727,1412980.0,7.355136394500732,0.06811,,AJFI11,01-08-2024
8.300000190734863,8.390000343322754,7.630000114440918,7.639999866485596,3246887.0,6.784413814544678,0.06827,,AJFI11,01-09-2024
7.71999979019165,7.880000114440918,7.119999885559082,7.340000152587891,2026551.0,6.572731971740723,0.07,,AJFI11,01-10-2024
7.340000152587891,7.599999904632568,7.099999904632568,7.300000190734863,1430572.0,6.598006725311279,0.07,,AJFI11,01-11-2024
7.380000114440918,7.71999979019165,6.789999961853027,7.550000190734863,2393405.0,6.888690948486328,0.07,,AJFI11,01-12-2024
7.550000190734863,7.599999904632568,6.599999904632568,6.78000020980835,1284182.0,6.245946884155273,0.07,,AJFI11,01-01-2025
6.800000190734863,6.989999771118164,6.619999885559082,6.809999942779541,766393.0,6.3360514640808105,0.07,,AJFI11,01-02-2025
6.809999942779541,7.579999923706055,6.730000019073486,7.260000228881836,6408054.0,6.8244733810424805,0.07,,AJFI11,01-03-2025
7.320000171661377,7.570000171661377,7.179999828338623,7.420000076293945,2148447.0,7.045839309692383,0.07,,AJFI11,01-04-2025
7.420000076293945,7.5,7.289999961853027,7.440000057220459,760009.0,7.133516788482666,0.07,,AJFI11,01-05-2025
7.440000057220459,7.5,7.099999904632568,7.349999904632568,1028820.0,7.114523410797119,0.06,,AJFI11,01-06-2025
7.340000152587891,7.380000114440918,7.03000020980835,7.199999809265137,1951267.0,7.026454925537109,0.06,,AJFI11,01-07-2025
7.199999809265137,7.599999904632568,7.179999828338623,7.599999904632568,952030.0,7.478448867797852,0.06,,AJFI11,01-08-2025
7.630000114440918,8.020000457763672,7.550000190734863,7.869999885559082,248086.0,7.808754920959473,0.06,,AJFI11,01-09-2025
0.0,0.0,0.0,7.869999885559082,0.0,7.869999885559082,0.0,,AJFI11,15-09-2025
9.5600004196167,9.779999732971191,8.949999809265137,9.430000305175781,245947.0,7.604926109313965,0.1,,PMIS11,01-03-2024
9.329999923706055,9.59000015258789,8.84000015258789,9.25,427624.0,7.53779411315918,0.1,,PMIS11,01-04-2024
9.270000457763672,9.850000381469727,8.960000038146973,9.359999656677246,805702.0,7.709183216094971,0.1,,PMIS11,01-05-2024
9.25,9.399999618530273,8.9399995803833,9.270000457763672,718729.0,7.718500137329102,0.1,,PMIS11,01-06-2024
9.180000305175781,10.149999618530273,8.899999618530273,10.149999618530273,983602.0,8.54248046875,0.1,,PMIS11,01-07-2024
9.399999618530273,9.819999694824219,8.819999694824219,9.359999656677246,551455.0,7.963505268096924,0.1,,PMIS11,01-08-2024
9.4399995803833,9.449999809265137,9.050000190734863,9.399999618530273,730640.0,8.077113151550293,0.1,,PMIS11,01-09-2024
9.5,9.5600004196167,8.75,9.199999809265137,933548.0,7.990631580352783,0.1,,PMIS11,01-10-2024
9.010000228881836,9.130000114440918,7.96999979019165,8.390000343322754,552317.0,7.36546516418457,0.1,,PMIS11,01-11-2024
8.289999961853027,8.4399995803833,6.610000133514404,7.900000095367432,958937.0,7.01151180267334,0.1,,PMIS11,01-12-2024
7.800000190734863,7.809999942779541,6.699999809265137,7.119999885559082,856464.0,6.395463943481445,0.09,,PMIS11,01-01-2025
6.949999809265137,7.960000038146973,6.579999923706055,7.760000228881836,1007862.0,7.050660610198975,0.09,,PMIS11,01-02-2025
7.760000228881836,8.029999732971191,7.179999828338623,7.889999866485596,918403.0,7.26055383682251,0.09,,PMIS11,01-03-2025
7.900000095367432,8.0,7.570000171661377,7.820000171661377,782200.0,7.280578136444092,0.09,,PMIS11,01-04-2025
7.730000019073486,8.239999771118164,7.570000171661377,8.199999809265137,576864.0,7.722453594207764,0.09,,PMIS11,01-05-2025
8.0600004196167,8.289999961853027,7.900000095367432,8.140000343322754,886046.0,7.755202770233154,0.09,,PMIS11,01-06-2025
8.010000228881836,8.25,7.869999885559082,7.929999828338623,912422.0,7.638972282409668,0.11,,PMIS11,01-07-2025
7.920000076293945,7.96999979019165,7.510000228881836,7.639999866485596,775975.0,7.460432052612305,0.092,,PMIS11,01-08-2025
7.550000190734863,7.869999885559082,7.440000057220459,7.809999942779541,282025.0,7.7159528732299805,0.092,,PMIS11,01-09-2025
0.0,0.0,0.0,7.809999942779541,0.0,7.809999942779541,0.0,,PMIS11,15-09-2025
108.0,112.0,105.5999984741211,109.98999786376953,314053.0,82.87041473388672,0.69,,KORE11,01-01-2024
111.05000305175781,112.48999786376953,106.01000213623047,110.5999984741211,364444.0,83.86581420898438,1.25,,KORE11,01-02-2024
109.19999694824219,112.9800033569336,108.19999694824219,110.30000305175781,311106.0,84.59978485107422,1.25,,KORE11,01-03-2024
109.05000305175781,110.5,107.0999984741211,109.44999694824219,252259.0,84.90745544433594,1.25,,KORE11,01-04-2024
108.51000213623047,109.37999725341797,106.0199966430664,107.87000274658203,201643.0,84.64097595214844,1.25,,KORE11,01-05-2024
107.83999633789062,107.83999633789062,103.05000305175781,105.01000213623047,321676.0,83.34876251220703,1.25,,KORE11,01-06-2024
104.80000305175781,106.7300033569336,100.0,104.16999816894531,476724.0,83.65137481689453,1.25,,KORE11,01-07-2024
103.5,105.45999908447266,101.11000061035156,105.44999694824219,358845.0,85.69939422607422,1.25,,KORE11,01-08-2024
103.69999694824219,105.19999694824219,99.5,99.97000122070312,385670.0,82.23255920410156,1.25,,KORE11,01-09-2024
99.94000244140625,99.95999908447266,89.5,91.0999984741211,754203.0,75.83528900146484,1.25,,KORE11,01-10-2024
90.94999694824219,90.94999694824219,76.3499984741211,82.98999786376953,900020.0,69.95893859863281,1.25,,KORE11,01-11-2024
82.80000305175781,83.6500015258789,73.52999877929688,83.5,821543.0,71.36811828613281,1.25,,KORE11,01-12-2024
82.25,82.25,72.0,74.9000015258789,597410.0,64.99659729003906,1.25,,KORE11,01-01-2025
73.6500015258789,79.26000213623047,70.77999877929688,77.44000244140625,709633.0,68.2220687866211,1.25,,KORE11,01-02-2025
76.08999633789062,85.4000015258789,75.45999908447266,85.0999984741211,477262.0,76.24266052246094,1.25,,KORE11,01-03-2025
84.0,86.63999938964844,81.55999755859375,86.19999694824219,480734.0,78.49519348144531,1.25,,KORE11,01-04-2025
84.9000015258789,90.20999908447266,81.51000213623047,90.0999984741211,465743.0,83.26973724365234,1.25,,KORE11,01-05-2025
88.83999633789062,88.83999633789062,80.1500015258789,83.4000015258789,511936.0,78.21180725097656,1.25,,KORE11,01-06-2025
82.0,82.0,70.2699966430664,73.12000274658203,832969.0,69.53601837158203,1.25,,KORE11,01-07-2025
72.5,72.5,68.0,70.41000366210938,854575.0,67.97769927978516,1.25,,KORE11,01-08-2025
68.87999725341797,70.19000244140625,65.70999908447266,69.94999694824219,477029.0,68.70816040039062,1.25,,KORE11,01-09-2025
0.0,0.0,0.0,69.94999694824219,0.0,69.94999694824219,0.0,,KORE11,15-09-2025
95.87999725341797,97.7300033569336,93.45999908447266,96.97000122070312,104146.0,78.3746109008789,0.63,,ICRI11,01-03-2024
97.19999694824219,99.30999755859375,96.0999984741211,98.56999969482422,83690.0,80.19126892089844,0.92,,ICRI11,01-04-2024
97.66999816894531,99.11000061035156,96.83000183105469,98.18000030517578,80421.0,80.6390380859375,0.99,,ICRI11,01-05-2024
96.9800033569336,99.52999877929688,95.8499984741211,97.62999725341797,134610.0,81.00083923339844,0.86,,ICRI11,01-06-2024
96.75,97.73999786376953,95.75,97.22000122070312,160681.0,81.37346649169922,0.86,,ICRI11,01-07-2024
96.7300033569336,99.72000122070312,95.91000366210938,98.37999725341797,165064.0,83.0761947631836,1.0,,ICRI11,01-08-2024
97.0199966430664,97.66000366210938,94.0,96.48999786376953,184274.0,82.32701110839844,0.97,,ICRI11,01-09-2024
95.30000305175781,97.0,90.37999725341797,96.44999694824219,371214.0,83.11234283447266,0.93,,ICRI11,01-10-2024
94.56999969482422,96.9000015258789,93.55999755859375,95.1500015258789,228802.0,82.79008483886719,1.45,,ICRI11,01-11-2024
93.91000366210938,94.91000366210938,77.25,86.88999938964844,373806.0,76.75700378417969,1.45,,ICRI11,01-12-2024
84.80000305175781,89.94000244140625,79.12000274658203,81.79000091552734,329344.0,73.3698501586914,1.45,,ICRI11,01-01-2025
81.0,92.0,76.0999984741211,88.72000122070312,323801.0,80.93707275390625,1.01,,ICRI11,01-02-2025
88.72000122070312,95.87999725341797,85.75,94.0,274897.0,86.82606506347656,1.0,,ICRI11,01-03-2025
92.8499984741211,96.45999908447266,92.0,95.6500015258789,247455.0,89.35731506347656,1.15,,ICRI11,01-04-2025
95.66999816894531,101.95999908447266,92.62999725341797,99.37000274658203,164647.0,93.98238372802734,1.1,,ICRI11,01-05-2025
98.19999694824219,98.19999694824219,91.19999694824219,96.86000061035156,149785.0,92.67424011230469,1.05,,ICRI11,01-06-2025
95.76000213623047,95.76000213623047,92.25,93.91000366210938,116686.0,90.81128692626953,1.1,,ICRI11,01-07-2025
93.91000366210938,94.86000061035156,90.5999984741211,92.2699966430664,171173.0,90.25033569335938,1.1,,ICRI11,01-08-2025
90.5,92.44000244140625,89.9000015258789,91.25,77743.0,90.31050109863281,0.95,,ICRI11,01-09-2025
0.0,0.0,0.0,91.25,0.0,91.25,0.0,,ICRI11,15-09-2025
9.850000381469727,9.949999809265137,9.050000190734863,9.800000190734863,586252.0,7.403642654418945,0.15,,VGRI11,01-05-2024
9.59000015258789,10.0,8.920000076293945,9.800000190734863,1599036.0,7.518250942230225,0.15,,VGRI11,01-06-2024
9.649999618530273,9.779999732971191,8.949999809265137,9.289999961853027,1187294.0,7.2377753257751465,0.15,,VGRI11,01-07-2024
9.359999656677246,9.449999809265137,8.819999694824219,9.0600004196167,947030.0,7.168304920196533,0.15,,VGRI11,01-08-2024
9.149999618530273,9.569999694824219,8.8100004196167,9.010000228881836,1425050.0,7.245736598968506,0.15,,VGRI11,01-09-2024
8.869999885559082,9.239999771118164,8.600000381469727,8.739999771118164,1052625.0,7.1469316482543945,0.15,,VGRI11,01-10-2024
8.739999771118164,8.739999771118164,7.900000095367432,8.199999809265137,1279288.0,6.818881034851074,0.15,,VGRI11,01-11-2024
8.119999885559082,8.119999885559082,7.0,7.599999904632568,936900.0,6.4302978515625,0.15,,VGRI11,01-12-2024
7.679999828338623,7.730000019073486,6.940000057220459,7.239999771118164,1542089.0,6.239847660064697,0.15,,VGRI11,01-01-2025
7.239999771118164,7.239999771118164,6.800000190734863,7.050000190734863,1708573.0,6.198432922363281,0.15,,VGRI11,01-02-2025
7.050000190734863,8.229999542236328,6.900000095367432,8.149999618530273,1639759.0,7.317161560058594,0.15,,VGRI11,01-03-2025
8.029999732971191,8.140000343322754,7.239999771118164,8.039999961853027,1539077.0,7.3753252029418945,0.12,,VGRI11,01-04-2025
7.949999809265137,8.199999809265137,7.5,8.199999809265137,1494148.0,7.634507656097412,0.12,,VGRI11,01-05-2025
8.149999618530273,8.680000305175781,7.889999866485596,8.529999732971191,1302205.0,8.062079429626465,0.12,,VGRI11,01-06-2025
8.5,8.779999732971191,8.0600004196167,8.770000457763672,1117672.0,8.412017822265625,0.12,,VGRI11,01-07-2025
8.470000267028809,9.0,8.329999923706055,8.800000190734863,962562.0,8.56123161315918,0.12,,VGRI11,01-08-2025
8.770000457763672,8.779999732971191,8.510000228881836,8.6899995803833,558667.0,8.571499824523926,0.12,,VGRI11,01-09-2025
0.0,0.0,0.0,8.6899995803833,0.0,8.6899995803833,0.0,,VGRI11,15-09-2025
101.5999984741211,101.5999984741211,91.1500015258789,94.86000061035156,153249.0,80.56432342529297,0.54,,ITRI11,01-05-2024
93.22000122070312,95.29000091552734,88.16000366210938,92.0,515476.0,78.54997253417969,0.7,,ITRI11,01-06-2024
91.19999694824219,97.98999786376953,89.1500015258789,94.45999908447266,418363.0,81.24990844726562,0.81,,ITRI11,01-07-2024
94.95999908447266,95.27999877929688,91.3499984741211,92.2300033569336,245512.0,80.03643798828125,0.85,,ITRI11,01-08-2024
91.3499984741211,92.0,82.8499984741211,87.04000091552734,425950.0,76.21845245361328,0.88,,ITRI11,01-09-2024
87.0,88.16000366210938,78.70999908447266,83.0999984741211,635370.0,73.46931457519531,0.9,,ITRI11,01-10-2024
81.66999816894531,82.93000030517578,78.80000305175781,79.95999908447266,456217.0,71.43180847167969,0.85,,ITRI11,01-11-2024
79.0,79.16000366210938,66.05999755859375,72.1500015258789,687792.0,65.12091827392578,0.8,,ITRI11,01-12-2024
71.1500015258789,71.41000366210938,64.5999984741211,68.0,492905.0,61.9954719543457,0.7,,ITRI11,01-01-2025
66.69999694824219,73.37999725341797,64.5,72.0999984741211,500524.0,66.37743377685547,0.75,,ITRI11,01-02-2025
71.0,77.5,69.5,76.69000244140625,350504.0,71.39053344726562,0.72,,ITRI11,01-03-2025
79.55999755859375,82.55000305175781,72.13999938964844,81.4000015258789,231495.0,76.53939056396484,0.75,,ITRI11,01-04-2025
80.16999816894531,83.88999938964844,77.80999755859375,82.9000015258789,186405.0,78.71966552734375,0.8,,ITRI11,01-05-2025
81.3499984741211,82.94999694824219,77.98999786376953,81.44000244140625,215879.0,78.10086059570312,0.82,,ITRI11,01-06-2025
82.05999755859375,82.44000244140625,78.05000305175781,79.5,217947.0,77.00205993652344,0.87,,ITRI11,01-07-2025
79.31999969482422,79.33999633789062,74.98999786376953,76.22000122070312,207577.0,74.62228393554688,0.82,,ITRI11,01-08-2025
75.5999984741211,77.80000305175781,74.61000061035156,77.77999877929688,136116.0,76.9432144165039,0.82,,ITRI11,01-09-2025
0.0,0.0,0.0,77.77999877929688,0.0,77.77999877929688,0.0,,ITRI11,15-09-2025
9.350000381469727,9.869999885559082,9.25,9.3100004196167,1341587.0,7.864776134490967,0.08,,BBIG11,01-06-2024
9.300000190734863,9.520000457763672,9.0,9.319999694824219,1460005.0,7.937893390655518,0.08,,BBIG11,01-07-2024
9.34000015258789,9.520000457763672,9.199999809265137,9.40999984741211,1235965.0,8.084012985229492,0.08,,BBIG11,01-08-2024
9.350000381469727,9.460000038146973,8.989999771118164,9.390000343322754,2118445.0,8.136672973632812,0.08,,BBIG11,01-09-2024
9.3100004196167,9.6899995803833,9.100000381469727,9.1899995803833,2444477.0,8.031648635864258,0.08,,BBIG11,01-10-2024
9.1899995803833,9.1899995803833,6.800000190734863,7.119999885559082,3897631.0,6.276031970977783,0.085,,BBIG11,01-11-2024
7.019999980926514,8.479999542236328,6.550000190734863,8.350000381469727,4806506.0,7.428946495056152,0.09,,BBIG11,01-12-2024
8.390000343322754,8.789999961853027,6.75,6.900000095367432,3211389.0,6.21748161315918,0.099,,BBIG11,01-01-2025
6.900000095367432,6.96999979019165,6.130000114440918,6.769999980926514,4204850.0,6.173534870147705,0.085,,BBIG11,01-02-2025
6.760000228881836,7.150000095367432,6.449999809265137,7.019999980926514,2635748.0,6.481351852416992,0.08,,BBIG11,01-03-2025
7.0,7.21999979019165,6.599999904632568,7.110000133514404,2226138.0,6.642945289611816,0.08,,BBIG11,01-04-2025
7.130000114440918,7.449999809265137,6.949999809265137,7.400000095367432,3244958.0,6.993594169616699,0.083,,BBIG11,01-05-2025
7.300000190734863,7.449999809265137,7.0,7.389999866485596,2376584.0,7.066636562347412,0.08,,BBIG11,01-06-2025
7.199999809265137,7.289999961853027,6.96999979019165,7.019999980926514,3241546.0,6.786190986633301,0.08,,BBIG11,01-07-2025
6.860000133514404,7.059999942779541,6.809999942779541,6.980000019073486,2872241.0,6.8213677406311035,0.08,,BBIG11,01-08-2025
6.940000057220459,7.0,6.809999942779541,6.980000019073486,1517040.0,6.900000095367432,0.08,,BBIG11,01-09-2025
0.0,0.0,0.0,6.980000019073486,0.0,6.980000019073486,0.0,,BBIG11,15-09-2025
8.020000457763672,8.65999984741211,6.800000190734863,7.449999809265137,2054720.0,6.455587863922119,0.075,,AZPL11,01-10-2024
7.590000152587891,7.880000114440918,6.869999885559082,7.059999942779541,1493612.0,6.174890518188477,0.082,,AZPL11,01-11-2024
6.929999828338623,7.539999961853027,6.380000114440918,6.699999809265137,1904200.0,5.9252400398254395,0.082,,AZPL11,01-12-2024
6.769999980926514,6.900000095367432,6.320000171661377,6.340000152587891,1651068.0,5.672757148742676,0.09,,AZPL11,01-01-2025
6.329999923706055,6.639999866485596,6.25,6.360000133514404,1318379.0,5.768135070800781,0.09,,AZPL11,01-02-2025
6.360000133514404,7.449999809265137,6.21999979019165,7.289999961853027,2315062.0,6.706795692443848,0.09,,AZPL11,01-03-2025
7.050000190734863,7.889999866485596,7.03000020980835,7.340000152587891,1926027.0,6.849725723266602,0.09,,AZPL11,01-04-2025
7.25,7.449999809265137,7.150000095367432,7.320000171661377,2238652.0,6.916450023651123,0.09,,AZPL11,01-05-2025
7.300000190734863,7.559999942779541,7.199999809265137,7.449999809265137,1346945.0,7.126666069030762,0.09,,AZPL11,01-06-2025
7.360000133514404,7.690000057220459,7.25,7.550000190734863,1436091.0,7.312231540679932,0.09,,AZPL11,01-07-2025
7.420000076293945,7.75,7.420000076293945,7.650000095367432,2646866.0,7.4996819496154785,0.08,,AZPL11,01-08-2025
7.579999923706055,7.809999942779541,7.519999980926514,7.650000095367432,784424.0,7.579999923706055,0.07,,AZPL11,01-09-2025
0.0,0.0,0.0,7.650000095367432,0.0,7.650000095367432,0.0,,AZPL11,15-09-2025
9.725000381469727,9.800000190734863,8.598999977111816,9.199999809265137,348050.0,8.034235954284668,0.083,0.0,JSCR11,01-09-2024
9.199999809265137,9.699999809265137,8.34000015258789,9.0,703270.0,7.926525592803955,0.085,0.0,JSCR11,01-10-2024
9.449999809265137,9.449999809265137,7.579999923706055,8.0,931450.0,7.111504077911377,0.092,0.0,JSCR11,01-11-2024
8.538999557495117,9.49899959564209,7.611999988555908,8.390000343322754,2084920.0,7.53521728515625,0.1,0.0,JSCR11,01-12-2024
8.390000343322754,8.390000343322754,6.849999904632568,7.159999847412109,2185026.0,6.511930465698242,0.1,10.0,JSCR11,01-01-2025
7.139999866485596,7.679999828338623,6.610000133514404,7.510000228881836,1901902.0,6.912642478942871,0.009,0.0,JSCR11,01-02-2025
7.510000228881836,8.819999694824219,7.170000076293945,8.34000015258789,1666919.0,7.68628454208374,0.095,0.0,JSCR11,01-03-2025
8.329999923706055,8.539999961853027,8.039999961853027,8.289999961853027,982158.0,7.738088607788086,0.095,0.0,JSCR11,01-04-2025
8.34000015258789,8.819999694824219,7.989999771118164,8.520000457763672,954281.0,8.044408798217773,0.095,0.0,JSCR11,01-05-2025
8.40999984741211,8.729999542236328,8.210000038146973,8.390000343322754,865902.0,8.013497352600098,0.095,0.0,JSCR11,01-06-2025
8.449999809265137,8.619999885559082,8.119999885559082,8.34000015258789,1080444.0,8.055562019348145,0.095,0.0,JSCR11,01-07-2025
8.329999923706055,8.329999923706055,7.909999847412109,8.0600004196167,825253.0,7.874272346496582,0.095,0.0,JSCR11,01-08-2025
8.010000228881836,8.109999656677246,7.860000133514404,8.0,449494.0,7.905707359313965,0.095,0.0,JSCR11,01-09-2025
0.0,0.0,0.0,8.0,0.0,8.0,0.0,0.0,JSCR11,15-09-2025
87.0199966430664,89.37999725341797,79.9000015258789,83.16999816894531,196968.0,73.22758483886719,0.68,,TOPP11,01-11-2024
82.9000015258789,85.98999786376953,64.01000213623047,76.69000244140625,335232.0,68.08068084716797,0.84,,TOPP11,01-12-2024
76.66999816894531,79.43000030517578,68.16999816894531,69.01000213623047,296718.0,62.012359619140625,0.84,,TOPP11,01-01-2025
69.0999984741211,72.3499984741211,66.16000366210938,71.56999969482422,217842.0,65.03604888916016,0.84,,TOPP11,01-02-2025
71.56999969482422,73.4000015258789,68.55000305175781,73.33000183105469,125831.0,67.4654769897461,0.84,,TOPP11,01-03-2025
72.0,75.3499984741211,69.51000213623047,74.7300033569336,135224.0,69.58009338378906,0.84,,TOPP11,01-04-2025
74.7300033569336,76.9800033569336,71.72000122070312,73.08999633789062,98182.0,68.86788177490234,0.84,,TOPP11,01-05-2025
73.08999633789062,74.61000061035156,69.16000366210938,71.36000061035156,126119.0,67.9994125366211,0.84,,TOPP11,01-06-2025
70.9000015258789,73.87000274658203,69.6500015258789,70.41000366210938,148842.0,67.8958511352539,0.84,,TOPP11,01-07-2025
70.41999816894531,71.3499984741211,67.5,68.38999938964844,216593.0,66.73675537109375,0.84,,TOPP11,01-08-2025
68.13999938964844,69.95999908447266,67.13999938964844,68.1500015258789,152843.0,67.31854248046875,0.84,,TOPP11,01-09-2025
0.0,0.0,0.0,68.1500015258789,0.0,68.1500015258789,0.0,,TOPP11,15-09-2025
7.860000133514404,8.039999961853027,6.510000228881836,7.099999904632568,15803542.0,6.394089698791504,0.097347,,BTHF11,01-01-2025
7.0,7.510000228881836,6.880000114440918,7.360000133514404,8559475.0,6.7142415046691895,0.097,,BTHF11,01-02-2025
7.360000133514404,7.769999980926514,7.360000133514404,7.619999885559082,9816195.0,7.047032356262207,0.092,,BTHF11,01-03-2025
7.690000057220459,8.350000381469727,7.420000076293945,8.180000305175781,8070894.0,7.657376289367676,0.092,,BTHF11,01-04-2025
8.180000305175781,8.6899995803833,8.100000381469727,8.680000305175781,11022795.0,8.22486400604248,0.092,,BTHF11,01-05-2025
8.720000267028809,8.819999694824219,8.449999809265137,8.779999732971191,8977338.0,8.411197662353516,0.092,,BTHF11,01-06-2025
8.729999542236328,8.869999885559082,8.15999984741211,8.270000457763672,8958013.0,8.006612777709961,0.092,,BTHF11,01-07-2025
8.25,8.350000381469727,8.050000190734863,8.260000228881836,8223419.0,8.08151626586914,0.092,,BTHF11,01-08-2025
8.260000228881836,8.720000267028809,8.239999771118164,8.609999656677246,4536359.0,8.518951416015625,0.092,,BTHF11,01-09-2025
0.0,8.609999656677246,8.609999656677246,8.609999656677246,0.0,8.609999656677246,0.0,,BTHF11,15-09-2025
