ATIVO,VALOR,DATA COM,DATA PAGAMENTO,TIPO,DY
ARRI11,"R$ 0,08018867",30/12/2020,08/01/2021,Rendimento,"0,09%"
BRCO11,"R$ 0,55000000",30/12/2020,08/01/2021,Rendimento,"0,48%"
HSAF11,"R$ 0,70000000",30/12/2020,08/01/2021,Rendimento,"0,74%"
HSML11,"R$ 0,50000000",30/12/2020,08/01/2021,Rendimento,"0,53%"
LVBI11,"R$ 0,47000000",30/12/2020,08/01/2021,Rendimento,"0,39%"
PORD11,"R$ 0,10300000",30/12/2020,08/01/2021,Rendimento,"0,10%"
PVBI11,"R$ 0,47000000",30/12/2020,08/01/2021,Rendimento,"0,49%"
AIEC11,"R$ 0,57000000",30/12/2020,11/01/2021,Rendimento,"0,61%"
CACR11,"R$ 0,93000000",30/12/2020,11/01/2021,Rendimento,"0,85%"
GGRC11,"R$ 0,07000000",04/01/2021,11/01/2021,Rendimento,"0,05%"
PATL11,"R$ 0,54000000",30/12/2020,11/01/2021,Rendimento,"0,56%"
TGAR11,"R$ 1,36000000",30/12/2020,11/01/2021,Rendimento,"1,01%"
KNCR11,"R$ 0,43000000",30/12/2020,14/01/2021,Rendimento,"0,49%"
KNHY11,"R$ 1,23000000",30/12/2020,14/01/2021,Rendimento,"1,07%"
KNIP11,"R$ 1,35000000",30/12/2020,14/01/2021,Rendimento,"1,17%"
KNSC11,"R$ 0,08800000",30/12/2020,14/01/2021,Rendimento,"0,09%"
VCJR11,"R$ 1,21000000",30/12/2020,14/01/2021,Rendimento,"1,14%"
BCRI11,"R$ 1,14000000",30/12/2020,15/01/2021,Rendimento,"0,98%"
BRCR11,"R$ 0,50000000",08/01/2021,15/01/2021,Rendimento,"0,54%"
BTCI11,"R$ 0,06136518",08/01/2021,15/01/2021,Rendimento,"0,06%"
DEVA11,"R$ 2,51000000",08/01/2021,15/01/2021,Rendimento,"2,15%"
FATN11,"R$ 0,59000000",07/01/2021,15/01/2021,Rendimento,"0,00%"
GARE11,"R$ 0,07504733",30/12/2020,15/01/2021,Rendimento,"0,00%"
GTWR11,"R$ 0,68767600",30/12/2020,15/01/2021,Rendimento,"0,62%"
HABT11,"R$ 1,50000000",30/12/2020,15/01/2021,Rendimento,"1,24%"
HCTR11,"R$ 2,47000000",08/01/2021,15/01/2021,Rendimento,"1,65%"
HFOF11,"R$ 0,07500000",30/12/2020,15/01/2021,Rendimento,"0,07%"
HGBS11,"R$ 0,06600000",30/12/2020,15/01/2021,Rendimento,"0,03%"
HGCR11,"R$ 0,73000000",30/12/2020,15/01/2021,Rendimento,"0,72%"
HGLG11,"R$ 2,63000000",30/12/2020,15/01/2021,Rendimento,"1,45%"
HGRE11,"R$ 0,97000000",30/12/2020,15/01/2021,Rendimento,"0,62%"
HGRU11,"R$ 0,72000000",30/12/2020,15/01/2021,Rendimento,"0,56%"
HSLG11,"R$ 0,31000000",30/12/2020,15/01/2021,Rendimento,"0,29%"
KFOF11,"R$ 0,50000000",30/12/2020,15/01/2021,Rendimento,"0,47%"
KNRI11,"R$ 0,65000000",30/12/2020,15/01/2021,Rendimento,"0,40%"
MFII11,"R$ 1,04000000",30/12/2020,15/01/2021,Rendimento,"0,76%"
MXRF11,"R$ 0,07000000",30/12/2020,15/01/2021,Rendimento,"0,67%"
OUJP11,"R$ 1,15588785",30/12/2020,15/01/2021,Rendimento,"1,07%"
PMLL11,"R$ 0,62000000",30/12/2020,15/01/2021,Rendimento,"0,59%"
RBFF11,"R$ 0,55000000",30/12/2020,15/01/2021,Rendimento,"0,74%"
RBRL11,"R$ 0,68200000",08/01/2021,15/01/2021,Rendimento,"0,63%"
RBRP11,"R$ 0,55000000",08/01/2021,15/01/2021,Rendimento,"0,59%"
RBVA11,"R$ 0,09500000",30/12/2020,15/01/2021,Rendimento,"0,08%"
RCRB11,"R$ 0,80000000",07/01/2021,15/01/2021,Rendimento,"0,48%"
RECR11,"R$ 1,66910000",08/01/2021,15/01/2021,Rendimento,"1,46%"
TEPP11,"R$ 0,05200000",30/12/2020,15/01/2021,Rendimento,"0,06%"
TRBL11,"R$ 0,60000000",30/12/2020,15/01/2021,Rendimento,"0,58%"
TRXF11,"R$ 0,70000000",30/12/2020,15/01/2021,Rendimento,"0,69%"
TVRI11,"R$ 1,08232990",30/12/2020,15/01/2021,Rendimento,"0,87%"
URPR11,"R$ 2,01000000",30/12/2020,15/01/2021,Rendimento,"1,52%"
VILG11,"R$ 0,60000000",30/12/2020,15/01/2021,Rendimento,"0,47%"
VINO11,"R$ 0,08400000",30/12/2020,15/01/2021,Rendimento,"0,13%"
VISC11,"R$ 0,55000000",30/12/2020,15/01/2021,Rendimento,"0,48%"
VRTA11,"R$ 0,90000000",30/12/2020,15/01/2021,Rendimento,"0,77%"
XPCI11,"R$ 0,75000000",30/12/2020,15/01/2021,Rendimento,"0,81%"
XPLG11,"R$ 0,60000000",30/12/2020,15/01/2021,Rendimento,"0,48%"
XPSF11,"R$ 0,07000000",30/12/2020,15/01/2021,Rendimento,"0,07%"
PCIP11,"R$ 1,95000000",11/01/2021,18/01/2021,Rendimento,"1,84%"
PSEC11,"R$ 0,69000000",11/01/2021,18/01/2021,Rendimento,"0,73%"
RBRR11,"R$ 0,60000000",12/01/2021,19/01/2021,Rendimento,"0,63%"
RBRY11,"R$ 0,96500000",12/01/2021,19/01/2021,Rendimento,"0,91%"
CPTS11,"R$ 0,10000000",13/01/2021,20/01/2021,Rendimento,"0,10%"
MCCI11,"R$ 0,60000000",13/01/2021,20/01/2021,Rendimento,"0,58%"
VGIP11,"R$ 1,54000000",13/01/2021,20/01/2021,Rendimento,"1,38%"
VGIR11,"R$ 0,05012544",13/01/2021,20/01/2021,Rendimento,"0,06%"
ALZR11,"R$ 0,03906659",15/01/2021,22/01/2021,Rendimento,"0,03%"
BPML11,"R$ 0,20000000",15/01/2021,22/01/2021,Rendimento,"0,20%"
BTLG11,"R$ 0,60000000",15/01/2021,22/01/2021,Rendimento,"0,54%"
JSRE11,"R$ 0,56000000",30/12/2020,22/01/2021,Rendimento,"0,56%"
RZAK11,"R$ 0,00889349",15/01/2021,22/01/2021,Rendimento,"0,01%"
RZAT11,"R$ 0,87761831",15/01/2021,22/01/2021,Rendimento,"0,07%"
XPML11,"R$ 0,67830424",15/01/2021,22/01/2021,Rendimento,"0,59%"
BCIA11,"R$ 0,72000000",30/12/2020,29/01/2021,Rendimento,"0,62%"
ARRI11,"R$ 0,11936459",29/01/2021,05/02/2021,Rendimento,"0,13%"
BRCO11,"R$ 0,55000000",29/01/2021,05/02/2021,Rendimento,"0,48%"
HSAF11,"R$ 0,80000000",29/01/2021,05/02/2021,Rendimento,"0,84%"
HSML11,"R$ 0,50000000",29/01/2021,05/02/2021,Rendimento,"0,51%"
LVBI11,"R$ 0,52008192",29/01/2021,05/02/2021,Rendimento,"0,44%"
PORD11,"R$ 0,08100000",29/01/2021,05/02/2021,Rendimento,"0,08%"
PVBI11,"R$ 0,49103567",29/01/2021,05/02/2021,Rendimento,"0,51%"
RZTR11,"R$ 0,80000000",29/01/2021,05/02/2021,Rendimento,"0,74%"
AIEC11,"R$ 0,56000000",29/01/2021,08/02/2021,Rendimento,"0,59%"
CACR11,"R$ 0,96000000",29/01/2021,08/02/2021,Rendimento,"0,83%"
PATL11,"R$ 0,55000000",29/01/2021,08/02/2021,Rendimento,"0,59%"
TGAR11,"R$ 1,20000000",29/01/2021,08/02/2021,Rendimento,"0,83%"
GGRC11,"R$ 0,09700000",02/02/2021,09/02/2021,Rendimento,"0,07%"
KNCR11,"R$ 0,28000000",29/01/2021,11/02/2021,Rendimento,"0,32%"
KNHY11,"R$ 1,42000000",29/01/2021,11/02/2021,Rendimento,"1,26%"
KNIP11,"R$ 1,27000000",29/01/2021,11/02/2021,Rendimento,"1,12%"
KNSC11,"R$ 0,12800000",29/01/2021,11/02/2021,Rendimento,"0,12%"
VCJR11,"R$ 0,87000000",29/01/2021,11/02/2021,Rendimento,"0,82%"
BCRI11,"R$ 0,90000000",29/01/2021,12/02/2021,Rendimento,"0,76%"
BRCR11,"R$ 0,49025741",05/02/2021,12/02/2021,Rendimento,"0,55%"
BTCI11,"R$ 0,08333333",05/02/2021,12/02/2021,Rendimento,"0,09%"
DEVA11,"R$ 1,95000000",05/02/2021,12/02/2021,Rendimento,"1,35%"
FATN11,"R$ 0,62000000",04/02/2021,12/02/2021,Rendimento,"0,60%"
GARE11,"R$ 0,08100000",29/01/2021,12/02/2021,Rendimento,"0,07%"
GTWR11,"R$ 0,68767600",29/01/2021,12/02/2021,Rendimento,"0,63%"
HABT11,"R$ 1,25000000",29/01/2021,12/02/2021,Rendimento,"1,00%"
HCTR11,"R$ 2,22000000",05/02/2021,12/02/2021,Rendimento,"1,43%"
HFOF11,"R$ 0,05500000",29/01/2021,12/02/2021,Rendimento,"0,05%"
HGBS11,"R$ 0,08000000",29/01/2021,12/02/2021,Rendimento,"0,04%"
HGCR11,"R$ 0,62000000",29/01/2021,12/02/2021,Rendimento,"0,60%"
HGLG11,"R$ 0,78000000",29/01/2021,12/02/2021,Rendimento,"0,43%"
HGRE11,"R$ 0,67000000",29/01/2021,12/02/2021,Rendimento,"0,45%"
HGRU11,"R$ 0,68000000",29/01/2021,12/02/2021,Rendimento,"0,53%"
HSLG11,"R$ 0,58000000",29/01/2021,12/02/2021,Rendimento,"0,51%"
KFOF11,"R$ 0,50000000",29/01/2021,12/02/2021,Rendimento,"0,49%"
KISU11,"R$ 0,07200000",05/02/2021,12/02/2021,Rendimento,"0,07%"
KNRI11,"R$ 0,69000000",29/01/2021,12/02/2021,Rendimento,"0,43%"
MFII11,"R$ 1,01000000",29/01/2021,12/02/2021,Rendimento,"0,76%"
MXRF11,"R$ 0,08000000",29/01/2021,12/02/2021,Rendimento,"0,75%"
OUJP11,"R$ 0,70000000",29/01/2021,12/02/2021,Rendimento,"0,65%"
PMLL11,"R$ 0,62000000",29/01/2021,12/02/2021,Rendimento,"0,59%"
RBFF11,"R$ 0,50000000",29/01/2021,12/02/2021,Rendimento,"0,67%"
RBRL11,"R$ 0,60000000",05/02/2021,12/02/2021,Rendimento,"0,55%"
RBRP11,"R$ 0,52000000",05/02/2021,12/02/2021,Rendimento,"0,53%"
RBRR11,"R$ 0,60000000",05/02/2021,12/02/2021,Rendimento,"0,62%"
RBRY11,"R$ 0,75000000",05/02/2021,12/02/2021,Rendimento,"0,70%"
RBVA11,"R$ 0,09500000",29/01/2021,12/02/2021,Rendimento,"0,08%"
RCRB11,"R$ 0,80000000",04/02/2021,12/02/2021,Rendimento,"0,49%"
RECR11,"R$ 1,42000000",05/02/2021,12/02/2021,Rendimento,"1,27%"
TEPP11,"R$ 0,05000000",29/01/2021,12/02/2021,Rendimento,"0,06%"
TRBL11,"R$ 0,60000000",29/01/2021,12/02/2021,Rendimento,"0,58%"
TRXF11,"R$ 0,70000000",29/01/2021,12/02/2021,Rendimento,"0,66%"
TVRI11,"R$ 1,08232990",29/01/2021,12/02/2021,Rendimento,"0,94%"
URPR11,"R$ 2,25000000",29/01/2021,12/02/2021,Rendimento,"1,73%"
VILG11,"R$ 0,60000000",29/01/2021,12/02/2021,Rendimento,"0,50%"
VINO11,"R$ 0,09000000",29/01/2021,12/02/2021,Rendimento,"0,14%"
VISC11,"R$ 0,60000000",29/01/2021,12/02/2021,Rendimento,"0,51%"
VRTA11,"R$ 0,90000000",29/01/2021,12/02/2021,Rendimento,"0,78%"
XPCI11,"R$ 0,80000000",29/01/2021,12/02/2021,Rendimento,"0,83%"
XPLG11,"R$ 0,58000000",29/01/2021,12/02/2021,Rendimento,"0,48%"
XPSF11,"R$ 0,07300000",29/01/2021,12/02/2021,Rendimento,"0,08%"
PCIP11,"R$ 1,24000000",08/02/2021,17/02/2021,Rendimento,"1,14%"
PSEC11,"R$ 0,69000000",08/02/2021,17/02/2021,Rendimento,"0,72%"
CPTS11,"R$ 0,10500000",10/02/2021,19/02/2021,Rendimento,"0,10%"
MCCI11,"R$ 0,70000000",10/02/2021,19/02/2021,Rendimento,"0,68%"
VGIP11,"R$ 1,16000000",10/02/2021,19/02/2021,Rendimento,"1,02%"
VGIR11,"R$ 0,04500000",10/02/2021,19/02/2021,Rendimento,"0,05%"
JSRE11,"R$ 0,53000000",29/01/2021,23/02/2021,Rendimento,"0,53%"
RZAT11,"R$ 5,36823313",12/02/2021,23/02/2021,Rendimento,"3,62%"
RZAT11,"R$ 1,00207326",12/02/2021,23/02/2021,Rendimento,"0,68%"
ALZR11,"R$ 0,04933041",18/02/2021,25/02/2021,Rendimento,"0,04%"
BPML11,"R$ 0,60555674",18/02/2021,25/02/2021,Rendimento,"0,61%"
BTLG11,"R$ 0,60000000",12/02/2021,25/02/2021,Rendimento,"0,51%"
XPML11,"R$ 0,35000000",18/02/2021,25/02/2021,Rendimento,"0,31%"
BCIA11,"R$ 0,64000000",29/01/2021,26/02/2021,Rendimento,"0,57%"
ARRI11,"R$ 0,11032353",26/02/2021,05/03/2021,Rendimento,"0,11%"
BRCO11,"R$ 0,54000000",26/02/2021,05/03/2021,Rendimento,"0,48%"
HSAF11,"R$ 1,00000000",26/02/2021,05/03/2021,Rendimento,"1,03%"
HSML11,"R$ 0,40000000",26/02/2021,05/03/2021,Rendimento,"0,43%"
LVBI11,"R$ 0,47000000",26/02/2021,05/03/2021,Rendimento,"0,40%"
PORD11,"R$ 0,08400000",26/02/2021,05/03/2021,Rendimento,"0,08%"
PVBI11,"R$ 0,50000000",26/02/2021,05/03/2021,Rendimento,"0,51%"
RZTR11,"R$ 0,85000000",26/02/2021,05/03/2021,Rendimento,"0,81%"
AIEC11,"R$ 0,57000000",26/02/2021,08/03/2021,Rendimento,"0,61%"
CACR11,"R$ 1,03000000",01/03/2021,08/03/2021,Rendimento,"0,91%"
GGRC11,"R$ 0,06000000",01/03/2021,08/03/2021,Rendimento,"0,04%"
PATL11,"R$ 0,56000000",26/02/2021,08/03/2021,Rendimento,"0,60%"
TGAR11,"R$ 1,15000000",26/02/2021,08/03/2021,Rendimento,"0,80%"
KNCR11,"R$ 0,25000000",26/02/2021,11/03/2021,Rendimento,"0,28%"
KNHY11,"R$ 1,29000000",26/02/2021,11/03/2021,Rendimento,"1,10%"
KNIP11,"R$ 1,20000000",26/02/2021,11/03/2021,Rendimento,"1,03%"
KNSC11,"R$ 0,10800000",26/02/2021,11/03/2021,Rendimento,"0,10%"
VCJR11,"R$ 0,59000000",26/02/2021,11/03/2021,Rendimento,"0,56%"
BCRI11,"R$ 1,01000000",26/02/2021,12/03/2021,Rendimento,"0,89%"
BLMG11,"R$ 0,72500000",05/03/2021,12/03/2021,Rendimento,"0,66%"
BRCR11,"R$ 0,48000000",05/03/2021,12/03/2021,Rendimento,"0,56%"
BTCI11,"R$ 0,08666667",05/03/2021,12/03/2021,Rendimento,"0,09%"
DEVA11,"R$ 1,28000000",05/03/2021,12/03/2021,Rendimento,"1,07%"
FATN11,"R$ 0,66000000",04/03/2021,12/03/2021,Rendimento,"0,00%"
GARE11,"R$ 0,08440000",26/02/2021,12/03/2021,Rendimento,"0,07%"
GTWR11,"R$ 0,67000000",26/02/2021,12/03/2021,Rendimento,"0,63%"
HABT11,"R$ 1,25000000",26/02/2021,12/03/2021,Rendimento,"1,01%"
HCTR11,"R$ 2,00000000",05/03/2021,12/03/2021,Rendimento,"1,34%"
HFOF11,"R$ 0,05500000",26/02/2021,12/03/2021,Rendimento,"0,05%"
HGBS11,"R$ 0,08000000",26/02/2021,12/03/2021,Rendimento,"0,04%"
HGCR11,"R$ 0,62000000",26/02/2021,12/03/2021,Rendimento,"0,60%"
HGLG11,"R$ 0,78000000",26/02/2021,12/03/2021,Rendimento,"0,44%"
HGRE11,"R$ 0,67000000",26/02/2021,12/03/2021,Rendimento,"0,45%"
HGRU11,"R$ 0,68000000",26/02/2021,12/03/2021,Rendimento,"0,53%"
HSLG11,"R$ 0,58000000",26/02/2021,12/03/2021,Rendimento,"0,51%"
KFOF11,"R$ 0,55000000",26/02/2021,12/03/2021,Rendimento,"0,54%"
KISU11,"R$ 0,06500000",26/02/2021,12/03/2021,Rendimento,"0,06%"
KNRI11,"R$ 0,69000000",26/02/2021,12/03/2021,Rendimento,"0,44%"
MFII11,"R$ 1,01000000",26/02/2021,12/03/2021,Rendimento,"0,77%"
MXRF11,"R$ 0,08000000",26/02/2021,12/03/2021,Rendimento,"0,74%"
OUJP11,"R$ 0,75000000",26/02/2021,12/03/2021,Rendimento,"0,74%"
PMLL11,"R$ 0,60000000",26/02/2021,12/03/2021,Rendimento,"0,60%"
RBRL11,"R$ 0,62000000",05/03/2021,12/03/2021,Rendimento,"0,57%"
RBRP11,"R$ 0,52000000",05/03/2021,12/03/2021,Rendimento,"0,57%"
RECR11,"R$ 1,00000000",05/03/2021,12/03/2021,Rendimento,"0,87%"
TEPP11,"R$ 0,04500000",26/02/2021,12/03/2021,Rendimento,"0,05%"
TRXF11,"R$ 0,70000000",26/02/2021,12/03/2021,Rendimento,"0,63%"
TVRI11,"R$ 1,08232990",26/02/2021,12/03/2021,Rendimento,"0,96%"
URPR11,"R$ 2,09000000",26/02/2021,12/03/2021,Rendimento,"1,63%"
VILG11,"R$ 0,60000000",26/02/2021,12/03/2021,Rendimento,"0,49%"
VINO11,"R$ 0,09000000",26/02/2021,12/03/2021,Rendimento,"0,15%"
VISC11,"R$ 0,55000000",26/02/2021,12/03/2021,Rendimento,"0,48%"
XPCI11,"R$ 0,85000000",26/02/2021,12/03/2021,Rendimento,"0,89%"
XPLG11,"R$ 0,58000000",26/02/2021,12/03/2021,Rendimento,"0,48%"
XPSF11,"R$ 0,07700000",26/02/2021,12/03/2021,Rendimento,"0,08%"
RBFF11,"R$ 0,36000000",26/02/2021,15/03/2021,Rendimento,"0,50%"
RBVA11,"R$ 0,08500000",26/02/2021,15/03/2021,Rendimento,"0,08%"
RCRB11,"R$ 0,80000000",05/03/2021,15/03/2021,Rendimento,"0,50%"
TRBL11,"R$ 0,60000000",26/02/2021,15/03/2021,Rendimento,"0,58%"
VRTA11,"R$ 0,91000000",26/02/2021,15/03/2021,Rendimento,"0,79%"
PCIP11,"R$ 1,24000000",08/03/2021,16/03/2021,Rendimento,"1,13%"
PSEC11,"R$ 0,72000000",08/03/2021,16/03/2021,Rendimento,"0,78%"
RBRR11,"R$ 0,62000000",09/03/2021,16/03/2021,Rendimento,"0,64%"
RBRY11,"R$ 0,75000000",09/03/2021,16/03/2021,Rendimento,"0,71%"
CPTS11,"R$ 0,10500000",10/03/2021,17/03/2021,Rendimento,"0,11%"
MCCI11,"R$ 0,70000000",10/03/2021,17/03/2021,Rendimento,"0,67%"
VGIP11,"R$ 1,15000000",10/03/2021,17/03/2021,Rendimento,"0,99%"
VGIR11,"R$ 0,04500000",10/03/2021,17/03/2021,Rendimento,"0,05%"
JSRE11,"R$ 0,53000000",26/02/2021,19/03/2021,Rendimento,"0,54%"
RZAK11,"R$ 0,50000000",12/03/2021,19/03/2021,Rendimento,"0,51%"
RZAT11,"R$ 0,98184469",12/03/2021,19/03/2021,Rendimento,"0,70%"
BTLG11,"R$ 0,60000000",15/03/2021,22/03/2021,Rendimento,"0,53%"
BTAL11,"R$ 0,16079275",17/03/2021,24/03/2021,Rendimento,"0,16%"
ALZR11,"R$ 0,05929979",18/03/2021,25/03/2021,Rendimento,"0,05%"
XPML11,"R$ 0,25000000",18/03/2021,25/03/2021,Rendimento,"0,24%"
BCIA11,"R$ 0,64000000",26/02/2021,26/03/2021,Rendimento,"0,60%"
ARRI11,"R$ 0,11461351",31/03/2021,08/04/2021,Rendimento,"0,12%"
BRCO11,"R$ 0,54000000",31/03/2021,08/04/2021,Rendimento,"0,48%"
HSAF11,"R$ 1,10000000",31/03/2021,08/04/2021,Rendimento,"1,12%"
HSLG11,"R$ 0,58000000",31/03/2021,08/04/2021,Rendimento,"0,52%"
HSML11,"R$ 0,16000000",31/03/2021,08/04/2021,Rendimento,"0,18%"
LVBI11,"R$ 0,52000000",31/03/2021,08/04/2021,Rendimento,"0,46%"
PORD11,"R$ 0,08600000",31/03/2021,08/04/2021,Rendimento,"0,08%"
PVBI11,"R$ 0,50000000",31/03/2021,08/04/2021,Rendimento,"0,52%"
RZTR11,"R$ 0,80000000",31/03/2021,08/04/2021,Rendimento,"0,78%"
VGHF11,"R$ 0,07000000",31/03/2021,08/04/2021,Rendimento,"0,70%"
AIEC11,"R$ 0,57000000",31/03/2021,09/04/2021,Rendimento,"0,64%"
CACR11,"R$ 1,07000000",31/03/2021,09/04/2021,Rendimento,"0,91%"
GGRC11,"R$ 0,06800000",01/04/2021,09/04/2021,Rendimento,"0,05%"
PATL11,"R$ 0,57000000",31/03/2021,09/04/2021,Rendimento,"0,62%"
TGAR11,"R$ 1,30000000",31/03/2021,09/04/2021,Rendimento,"0,95%"
HABT11,"R$ 1,50000000",31/03/2021,12/04/2021,Rendimento,"1,25%"
KNCR11,"R$ 0,33000000",31/03/2021,14/04/2021,Rendimento,"0,35%"
KNHY11,"R$ 1,12000000",31/03/2021,14/04/2021,Rendimento,"0,98%"
KNIP11,"R$ 1,02000000",31/03/2021,14/04/2021,Rendimento,"0,88%"
KNSC11,"R$ 0,09100000",31/03/2021,14/04/2021,Rendimento,"0,08%"
VCJR11,"R$ 0,60000000",31/03/2021,14/04/2021,Rendimento,"0,57%"
BCRI11,"R$ 1,15000000",31/03/2021,15/04/2021,Rendimento,"1,01%"
BLMG11,"R$ 0,72500000",08/04/2021,15/04/2021,Rendimento,"0,69%"
BRCR11,"R$ 0,46000000",08/04/2021,15/04/2021,Rendimento,"0,54%"
BTCI11,"R$ 0,11333333",08/04/2021,15/04/2021,Rendimento,"0,12%"
DEVA11,"R$ 1,54000000",08/04/2021,15/04/2021,Rendimento,"1,32%"
FATN11,"R$ 0,66000000",07/04/2021,15/04/2021,Rendimento,"0,67%"
GARE11,"R$ 0,08400000",31/03/2021,15/04/2021,Rendimento,"0,07%"
GTWR11,"R$ 0,67000000",31/03/2021,15/04/2021,Rendimento,"0,63%"
HCTR11,"R$ 2,00000000",08/04/2021,15/04/2021,Rendimento,"1,33%"
HFOF11,"R$ 0,05600000",31/03/2021,15/04/2021,Rendimento,"0,06%"
HGBS11,"R$ 0,04000000",31/03/2021,15/04/2021,Rendimento,"0,02%"
HGCR11,"R$ 0,68000000",31/03/2021,15/04/2021,Rendimento,"0,63%"
HGLG11,"R$ 0,78000000",31/03/2021,15/04/2021,Rendimento,"0,44%"
HGRE11,"R$ 0,67000000",31/03/2021,15/04/2021,Rendimento,"0,49%"
HGRU11,"R$ 0,68000000",31/03/2021,15/04/2021,Rendimento,"0,55%"
KFOF11,"R$ 0,55000000",31/03/2021,15/04/2021,Rendimento,"0,58%"
KISU11,"R$ 0,08100000",31/03/2021,15/04/2021,Rendimento,"0,07%"
KNRI11,"R$ 0,69000000",31/03/2021,15/04/2021,Rendimento,"0,45%"
MFII11,"R$ 0,97000000",31/03/2021,15/04/2021,Rendimento,"0,81%"
MXRF11,"R$ 0,08000000",31/03/2021,15/04/2021,Rendimento,"0,77%"
OUJP11,"R$ 0,65002748",31/03/2021,15/04/2021,Rendimento,"0,61%"
PMLL11,"R$ 0,45000000",31/03/2021,15/04/2021,Rendimento,"0,47%"
RBFF11,"R$ 0,50000000",31/03/2021,15/04/2021,Rendimento,"0,74%"
RBRL11,"R$ 0,63000000",08/04/2021,15/04/2021,Rendimento,"0,59%"
RBRP11,"R$ 0,50000000",08/04/2021,15/04/2021,Rendimento,"0,54%"
RBVA11,"R$ 0,08500000",31/03/2021,15/04/2021,Rendimento,"0,08%"
RCRB11,"R$ 0,80000000",07/04/2021,15/04/2021,Rendimento,"0,52%"
RECR11,"R$ 1,00000000",08/04/2021,15/04/2021,Rendimento,"0,92%"
TEPP11,"R$ 0,04500000",31/03/2021,15/04/2021,Rendimento,"0,05%"
TRBL11,"R$ 0,60000000",31/03/2021,15/04/2021,Rendimento,"0,60%"
TRXF11,"R$ 0,70000000",31/03/2021,15/04/2021,Rendimento,"0,65%"
TVRI11,"R$ 1,08232990",31/03/2021,15/04/2021,Rendimento,"0,93%"
URPR11,"R$ 2,87000000",31/03/2021,15/04/2021,Rendimento,"2,16%"
VILG11,"R$ 0,45000000",31/03/2021,15/04/2021,Rendimento,"0,38%"
VINO11,"R$ 0,09000000",31/03/2021,15/04/2021,Rendimento,"0,15%"
VISC11,"R$ 0,18000000",31/03/2021,15/04/2021,Rendimento,"0,16%"
VRTA11,"R$ 0,90000000",31/03/2021,15/04/2021,Rendimento,"0,78%"
XPCI11,"R$ 0,90000000",31/03/2021,15/04/2021,Rendimento,"0,94%"
XPLG11,"R$ 0,59000000",31/03/2021,15/04/2021,Rendimento,"0,51%"
XPSF11,"R$ 0,07300000",31/03/2021,15/04/2021,Rendimento,"0,08%"
PCIP11,"R$ 0,85000000",09/04/2021,16/04/2021,Rendimento,"0,80%"
PSEC11,"R$ 0,72000000",09/04/2021,16/04/2021,Rendimento,"0,78%"
RBRR11,"R$ 0,70000000",12/04/2021,19/04/2021,Rendimento,"0,70%"
RBRY11,"R$ 0,70000000",12/04/2021,19/04/2021,Rendimento,"0,66%"
CPTS11,"R$ 0,10100000",13/04/2021,20/04/2021,Rendimento,"0,10%"
MCCI11,"R$ 0,70000000",13/04/2021,20/04/2021,Rendimento,"0,68%"
VGIP11,"R$ 0,85000000",13/04/2021,20/04/2021,Rendimento,"0,81%"
VGIR11,"R$ 0,05000000",13/04/2021,20/04/2021,Rendimento,"0,05%"
ALZR11,"R$ 0,06086033",15/04/2021,23/04/2021,Rendimento,"0,05%"
BTLG11,"R$ 0,63000000",15/04/2021,23/04/2021,Rendimento,"0,56%"
JSRE11,"R$ 0,53000000",31/03/2021,23/04/2021,Rendimento,"0,56%"
RZAT11,"R$ 2,31000000",15/04/2021,23/04/2021,Rendimento,"2,08%"
XPML11,"R$ 0,15000000",15/04/2021,23/04/2021,Rendimento,"0,14%"
BTAL11,"R$ 0,35359471",20/04/2021,28/04/2021,Rendimento,"0,34%"
BCIA11,"R$ 0,64000000",31/03/2021,30/04/2021,Rendimento,"0,61%"
ARRI11,"R$ 0,10453657",30/04/2021,07/05/2021,Rendimento,"0,09%"
BRCO11,"R$ 0,54000000",30/04/2021,07/05/2021,Rendimento,"0,49%"
HSAF11,"R$ 1,10000000",30/04/2021,07/05/2021,Rendimento,"1,09%"
HSLG11,"R$ 0,58000000",30/04/2021,07/05/2021,Rendimento,"0,53%"
HSML11,"R$ 0,22000000",30/04/2021,07/05/2021,Rendimento,"0,24%"
LVBI11,"R$ 0,56000000",30/04/2021,07/05/2021,Rendimento,"0,50%"
PORD11,"R$ 0,09000000",30/04/2021,07/05/2021,Rendimento,"0,09%"
PVBI11,"R$ 0,50000000",30/04/2021,07/05/2021,Rendimento,"0,52%"
RZTR11,"R$ 0,70000000",30/04/2021,07/05/2021,Rendimento,"0,65%"
VGHF11,"R$ 0,08000000",30/04/2021,07/05/2021,Rendimento,"0,80%"
AIEC11,"R$ 0,57000000",30/04/2021,10/05/2021,Rendimento,"0,63%"
CACR11,"R$ 1,07000000",30/04/2021,10/05/2021,Rendimento,"0,93%"
GGRC11,"R$ 0,06400000",03/05/2021,10/05/2021,Rendimento,"0,05%"
PATL11,"R$ 0,57000000",30/04/2021,10/05/2021,Rendimento,"0,61%"
TGAR11,"R$ 1,26000000",30/04/2021,10/05/2021,Rendimento,"0,90%"
HABT11,"R$ 1,80000000",30/04/2021,12/05/2021,Rendimento,"1,48%"
KNCR11,"R$ 0,30000000",30/04/2021,13/05/2021,Rendimento,"0,32%"
KNHY11,"R$ 1,20000000",30/04/2021,13/05/2021,Rendimento,"1,05%"
KNIP11,"R$ 1,00000000",30/04/2021,13/05/2021,Rendimento,"0,88%"
KNSC11,"R$ 0,09300000",30/04/2021,13/05/2021,Rendimento,"0,09%"
VCJR11,"R$ 0,75000000",30/04/2021,13/05/2021,Rendimento,"0,73%"
BCRI11,"R$ 1,51000000",30/04/2021,14/05/2021,Rendimento,"1,27%"
BLMG11,"R$ 0,72500000",07/05/2021,14/05/2021,Rendimento,"0,70%"
BRCR11,"R$ 0,46000000",07/05/2021,14/05/2021,Rendimento,"0,54%"
BTCI11,"R$ 0,10888889",07/05/2021,14/05/2021,Rendimento,"0,12%"
DEVA11,"R$ 1,37000000",07/05/2021,14/05/2021,Rendimento,"1,25%"
FATN11,"R$ 0,67000000",06/05/2021,14/05/2021,Rendimento,"0,65%"
GARE11,"R$ 0,08400000",30/04/2021,14/05/2021,Rendimento,"0,08%"
GTWR11,"R$ 0,67000000",30/04/2021,14/05/2021,Rendimento,"0,62%"
HCTR11,"R$ 2,00000000",07/05/2021,14/05/2021,Rendimento,"1,41%"
HFOF11,"R$ 0,06000000",30/04/2021,14/05/2021,Rendimento,"0,06%"
HGBS11,"R$ 0,04000000",30/04/2021,14/05/2021,Rendimento,"0,02%"
HGCR11,"R$ 0,72000000",30/04/2021,14/05/2021,Rendimento,"0,66%"
HGLG11,"R$ 0,78000000",30/04/2021,14/05/2021,Rendimento,"0,45%"
HGRE11,"R$ 0,67000000",30/04/2021,14/05/2021,Rendimento,"0,49%"
HGRU11,"R$ 0,68000000",30/04/2021,14/05/2021,Rendimento,"0,56%"
KFOF11,"R$ 0,55000000",30/04/2021,14/05/2021,Rendimento,"0,58%"
KISU11,"R$ 0,08100000",30/04/2021,14/05/2021,Rendimento,"0,05%"
KNRI11,"R$ 0,69000000",30/04/2021,14/05/2021,Rendimento,"0,46%"
MFII11,"R$ 0,91000000",30/04/2021,14/05/2021,Rendimento,"0,75%"
MXRF11,"R$ 0,08000000",30/04/2021,14/05/2021,Rendimento,"0,75%"
OUJP11,"R$ 0,65059341",30/04/2021,14/05/2021,Rendimento,"0,62%"
PMLL11,"R$ 0,40000000",30/04/2021,14/05/2021,Rendimento,"0,40%"
RBFF11,"R$ 0,50000000",30/04/2021,14/05/2021,Rendimento,"0,74%"
RBRL11,"R$ 0,64000000",07/05/2021,14/05/2021,Rendimento,"0,59%"
RBRP11,"R$ 0,30000000",07/05/2021,14/05/2021,Rendimento,"0,33%"
RBVA11,"R$ 0,08500000",30/04/2021,14/05/2021,Rendimento,"0,08%"
RCRB11,"R$ 0,80000000",06/05/2021,14/05/2021,Rendimento,"0,51%"
RECR11,"R$ 1,10000000",07/05/2021,14/05/2021,Rendimento,"1,00%"
TEPP11,"R$ 0,04500000",30/04/2021,14/05/2021,Rendimento,"0,05%"
TRBL11,"R$ 0,60000000",30/04/2021,14/05/2021,Rendimento,"0,61%"
TRXF11,"R$ 0,70000000",30/04/2021,14/05/2021,Rendimento,"0,65%"
TVRI11,"R$ 1,08232990",30/04/2021,14/05/2021,Rendimento,"0,93%"
URPR11,"R$ 1,18500000",30/04/2021,14/05/2021,Rendimento,"0,91%"
VILG11,"R$ 0,50000000",30/04/2021,14/05/2021,Rendimento,"0,42%"
VINO11,"R$ 0,09000000",30/04/2021,14/05/2021,Rendimento,"0,15%"
VISC11,"R$ 0,25000000",30/04/2021,14/05/2021,Rendimento,"0,22%"
VRTA11,"R$ 0,90000000",30/04/2021,14/05/2021,Rendimento,"0,78%"
XPCI11,"R$ 0,90000000",30/04/2021,14/05/2021,Rendimento,"0,90%"
XPLG11,"R$ 0,60000000",30/04/2021,14/05/2021,Rendimento,"0,52%"
XPSF11,"R$ 0,08000000",30/04/2021,14/05/2021,Rendimento,"0,08%"
PCIP11,"R$ 1,00000000",10/05/2021,17/05/2021,Rendimento,"0,94%"
PSEC11,"R$ 0,72000000",10/05/2021,17/05/2021,Rendimento,"0,77%"
RBRR11,"R$ 0,72500000",11/05/2021,18/05/2021,Rendimento,"0,70%"
RBRY11,"R$ 0,70000000",11/05/2021,18/05/2021,Rendimento,"0,67%"
CPTS11,"R$ 0,10500000",12/05/2021,19/05/2021,Rendimento,"0,10%"
MCCI11,"R$ 0,70000000",12/05/2021,19/05/2021,Rendimento,"0,69%"
VGIP11,"R$ 0,93000000",12/05/2021,19/05/2021,Rendimento,"0,87%"
VGIR11,"R$ 0,05000000",12/05/2021,19/05/2021,Rendimento,"0,05%"
AFHI11,"R$ 0,50000000",14/05/2021,21/05/2021,Rendimento,"0,54%"
JSRE11,"R$ 0,53000000",30/04/2021,21/05/2021,Rendimento,"0,56%"
RZAK11,"R$ 1,00000000",14/05/2021,21/05/2021,Rendimento,"1,06%"
RZAT11,"R$ 1,00000000",14/05/2021,21/05/2021,Rendimento,"0,83%"
ALZR11,"R$ 0,06753071",18/05/2021,25/05/2021,Rendimento,"0,05%"
BTLG11,"R$ 0,70000000",14/05/2021,25/05/2021,Rendimento,"0,62%"
XPML11,"R$ 0,30000000",18/05/2021,25/05/2021,Rendimento,"0,29%"
BTAL11,"R$ 0,47577647",19/05/2021,26/05/2021,Rendimento,"0,46%"
BCIA11,"R$ 0,64000000",30/04/2021,28/05/2021,Rendimento,"0,63%"
ARRI11,"R$ 0,11158690",31/05/2021,08/06/2021,Rendimento,"0,11%"
BRCO11,"R$ 0,54000000",31/05/2021,08/06/2021,Rendimento,"0,49%"
HSAF11,"R$ 1,10000000",31/05/2021,08/06/2021,Rendimento,"1,08%"
HSLG11,"R$ 0,58000000",31/05/2021,08/06/2021,Rendimento,"0,55%"
HSML11,"R$ 0,35000000",31/05/2021,08/06/2021,Rendimento,"0,38%"
LVBI11,"R$ 0,56000000",31/05/2021,08/06/2021,Rendimento,"0,53%"
PORD11,"R$ 0,10000000",31/05/2021,08/06/2021,Rendimento,"0,10%"
PVBI11,"R$ 0,54000000",31/05/2021,08/06/2021,Rendimento,"0,57%"
RZTR11,"R$ 0,50000000",31/05/2021,08/06/2021,Rendimento,"0,49%"
VGHF11,"R$ 0,10000000",31/05/2021,08/06/2021,Rendimento,"1,03%"
AIEC11,"R$ 0,57000000",31/05/2021,09/06/2021,Rendimento,"0,65%"
CACR11,"R$ 1,08000000",31/05/2021,09/06/2021,Rendimento,"0,96%"
GGRC11,"R$ 0,07000000",01/06/2021,09/06/2021,Rendimento,"0,06%"
PATL11,"R$ 0,57000000",31/05/2021,09/06/2021,Rendimento,"0,63%"
TGAR11,"R$ 1,16000000",31/05/2021,09/06/2021,Rendimento,"0,84%"
HABT11,"R$ 1,80000000",31/05/2021,11/06/2021,Rendimento,"1,42%"
KNCR11,"R$ 0,35000000",31/05/2021,14/06/2021,Rendimento,"0,38%"
KNHY11,"R$ 1,09000000",31/05/2021,14/06/2021,Rendimento,"0,97%"
KNIP11,"R$ 1,13000000",31/05/2021,14/06/2021,Rendimento,"1,03%"
KNSC11,"R$ 0,10000000",31/05/2021,14/06/2021,Rendimento,"0,10%"
VCJR11,"R$ 0,79000000",31/05/2021,14/06/2021,Rendimento,"0,77%"
BCRI11,"R$ 1,59000000",31/05/2021,15/06/2021,Rendimento,"1,37%"
BLMG11,"R$ 1,10000000",08/06/2021,15/06/2021,Rendimento,"1,08%"
BRCR11,"R$ 0,46000000",08/06/2021,15/06/2021,Rendimento,"0,55%"
BTCI11,"R$ 0,08000000",08/06/2021,15/06/2021,Rendimento,"0,08%"
DEVA11,"R$ 1,10000000",08/06/2021,15/06/2021,Rendimento,"1,01%"
FATN11,"R$ 0,67000000",07/06/2021,15/06/2021,Rendimento,"0,65%"
GARE11,"R$ 0,08400000",31/05/2021,15/06/2021,Rendimento,"0,08%"
GTWR11,"R$ 0,67000000",31/05/2021,15/06/2021,Rendimento,"0,63%"
HCTR11,"R$ 1,90000000",08/06/2021,15/06/2021,Rendimento,"1,37%"
HFOF11,"R$ 0,06000000",31/05/2021,15/06/2021,Rendimento,"0,06%"
HGBS11,"R$ 0,03500000",31/05/2021,15/06/2021,Rendimento,"0,02%"
HGCR11,"R$ 0,75000000",31/05/2021,15/06/2021,Rendimento,"0,70%"
HGLG11,"R$ 1,00000000",31/05/2021,15/06/2021,Rendimento,"0,59%"
HGRE11,"R$ 0,69000000",31/05/2021,15/06/2021,Rendimento,"0,54%"
HGRU11,"R$ 0,70000000",31/05/2021,15/06/2021,Rendimento,"0,58%"
KFOF11,"R$ 0,55000000",31/05/2021,15/06/2021,Rendimento,"0,60%"
KISU11,"R$ 0,06400000",31/05/2021,15/06/2021,Rendimento,"0,05%"
KNRI11,"R$ 0,69000000",31/05/2021,15/06/2021,Rendimento,"0,48%"
MFII11,"R$ 0,91000000",31/05/2021,15/06/2021,Rendimento,"0,79%"
MXRF11,"R$ 0,07000000",31/05/2021,15/06/2021,Rendimento,"0,66%"
OUJP11,"R$ 0,65000000",31/05/2021,15/06/2021,Rendimento,"0,64%"
PMLL11,"R$ 0,45000000",31/05/2021,15/06/2021,Rendimento,"0,46%"
RBFF11,"R$ 0,50000000",31/05/2021,15/06/2021,Rendimento,"0,72%"
RBRL11,"R$ 0,70000000",08/06/2021,15/06/2021,Rendimento,"0,65%"
RBRP11,"R$ 0,32000000",08/06/2021,15/06/2021,Rendimento,"0,37%"
RBVA11,"R$ 0,08500000",31/05/2021,15/06/2021,Rendimento,"0,08%"
RCRB11,"R$ 0,80000000",07/06/2021,15/06/2021,Rendimento,"0,52%"
RECR11,"R$ 1,20000000",08/06/2021,15/06/2021,Rendimento,"1,16%"
TEPP11,"R$ 0,04500000",31/05/2021,15/06/2021,Rendimento,"0,06%"
TRBL11,"R$ 0,60000000",31/05/2021,15/06/2021,Rendimento,"0,63%"
TRXF11,"R$ 0,70000000",31/05/2021,15/06/2021,Rendimento,"0,66%"
TVRI11,"R$ 1,08232990",31/05/2021,15/06/2021,Rendimento,"0,94%"
URPR11,"R$ 2,06000000",31/05/2021,15/06/2021,Rendimento,"1,63%"
VILG11,"R$ 0,57000000",31/05/2021,15/06/2021,Rendimento,"0,49%"
VINO11,"R$ 0,09000000",31/05/2021,15/06/2021,Rendimento,"0,15%"
VISC11,"R$ 0,35000000",31/05/2021,15/06/2021,Rendimento,"0,32%"
VRTA11,"R$ 1,04000000",31/05/2021,15/06/2021,Rendimento,"0,93%"
XPCI11,"R$ 1,00000000",31/05/2021,15/06/2021,Rendimento,"1,00%"
XPLG11,"R$ 0,61000000",31/05/2021,15/06/2021,Rendimento,"0,54%"
XPSF11,"R$ 0,08700000",31/05/2021,15/06/2021,Rendimento,"0,09%"
PCIP11,"R$ 1,00000000",09/06/2021,16/06/2021,Rendimento,"0,95%"
PSEC11,"R$ 0,72000000",09/06/2021,16/06/2021,Rendimento,"0,76%"
RBRR11,"R$ 0,80000000",10/06/2021,17/06/2021,Rendimento,"0,79%"
RBRY11,"R$ 0,75000000",10/06/2021,17/06/2021,Rendimento,"0,72%"
CPTS11,"R$ 0,10000000",11/06/2021,18/06/2021,Rendimento,"0,10%"
MCCI11,"R$ 0,90000000",11/06/2021,18/06/2021,Rendimento,"0,87%"
VGIP11,"R$ 1,04000000",11/06/2021,18/06/2021,Rendimento,"1,01%"
VGIR11,"R$ 0,05000000",11/06/2021,18/06/2021,Rendimento,"0,05%"
AFHI11,"R$ 0,60000000",15/06/2021,22/06/2021,Rendimento,"0,63%"
JSRE11,"R$ 0,53000000",31/05/2021,22/06/2021,Rendimento,"0,58%"
RZAK11,"R$ 0,90000000",15/06/2021,22/06/2021,Rendimento,"0,93%"
RZAT11,"R$ 0,50000000",15/06/2021,22/06/2021,Rendimento,"0,46%"
ALZR11,"R$ 0,06723626",18/06/2021,25/06/2021,Rendimento,"0,06%"
BTAL11,"R$ 0,56339455",18/06/2021,25/06/2021,Rendimento,"0,56%"
BTLG11,"R$ 0,70000000",15/06/2021,25/06/2021,Rendimento,"0,62%"
SNFF11,"R$ 0,12000000",15/06/2021,25/06/2021,Rendimento,"0,12%"
XPML11,"R$ 0,40000000",18/06/2021,25/06/2021,Rendimento,"0,38%"
BCIA11,"R$ 0,64000000",31/05/2021,29/06/2021,Rendimento,"0,65%"
ARRI11,"R$ 0,17666957",30/06/2021,07/07/2021,Rendimento,"0,17%"
BRCO11,"R$ 0,54000000",30/06/2021,07/07/2021,Rendimento,"0,54%"
HSAF11,"R$ 1,00000000",30/06/2021,07/07/2021,Rendimento,"0,99%"
HSLG11,"R$ 0,58000000",30/06/2021,07/07/2021,Rendimento,"0,58%"
HSML11,"R$ 0,40000000",30/06/2021,07/07/2021,Rendimento,"0,45%"
LVBI11,"R$ 0,58000000",30/06/2021,07/07/2021,Rendimento,"0,55%"
PORD11,"R$ 0,10400000",30/06/2021,07/07/2021,Rendimento,"0,10%"
PVBI11,"R$ 0,56000000",30/06/2021,07/07/2021,Rendimento,"0,59%"
RZTR11,"R$ 0,77000000",30/06/2021,07/07/2021,Rendimento,"0,81%"
VGHF11,"R$ 0,13000000",30/06/2021,07/07/2021,Rendimento,"1,33%"
AIEC11,"R$ 0,57000000",30/06/2021,08/07/2021,Rendimento,"0,69%"
CACR11,"R$ 1,55000000",30/06/2021,08/07/2021,Rendimento,"1,40%"
GGRC11,"R$ 0,08800000",01/07/2021,08/07/2021,Rendimento,"0,08%"
PATL11,"R$ 0,57065000",30/06/2021,08/07/2021,Rendimento,"0,68%"
TGAR11,"R$ 1,11000000",30/06/2021,08/07/2021,Rendimento,"0,84%"
HABT11,"R$ 2,00000000",30/06/2021,12/07/2021,Rendimento,"1,60%"
KNCR11,"R$ 0,40000000",30/06/2021,13/07/2021,Rendimento,"0,44%"
KNHY11,"R$ 1,10000000",30/06/2021,13/07/2021,Rendimento,"0,99%"
KNIP11,"R$ 1,10000000",30/06/2021,13/07/2021,Rendimento,"1,03%"
KNSC11,"R$ 0,09500000",30/06/2021,13/07/2021,Rendimento,"0,09%"
VCJR11,"R$ 0,75000000",30/06/2021,13/07/2021,Rendimento,"0,79%"
FATN11,"R$ 0,67000000",06/07/2021,14/07/2021,Rendimento,"0,67%"
KFOF11,"R$ 0,88000000",30/06/2021,14/07/2021,Rendimento,"1,02%"
KNRI11,"R$ 0,69000000",30/06/2021,14/07/2021,Rendimento,"0,50%"
MFII11,"R$ 0,92000000",30/06/2021,14/07/2021,Rendimento,"0,86%"
OUJP11,"R$ 0,83400067",30/06/2021,14/07/2021,Rendimento,"0,84%"
URPR11,"R$ 2,40000000",30/06/2021,14/07/2021,Rendimento,"1,88%"
XPCI11,"R$ 1,00000000",30/06/2021,14/07/2021,Rendimento,"0,99%"
XPLG11,"R$ 0,61000000",30/06/2021,14/07/2021,Rendimento,"0,58%"
BCRI11,"R$ 1,31000000",30/06/2021,15/07/2021,Rendimento,"1,17%"
BLMG11,"R$ 0,90000000",07/07/2021,15/07/2021,Rendimento,"0,90%"
BRCR11,"R$ 0,46000000",07/07/2021,15/07/2021,Rendimento,"0,57%"
BTCI11,"R$ 0,07348903",07/07/2021,15/07/2021,Rendimento,"0,08%"
DEVA11,"R$ 1,11000000",07/07/2021,15/07/2021,Rendimento,"1,05%"
GARE11,"R$ 0,08400000",30/06/2021,15/07/2021,Rendimento,"0,08%"
GTWR11,"R$ 0,67000000",30/06/2021,15/07/2021,Rendimento,"0,66%"
HCTR11,"R$ 1,70000000",07/07/2021,15/07/2021,Rendimento,"1,24%"
HFOF11,"R$ 0,06000000",30/06/2021,15/07/2021,Rendimento,"0,06%"
HGBS11,"R$ 0,05000000",30/06/2021,15/07/2021,Rendimento,"0,02%"
HGCR11,"R$ 1,45000000",30/06/2021,15/07/2021,Rendimento,"1,39%"
HGLG11,"R$ 2,20000000",30/06/2021,15/07/2021,Rendimento,"1,30%"
HGRE11,"R$ 1,38000000",30/06/2021,15/07/2021,Rendimento,"1,04%"
HGRU11,"R$ 0,90000000",30/06/2021,15/07/2021,Rendimento,"0,77%"
KISU11,"R$ 0,07000000",30/06/2021,15/07/2021,Rendimento,"0,06%"
MXRF11,"R$ 0,07000000",30/06/2021,15/07/2021,Rendimento,"0,69%"
PMLL11,"R$ 0,50000000",30/06/2021,15/07/2021,Rendimento,"0,52%"
RBFF11,"R$ 0,47000000",30/06/2021,15/07/2021,Rendimento,"0,72%"
RBRL11,"R$ 0,76000000",07/07/2021,15/07/2021,Rendimento,"0,73%"
RBRP11,"R$ 0,35000000",07/07/2021,15/07/2021,Rendimento,"0,44%"
RBVA11,"R$ 0,12400000",30/06/2021,15/07/2021,Rendimento,"0,11%"
RCRB11,"R$ 0,75000000",06/07/2021,15/07/2021,Rendimento,"0,51%"
RECR11,"R$ 1,20200000",07/07/2021,15/07/2021,Rendimento,"1,16%"
TEPP11,"R$ 0,04200000",30/06/2021,15/07/2021,Rendimento,"0,05%"
TRBL11,"R$ 0,55000000",30/06/2021,15/07/2021,Rendimento,"0,60%"
TRXF11,"R$ 0,70000000",30/06/2021,15/07/2021,Rendimento,"0,68%"
TVRI11,"R$ 1,08232990",30/06/2021,15/07/2021,Rendimento,"0,94%"
VILG11,"R$ 0,60000000",30/06/2021,15/07/2021,Rendimento,"0,55%"
VINO11,"R$ 0,09000000",30/06/2021,15/07/2021,Rendimento,"0,15%"
VISC11,"R$ 0,42000000",30/06/2021,15/07/2021,Rendimento,"0,39%"
VRTA11,"R$ 1,02000000",30/06/2021,15/07/2021,Rendimento,"0,93%"
XPSF11,"R$ 0,07500000",30/06/2021,15/07/2021,Rendimento,"0,08%"
PCIP11,"R$ 1,00000000",08/07/2021,16/07/2021,Rendimento,"0,95%"
PSEC11,"R$ 0,72000000",08/07/2021,16/07/2021,Rendimento,"0,81%"
RBRR11,"R$ 0,95902470",12/07/2021,19/07/2021,Rendimento,"0,95%"
RBRY11,"R$ 1,08161006",12/07/2021,19/07/2021,Rendimento,"1,05%"
CPTS11,"R$ 0,10000000",13/07/2021,20/07/2021,Rendimento,"0,10%"
MCCI11,"R$ 1,00000000",13/07/2021,20/07/2021,Rendimento,"0,97%"
VGIP11,"R$ 0,95000000",13/07/2021,20/07/2021,Rendimento,"0,93%"
VGIR11,"R$ 0,06500000",13/07/2021,20/07/2021,Rendimento,"0,07%"
JSRE11,"R$ 0,53000000",30/06/2021,21/07/2021,Rendimento,"0,59%"
AFHI11,"R$ 0,90000000",15/07/2021,22/07/2021,Rendimento,"0,95%"
RZAK11,"R$ 1,03875800",15/07/2021,22/07/2021,Rendimento,"1,07%"
RZAT11,"R$ 0,90409804",15/07/2021,22/07/2021,Rendimento,"0,85%"
ALZR11,"R$ 0,06237883",16/07/2021,23/07/2021,Rendimento,"0,05%"
BPML11,"R$ 0,38000000",16/07/2021,23/07/2021,Rendimento,"0,44%"
BTLG11,"R$ 0,70000000",15/07/2021,23/07/2021,Rendimento,"0,61%"
SNFF11,"R$ 0,41000000",15/07/2021,23/07/2021,Rendimento,"0,41%"
XPML11,"R$ 0,52000000",16/07/2021,23/07/2021,Rendimento,"0,49%"
BTAL11,"R$ 0,66257188",20/07/2021,27/07/2021,Rendimento,"0,66%"
BCIA11,"R$ 0,64000000",30/06/2021,28/07/2021,Rendimento,"0,68%"
ARRI11,"R$ 0,08688823",30/07/2021,06/08/2021,Rendimento,"0,08%"
BRCO11,"R$ 0,57000000",30/07/2021,06/08/2021,Rendimento,"0,53%"
HSAF11,"R$ 0,85000000",30/07/2021,06/08/2021,Rendimento,"0,85%"
HSML11,"R$ 0,50000000",30/07/2021,06/08/2021,Rendimento,"0,58%"
LVBI11,"R$ 0,62201880",30/07/2021,06/08/2021,Rendimento,"0,58%"
PORD11,"R$ 0,09000000",30/07/2021,06/08/2021,Rendimento,"0,09%"
PVBI11,"R$ 0,59000000",30/07/2021,06/08/2021,Rendimento,"0,61%"
RZTR11,"R$ 0,90000000",30/07/2021,06/08/2021,Rendimento,"0,92%"
VGHF11,"R$ 0,12000000",30/07/2021,06/08/2021,Rendimento,"1,19%"
AIEC11,"R$ 0,61000000",31/07/2021,09/08/2021,Rendimento,"0,00%"
AIEC11,"R$ 0,61000000",30/07/2021,09/08/2021,Rendimento,"0,71%"
CACR11,"R$ 1,10000000",30/07/2021,09/08/2021,Rendimento,"1,02%"
GGRC11,"R$ 0,08200000",02/08/2021,09/08/2021,Rendimento,"0,07%"
PATL11,"R$ 0,57000000",30/07/2021,09/08/2021,Rendimento,"0,69%"
TGAR11,"R$ 1,08000000",30/07/2021,09/08/2021,Rendimento,"0,81%"
HABT11,"R$ 1,60000000",30/07/2021,12/08/2021,Rendimento,"1,23%"
KNCR11,"R$ 0,45000000",30/07/2021,12/08/2021,Rendimento,"0,48%"
KNHY11,"R$ 1,20000000",30/07/2021,12/08/2021,Rendimento,"1,11%"
KNIP11,"R$ 1,10000000",30/07/2021,12/08/2021,Rendimento,"1,00%"
KNSC11,"R$ 0,10000000",30/07/2021,12/08/2021,Rendimento,"0,10%"
VCJR11,"R$ 0,96000000",30/07/2021,12/08/2021,Rendimento,"0,98%"
BLMG11,"R$ 0,90000000",06/08/2021,13/08/2021,Rendimento,"0,90%"
BRCR11,"R$ 0,46000000",06/08/2021,13/08/2021,Rendimento,"0,58%"
BTCI11,"R$ 0,07777778",06/08/2021,13/08/2021,Rendimento,"0,09%"
BTLG11,"R$ 0,74000000",06/08/2021,13/08/2021,Rendimento,"0,67%"
DEVA11,"R$ 1,26000000",06/08/2021,13/08/2021,Rendimento,"1,20%"
FATN11,"R$ 0,67000000",05/08/2021,13/08/2021,Rendimento,"0,67%"
GARE11,"R$ 0,08400000",30/07/2021,13/08/2021,Rendimento,"0,08%"
GTWR11,"R$ 0,67000000",30/07/2021,13/08/2021,Rendimento,"0,67%"
HCTR11,"R$ 1,50000000",06/08/2021,13/08/2021,Rendimento,"1,18%"
HFOF11,"R$ 0,06000000",30/07/2021,13/08/2021,Rendimento,"0,06%"
HGBS11,"R$ 0,06500000",30/07/2021,13/08/2021,Rendimento,"0,03%"
HGCR11,"R$ 0,80000000",30/07/2021,13/08/2021,Rendimento,"0,75%"
HGLG11,"R$ 1,10000000",30/07/2021,13/08/2021,Rendimento,"0,65%"
HGRE11,"R$ 0,69000000",30/07/2021,13/08/2021,Rendimento,"0,49%"
HGRU11,"R$ 0,72000000",30/07/2021,13/08/2021,Rendimento,"0,60%"
HSLG11,"R$ 0,58000000",30/07/2021,13/08/2021,Rendimento,"0,56%"
KFOF11,"R$ 0,57000000",30/07/2021,13/08/2021,Rendimento,"0,63%"
KISU11,"R$ 0,06000000",30/07/2021,13/08/2021,Rendimento,"0,62%"
KNRI11,"R$ 0,69000000",30/07/2021,13/08/2021,Rendimento,"0,49%"
MFII11,"R$ 1,20000000",30/07/2021,13/08/2021,Rendimento,"1,02%"
MXRF11,"R$ 0,07000000",30/07/2021,13/08/2021,Rendimento,"0,68%"
OUJP11,"R$ 0,65000000",30/07/2021,13/08/2021,Rendimento,"0,66%"
PMLL11,"R$ 0,53000000",30/07/2021,13/08/2021,Rendimento,"0,54%"
RBFF11,"R$ 0,47000000",30/07/2021,13/08/2021,Rendimento,"0,73%"
RBRL11,"R$ 0,67000000",06/08/2021,13/08/2021,Rendimento,"0,63%"
RBRP11,"R$ 0,42000000",06/08/2021,13/08/2021,Rendimento,"0,53%"
RBRR11,"R$ 0,80000000",06/08/2021,13/08/2021,Rendimento,"0,80%"
RBRY11,"R$ 0,75000000",06/08/2021,13/08/2021,Rendimento,"0,73%"
RBVA11,"R$ 0,08500000",30/07/2021,13/08/2021,Rendimento,"0,07%"
RCRB11,"R$ 0,75000000",05/08/2021,13/08/2021,Rendimento,"0,50%"
RECR11,"R$ 1,10000000",06/08/2021,13/08/2021,Rendimento,"1,03%"
TEPP11,"R$ 0,03800000",30/07/2021,13/08/2021,Rendimento,"0,05%"
TRBL11,"R$ 0,62000000",30/07/2021,13/08/2021,Rendimento,"0,66%"
TRXF11,"R$ 0,70000000",30/07/2021,13/08/2021,Rendimento,"0,68%"
TVRI11,"R$ 1,08232990",30/07/2021,13/08/2021,Rendimento,"0,94%"
URPR11,"R$ 1,48000000",30/07/2021,13/08/2021,Rendimento,"1,18%"
VGIR11,"R$ 0,06500000",06/08/2021,13/08/2021,Rendimento,"0,07%"
VILG11,"R$ 0,61000000",30/07/2021,13/08/2021,Rendimento,"0,53%"
VINO11,"R$ 0,09200000",30/07/2021,13/08/2021,Rendimento,"0,15%"
VISC11,"R$ 0,50000000",30/07/2021,13/08/2021,Rendimento,"0,45%"
VRTA11,"R$ 1,07000000",30/07/2021,13/08/2021,Rendimento,"0,95%"
XPCI11,"R$ 0,93000000",30/07/2021,13/08/2021,Rendimento,"0,91%"
XPLG11,"R$ 0,62000000",30/07/2021,13/08/2021,Rendimento,"0,56%"
XPSF11,"R$ 0,07000000",30/07/2021,13/08/2021,Rendimento,"0,07%"
BCRI11,"R$ 1,02000000",30/07/2021,16/08/2021,Rendimento,"0,88%"
PCIP11,"R$ 0,85000000",09/08/2021,16/08/2021,Rendimento,"0,82%"
PSEC11,"R$ 0,75000000",09/08/2021,16/08/2021,Rendimento,"0,84%"
CPTS11,"R$ 0,10100000",11/08/2021,18/08/2021,Rendimento,"0,10%"
MCCI11,"R$ 1,00000000",11/08/2021,18/08/2021,Rendimento,"0,98%"
VGIP11,"R$ 1,20000000",11/08/2021,18/08/2021,Rendimento,"1,18%"
AFHI11,"R$ 0,90000000",13/08/2021,20/08/2021,Rendimento,"0,94%"
JSRE11,"R$ 0,53000000",30/07/2021,20/08/2021,Rendimento,"0,59%"
RZAK11,"R$ 0,80000000",13/08/2021,20/08/2021,Rendimento,"0,84%"
RZAT11,"R$ 0,81819148",13/08/2021,20/08/2021,Rendimento,"0,82%"
ALZR11,"R$ 0,07169786",18/08/2021,25/08/2021,Rendimento,"0,06%"
BPML11,"R$ 0,38088374",18/08/2021,25/08/2021,Rendimento,"0,47%"
BTAL11,"R$ 0,70000000",18/08/2021,25/08/2021,Rendimento,"0,72%"
SNFF11,"R$ 0,55000000",13/08/2021,25/08/2021,Rendimento,"0,58%"
XPML11,"R$ 0,60000000",18/08/2021,25/08/2021,Rendimento,"0,60%"
BCIA11,"R$ 0,64000000",30/07/2021,27/08/2021,Rendimento,"0,68%"
ARRI11,"R$ 0,09116437",31/08/2021,08/09/2021,Rendimento,"0,09%"
BRCO11,"R$ 0,57000000",31/08/2021,08/09/2021,Rendimento,"0,56%"
HSAF11,"R$ 0,82000000",31/08/2021,08/09/2021,Rendimento,"0,89%"
HSML11,"R$ 0,50000000",31/08/2021,08/09/2021,Rendimento,"0,62%"
LVBI11,"R$ 0,63000000",31/08/2021,08/09/2021,Rendimento,"0,62%"
PORD11,"R$ 0,08300000",31/08/2021,08/09/2021,Rendimento,"0,09%"
PVBI11,"R$ 0,56000000",31/08/2021,08/09/2021,Rendimento,"0,59%"
RZTR11,"R$ 0,90000000",31/08/2021,08/09/2021,Rendimento,"0,92%"
VGHF11,"R$ 0,12000000",31/08/2021,08/09/2021,Rendimento,"1,20%"
AIEC11,"R$ 0,61000000",31/08/2021,09/09/2021,Rendimento,"0,75%"
CACR11,"R$ 1,08000000",31/08/2021,09/09/2021,Rendimento,"1,02%"
GGRC11,"R$ 0,08200000",01/09/2021,09/09/2021,Rendimento,"0,07%"
PATL11,"R$ 0,57000000",31/08/2021,09/09/2021,Rendimento,"0,77%"
TGAR11,"R$ 1,10000000",31/08/2021,09/09/2021,Rendimento,"0,86%"
HABT11,"R$ 1,50000000",31/08/2021,10/09/2021,Rendimento,"1,20%"
KNCR11,"R$ 0,50000000",31/08/2021,14/09/2021,Rendimento,"0,53%"
KNHY11,"R$ 1,31000000",31/08/2021,14/09/2021,Rendimento,"1,21%"
KNIP11,"R$ 1,20000000",31/08/2021,14/09/2021,Rendimento,"1,12%"
KNSC11,"R$ 0,11500000",31/08/2021,14/09/2021,Rendimento,"0,12%"
VCJR11,"R$ 1,00000000",31/08/2021,14/09/2021,Rendimento,"1,06%"
BCRI11,"R$ 1,13000000",31/08/2021,15/09/2021,Rendimento,"1,03%"
BLMG11,"R$ 0,90000000",08/09/2021,15/09/2021,Rendimento,"0,93%"
BRCR11,"R$ 0,46000000",08/09/2021,15/09/2021,Rendimento,"0,63%"
BTCI11,"R$ 0,07777778",08/09/2021,15/09/2021,Rendimento,"0,09%"
DEVA11,"R$ 1,45000000",08/09/2021,15/09/2021,Rendimento,"1,39%"
FATN11,"R$ 0,67000000",06/09/2021,15/09/2021,Rendimento,"0,65%"
GARE11,"R$ 0,08400000",31/08/2021,15/09/2021,Rendimento,"0,08%"
GTWR11,"R$ 0,67000000",31/08/2021,15/09/2021,Rendimento,"0,71%"
HCTR11,"R$ 1,50000000",08/09/2021,15/09/2021,Rendimento,"1,23%"
HFOF11,"R$ 0,06000000",31/08/2021,15/09/2021,Rendimento,"0,07%"
HGBS11,"R$ 0,07500000",31/08/2021,15/09/2021,Rendimento,"0,04%"
HGCR11,"R$ 0,80000000",31/08/2021,15/09/2021,Rendimento,"0,77%"
HGLG11,"R$ 1,10000000",31/08/2021,15/09/2021,Rendimento,"0,67%"
HGRE11,"R$ 0,69000000",31/08/2021,15/09/2021,Rendimento,"0,52%"
HGRU11,"R$ 0,72000000",31/08/2021,15/09/2021,Rendimento,"0,62%"
HSLG11,"R$ 0,58000000",31/08/2021,15/09/2021,Rendimento,"0,61%"
KFOF11,"R$ 0,58000000",31/08/2021,15/09/2021,Rendimento,"0,69%"
KISU11,"R$ 0,06000000",31/08/2021,15/09/2021,Rendimento,"0,69%"
KNRI11,"R$ 0,73000000",31/08/2021,15/09/2021,Rendimento,"0,52%"
MFII11,"R$ 1,19000000",31/08/2021,15/09/2021,Rendimento,"1,04%"
MXRF11,"R$ 0,08000000",31/08/2021,15/09/2021,Rendimento,"0,80%"
OUJP11,"R$ 0,90000000",31/08/2021,15/09/2021,Rendimento,"1,00%"
PMLL11,"R$ 0,55000000",31/08/2021,15/09/2021,Rendimento,"0,57%"
RBFF11,"R$ 0,47000000",31/08/2021,15/09/2021,Rendimento,"0,77%"
RBRL11,"R$ 0,70000000",08/09/2021,15/09/2021,Rendimento,"0,69%"
RBRP11,"R$ 0,43000000",08/09/2021,15/09/2021,Rendimento,"0,57%"
RBVA11,"R$ 0,08500000",31/08/2021,15/09/2021,Rendimento,"0,08%"
RCRB11,"R$ 0,95000000",06/09/2021,15/09/2021,Rendimento,"0,67%"
RECR11,"R$ 1,10000000",08/09/2021,15/09/2021,Rendimento,"1,04%"
TEPP11,"R$ 0,04500000",31/08/2021,15/09/2021,Rendimento,"0,06%"
TRBL11,"R$ 0,62000000",31/08/2021,15/09/2021,Rendimento,"0,70%"
TRXF11,"R$ 0,70000000",31/08/2021,15/09/2021,Rendimento,"0,69%"
TVRI11,"R$ 0,82000000",31/08/2021,15/09/2021,Rendimento,"0,71%"
URPR11,"R$ 2,01000000",31/08/2021,15/09/2021,Rendimento,"1,68%"
VILG11,"R$ 0,63000000",31/08/2021,15/09/2021,Rendimento,"0,59%"
VINO11,"R$ 0,11600000",31/08/2021,15/09/2021,Rendimento,"0,19%"
VISC11,"R$ 0,55000000",31/08/2021,15/09/2021,Rendimento,"0,54%"
VRTA11,"R$ 1,02000000",31/08/2021,15/09/2021,Rendimento,"0,94%"
XPCI11,"R$ 0,87000000",31/08/2021,15/09/2021,Rendimento,"0,87%"
XPLG11,"R$ 0,62000000",31/08/2021,15/09/2021,Rendimento,"0,59%"
XPSF11,"R$ 0,07000000",31/08/2021,15/09/2021,Rendimento,"0,08%"
PCIP11,"R$ 1,00000000",09/09/2021,16/09/2021,Rendimento,"0,98%"
PSEC11,"R$ 0,75000000",09/09/2021,16/09/2021,Rendimento,"0,82%"
RBRR11,"R$ 0,80000000",10/09/2021,17/09/2021,Rendimento,"0,81%"
RBRY11,"R$ 0,75000000",10/09/2021,17/09/2021,Rendimento,"0,77%"
CPTS11,"R$ 0,09990000",13/09/2021,20/09/2021,Rendimento,"0,10%"
MCCI11,"R$ 1,00000000",13/09/2021,20/09/2021,Rendimento,"0,97%"
VGIP11,"R$ 0,91000000",13/09/2021,20/09/2021,Rendimento,"0,90%"
VGIR11,"R$ 0,06500000",13/09/2021,20/09/2021,Rendimento,"0,07%"
AFHI11,"R$ 1,00000000",15/09/2021,22/09/2021,Rendimento,"1,05%"
JSRE11,"R$ 0,53000000",31/08/2021,22/09/2021,Rendimento,"0,65%"
RZAK11,"R$ 0,60000000",15/09/2021,22/09/2021,Rendimento,"0,64%"
RZAT11,"R$ 0,92518454",15/09/2021,22/09/2021,Rendimento,"0,91%"
MCRE11,"R$ 0,13100000",16/09/2021,23/09/2021,Rendimento,"0,00%"
ALZR11,"R$ 0,06731747",17/09/2021,24/09/2021,Rendimento,"0,06%"
BPML11,"R$ 0,38000000",17/09/2021,24/09/2021,Rendimento,"0,44%"
BTLG11,"R$ 0,72000000",15/09/2021,24/09/2021,Rendimento,"0,68%"
SNFF11,"R$ 0,70000000",15/09/2021,24/09/2021,Rendimento,"0,74%"
XPML11,"R$ 0,57000000",17/09/2021,24/09/2021,Rendimento,"0,56%"
BTAL11,"R$ 0,79000000",20/09/2021,27/09/2021,Rendimento,"0,86%"
BCIA11,"R$ 0,64000000",31/08/2021,29/09/2021,Rendimento,"0,71%"
ARRI11,"R$ 0,11100000",30/09/2021,07/10/2021,Rendimento,"0,11%"
BRCO11,"R$ 0,57000000",30/09/2021,07/10/2021,Rendimento,"0,58%"
HSAF11,"R$ 1,00000000",30/09/2021,07/10/2021,Rendimento,"1,11%"
HSML11,"R$ 0,52000000",30/09/2021,07/10/2021,Rendimento,"0,65%"
LVBI11,"R$ 0,65000000",30/09/2021,07/10/2021,Rendimento,"0,64%"
PORD11,"R$ 0,09100000",30/09/2021,07/10/2021,Rendimento,"0,10%"
PVBI11,"R$ 0,56000000",30/09/2021,07/10/2021,Rendimento,"0,65%"
RZTR11,"R$ 0,95000000",30/09/2021,07/10/2021,Rendimento,"0,95%"
VGHF11,"R$ 0,13000000",30/09/2021,07/10/2021,Rendimento,"1,28%"
AIEC11,"R$ 0,61000000",30/09/2021,08/10/2021,Rendimento,"0,76%"
CACR11,"R$ 1,18000000",30/09/2021,08/10/2021,Rendimento,"1,13%"
GGRC11,"R$ 0,08000000",01/10/2021,08/10/2021,Rendimento,"0,07%"
PATL11,"R$ 0,57000000",30/09/2021,08/10/2021,Rendimento,"0,79%"
TGAR11,"R$ 1,11000000",30/09/2021,08/10/2021,Rendimento,"0,87%"
HABT11,"R$ 1,50000000",30/09/2021,11/10/2021,Rendimento,"1,32%"
KNCR11,"R$ 0,55000000",30/09/2021,14/10/2021,Rendimento,"0,57%"
KNHY11,"R$ 1,07000000",30/09/2021,14/10/2021,Rendimento,"0,99%"
KNIP11,"R$ 1,20000000",30/09/2021,14/10/2021,Rendimento,"1,15%"
KNSC11,"R$ 0,12400000",30/09/2021,14/10/2021,Rendimento,"0,12%"
VCJR11,"R$ 1,22000000",30/09/2021,14/10/2021,Rendimento,"1,28%"
BCRI11,"R$ 1,11000000",30/09/2021,15/10/2021,Rendimento,"1,01%"
BLMG11,"R$ 0,90000000",07/10/2021,15/10/2021,Rendimento,"0,92%"
BRCR11,"R$ 0,46000000",07/10/2021,15/10/2021,Rendimento,"0,64%"
BTCI11,"R$ 0,08333333",07/10/2021,15/10/2021,Rendimento,"0,10%"
CYCR11,"R$ 0,10000000",30/09/2021,15/10/2021,Rendimento,"0,00%"
DEVA11,"R$ 1,33000000",07/10/2021,15/10/2021,Rendimento,"1,29%"
FATN11,"R$ 0,75000000",05/10/2021,15/10/2021,Rendimento,"0,74%"
GARE11,"R$ 0,08400000",30/09/2021,15/10/2021,Rendimento,"0,08%"
GTWR11,"R$ 0,67000000",30/09/2021,15/10/2021,Rendimento,"0,74%"
HCTR11,"R$ 1,60000000",07/10/2021,15/10/2021,Rendimento,"1,29%"
HFOF11,"R$ 0,06000000",30/09/2021,15/10/2021,Rendimento,"0,07%"
HGBS11,"R$ 0,08500000",30/09/2021,15/10/2021,Rendimento,"0,05%"
HGCR11,"R$ 0,85000000",30/09/2021,15/10/2021,Rendimento,"0,79%"
HGLG11,"R$ 1,10000000",30/09/2021,15/10/2021,Rendimento,"0,67%"
HGRE11,"R$ 0,69000000",30/09/2021,15/10/2021,Rendimento,"0,53%"
HGRU11,"R$ 0,72000000",30/09/2021,15/10/2021,Rendimento,"0,64%"
HSLG11,"R$ 0,58000000",30/09/2021,15/10/2021,Rendimento,"0,65%"
KFOF11,"R$ 0,58000000",30/09/2021,15/10/2021,Rendimento,"0,72%"
KISU11,"R$ 0,06000000",30/09/2021,15/10/2021,Rendimento,"0,72%"
KNRI11,"R$ 0,77000000",30/09/2021,15/10/2021,Rendimento,"0,53%"
MFII11,"R$ 1,19000000",30/09/2021,15/10/2021,Rendimento,"1,03%"
MXRF11,"R$ 0,08000000",30/09/2021,15/10/2021,Rendimento,"0,79%"
OUJP11,"R$ 0,90000000",30/09/2021,15/10/2021,Rendimento,"1,02%"
PMLL11,"R$ 0,57000000",30/09/2021,15/10/2021,Rendimento,"0,61%"
RBFF11,"R$ 0,47000000",30/09/2021,15/10/2021,Rendimento,"0,78%"
RBRL11,"R$ 0,75000000",07/10/2021,15/10/2021,Rendimento,"0,77%"
RBRP11,"R$ 0,45000000",07/10/2021,15/10/2021,Rendimento,"0,60%"
RBVA11,"R$ 0,08700000",30/09/2021,15/10/2021,Rendimento,"0,08%"
RCRB11,"R$ 0,95000000",06/10/2021,15/10/2021,Rendimento,"0,64%"
RECR11,"R$ 1,08590000",07/10/2021,15/10/2021,Rendimento,"1,07%"
TEPP11,"R$ 0,04800000",30/09/2021,15/10/2021,Rendimento,"0,06%"
TRBL11,"R$ 0,72000000",30/09/2021,15/10/2021,Rendimento,"0,80%"
TRXF11,"R$ 0,72000000",30/09/2021,15/10/2021,Rendimento,"0,71%"
TVRI11,"R$ 0,82000000",30/09/2021,15/10/2021,Rendimento,"0,84%"
URPR11,"R$ 2,17000000",30/09/2021,15/10/2021,Rendimento,"1,77%"
VILG11,"R$ 0,64000000",30/09/2021,15/10/2021,Rendimento,"0,61%"
VINO11,"R$ 0,13000000",30/09/2021,15/10/2021,Rendimento,"0,21%"
VISC11,"R$ 0,58000000",30/09/2021,15/10/2021,Rendimento,"0,57%"
VRTA11,"R$ 1,10000000",30/09/2021,15/10/2021,Rendimento,"1,01%"
XPCI11,"R$ 1,00000000",30/09/2021,15/10/2021,Rendimento,"1,03%"
XPLG11,"R$ 0,62000000",30/09/2021,15/10/2021,Rendimento,"0,61%"
XPSF11,"R$ 0,07000000",30/09/2021,15/10/2021,Rendimento,"0,09%"
PCIP11,"R$ 1,23000000",08/10/2021,18/10/2021,Rendimento,"1,20%"
PSEC11,"R$ 0,75000000",08/10/2021,18/10/2021,Rendimento,"0,85%"
RBRR11,"R$ 0,90000000",11/10/2021,19/10/2021,Rendimento,"0,91%"
RBRY11,"R$ 0,90000000",11/10/2021,19/10/2021,Rendimento,"0,87%"
CPTS11,"R$ 0,10000000",13/10/2021,20/10/2021,Rendimento,"0,10%"
MCCI11,"R$ 1,00000000",13/10/2021,20/10/2021,Rendimento,"0,99%"
VGIP11,"R$ 1,30000000",13/10/2021,20/10/2021,Rendimento,"1,29%"
VGIR11,"R$ 0,06500000",13/10/2021,20/10/2021,Rendimento,"0,07%"
AFHI11,"R$ 1,05000000",15/10/2021,22/10/2021,Rendimento,"1,10%"
JSRE11,"R$ 0,53000000",30/09/2021,22/10/2021,Rendimento,"0,66%"
RZAK11,"R$ 0,75000000",15/10/2021,22/10/2021,Rendimento,"0,83%"
RZAT11,"R$ 1,12287415",15/10/2021,22/10/2021,Rendimento,"1,10%"
ALZR11,"R$ 0,06197142",18/10/2021,25/10/2021,Rendimento,"0,05%"
BPML11,"R$ 0,38000000",18/10/2021,25/10/2021,Rendimento,"0,46%"
BTLG11,"R$ 0,72000000",15/10/2021,25/10/2021,Rendimento,"0,67%"
MCRE11,"R$ 0,13000000",18/10/2021,25/10/2021,Rendimento,"0,00%"
SNCI11,"R$ 0,78000000",15/10/2021,25/10/2021,Rendimento,"0,74%"
SNFF11,"R$ 0,70000000",15/10/2021,25/10/2021,Rendimento,"0,73%"
XPML11,"R$ 0,57000000",18/10/2021,25/10/2021,Rendimento,"0,55%"
BTAL11,"R$ 0,80000000",20/10/2021,27/10/2021,Rendimento,"0,81%"
BCIA11,"R$ 0,64000000",30/09/2021,29/10/2021,Rendimento,"0,74%"
AIEC11,"R$ 0,61000000",29/10/2021,08/11/2021,Rendimento,"0,83%"
ARRI11,"R$ 0,14100000",29/10/2021,08/11/2021,Rendimento,"0,15%"
BRCO11,"R$ 0,57000000",29/10/2021,08/11/2021,Rendimento,"0,60%"
HSAF11,"R$ 1,05000000",29/10/2021,08/11/2021,Rendimento,"1,15%"
HSML11,"R$ 0,52000000",29/10/2021,08/11/2021,Rendimento,"0,67%"
LVBI11,"R$ 0,67000000",29/10/2021,08/11/2021,Rendimento,"0,68%"
PORD11,"R$ 0,09300000",29/10/2021,08/11/2021,Rendimento,"0,10%"
PVBI11,"R$ 0,56000000",29/10/2021,08/11/2021,Rendimento,"0,64%"
RZTR11,"R$ 0,95000000",29/10/2021,08/11/2021,Rendimento,"0,98%"
VGHF11,"R$ 0,15000000",29/10/2021,08/11/2021,Rendimento,"1,51%"
CACR11,"R$ 1,30000000",29/10/2021,09/11/2021,Rendimento,"1,23%"
GGRC11,"R$ 0,08000000",01/11/2021,09/11/2021,Rendimento,"0,07%"
PATL11,"R$ 0,57000000",29/10/2021,09/11/2021,Rendimento,"0,86%"
TGAR11,"R$ 1,20000000",29/10/2021,09/11/2021,Rendimento,"0,97%"
HABT11,"R$ 1,50000000",29/10/2021,12/11/2021,Rendimento,"1,28%"
KNCR11,"R$ 0,56000000",29/10/2021,12/11/2021,Rendimento,"0,57%"
KNHY11,"R$ 1,35000000",29/10/2021,12/11/2021,Rendimento,"1,29%"
KNIP11,"R$ 1,40000000",29/10/2021,12/11/2021,Rendimento,"1,36%"
KNSC11,"R$ 0,13000000",29/10/2021,12/11/2021,Rendimento,"0,13%"
RBFF11,"R$ 0,47000000",29/10/2021,12/11/2021,Rendimento,"0,83%"
RBVA11,"R$ 0,09900000",29/10/2021,12/11/2021,Rendimento,"0,10%"
RCRB11,"R$ 0,95000000",04/11/2021,12/11/2021,Rendimento,"0,66%"
TRBL11,"R$ 0,76000000",29/10/2021,12/11/2021,Rendimento,"0,89%"
VCJR11,"R$ 1,19000000",29/10/2021,12/11/2021,Rendimento,"1,24%"
VRTA11,"R$ 1,20000000",29/10/2021,12/11/2021,Rendimento,"1,11%"
BCRI11,"R$ 1,13000000",29/10/2021,16/11/2021,Rendimento,"1,05%"
BLMG11,"R$ 0,90000000",08/11/2021,16/11/2021,Rendimento,"0,95%"
BRCR11,"R$ 0,46000000",08/11/2021,16/11/2021,Rendimento,"0,71%"
BTCI11,"R$ 0,09111111",08/11/2021,16/11/2021,Rendimento,"0,11%"
CYCR11,"R$ 0,11000000",29/10/2021,16/11/2021,Rendimento,"0,00%"
DEVA11,"R$ 1,40000000",08/11/2021,16/11/2021,Rendimento,"1,36%"
FATN11,"R$ 0,74000000",05/11/2021,16/11/2021,Rendimento,"0,00%"
GARE11,"R$ 0,08400000",29/10/2021,16/11/2021,Rendimento,"0,08%"
GTWR11,"R$ 0,67000000",29/10/2021,16/11/2021,Rendimento,"0,86%"
HCTR11,"R$ 1,60000000",08/11/2021,16/11/2021,Rendimento,"1,31%"
HFOF11,"R$ 0,06000000",29/10/2021,16/11/2021,Rendimento,"0,07%"
HGBS11,"R$ 0,09000000",29/10/2021,16/11/2021,Rendimento,"0,05%"
HGCR11,"R$ 0,90000000",29/10/2021,16/11/2021,Rendimento,"0,85%"
HGLG11,"R$ 1,10000000",29/10/2021,16/11/2021,Rendimento,"0,66%"
HGRE11,"R$ 0,69000000",29/10/2021,16/11/2021,Rendimento,"0,55%"
HGRU11,"R$ 0,72000000",29/10/2021,16/11/2021,Rendimento,"0,64%"
HSLG11,"R$ 0,58000000",29/10/2021,16/11/2021,Rendimento,"0,68%"
KFOF11,"R$ 0,58000000",29/10/2021,16/11/2021,Rendimento,"0,71%"
KISU11,"R$ 0,06000000",29/10/2021,16/11/2021,Rendimento,"0,80%"
KNRI11,"R$ 0,77000000",29/10/2021,16/11/2021,Rendimento,"0,57%"
MFII11,"R$ 1,24000000",29/10/2021,16/11/2021,Rendimento,"1,09%"
MXRF11,"R$ 0,09000000",29/10/2021,16/11/2021,Rendimento,"0,90%"
OUJP11,"R$ 0,93000000",29/10/2021,16/11/2021,Rendimento,"1,04%"
PMLL11,"R$ 0,60000000",29/10/2021,16/11/2021,Rendimento,"0,65%"
RBRL11,"R$ 0,76000000",08/11/2021,16/11/2021,Rendimento,"0,85%"
RBRP11,"R$ 0,46000000",08/11/2021,16/11/2021,Rendimento,"0,67%"
RECR11,"R$ 1,08060000",08/11/2021,16/11/2021,Rendimento,"1,07%"
TEPP11,"R$ 0,04800000",29/10/2021,16/11/2021,Rendimento,"0,07%"
TRXF11,"R$ 0,77000000",29/10/2021,16/11/2021,Rendimento,"0,77%"
TVRI11,"R$ 0,87000000",29/10/2021,16/11/2021,Rendimento,"0,96%"
URPR11,"R$ 1,37000000",29/10/2021,16/11/2021,Rendimento,"1,15%"
VILG11,"R$ 0,64000000",29/10/2021,16/11/2021,Rendimento,"0,63%"
VINO11,"R$ 0,10800000",29/10/2021,16/11/2021,Rendimento,"0,18%"
VISC11,"R$ 0,62000000",29/10/2021,16/11/2021,Rendimento,"0,62%"
XPCI11,"R$ 1,00000000",29/10/2021,16/11/2021,Rendimento,"1,03%"
XPLG11,"R$ 0,64000000",29/10/2021,16/11/2021,Rendimento,"0,65%"
XPSF11,"R$ 0,07000000",29/10/2021,16/11/2021,Rendimento,"0,09%"
PCIP11,"R$ 1,12000000",09/11/2021,17/11/2021,Rendimento,"1,11%"
PSEC11,"R$ 0,75000000",09/11/2021,17/11/2021,Rendimento,"0,99%"
RBRR11,"R$ 0,90000000",10/11/2021,18/11/2021,Rendimento,"0,93%"
RBRY11,"R$ 1,00000000",10/11/2021,18/11/2021,Rendimento,"0,98%"
CPTS11,"R$ 0,10100000",11/11/2021,19/11/2021,Rendimento,"0,10%"
MCCI11,"R$ 1,00000000",11/11/2021,19/11/2021,Rendimento,"1,00%"
VGIP11,"R$ 1,25000000",11/11/2021,19/11/2021,Rendimento,"1,26%"
VGIR11,"R$ 0,06800000",11/11/2021,19/11/2021,Rendimento,"0,07%"
AFHI11,"R$ 1,20000000",16/11/2021,23/11/2021,Rendimento,"1,23%"
JSRE11,"R$ 0,53000000",29/10/2021,23/11/2021,Rendimento,"0,72%"
RZAK11,"R$ 1,00000000",16/11/2021,23/11/2021,Rendimento,"1,16%"
RZAT11,"R$ 1,43823955",16/11/2021,23/11/2021,Rendimento,"1,41%"
MCRE11,"R$ 0,13000000",17/11/2021,24/11/2021,Rendimento,"0,11%"
ALZR11,"R$ 0,06377423",18/11/2021,25/11/2021,Rendimento,"0,06%"
BPML11,"R$ 0,30000000",18/11/2021,25/11/2021,Rendimento,"0,38%"
BTLG11,"R$ 0,72000000",12/11/2021,25/11/2021,Rendimento,"0,70%"
SNCI11,"R$ 1,15000000",12/11/2021,25/11/2021,Rendimento,"1,14%"
SNFF11,"R$ 0,62000000",12/11/2021,25/11/2021,Rendimento,"0,69%"
XPML11,"R$ 0,50000000",18/11/2021,25/11/2021,Rendimento,"0,53%"
BTAL11,"R$ 0,80000000",19/11/2021,26/11/2021,Rendimento,"0,87%"
BCIA11,"R$ 0,64000000",29/10/2021,30/11/2021,Rendimento,"0,77%"
ARRI11,"R$ 0,14700000",30/11/2021,07/12/2021,Rendimento,"0,16%"
BRCO11,"R$ 0,60000000",30/11/2021,07/12/2021,Rendimento,"0,70%"
HSAF11,"R$ 1,05000000",30/11/2021,07/12/2021,Rendimento,"1,17%"
HSML11,"R$ 0,52000000",30/11/2021,07/12/2021,Rendimento,"0,74%"
LVBI11,"R$ 0,70000000",30/11/2021,07/12/2021,Rendimento,"0,81%"
PORD11,"R$ 0,11100000",30/11/2021,07/12/2021,Rendimento,"0,12%"
PVBI11,"R$ 0,54000000",30/11/2021,07/12/2021,Rendimento,"0,64%"
RZTR11,"R$ 1,25000000",30/11/2021,07/12/2021,Rendimento,"1,30%"
VGHF11,"R$ 0,15000000",30/11/2021,07/12/2021,Rendimento,"1,50%"
AIEC11,"R$ 0,61000000",30/11/2021,08/12/2021,Rendimento,"0,88%"
CACR11,"R$ 1,51000000",30/11/2021,08/12/2021,Rendimento,"1,46%"
GGRC11,"R$ 0,08000000",01/12/2021,08/12/2021,Rendimento,"0,08%"
PATL11,"R$ 0,57000000",30/11/2021,08/12/2021,Rendimento,"0,90%"
TGAR11,"R$ 1,22000000",30/11/2021,08/12/2021,Rendimento,"1,06%"
PVBI11,"R$ 0,02000000",02/12/2021,09/12/2021,Rendimento,"0,02%"
HABT11,"R$ 1,50000000",30/11/2021,10/12/2021,Rendimento,"1,35%"
KNCR11,"R$ 0,65000000",30/11/2021,13/12/2021,Rendimento,"0,66%"
KNHY11,"R$ 1,51000000",30/11/2021,13/12/2021,Rendimento,"1,43%"
KNIP11,"R$ 1,50000000",30/11/2021,13/12/2021,Rendimento,"1,46%"
KNSC11,"R$ 0,14000000",30/11/2021,13/12/2021,Rendimento,"0,14%"
VCJR11,"R$ 1,45000000",30/11/2021,13/12/2021,Rendimento,"1,51%"
BLMG11,"R$ 0,90000000",07/12/2021,14/12/2021,Rendimento,"0,95%"
BRCR11,"R$ 0,50000000",07/12/2021,14/12/2021,Rendimento,"0,72%"
BTCI11,"R$ 0,10222222",07/12/2021,14/12/2021,Rendimento,"0,12%"
CYCR11,"R$ 0,15000000",30/11/2021,14/12/2021,Rendimento,"0,15%"
DEVA11,"R$ 1,42000000",07/12/2021,14/12/2021,Rendimento,"1,42%"
FATN11,"R$ 0,71000000",06/12/2021,14/12/2021,Rendimento,"0,69%"
GARE11,"R$ 0,08400000",30/11/2021,14/12/2021,Rendimento,"0,08%"
GTWR11,"R$ 0,67000000",30/11/2021,14/12/2021,Rendimento,"0,93%"
HCTR11,"R$ 1,60000000",07/12/2021,14/12/2021,Rendimento,"1,31%"
HFOF11,"R$ 0,06000000",30/11/2021,14/12/2021,Rendimento,"0,08%"
HGBS11,"R$ 0,10500000",30/11/2021,14/12/2021,Rendimento,"0,07%"
HGCR11,"R$ 0,95000000",30/11/2021,14/12/2021,Rendimento,"0,93%"
HGLG11,"R$ 1,10000000",30/11/2021,14/12/2021,Rendimento,"0,69%"
HGRE11,"R$ 0,69000000",30/11/2021,14/12/2021,Rendimento,"0,58%"
HGRU11,"R$ 0,72000000",30/11/2021,14/12/2021,Rendimento,"0,67%"
HSLG11,"R$ 0,58000000",30/11/2021,14/12/2021,Rendimento,"0,73%"
JSAF11,"R$ 0,06200000",30/11/2021,14/12/2021,Rendimento,"0,06%"
KFOF11,"R$ 0,48000000",30/11/2021,14/12/2021,Rendimento,"0,70%"
KISU11,"R$ 0,06000000",30/11/2021,14/12/2021,Rendimento,"0,80%"
KNRI11,"R$ 0,77000000",30/11/2021,14/12/2021,Rendimento,"0,60%"
MFII11,"R$ 1,24000000",30/11/2021,14/12/2021,Rendimento,"1,18%"
MXRF11,"R$ 0,08000000",30/11/2021,14/12/2021,Rendimento,"0,80%"
OUJP11,"R$ 1,00000000",30/11/2021,14/12/2021,Rendimento,"1,19%"
PMLL11,"R$ 0,62000000",30/11/2021,14/12/2021,Rendimento,"0,74%"
RBRL11,"R$ 0,80000000",07/12/2021,14/12/2021,Rendimento,"0,91%"
RBRP11,"R$ 0,46000000",07/12/2021,14/12/2021,Rendimento,"0,61%"
RECR11,"R$ 1,18120000",07/12/2021,14/12/2021,Rendimento,"1,20%"
TEPP11,"R$ 0,04800000",30/11/2021,14/12/2021,Rendimento,"0,07%"
TRXF11,"R$ 0,80000000",30/11/2021,14/12/2021,Rendimento,"0,82%"
TVRI11,"R$ 0,87000000",30/11/2021,14/12/2021,Rendimento,"0,99%"
URPR11,"R$ 1,86900000",30/11/2021,14/12/2021,Rendimento,"1,78%"
VILG11,"R$ 0,64000000",30/11/2021,14/12/2021,Rendimento,"0,73%"
VINO11,"R$ 0,11000000",30/11/2021,14/12/2021,Rendimento,"0,20%"
VISC11,"R$ 0,61000000",30/11/2021,14/12/2021,Rendimento,"0,64%"
XPCI11,"R$ 0,92000000",30/11/2021,14/12/2021,Rendimento,"1,01%"
XPLG11,"R$ 0,64000000",30/11/2021,14/12/2021,Rendimento,"0,70%"
XPSF11,"R$ 0,07000000",30/11/2021,14/12/2021,Rendimento,"0,10%"
BCRI11,"R$ 1,15000000",30/11/2021,15/12/2021,Rendimento,"1,11%"
PCIP11,"R$ 1,12000000",08/12/2021,15/12/2021,Rendimento,"1,11%"
PSEC11,"R$ 0,75000000",08/12/2021,15/12/2021,Rendimento,"0,91%"
RBFF11,"R$ 0,47000000",30/11/2021,15/12/2021,Rendimento,"0,90%"
RBVA11,"R$ 0,09100000",30/11/2021,15/12/2021,Rendimento,"0,09%"
RCRB11,"R$ 0,95000000",07/12/2021,15/12/2021,Rendimento,"0,67%"
TRBL11,"R$ 0,76000000",30/11/2021,15/12/2021,Rendimento,"0,89%"
VRTA11,"R$ 1,25000000",30/11/2021,15/12/2021,Rendimento,"1,23%"
RBRR11,"R$ 0,90000000",09/12/2021,16/12/2021,Rendimento,"0,93%"
RBRY11,"R$ 1,12000000",09/12/2021,16/12/2021,Rendimento,"1,09%"
CPTS11,"R$ 0,10000000",10/12/2021,17/12/2021,Rendimento,"0,10%"
MCCI11,"R$ 1,00000000",10/12/2021,17/12/2021,Rendimento,"0,98%"
VGIP11,"R$ 1,55000000",10/12/2021,17/12/2021,Rendimento,"1,57%"
VGIR11,"R$ 0,08000000",10/12/2021,17/12/2021,Rendimento,"0,08%"
AFHI11,"R$ 1,25000000",14/12/2021,21/12/2021,Rendimento,"1,27%"
JSRE11,"R$ 0,53000000",30/11/2021,21/12/2021,Rendimento,"0,76%"
RZAK11,"R$ 1,10000000",14/12/2021,21/12/2021,Rendimento,"1,28%"
RZAT11,"R$ 1,74086254",14/12/2021,21/12/2021,Rendimento,"1,66%"
MCRE11,"R$ 0,13000000",15/12/2021,22/12/2021,Rendimento,"0,00%"
ALZR11,"R$ 0,06525538",16/12/2021,23/12/2021,Rendimento,"0,06%"
BPML11,"R$ 0,30000000",16/12/2021,23/12/2021,Rendimento,"0,41%"
BTLG11,"R$ 0,72000000",15/12/2021,23/12/2021,Rendimento,"0,69%"
SNCI11,"R$ 1,20000000",15/12/2021,23/12/2021,Rendimento,"1,19%"
SNFF11,"R$ 0,70000000",15/12/2021,23/12/2021,Rendimento,"0,76%"
XPML11,"R$ 0,55000000",16/12/2021,23/12/2021,Rendimento,"0,58%"
BTAL11,"R$ 0,80000000",17/12/2021,27/12/2021,Rendimento,"0,84%"
BCIA11,"R$ 0,64000000",30/11/2021,28/12/2021,Rendimento,"0,80%"
ARRI11,"R$ 0,17500000",30/12/2021,07/01/2022,Rendimento,"0,18%"
BRCO11,"R$ 0,63000000",30/12/2021,07/01/2022,Rendimento,"0,61%"
HSAF11,"R$ 1,00000000",30/12/2021,07/01/2022,Rendimento,"1,06%"
HSML11,"R$ 0,52000000",30/12/2021,07/01/2022,Rendimento,"0,64%"
LVBI11,"R$ 0,71000000",30/12/2021,07/01/2022,Rendimento,"0,69%"
PORD11,"R$ 0,10784108",30/12/2021,07/01/2022,Rendimento,"0,11%"
PVBI11,"R$ 0,56000000",30/12/2021,07/01/2022,Rendimento,"0,59%"
RZTR11,"R$ 1,25000000",30/12/2021,07/01/2022,Rendimento,"1,23%"
VGHF11,"R$ 0,18000000",30/12/2021,07/01/2022,Rendimento,"1,80%"
AIEC11,"R$ 0,61000000",30/12/2021,10/01/2022,Rendimento,"0,83%"
CACR11,"R$ 1,59000000",30/12/2021,10/01/2022,Rendimento,"1,43%"
GGRC11,"R$ 0,08200000",03/01/2022,10/01/2022,Rendimento,"0,07%"
PATL11,"R$ 0,57000000",30/12/2021,10/01/2022,Rendimento,"0,76%"
TGAR11,"R$ 1,23000000",30/12/2021,10/01/2022,Rendimento,"1,01%"
HABT11,"R$ 1,30000000",30/12/2021,12/01/2022,Rendimento,"1,18%"
KNCR11,"R$ 0,82000000",30/12/2021,13/01/2022,Rendimento,"0,80%"
KNHY11,"R$ 1,50000000",30/12/2021,13/01/2022,Rendimento,"1,37%"
KNIP11,"R$ 1,50000000",30/12/2021,13/01/2022,Rendimento,"1,43%"
KNSC11,"R$ 0,14500000",30/12/2021,13/01/2022,Rendimento,"0,14%"
VCJR11,"R$ 1,55000000",30/12/2021,13/01/2022,Rendimento,"1,57%"
BCRI11,"R$ 1,35000000",30/12/2021,14/01/2022,Rendimento,"1,25%"
BLMG11,"R$ 0,90000000",07/01/2022,14/01/2022,Rendimento,"0,96%"
BRCR11,"R$ 0,50000000",07/01/2022,14/01/2022,Rendimento,"0,70%"
BTCI11,"R$ 0,10383790",07/01/2022,14/01/2022,Rendimento,"0,12%"
CYCR11,"R$ 0,17402775",30/12/2021,14/01/2022,Rendimento,"0,17%"
DEVA11,"R$ 1,35000000",07/01/2022,14/01/2022,Rendimento,"1,31%"
FATN11,"R$ 0,79000000",06/01/2022,14/01/2022,Rendimento,"0,80%"
GARE11,"R$ 0,08400000",30/12/2021,14/01/2022,Rendimento,"0,08%"
GTWR11,"R$ 0,74000000",30/12/2021,14/01/2022,Rendimento,"0,85%"
HCTR11,"R$ 1,60000000",07/01/2022,14/01/2022,Rendimento,"1,26%"
HFOF11,"R$ 0,06000000",30/12/2021,14/01/2022,Rendimento,"0,07%"
HGBS11,"R$ 0,11000000",30/12/2021,14/01/2022,Rendimento,"0,06%"
HGCR11,"R$ 1,25000000",30/12/2021,14/01/2022,Rendimento,"1,18%"
HGLG11,"R$ 1,75000000",30/12/2021,14/01/2022,Rendimento,"1,03%"
HGRE11,"R$ 2,75000000",30/12/2021,14/01/2022,Rendimento,"2,02%"
HGRU11,"R$ 0,76000000",30/12/2021,14/01/2022,Rendimento,"0,64%"
HSLG11,"R$ 0,58000000",30/12/2021,14/01/2022,Rendimento,"0,58%"
JSAF11,"R$ 0,07900000",30/12/2021,14/01/2022,Rendimento,"0,08%"
KFOF11,"R$ 0,61000000",30/12/2021,14/01/2022,Rendimento,"0,79%"
KISU11,"R$ 0,07000000",30/12/2021,14/01/2022,Rendimento,"0,87%"
KNRI11,"R$ 0,88000000",30/12/2021,14/01/2022,Rendimento,"0,62%"
MFII11,"R$ 1,25000000",30/12/2021,14/01/2022,Rendimento,"1,11%"
MXRF11,"R$ 0,09000000",30/12/2021,14/01/2022,Rendimento,"0,90%"
OUJP11,"R$ 0,95000000",30/12/2021,14/01/2022,Rendimento,"1,03%"
PMLL11,"R$ 0,65000000",30/12/2021,14/01/2022,Rendimento,"0,67%"
RBFF11,"R$ 0,47000000",30/12/2021,14/01/2022,Rendimento,"0,82%"
RBRL11,"R$ 0,84800000",07/01/2022,14/01/2022,Rendimento,"0,90%"
RBRP11,"R$ 0,46000000",07/01/2022,14/01/2022,Rendimento,"0,65%"
RBVA11,"R$ 0,09100000",30/12/2021,14/01/2022,Rendimento,"0,09%"
RCRB11,"R$ 0,55000000",06/01/2022,14/01/2022,Rendimento,"0,42%"
RECR11,"R$ 1,45580000",07/01/2022,14/01/2022,Rendimento,"1,44%"
TEPP11,"R$ 0,05100000",30/12/2021,14/01/2022,Rendimento,"0,07%"
TRBL11,"R$ 0,76000000",30/12/2021,14/01/2022,Rendimento,"0,83%"
TRXF11,"R$ 0,90000000",30/12/2021,14/01/2022,Rendimento,"0,89%"
TVRI11,"R$ 0,90000000",30/12/2021,14/01/2022,Rendimento,"0,95%"
URPR11,"R$ 1,67000000",30/12/2021,14/01/2022,Rendimento,"1,45%"
VILG11,"R$ 0,70000000",30/12/2021,14/01/2022,Rendimento,"0,66%"
VINO11,"R$ 0,10000000",30/12/2021,14/01/2022,Rendimento,"0,18%"
VISC11,"R$ 0,81000000",30/12/2021,14/01/2022,Rendimento,"0,78%"
VRTA11,"R$ 1,19255308",30/12/2021,14/01/2022,Rendimento,"1,14%"
XPCI11,"R$ 0,97000000",30/12/2021,14/01/2022,Rendimento,"1,00%"
XPLG11,"R$ 0,64000000",30/12/2021,14/01/2022,Rendimento,"0,63%"
XPSF11,"R$ 0,07000000",30/12/2021,14/01/2022,Rendimento,"0,08%"
PCIP11,"R$ 1,12000000",10/01/2022,17/01/2022,Rendimento,"1,09%"
PSEC11,"R$ 0,75000000",10/01/2022,17/01/2022,Rendimento,"0,90%"
RBRR11,"R$ 1,07000000",11/01/2022,18/01/2022,Rendimento,"1,08%"
RBRY11,"R$ 1,34000000",11/01/2022,18/01/2022,Rendimento,"1,28%"
CPTS11,"R$ 0,11000000",12/01/2022,19/01/2022,Rendimento,"0,11%"
MCCI11,"R$ 1,00000000",12/01/2022,19/01/2022,Rendimento,"0,97%"
VGIP11,"R$ 1,65000000",12/01/2022,19/01/2022,Rendimento,"1,60%"
VGIR11,"R$ 0,09200000",12/01/2022,19/01/2022,Rendimento,"0,09%"
AFHI11,"R$ 1,30000000",14/01/2022,21/01/2022,Rendimento,"1,29%"
JSRE11,"R$ 0,53000000",30/12/2021,21/01/2022,Rendimento,"0,64%"
RZAK11,"R$ 1,32380534",14/01/2022,21/01/2022,Rendimento,"1,41%"
RZAT11,"R$ 1,70215317",14/01/2022,21/01/2022,Rendimento,"1,58%"
MCRE11,"R$ 0,13000000",17/01/2022,24/01/2022,Rendimento,"0,11%"
ALZR11,"R$ 0,07486157",18/01/2022,25/01/2022,Rendimento,"0,07%"
BPML11,"R$ 0,35412462",18/01/2022,25/01/2022,Rendimento,"0,49%"
BTLG11,"R$ 0,72000000",14/01/2022,25/01/2022,Rendimento,"0,68%"
SNCI11,"R$ 1,20000000",14/01/2022,25/01/2022,Rendimento,"1,16%"
SNFF11,"R$ 0,65000000",14/01/2022,25/01/2022,Rendimento,"0,71%"
XPML11,"R$ 0,85000000",18/01/2022,25/01/2022,Rendimento,"0,89%"
BTAL11,"R$ 0,83000000",19/01/2022,26/01/2022,Rendimento,"0,87%"
BCIA11,"R$ 0,64000000",30/12/2021,28/01/2022,Rendimento,"0,74%"
ARRI11,"R$ 0,13100000",31/01/2022,07/02/2022,Rendimento,"0,13%"
BRCO11,"R$ 0,63000000",31/01/2022,07/02/2022,Rendimento,"0,64%"
HABT11,"R$ 1,20000000",31/01/2022,07/02/2022,Rendimento,"1,09%"
HCTR11,"R$ 1,60000000",31/01/2022,07/02/2022,Rendimento,"1,27%"
HSAF11,"R$ 1,10000000",31/01/2022,07/02/2022,Rendimento,"1,16%"
HSML11,"R$ 0,55000000",31/01/2022,07/02/2022,Rendimento,"0,72%"
LVBI11,"R$ 0,71483663",31/01/2022,07/02/2022,Rendimento,"0,72%"
PORD11,"R$ 0,11700000",31/01/2022,07/02/2022,Rendimento,"0,12%"
PVBI11,"R$ 0,56000000",31/01/2022,07/02/2022,Rendimento,"0,63%"
RZTR11,"R$ 1,25000000",31/01/2022,07/02/2022,Rendimento,"1,20%"
VGHF11,"R$ 0,16000000",31/01/2022,07/02/2022,Rendimento,"1,56%"
AIEC11,"R$ 0,61000000",31/01/2022,08/02/2022,Rendimento,"0,78%"
CACR11,"R$ 1,50000000",31/01/2022,08/02/2022,Rendimento,"1,40%"
GGRC11,"R$ 0,08700000",01/02/2022,08/02/2022,Rendimento,"0,07%"
PATL11,"R$ 0,58000000",31/01/2022,08/02/2022,Rendimento,"0,78%"
TGAR11,"R$ 1,16000000",31/01/2022,08/02/2022,Rendimento,"0,94%"
KNCR11,"R$ 0,82000000",31/01/2022,11/02/2022,Rendimento,"0,80%"
KNHY11,"R$ 1,30000000",31/01/2022,11/02/2022,Rendimento,"1,22%"
KNIP11,"R$ 1,36000000",31/01/2022,11/02/2022,Rendimento,"1,31%"
KNSC11,"R$ 0,12500000",31/01/2022,11/02/2022,Rendimento,"0,13%"
VCJR11,"R$ 1,25000000",31/01/2022,11/02/2022,Rendimento,"1,28%"
BLMG11,"R$ 0,80000000",07/02/2022,14/02/2022,Rendimento,"0,84%"
BRCR11,"R$ 0,50000000",07/02/2022,14/02/2022,Rendimento,"0,71%"
BTCI11,"R$ 0,10555556",07/02/2022,14/02/2022,Rendimento,"0,12%"
CYCR11,"R$ 0,11500000",31/01/2022,14/02/2022,Rendimento,"0,12%"
DEVA11,"R$ 1,25000000",07/02/2022,14/02/2022,Rendimento,"1,21%"
FATN11,"R$ 0,76000000",04/02/2022,14/02/2022,Rendimento,"0,75%"
GARE11,"R$ 0,08400000",31/01/2022,14/02/2022,Rendimento,"0,08%"
GTWR11,"R$ 0,74000000",31/01/2022,14/02/2022,Rendimento,"0,88%"
HFOF11,"R$ 0,06000000",31/01/2022,14/02/2022,Rendimento,"0,08%"
HGBS11,"R$ 0,11500000",31/01/2022,14/02/2022,Rendimento,"0,07%"
HGCR11,"R$ 1,03000000",31/01/2022,14/02/2022,Rendimento,"0,95%"
HGLG11,"R$ 1,10000000",31/01/2022,14/02/2022,Rendimento,"0,64%"
HGRE11,"R$ 0,69000000",31/01/2022,14/02/2022,Rendimento,"0,52%"
HGRU11,"R$ 0,76000000",31/01/2022,14/02/2022,Rendimento,"0,66%"
HSLG11,"R$ 0,63000000",31/01/2022,14/02/2022,Rendimento,"0,70%"
JSAF11,"R$ 0,09000000",31/01/2022,14/02/2022,Rendimento,"0,10%"
KFOF11,"R$ 0,63000000",31/01/2022,14/02/2022,Rendimento,"0,83%"
KISU11,"R$ 0,06500000",31/01/2022,14/02/2022,Rendimento,"0,81%"
KNRI11,"R$ 0,81000000",31/01/2022,14/02/2022,Rendimento,"0,61%"
MFII11,"R$ 1,18000000",31/01/2022,14/02/2022,Rendimento,"1,07%"
MXRF11,"R$ 0,09000000",31/01/2022,14/02/2022,Rendimento,"0,96%"
OUJP11,"R$ 1,10000000",31/01/2022,14/02/2022,Rendimento,"1,22%"
PMLL11,"R$ 0,72000000",31/01/2022,14/02/2022,Rendimento,"0,73%"
RBRL11,"R$ 0,60000000",07/02/2022,14/02/2022,Rendimento,"0,65%"
RBRP11,"R$ 0,46000000",07/02/2022,14/02/2022,Rendimento,"0,65%"
RBRR11,"R$ 1,10000000",07/02/2022,14/02/2022,Rendimento,"1,07%"
RECR11,"R$ 1,05000000",07/02/2022,14/02/2022,Rendimento,"1,02%"
TEPP11,"R$ 0,04700000",31/01/2022,14/02/2022,Rendimento,"0,06%"
TRXF11,"R$ 0,80000000",31/01/2022,14/02/2022,Rendimento,"0,81%"
TVRI11,"R$ 0,89000000",31/01/2022,14/02/2022,Rendimento,"0,95%"
URPR11,"R$ 1,63000000",31/01/2022,14/02/2022,Rendimento,"1,35%"
VGIR11,"R$ 0,11000000",07/02/2022,14/02/2022,Rendimento,"0,11%"
VILG11,"R$ 0,70000000",31/01/2022,14/02/2022,Rendimento,"0,68%"
VINO11,"R$ 0,06800000",31/01/2022,14/02/2022,Rendimento,"0,13%"
VISC11,"R$ 0,68000000",31/01/2022,14/02/2022,Rendimento,"0,67%"
XPCI11,"R$ 1,10000000",31/01/2022,14/02/2022,Rendimento,"1,13%"
XPLG11,"R$ 0,64000000",31/01/2022,14/02/2022,Rendimento,"0,65%"
XPSF11,"R$ 0,06500000",31/01/2022,14/02/2022,Rendimento,"0,08%"
BCRI11,"R$ 1,25000000",31/01/2022,15/02/2022,Rendimento,"1,13%"
PCIP11,"R$ 1,12000000",08/02/2022,15/02/2022,Rendimento,"1,10%"
PSEC11,"R$ 0,75000000",08/02/2022,15/02/2022,Rendimento,"0,93%"
RBFF11,"R$ 0,47000000",31/01/2022,15/02/2022,Rendimento,"0,86%"
RBVA11,"R$ 0,09200000",31/01/2022,15/02/2022,Rendimento,"0,09%"
RCRB11,"R$ 0,55000000",07/02/2022,15/02/2022,Rendimento,"0,42%"
TRBL11,"R$ 0,76000000",31/01/2022,15/02/2022,Rendimento,"0,88%"
VRTA11,"R$ 1,24000000",31/01/2022,15/02/2022,Rendimento,"1,18%"
RBRY11,"R$ 1,15000000",09/02/2022,16/02/2022,Rendimento,"1,08%"
CPTS11,"R$ 0,11000000",10/02/2022,17/02/2022,Rendimento,"0,11%"
MCCI11,"R$ 1,00000000",10/02/2022,17/02/2022,Rendimento,"0,99%"
VGIP11,"R$ 1,28000000",10/02/2022,17/02/2022,Rendimento,"1,27%"
AFHI11,"R$ 1,30000000",14/02/2022,21/02/2022,Rendimento,"1,27%"
JSRE11,"R$ 0,53000000",31/01/2022,21/02/2022,Rendimento,"0,66%"
RZAK11,"R$ 1,30000000",14/02/2022,21/02/2022,Rendimento,"1,36%"
RZAT11,"R$ 1,50000000",14/02/2022,21/02/2022,Rendimento,"1,37%"
MCRE11,"R$ 0,13000000",15/02/2022,22/02/2022,Rendimento,"0,11%"
BTAL11,"R$ 0,80000000",17/02/2022,24/02/2022,Rendimento,"0,85%"
ALZR11,"R$ 0,07254530",18/02/2022,25/02/2022,Rendimento,"0,06%"
BCIA11,"R$ 0,64000000",31/01/2022,25/02/2022,Rendimento,"0,74%"
BPML11,"R$ 0,40438304",18/02/2022,25/02/2022,Rendimento,"0,62%"
BTLG11,"R$ 0,72000000",15/02/2022,25/02/2022,Rendimento,"0,69%"
SNCI11,"R$ 1,40000000",15/02/2022,25/02/2022,Rendimento,"1,35%"
SNFF11,"R$ 0,65000000",15/02/2022,25/02/2022,Rendimento,"0,73%"
XPML11,"R$ 0,60000000",18/02/2022,25/02/2022,Rendimento,"0,64%"
ARRI11,"R$ 0,13000000",25/02/2022,08/03/2022,Rendimento,"0,13%"
BRCO11,"R$ 0,63000000",25/02/2022,08/03/2022,Rendimento,"0,63%"
HSAF11,"R$ 1,15000000",25/02/2022,08/03/2022,Rendimento,"1,20%"
HSML11,"R$ 0,60000000",25/02/2022,08/03/2022,Rendimento,"0,78%"
LVBI11,"R$ 0,71000000",25/02/2022,08/03/2022,Rendimento,"0,72%"
PORD11,"R$ 0,11000000",25/02/2022,08/03/2022,Rendimento,"0,12%"
PVBI11,"R$ 0,56000000",25/02/2022,08/03/2022,Rendimento,"0,63%"
RZTR11,"R$ 1,25000000",25/02/2022,08/03/2022,Rendimento,"1,23%"
VGHF11,"R$ 0,16000000",25/02/2022,08/03/2022,Rendimento,"1,55%"
AIEC11,"R$ 0,68000000",25/02/2022,09/03/2022,Rendimento,"0,86%"
GGRC11,"R$ 0,08500000",02/03/2022,09/03/2022,Rendimento,"0,08%"
PATL11,"R$ 0,58000000",25/02/2022,09/03/2022,Rendimento,"0,74%"
TGAR11,"R$ 1,22000000",25/02/2022,09/03/2022,Rendimento,"1,09%"
HABT11,"R$ 1,30000000",25/02/2022,11/03/2022,Rendimento,"1,21%"
KCRE11,"R$ 0,02500000",25/02/2022,14/03/2022,Rendimento,"0,00%"
KNCR11,"R$ 0,83000000",25/02/2022,14/03/2022,Rendimento,"0,83%"
KNHY11,"R$ 1,10000000",25/02/2022,14/03/2022,Rendimento,"1,06%"
KNIP11,"R$ 1,08000000",25/02/2022,14/03/2022,Rendimento,"1,05%"
KNSC11,"R$ 0,10000000",25/02/2022,14/03/2022,Rendimento,"0,10%"
VCJR11,"R$ 1,08000000",25/02/2022,14/03/2022,Rendimento,"1,10%"
BCRI11,"R$ 1,20000000",25/02/2022,15/03/2022,Rendimento,"1,08%"
BLMG11,"R$ 0,80000000",08/03/2022,15/03/2022,Rendimento,"0,90%"
BRCR11,"R$ 0,50000000",08/03/2022,15/03/2022,Rendimento,"0,74%"
BTCI11,"R$ 0,11111111",08/03/2022,15/03/2022,Rendimento,"0,13%"
CACR11,"R$ 1,50000000",25/02/2022,15/03/2022,Rendimento,"1,38%"
CYCR11,"R$ 0,11500000",25/02/2022,15/03/2022,Rendimento,"0,12%"
DEVA11,"R$ 1,18000000",08/03/2022,15/03/2022,Rendimento,"1,16%"
FATN11,"R$ 0,76000000",07/03/2022,15/03/2022,Rendimento,"0,79%"
GARE11,"R$ 0,08200000",25/02/2022,15/03/2022,Rendimento,"0,08%"
GTWR11,"R$ 0,74000000",25/02/2022,15/03/2022,Rendimento,"0,92%"
HCTR11,"R$ 1,40000000",08/03/2022,15/03/2022,Rendimento,"1,14%"
HFOF11,"R$ 0,06000000",25/02/2022,15/03/2022,Rendimento,"0,08%"
HGBS11,"R$ 0,11500000",25/02/2022,15/03/2022,Rendimento,"0,07%"
HGCR11,"R$ 1,05000000",25/02/2022,15/03/2022,Rendimento,"1,00%"
HGLG11,"R$ 1,10000000",25/02/2022,15/03/2022,Rendimento,"0,66%"
HGRE11,"R$ 0,69000000",25/02/2022,15/03/2022,Rendimento,"0,53%"
HGRU11,"R$ 0,76000000",25/02/2022,15/03/2022,Rendimento,"0,67%"
HSLG11,"R$ 0,63000000",25/02/2022,15/03/2022,Rendimento,"0,70%"
JSAF11,"R$ 0,09000000",25/02/2022,15/03/2022,Rendimento,"0,10%"
KFOF11,"R$ 0,65000000",25/02/2022,15/03/2022,Rendimento,"0,87%"
KISU11,"R$ 0,06500000",25/02/2022,15/03/2022,Rendimento,"0,86%"
KNRI11,"R$ 0,81000000",25/02/2022,15/03/2022,Rendimento,"0,61%"
MFII11,"R$ 1,17000000",25/02/2022,15/03/2022,Rendimento,"1,10%"
MXRF11,"R$ 0,09000000",25/02/2022,15/03/2022,Rendimento,"0,98%"
OUJP11,"R$ 1,25000000",25/02/2022,15/03/2022,Rendimento,"1,40%"
PMLL11,"R$ 0,72000000",25/02/2022,15/03/2022,Rendimento,"0,73%"
RBFF11,"R$ 0,47000000",25/02/2022,15/03/2022,Rendimento,"0,94%"
RBRL11,"R$ 0,60000000",08/03/2022,15/03/2022,Rendimento,"0,70%"
RBRP11,"R$ 0,42000000",08/03/2022,15/03/2022,Rendimento,"0,64%"
RBVA11,"R$ 0,09200000",25/02/2022,15/03/2022,Rendimento,"0,10%"
RCRB11,"R$ 0,55000000",07/03/2022,15/03/2022,Rendimento,"0,44%"
RECR11,"R$ 1,19610000",08/03/2022,15/03/2022,Rendimento,"1,19%"
TEPP11,"R$ 0,04700000",25/02/2022,15/03/2022,Rendimento,"0,07%"
TRBL11,"R$ 0,76000000",25/02/2022,15/03/2022,Rendimento,"0,84%"
TRXF11,"R$ 0,80000000",25/02/2022,15/03/2022,Rendimento,"0,79%"
TVRI11,"R$ 0,89000000",25/02/2022,15/03/2022,Rendimento,"0,98%"
URPR11,"R$ 1,63500000",25/02/2022,15/03/2022,Rendimento,"1,40%"
VILG11,"R$ 0,70000000",25/02/2022,15/03/2022,Rendimento,"0,68%"
VINO11,"R$ 0,06800000",25/02/2022,15/03/2022,Rendimento,"0,14%"
VISC11,"R$ 0,68000000",25/02/2022,15/03/2022,Rendimento,"0,68%"
VRTA11,"R$ 1,25000000",25/02/2022,15/03/2022,Rendimento,"1,19%"
XPCI11,"R$ 1,10000000",25/02/2022,15/03/2022,Rendimento,"1,15%"
XPLG11,"R$ 0,66000000",25/02/2022,15/03/2022,Rendimento,"0,72%"
XPSF11,"R$ 0,06600000",25/02/2022,15/03/2022,Rendimento,"0,09%"
PCIP11,"R$ 1,12000000",09/03/2022,16/03/2022,Rendimento,"1,10%"
PSEC11,"R$ 0,75000000",09/03/2022,16/03/2022,Rendimento,"0,95%"
RBRR11,"R$ 1,10000000",10/03/2022,17/03/2022,Rendimento,"1,07%"
RBRY11,"R$ 1,15000000",10/03/2022,17/03/2022,Rendimento,"1,10%"
CPTS11,"R$ 0,11000000",11/03/2022,18/03/2022,Rendimento,"0,11%"
MCCI11,"R$ 1,00000000",11/03/2022,18/03/2022,Rendimento,"1,00%"
VGIP11,"R$ 1,20000000",11/03/2022,18/03/2022,Rendimento,"1,19%"
VGIR11,"R$ 0,12000000",11/03/2022,18/03/2022,Rendimento,"0,12%"
AFHI11,"R$ 1,30000000",15/03/2022,22/03/2022,Rendimento,"1,28%"
BTLG11,"R$ 0,72000000",15/03/2022,22/03/2022,Rendimento,"0,70%"
JSRE11,"R$ 0,53000000",25/02/2022,22/03/2022,Rendimento,"0,69%"
RZAK11,"R$ 1,30000000",15/03/2022,22/03/2022,Rendimento,"1,39%"
RZAT11,"R$ 1,64963981",15/03/2022,22/03/2022,Rendimento,"1,51%"
MCRE11,"R$ 0,13000000",16/03/2022,23/03/2022,Rendimento,"0,12%"
ALZR11,"R$ 0,07633979",18/03/2022,25/03/2022,Rendimento,"0,07%"
BPML11,"R$ 0,35000000",18/03/2022,25/03/2022,Rendimento,"0,54%"
BTAL11,"R$ 0,80000000",18/03/2022,25/03/2022,Rendimento,"0,83%"
SNCI11,"R$ 1,40000000",15/03/2022,25/03/2022,Rendimento,"1,36%"
SNFF11,"R$ 0,65000000",15/03/2022,25/03/2022,Rendimento,"0,77%"
XPML11,"R$ 0,64000000",18/03/2022,25/03/2022,Rendimento,"0,71%"
BCIA11,"R$ 0,68000000",25/02/2022,29/03/2022,Rendimento,"0,80%"
ARRI11,"R$ 0,13400000",31/03/2022,07/04/2022,Rendimento,"0,14%"
BRCO11,"R$ 0,63000000",31/03/2022,07/04/2022,Rendimento,"0,63%"
HSAF11,"R$ 1,15000000",31/03/2022,07/04/2022,Rendimento,"1,20%"
HSML11,"R$ 0,60000000",31/03/2022,07/04/2022,Rendimento,"0,74%"
LVBI11,"R$ 0,72000000",31/03/2022,07/04/2022,Rendimento,"0,72%"
PORD11,"R$ 0,12200000",31/03/2022,07/04/2022,Rendimento,"0,13%"
PVBI11,"R$ 0,56000000",31/03/2022,07/04/2022,Rendimento,"0,61%"
VGHF11,"R$ 0,14000000",31/03/2022,07/04/2022,Rendimento,"1,35%"
AIEC11,"R$ 1,31000000",31/03/2022,08/04/2022,Rendimento,"1,63%"
CACR11,"R$ 1,44000000",31/03/2022,08/04/2022,Rendimento,"1,31%"
GGRC11,"R$ 0,08800000",01/04/2022,08/04/2022,Rendimento,"0,08%"
PATL11,"R$ 0,58000000",31/03/2022,08/04/2022,Rendimento,"0,78%"
TGAR11,"R$ 1,27000000",31/03/2022,08/04/2022,Rendimento,"1,09%"
HABT11,"R$ 1,20000000",31/03/2022,12/04/2022,Rendimento,"1,12%"
KCRE11,"R$ 0,06800000",31/03/2022,13/04/2022,Rendimento,"0,00%"
KNCR11,"R$ 1,00000000",31/03/2022,13/04/2022,Rendimento,"0,98%"
KNHY11,"R$ 1,21000000",31/03/2022,13/04/2022,Rendimento,"1,16%"
KNIP11,"R$ 1,35000000",31/03/2022,13/04/2022,Rendimento,"1,32%"
KNSC11,"R$ 0,11200000",31/03/2022,13/04/2022,Rendimento,"0,12%"
VCJR11,"R$ 1,13000000",31/03/2022,13/04/2022,Rendimento,"1,16%"
BCRI11,"R$ 1,35000000",31/03/2022,14/04/2022,Rendimento,"1,22%"
BLMG11,"R$ 0,80000000",07/04/2022,14/04/2022,Rendimento,"0,94%"
BRCR11,"R$ 0,50000000",07/04/2022,14/04/2022,Rendimento,"0,71%"
BTCI11,"R$ 0,11666667",07/04/2022,14/04/2022,Rendimento,"0,13%"
CYCR11,"R$ 0,11500000",31/03/2022,14/04/2022,Rendimento,"0,12%"
DEVA11,"R$ 1,31000000",07/04/2022,14/04/2022,Rendimento,"1,30%"
FATN11,"R$ 0,78000000",06/04/2022,14/04/2022,Rendimento,"0,82%"
GARE11,"R$ 0,08200000",31/03/2022,14/04/2022,Rendimento,"0,09%"
GTWR11,"R$ 0,74000000",31/03/2022,14/04/2022,Rendimento,"0,89%"
HCTR11,"R$ 1,40000000",07/04/2022,14/04/2022,Rendimento,"1,17%"
HFOF11,"R$ 0,06000000",31/03/2022,14/04/2022,Rendimento,"0,08%"
HGBS11,"R$ 0,11500000",31/03/2022,14/04/2022,Rendimento,"0,06%"
HGCR11,"R$ 1,05000000",31/03/2022,14/04/2022,Rendimento,"0,98%"
HGLG11,"R$ 1,10000000",31/03/2022,14/04/2022,Rendimento,"0,67%"
HGRE11,"R$ 0,69000000",31/03/2022,14/04/2022,Rendimento,"0,55%"
HGRU11,"R$ 0,82000000",31/03/2022,14/04/2022,Rendimento,"0,73%"
HSLG11,"R$ 0,63000000",31/03/2022,14/04/2022,Rendimento,"0,70%"
JSAF11,"R$ 0,09300000",31/03/2022,14/04/2022,Rendimento,"0,11%"
KFOF11,"R$ 0,68000000",31/03/2022,14/04/2022,Rendimento,"0,89%"
KISU11,"R$ 0,06500000",31/03/2022,14/04/2022,Rendimento,"0,86%"
KIVO11,"R$ 1,15000000",31/03/2022,14/04/2022,Rendimento,"0,00%"
KNRI11,"R$ 0,81000000",31/03/2022,14/04/2022,Rendimento,"0,59%"
MFII11,"R$ 1,17000000",31/03/2022,14/04/2022,Rendimento,"1,12%"
MXRF11,"R$ 0,10000000",31/03/2022,14/04/2022,Rendimento,"1,07%"
OUJP11,"R$ 1,28000000",31/03/2022,14/04/2022,Rendimento,"1,38%"
PMLL11,"R$ 0,72000000",31/03/2022,14/04/2022,Rendimento,"0,71%"
RBRL11,"R$ 0,62000000",07/04/2022,14/04/2022,Rendimento,"0,72%"
RBRP11,"R$ 0,50000000",07/04/2022,14/04/2022,Rendimento,"0,76%"
RBVA11,"R$ 0,09200000",31/03/2022,14/04/2022,Rendimento,"0,09%"
RCRB11,"R$ 0,60000000",06/04/2022,14/04/2022,Rendimento,"0,45%"
RECR11,"R$ 1,36800000",07/04/2022,14/04/2022,Rendimento,"1,35%"
RZTR11,"R$ 1,25000000",31/03/2022,14/04/2022,Rendimento,"1,22%"
TEPP11,"R$ 0,04900000",31/03/2022,14/04/2022,Rendimento,"0,07%"
TRBL11,"R$ 0,76000000",31/03/2022,14/04/2022,Rendimento,"0,82%"
TRXF11,"R$ 0,80000000",31/03/2022,14/04/2022,Rendimento,"0,80%"
TVRI11,"R$ 0,89000000",31/03/2022,14/04/2022,Rendimento,"0,99%"
URPR11,"R$ 1,65000000",31/03/2022,14/04/2022,Rendimento,"1,40%"
VILG11,"R$ 0,70000000",31/03/2022,14/04/2022,Rendimento,"0,70%"
VINO11,"R$ 0,06800000",31/03/2022,14/04/2022,Rendimento,"0,14%"
VISC11,"R$ 0,68000000",31/03/2022,14/04/2022,Rendimento,"0,68%"
VRTA11,"R$ 1,15000000",31/03/2022,14/04/2022,Rendimento,"1,10%"
XPCI11,"R$ 1,13000000",31/03/2022,14/04/2022,Rendimento,"1,16%"
XPLG11,"R$ 0,66000000",31/03/2022,14/04/2022,Rendimento,"0,67%"
XPSF11,"R$ 0,06700000",31/03/2022,14/04/2022,Rendimento,"0,10%"
PCIP11,"R$ 1,12000000",08/04/2022,18/04/2022,Rendimento,"1,09%"
PSEC11,"R$ 0,75000000",08/04/2022,18/04/2022,Rendimento,"0,89%"
RBFF11,"R$ 0,47000000",31/03/2022,18/04/2022,Rendimento,"0,90%"
RBRR11,"R$ 1,20000000",11/04/2022,19/04/2022,Rendimento,"1,17%"
RBRY11,"R$ 1,30000000",11/04/2022,19/04/2022,Rendimento,"1,23%"
CPTS11,"R$ 0,11000000",12/04/2022,20/04/2022,Rendimento,"0,12%"
MCCI11,"R$ 1,00000000",12/04/2022,20/04/2022,Rendimento,"1,00%"
VGIP11,"R$ 1,40000000",12/04/2022,20/04/2022,Rendimento,"1,38%"
VGIR11,"R$ 0,12000000",12/04/2022,20/04/2022,Rendimento,"0,12%"
AFHI11,"R$ 1,35000000",14/04/2022,25/04/2022,Rendimento,"1,31%"
ALZR11,"R$ 0,07715560",14/04/2022,25/04/2022,Rendimento,"0,07%"
BPML11,"R$ 0,30000000",14/04/2022,25/04/2022,Rendimento,"0,43%"
BTLG11,"R$ 0,72000000",14/04/2022,25/04/2022,Rendimento,"0,69%"
JSRE11,"R$ 0,48900000",31/03/2022,25/04/2022,Rendimento,"0,66%"
RZAK11,"R$ 1,20000000",14/04/2022,25/04/2022,Rendimento,"1,23%"
RZAT11,"R$ 1,64051427",14/04/2022,25/04/2022,Rendimento,"1,54%"
SNCI11,"R$ 1,30000000",14/04/2022,25/04/2022,Rendimento,"1,19%"
SNFF11,"R$ 0,65000000",14/04/2022,25/04/2022,Rendimento,"0,75%"
XPML11,"R$ 0,66000000",14/04/2022,25/04/2022,Rendimento,"0,66%"
MCRE11,"R$ 0,13000000",18/04/2022,26/04/2022,Rendimento,"0,12%"
BTAL11,"R$ 0,83000000",20/04/2022,28/04/2022,Rendimento,"0,83%"
BCIA11,"R$ 0,68000000",31/03/2022,29/04/2022,Rendimento,"0,83%"
ARRI11,"R$ 0,12823513",29/04/2022,06/05/2022,Rendimento,"0,13%"
HSAF11,"R$ 1,15000000",29/04/2022,06/05/2022,Rendimento,"1,21%"
HSML11,"R$ 0,60000000",29/04/2022,06/05/2022,Rendimento,"0,74%"
LVBI11,"R$ 0,74000000",29/04/2022,06/05/2022,Rendimento,"0,74%"
PORD11,"R$ 0,14100000",29/04/2022,06/05/2022,Rendimento,"0,15%"
PVBI11,"R$ 0,56000000",29/04/2022,06/05/2022,Rendimento,"0,59%"
RZTR11,"R$ 1,25000000",29/04/2022,06/05/2022,Rendimento,"1,20%"
VGHF11,"R$ 0,13000000",29/04/2022,06/05/2022,Rendimento,"1,28%"
AIEC11,"R$ 0,72000000",29/04/2022,09/05/2022,Rendimento,"0,90%"
GGRC11,"R$ 0,09000000",02/05/2022,09/05/2022,Rendimento,"0,08%"
PATL11,"R$ 0,58000000",29/04/2022,09/05/2022,Rendimento,"0,76%"
TGAR11,"R$ 1,44000000",29/04/2022,09/05/2022,Rendimento,"1,20%"
BRCO11,"R$ 0,63000000",29/04/2022,10/05/2022,Rendimento,"0,62%"
HABT11,"R$ 1,25000000",29/04/2022,12/05/2022,Rendimento,"1,20%"
KCRE11,"R$ 0,10600000",29/04/2022,12/05/2022,Rendimento,"0,00%"
KNCR11,"R$ 0,97000000",29/04/2022,12/05/2022,Rendimento,"0,95%"
KNHY11,"R$ 1,55000000",29/04/2022,12/05/2022,Rendimento,"1,50%"
KNIP11,"R$ 1,70000000",29/04/2022,12/05/2022,Rendimento,"1,65%"
KNSC11,"R$ 0,11400000",29/04/2022,12/05/2022,Rendimento,"0,12%"
VCJR11,"R$ 1,49000000",29/04/2022,12/05/2022,Rendimento,"1,51%"
BCRI11,"R$ 1,30000000",29/04/2022,13/05/2022,Rendimento,"1,18%"
BLMG11,"R$ 0,80000000",06/05/2022,13/05/2022,Rendimento,"0,95%"
BRCR11,"R$ 0,50000000",06/05/2022,13/05/2022,Rendimento,"0,73%"
BTCI11,"R$ 0,12222222",06/05/2022,13/05/2022,Rendimento,"0,13%"
CACR11,"R$ 1,50000000",29/04/2022,13/05/2022,Rendimento,"1,40%"
CYCR11,"R$ 0,13500000",29/04/2022,13/05/2022,Rendimento,"0,14%"
DEVA11,"R$ 1,40000000",06/05/2022,13/05/2022,Rendimento,"1,43%"
FATN11,"R$ 0,80000000",05/05/2022,13/05/2022,Rendimento,"0,81%"
GARE11,"R$ 0,08200000",29/04/2022,13/05/2022,Rendimento,"0,09%"
GTWR11,"R$ 0,74000000",29/04/2022,13/05/2022,Rendimento,"0,97%"
HCTR11,"R$ 1,75000000",06/05/2022,13/05/2022,Rendimento,"1,64%"
HFOF11,"R$ 0,06000000",29/04/2022,13/05/2022,Rendimento,"0,08%"
HGBS11,"R$ 0,12000000",29/04/2022,13/05/2022,Rendimento,"0,07%"
HGCR11,"R$ 1,10000000",29/04/2022,13/05/2022,Rendimento,"1,04%"
HGLG11,"R$ 1,10000000",29/04/2022,13/05/2022,Rendimento,"0,67%"
HGRE11,"R$ 0,78000000",29/04/2022,13/05/2022,Rendimento,"0,61%"
HGRU11,"R$ 0,82000000",29/04/2022,13/05/2022,Rendimento,"0,71%"
HSLG11,"R$ 0,63000000",29/04/2022,13/05/2022,Rendimento,"0,70%"
JSAF11,"R$ 0,09300000",29/04/2022,13/05/2022,Rendimento,"0,11%"
KFOF11,"R$ 0,68000000",29/04/2022,13/05/2022,Rendimento,"0,85%"
KISU11,"R$ 0,06500000",29/04/2022,13/05/2022,Rendimento,"0,85%"
KIVO11,"R$ 1,35000000",29/04/2022,13/05/2022,Rendimento,"1,35%"
KNRI11,"R$ 0,84000000",29/04/2022,13/05/2022,Rendimento,"0,61%"
MFII11,"R$ 1,11000000",29/04/2022,13/05/2022,Rendimento,"1,07%"
MXRF11,"R$ 0,11000000",29/04/2022,13/05/2022,Rendimento,"1,10%"
OUJP11,"R$ 1,30000000",29/04/2022,13/05/2022,Rendimento,"1,36%"
PMLL11,"R$ 0,72000000",29/04/2022,13/05/2022,Rendimento,"0,70%"
RBFF11,"R$ 0,48000000",29/04/2022,13/05/2022,Rendimento,"0,91%"
RBRL11,"R$ 0,65000000",06/05/2022,13/05/2022,Rendimento,"0,75%"
RBRP11,"R$ 0,45000000",06/05/2022,13/05/2022,Rendimento,"0,71%"
RBVA11,"R$ 0,09200000",29/04/2022,13/05/2022,Rendimento,"0,09%"
RCRB11,"R$ 0,60000000",05/05/2022,13/05/2022,Rendimento,"0,48%"
RECR11,"R$ 1,50240000",06/05/2022,13/05/2022,Rendimento,"1,50%"
TEPP11,"R$ 0,04900000",29/04/2022,13/05/2022,Rendimento,"0,07%"
TRBL11,"R$ 0,76000000",29/04/2022,13/05/2022,Rendimento,"0,84%"
TRXF11,"R$ 0,80000000",29/04/2022,13/05/2022,Rendimento,"0,80%"
TVRI11,"R$ 0,89000000",29/04/2022,13/05/2022,Rendimento,"1,03%"
URPR11,"R$ 1,84000000",29/04/2022,13/05/2022,Rendimento,"1,72%"
VILG11,"R$ 0,70000000",29/04/2022,13/05/2022,Rendimento,"0,69%"
VINO11,"R$ 0,06800000",29/04/2022,13/05/2022,Rendimento,"0,13%"
VISC11,"R$ 0,70000000",29/04/2022,13/05/2022,Rendimento,"0,68%"
VRTA11,"R$ 1,20000000",29/04/2022,13/05/2022,Rendimento,"1,17%"
XPCI11,"R$ 1,18000000",29/04/2022,13/05/2022,Rendimento,"1,22%"
XPLG11,"R$ 0,66000000",29/04/2022,13/05/2022,Rendimento,"0,67%"
XPSF11,"R$ 0,06800000",29/04/2022,13/05/2022,Rendimento,"0,09%"
PCIP11,"R$ 1,50000000",09/05/2022,16/05/2022,Rendimento,"1,48%"
PSEC11,"R$ 0,75000000",09/05/2022,16/05/2022,Rendimento,"0,97%"
RBRR11,"R$ 1,20000000",10/05/2022,17/05/2022,Rendimento,"1,17%"
RBRY11,"R$ 1,25000000",10/05/2022,17/05/2022,Rendimento,"1,19%"
CPTS11,"R$ 0,10800000",11/05/2022,18/05/2022,Rendimento,"0,11%"
MCCI11,"R$ 1,00000000",11/05/2022,18/05/2022,Rendimento,"1,00%"
VGIP11,"R$ 1,50000000",11/05/2022,18/05/2022,Rendimento,"1,50%"
VGIR11,"R$ 0,12000000",11/05/2022,18/05/2022,Rendimento,"0,12%"
AFHI11,"R$ 1,35000000",13/05/2022,20/05/2022,Rendimento,"1,35%"
JSRE11,"R$ 0,49000000",29/04/2022,20/05/2022,Rendimento,"0,63%"
RZAK11,"R$ 1,80000000",13/05/2022,20/05/2022,Rendimento,"1,82%"
RZAT11,"R$ 2,02000000",13/05/2022,20/05/2022,Rendimento,"1,90%"
MCRE11,"R$ 0,15000000",16/05/2022,23/05/2022,Rendimento,"0,14%"
ALZR11,"R$ 0,07756100",18/05/2022,25/05/2022,Rendimento,"0,07%"
BPML11,"R$ 0,20000000",18/05/2022,25/05/2022,Rendimento,"0,29%"
BTAL11,"R$ 0,83000000",18/05/2022,25/05/2022,Rendimento,"0,85%"
BTLG11,"R$ 0,72000000",13/05/2022,25/05/2022,Rendimento,"0,70%"
SNCI11,"R$ 1,45000000",13/05/2022,25/05/2022,Rendimento,"1,40%"
SNFF11,"R$ 0,65000000",13/05/2022,25/05/2022,Rendimento,"0,78%"
XPML11,"R$ 0,68000000",18/05/2022,25/05/2022,Rendimento,"0,70%"
BCIA11,"R$ 0,71000000",29/04/2022,27/05/2022,Rendimento,"0,83%"
ARRI11,"R$ 0,14100000",31/05/2022,07/06/2022,Rendimento,"0,15%"
HSAF11,"R$ 1,25000000",31/05/2022,07/06/2022,Rendimento,"1,32%"
HSML11,"R$ 0,62000000",31/05/2022,07/06/2022,Rendimento,"0,77%"
LIFE11,"R$ 0,16700000",31/05/2022,07/06/2022,Rendimento,"0,00%"
LVBI11,"R$ 0,74000000",31/05/2022,07/06/2022,Rendimento,"0,72%"
PORD11,"R$ 0,15200000",31/05/2022,07/06/2022,Rendimento,"0,16%"
PVBI11,"R$ 0,56000000",31/05/2022,07/06/2022,Rendimento,"0,59%"
RZTR11,"R$ 1,25000000",31/05/2022,07/06/2022,Rendimento,"1,21%"
VGHF11,"R$ 0,14000000",31/05/2022,07/06/2022,Rendimento,"1,42%"
AIEC11,"R$ 0,72000000",31/05/2022,08/06/2022,Rendimento,"0,90%"
CACR11,"R$ 1,41000000",31/05/2022,08/06/2022,Rendimento,"1,32%"
GGRC11,"R$ 0,09300000",01/06/2022,08/06/2022,Rendimento,"0,09%"
PATL11,"R$ 0,58000000",31/05/2022,08/06/2022,Rendimento,"0,76%"
TGAR11,"R$ 1,53000000",31/05/2022,08/06/2022,Rendimento,"1,29%"
BRCO11,"R$ 0,65000000",31/05/2022,10/06/2022,Rendimento,"0,65%"
HABT11,"R$ 1,40000000",31/05/2022,10/06/2022,Rendimento,"1,35%"
KCRE11,"R$ 0,14300000",31/05/2022,13/06/2022,Rendimento,"0,00%"
KNCR11,"R$ 1,08000000",31/05/2022,13/06/2022,Rendimento,"1,05%"
KNHY11,"R$ 1,75000000",31/05/2022,13/06/2022,Rendimento,"1,67%"
KNIP11,"R$ 1,70000000",31/05/2022,13/06/2022,Rendimento,"1,64%"
KNSC11,"R$ 0,13500000",31/05/2022,13/06/2022,Rendimento,"0,14%"
RBFF11,"R$ 0,50000000",31/05/2022,13/06/2022,Rendimento,"0,98%"
BLMG11,"R$ 0,80000000",07/06/2022,14/06/2022,Rendimento,"0,97%"
BRCR11,"R$ 0,47000000",07/06/2022,14/06/2022,Rendimento,"0,70%"
BTCI11,"R$ 0,12777778",07/06/2022,14/06/2022,Rendimento,"0,14%"
CYCR11,"R$ 0,13500000",31/05/2022,14/06/2022,Rendimento,"0,13%"
DEVA11,"R$ 1,60000000",07/06/2022,14/06/2022,Rendimento,"1,60%"
FATN11,"R$ 0,83000000",06/06/2022,14/06/2022,Rendimento,"0,85%"
GARE11,"R$ 0,08200000",31/05/2022,14/06/2022,Rendimento,"0,09%"
GTWR11,"R$ 0,74000000",31/05/2022,14/06/2022,Rendimento,"1,02%"
HCTR11,"R$ 1,77000000",07/06/2022,14/06/2022,Rendimento,"1,54%"
HFOF11,"R$ 0,06000000",31/05/2022,14/06/2022,Rendimento,"0,08%"
HGBS11,"R$ 0,12500000",31/05/2022,14/06/2022,Rendimento,"0,07%"
HGCR11,"R$ 1,15000000",31/05/2022,14/06/2022,Rendimento,"1,09%"
HGLG11,"R$ 1,10000000",31/05/2022,14/06/2022,Rendimento,"0,67%"
HGRE11,"R$ 0,78000000",31/05/2022,14/06/2022,Rendimento,"0,60%"
HGRU11,"R$ 0,82000000",31/05/2022,14/06/2022,Rendimento,"0,69%"
HSLG11,"R$ 0,65000000",31/05/2022,14/06/2022,Rendimento,"0,75%"
JSAF11,"R$ 0,09300000",31/05/2022,14/06/2022,Rendimento,"0,11%"
KFOF11,"R$ 0,68000000",31/05/2022,14/06/2022,Rendimento,"0,85%"
KISU11,"R$ 0,07500000",31/05/2022,14/06/2022,Rendimento,"0,98%"
KIVO11,"R$ 1,55000000",31/05/2022,14/06/2022,Rendimento,"1,55%"
KNRI11,"R$ 0,84000000",31/05/2022,14/06/2022,Rendimento,"0,63%"
MFII11,"R$ 1,10000000",31/05/2022,14/06/2022,Rendimento,"1,10%"
MXRF11,"R$ 0,11000000",31/05/2022,14/06/2022,Rendimento,"1,11%"
OUJP11,"R$ 1,40000000",31/05/2022,14/06/2022,Rendimento,"1,47%"
PMLL11,"R$ 0,72000000",31/05/2022,14/06/2022,Rendimento,"0,71%"
RBRL11,"R$ 0,65000000",07/06/2022,14/06/2022,Rendimento,"0,74%"
RBRP11,"R$ 0,45000000",07/06/2022,14/06/2022,Rendimento,"0,70%"
RECR11,"R$ 1,72050000",07/06/2022,14/06/2022,Rendimento,"1,69%"
TEPP11,"R$ 0,05000000",31/05/2022,14/06/2022,Rendimento,"0,07%"
TRXF11,"R$ 0,85000000",31/05/2022,14/06/2022,Rendimento,"0,86%"
TVRI11,"R$ 0,89000000",31/05/2022,14/06/2022,Rendimento,"1,06%"
URPR11,"R$ 2,01000000",31/05/2022,14/06/2022,Rendimento,"1,81%"
VCJR11,"R$ 1,75000000",31/05/2022,14/06/2022,Rendimento,"1,77%"
VILG11,"R$ 0,70000000",31/05/2022,14/06/2022,Rendimento,"0,70%"
VINO11,"R$ 0,06800000",31/05/2022,14/06/2022,Rendimento,"0,14%"
VISC11,"R$ 0,70000000",31/05/2022,14/06/2022,Rendimento,"0,69%"
XPCI11,"R$ 1,22000000",31/05/2022,14/06/2022,Rendimento,"1,29%"
XPLG11,"R$ 0,68000000",31/05/2022,14/06/2022,Rendimento,"0,71%"
XPSF11,"R$ 0,06900000",31/05/2022,14/06/2022,Rendimento,"0,96%"
BCRI11,"R$ 1,45000000",31/05/2022,15/06/2022,Rendimento,"1,33%"
PSEC11,"R$ 0,75000000",08/06/2022,15/06/2022,Rendimento,"0,98%"
RBVA11,"R$ 0,09200000",31/05/2022,15/06/2022,Rendimento,"0,10%"
RCRB11,"R$ 0,72000000",07/06/2022,15/06/2022,Rendimento,"0,56%"
TRBL11,"R$ 0,76000000",31/05/2022,15/06/2022,Rendimento,"0,83%"
VRTA11,"R$ 1,25000000",31/05/2022,15/06/2022,Rendimento,"1,25%"
PCIP11,"R$ 1,50000000",09/06/2022,17/06/2022,Rendimento,"1,48%"
RBRR11,"R$ 1,20000000",09/06/2022,17/06/2022,Rendimento,"1,19%"
RBRY11,"R$ 1,25000000",09/06/2022,17/06/2022,Rendimento,"1,22%"
CPTS11,"R$ 0,11200000",10/06/2022,20/06/2022,Rendimento,"0,12%"
MCCI11,"R$ 1,10000000",10/06/2022,20/06/2022,Rendimento,"1,11%"
VGIP11,"R$ 1,75000000",10/06/2022,20/06/2022,Rendimento,"1,74%"
VGIR11,"R$ 0,13000000",10/06/2022,20/06/2022,Rendimento,"0,13%"
AFHI11,"R$ 1,40000000",14/06/2022,22/06/2022,Rendimento,"1,37%"
JSRE11,"R$ 0,49000000",31/05/2022,22/06/2022,Rendimento,"0,63%"
RZAK11,"R$ 1,80000000",14/06/2022,22/06/2022,Rendimento,"1,82%"
RZAT11,"R$ 1,86000000",14/06/2022,22/06/2022,Rendimento,"1,71%"
MCRE11,"R$ 0,14000000",15/06/2022,23/06/2022,Rendimento,"0,12%"
RBRX11,"R$ 0,21000000",15/06/2022,23/06/2022,Rendimento,"0,00%"
ALZR11,"R$ 0,07806817",17/06/2022,24/06/2022,Rendimento,"0,07%"
BTLG11,"R$ 0,72000000",15/06/2022,24/06/2022,Rendimento,"0,71%"
SNCI11,"R$ 1,40000000",15/06/2022,24/06/2022,Rendimento,"1,35%"
SNFF11,"R$ 1,30000000",15/06/2022,24/06/2022,Rendimento,"1,59%"
XPML11,"R$ 0,68000000",17/06/2022,24/06/2022,Rendimento,"0,70%"
BPML11,"R$ 0,15000000",20/06/2022,27/06/2022,Rendimento,"0,23%"
BTAL11,"R$ 0,83000000",20/06/2022,27/06/2022,Rendimento,"0,84%"
BCIA11,"R$ 0,74000000",31/05/2022,29/06/2022,Rendimento,"0,88%"
ARRI11,"R$ 0,11800000",30/06/2022,07/07/2022,Rendimento,"0,12%"
HGCR11,"R$ 1,20000000",30/06/2022,07/07/2022,Rendimento,"1,14%"
HGRU11,"R$ 1,20000000",30/06/2022,07/07/2022,Rendimento,"1,01%"
HSAF11,"R$ 1,25000000",30/06/2022,07/07/2022,Rendimento,"1,33%"
HSML11,"R$ 0,65000000",30/06/2022,07/07/2022,Rendimento,"0,83%"
LIFE11,"R$ 0,14930000",30/06/2022,07/07/2022,Rendimento,"0,00%"
LVBI11,"R$ 0,74000000",30/06/2022,07/07/2022,Rendimento,"0,74%"
PORD11,"R$ 0,17200000",30/06/2022,07/07/2022,Rendimento,"0,18%"
PVBI11,"R$ 0,56000000",30/06/2022,07/07/2022,Rendimento,"0,61%"
RZTR11,"R$ 1,25000000",30/06/2022,07/07/2022,Rendimento,"1,24%"
VGHF11,"R$ 0,13000000",30/06/2022,07/07/2022,Rendimento,"1,30%"
AIEC11,"R$ 0,80000000",30/06/2022,08/07/2022,Rendimento,"1,05%"
CACR11,"R$ 1,38000000",30/06/2022,08/07/2022,Rendimento,"1,32%"
GGRC11,"R$ 0,09400000",01/07/2022,08/07/2022,Rendimento,"0,09%"
PATL11,"R$ 0,58000000",30/06/2022,08/07/2022,Rendimento,"0,75%"
TGAR11,"R$ 1,57000000",30/06/2022,08/07/2022,Rendimento,"1,36%"
BRCO11,"R$ 0,77000000",30/06/2022,12/07/2022,Rendimento,"0,77%"
HABT11,"R$ 1,30000000",30/06/2022,12/07/2022,Rendimento,"1,28%"
KCRE11,"R$ 0,16500000",30/06/2022,13/07/2022,Rendimento,"0,16%"
KNCR11,"R$ 1,05000000",30/06/2022,13/07/2022,Rendimento,"1,03%"
KNHY11,"R$ 1,28000000",30/06/2022,13/07/2022,Rendimento,"1,23%"
KNIP11,"R$ 1,50000000",30/06/2022,13/07/2022,Rendimento,"1,49%"
KNSC11,"R$ 0,10900000",30/06/2022,13/07/2022,Rendimento,"0,12%"
VCJR11,"R$ 1,30000000",30/06/2022,13/07/2022,Rendimento,"1,29%"
BLMG11,"R$ 0,80000000",07/07/2022,14/07/2022,Rendimento,"1,03%"
BRCR11,"R$ 0,47000000",07/07/2022,14/07/2022,Rendimento,"0,79%"
BTCI11,"R$ 0,13305778",07/07/2022,14/07/2022,Rendimento,"0,15%"
CYCR11,"R$ 0,11500000",30/06/2022,14/07/2022,Rendimento,"0,11%"
DEVA11,"R$ 1,41000000",07/07/2022,14/07/2022,Rendimento,"1,41%"
FATN11,"R$ 0,84000000",06/07/2022,14/07/2022,Rendimento,"0,88%"
GARE11,"R$ 0,08000000",30/06/2022,14/07/2022,Rendimento,"0,09%"
GTWR11,"R$ 0,74000000",30/06/2022,14/07/2022,Rendimento,"1,04%"
HCTR11,"R$ 1,50000000",07/07/2022,14/07/2022,Rendimento,"1,31%"
HFOF11,"R$ 0,06000000",30/06/2022,14/07/2022,Rendimento,"0,09%"
HGBS11,"R$ 0,14000000",30/06/2022,14/07/2022,Rendimento,"0,08%"
HGLG11,"R$ 3,30000000",30/06/2022,14/07/2022,Rendimento,"2,00%"
HGRE11,"R$ 0,78000000",30/06/2022,14/07/2022,Rendimento,"0,60%"
HSLG11,"R$ 0,65000000",30/06/2022,14/07/2022,Rendimento,"0,77%"
JSAF11,"R$ 0,09300000",30/06/2022,14/07/2022,Rendimento,"0,11%"
JSRE11,"R$ 0,49000000",30/06/2022,14/07/2022,Rendimento,"0,64%"
KFOF11,"R$ 0,70000000",30/06/2022,14/07/2022,Rendimento,"0,93%"
KISU11,"R$ 0,10000000",30/06/2022,14/07/2022,Rendimento,"1,31%"
KIVO11,"R$ 1,65000000",30/06/2022,14/07/2022,Rendimento,"1,66%"
KNRI11,"R$ 0,84000000",30/06/2022,14/07/2022,Rendimento,"0,64%"
MFII11,"R$ 1,10000000",30/06/2022,14/07/2022,Rendimento,"1,16%"
MXRF11,"R$ 0,10000000",30/06/2022,14/07/2022,Rendimento,"1,03%"
OUJP11,"R$ 1,47000000",30/06/2022,14/07/2022,Rendimento,"1,52%"
PMLL11,"R$ 0,72000000",30/06/2022,14/07/2022,Rendimento,"0,71%"
RBRL11,"R$ 0,69600000",07/07/2022,14/07/2022,Rendimento,"0,82%"
RBRP11,"R$ 0,45000000",07/07/2022,14/07/2022,Rendimento,"0,78%"
RECR11,"R$ 1,15000000",07/07/2022,14/07/2022,Rendimento,"1,14%"
TEPP11,"R$ 0,05000000",30/06/2022,14/07/2022,Rendimento,"0,07%"
TRXF11,"R$ 1,05000000",30/06/2022,14/07/2022,Rendimento,"1,07%"
TVRI11,"R$ 0,89000000",30/06/2022,14/07/2022,Rendimento,"1,11%"
URPR11,"R$ 1,85000000",30/06/2022,14/07/2022,Rendimento,"1,65%"
VILG11,"R$ 0,71000000",30/06/2022,14/07/2022,Rendimento,"0,74%"
VINO11,"R$ 0,06800000",30/06/2022,14/07/2022,Rendimento,"0,15%"
VISC11,"R$ 0,70000000",30/06/2022,14/07/2022,Rendimento,"0,69%"
VRTA11,"R$ 1,21000000",30/06/2022,14/07/2022,Rendimento,"1,24%"
WHGR11,"R$ 0,11000000",30/06/2022,14/07/2022,Rendimento,"1,08%"
XPCI11,"R$ 1,05000000",30/06/2022,14/07/2022,Rendimento,"1,11%"
XPLG11,"R$ 0,70000000",30/06/2022,14/07/2022,Rendimento,"0,75%"
XPSF11,"R$ 0,07000000",30/06/2022,14/07/2022,Rendimento,"0,98%"
BCRI11,"R$ 1,47000000",30/06/2022,15/07/2022,Rendimento,"1,34%"
PCIP11,"R$ 1,30000000",08/07/2022,15/07/2022,Rendimento,"1,30%"
PSEC11,"R$ 0,75000000",08/07/2022,15/07/2022,Rendimento,"1,00%"
RBFF11,"R$ 0,52000000",30/06/2022,15/07/2022,Rendimento,"0,98%"
RBVA11,"R$ 0,11000000",30/06/2022,15/07/2022,Rendimento,"0,12%"
RCRB11,"R$ 0,72000000",07/07/2022,15/07/2022,Rendimento,"0,57%"
TRBL11,"R$ 0,76000000",30/06/2022,15/07/2022,Rendimento,"0,87%"
RBRR11,"R$ 1,26600000",11/07/2022,18/07/2022,Rendimento,"1,26%"
RBRY11,"R$ 1,41036656",11/07/2022,18/07/2022,Rendimento,"1,39%"
CPTS11,"R$ 0,11000000",12/07/2022,19/07/2022,Rendimento,"0,12%"
MCCI11,"R$ 1,10000000",12/07/2022,19/07/2022,Rendimento,"1,12%"
VGIP11,"R$ 1,42000000",12/07/2022,19/07/2022,Rendimento,"1,44%"
VGIR11,"R$ 0,11900000",12/07/2022,19/07/2022,Rendimento,"0,12%"
AFHI11,"R$ 1,40000000",14/07/2022,21/07/2022,Rendimento,"1,41%"
MANA11,"R$ 0,08000000",30/06/2022,21/07/2022,Rendimento,"0,00%"
RZAK11,"R$ 1,64902911",14/07/2022,21/07/2022,Rendimento,"1,67%"
RZAT11,"R$ 1,16759832",14/07/2022,21/07/2022,Rendimento,"1,10%"
MCRE11,"R$ 0,14000000",15/07/2022,22/07/2022,Rendimento,"0,13%"
RBRX11,"R$ 0,09755368",15/07/2022,22/07/2022,Rendimento,"0,00%"
ALZR11,"R$ 0,07847294",18/07/2022,25/07/2022,Rendimento,"0,07%"
BTLG11,"R$ 0,82000000",15/07/2022,25/07/2022,Rendimento,"0,84%"
SNCI11,"R$ 1,30000000",15/07/2022,25/07/2022,Rendimento,"1,26%"
SNFF11,"R$ 0,65000000",15/07/2022,25/07/2022,Rendimento,"0,72%"
XPML11,"R$ 0,69000000",18/07/2022,25/07/2022,Rendimento,"0,74%"
BTAL11,"R$ 0,83000000",19/07/2022,26/07/2022,Rendimento,"0,89%"
BCIA11,"R$ 0,74000000",30/06/2022,28/07/2022,Rendimento,"0,90%"
ARRI11,"R$ 0,13100000",29/07/2022,05/08/2022,Rendimento,"0,14%"
GARE11,"R$ 0,07899280",29/07/2022,05/08/2022,Rendimento,"0,09%"
HSAF11,"R$ 1,00000000",29/07/2022,05/08/2022,Rendimento,"1,07%"
HSML11,"R$ 0,65000000",29/07/2022,05/08/2022,Rendimento,"0,83%"
KFOF11,"R$ 0,70000000",29/07/2022,05/08/2022,Rendimento,"0,94%"
LIFE11,"R$ 0,14000000",29/07/2022,05/08/2022,Rendimento,"0,00%"
LVBI11,"R$ 0,74000000",29/07/2022,05/08/2022,Rendimento,"0,74%"
PORD11,"R$ 0,15000000",29/07/2022,05/08/2022,Rendimento,"0,15%"
PVBI11,"R$ 0,56000000",29/07/2022,05/08/2022,Rendimento,"0,61%"
VGHF11,"R$ 0,12000000",29/07/2022,05/08/2022,Rendimento,"1,20%"
AIEC11,"R$ 0,72000000",29/07/2022,08/08/2022,Rendimento,"0,97%"
CACR11,"R$ 1,52000000",29/07/2022,08/08/2022,Rendimento,"1,54%"
GGRC11,"R$ 0,08600000",01/08/2022,08/08/2022,Rendimento,"0,08%"
PATL11,"R$ 0,58000000",29/07/2022,08/08/2022,Rendimento,"0,79%"
TGAR11,"R$ 1,58000000",29/07/2022,08/08/2022,Rendimento,"1,31%"
KCRE11,"R$ 0,12000000",29/07/2022,11/08/2022,Rendimento,"0,12%"
KNCR11,"R$ 1,15000000",29/07/2022,11/08/2022,Rendimento,"1,12%"
KNHY11,"R$ 1,16000000",29/07/2022,11/08/2022,Rendimento,"1,18%"
KNIP11,"R$ 1,04000000",29/07/2022,11/08/2022,Rendimento,"1,07%"
KNSC11,"R$ 0,09100000",29/07/2022,11/08/2022,Rendimento,"0,10%"
VCJR11,"R$ 1,00000000",29/07/2022,11/08/2022,Rendimento,"1,07%"
BLMG11,"R$ 0,80000000",05/08/2022,12/08/2022,Rendimento,"1,04%"
BRCO11,"R$ 0,65000000",29/07/2022,12/08/2022,Rendimento,"0,65%"
BRCR11,"R$ 0,47000000",05/08/2022,12/08/2022,Rendimento,"0,81%"
BTCI11,"R$ 0,11666667",05/08/2022,12/08/2022,Rendimento,"0,13%"
CYCR11,"R$ 0,10000000",29/07/2022,12/08/2022,Rendimento,"0,10%"
DEVA11,"R$ 1,25000000",05/08/2022,12/08/2022,Rendimento,"1,27%"
FATN11,"R$ 0,86000000",04/08/2022,12/08/2022,Rendimento,"0,88%"
GTWR11,"R$ 0,74000000",29/07/2022,12/08/2022,Rendimento,"1,04%"
HABT11,"R$ 1,30000000",29/07/2022,12/08/2022,Rendimento,"1,31%"
HCTR11,"R$ 1,25000000",05/08/2022,12/08/2022,Rendimento,"1,12%"
HFOF11,"R$ 0,06200000",29/07/2022,12/08/2022,Rendimento,"0,09%"
HGBS11,"R$ 0,13000000",29/07/2022,12/08/2022,Rendimento,"0,07%"
HGCR11,"R$ 1,20000000",29/07/2022,12/08/2022,Rendimento,"1,16%"
HGLG11,"R$ 1,10000000",29/07/2022,12/08/2022,Rendimento,"0,65%"
HGRE11,"R$ 0,78000000",29/07/2022,12/08/2022,Rendimento,"0,64%"
HGRU11,"R$ 0,82000000",29/07/2022,12/08/2022,Rendimento,"0,69%"
HSLG11,"R$ 0,68000000",29/07/2022,12/08/2022,Rendimento,"0,80%"
JSAF11,"R$ 0,09300000",29/07/2022,12/08/2022,Rendimento,"0,12%"
JSRE11,"R$ 0,49000000",29/07/2022,12/08/2022,Rendimento,"0,64%"
KISU11,"R$ 0,07000000",29/07/2022,12/08/2022,Rendimento,"0,88%"
KIVO11,"R$ 1,25000000",29/07/2022,12/08/2022,Rendimento,"1,22%"
KNRI11,"R$ 0,91000000",29/07/2022,12/08/2022,Rendimento,"0,67%"
MFII11,"R$ 1,10000000",29/07/2022,12/08/2022,Rendimento,"1,18%"
MXRF11,"R$ 0,12000000",29/07/2022,12/08/2022,Rendimento,"1,22%"
OUJP11,"R$ 1,35000000",29/07/2022,12/08/2022,Rendimento,"1,41%"
PMLL11,"R$ 0,75000000",29/07/2022,12/08/2022,Rendimento,"0,74%"
RBRL11,"R$ 0,65000000",05/08/2022,12/08/2022,Rendimento,"0,74%"
RBRP11,"R$ 0,45000000",05/08/2022,12/08/2022,Rendimento,"0,82%"
RBRR11,"R$ 1,10000000",05/08/2022,12/08/2022,Rendimento,"1,12%"
RECR11,"R$ 1,02050000",05/08/2022,12/08/2022,Rendimento,"1,06%"
RZTR11,"R$ 1,25000000",29/07/2022,12/08/2022,Rendimento,"1,23%"
TEPP11,"R$ 0,04900000",29/07/2022,12/08/2022,Rendimento,"0,07%"
TRXF11,"R$ 0,85000000",29/07/2022,12/08/2022,Rendimento,"0,82%"
TVRI11,"R$ 0,92000000",29/07/2022,12/08/2022,Rendimento,"1,15%"
URPR11,"R$ 1,20000000",29/07/2022,12/08/2022,Rendimento,"1,12%"
VILG11,"R$ 0,72000000",29/07/2022,12/08/2022,Rendimento,"0,76%"
VINO11,"R$ 0,06800000",29/07/2022,12/08/2022,Rendimento,"0,15%"
VISC11,"R$ 0,71000000",29/07/2022,12/08/2022,Rendimento,"0,70%"
WHGR11,"R$ 0,11000000",29/07/2022,12/08/2022,Rendimento,"1,10%"
XPCI11,"R$ 1,02000000",29/07/2022,12/08/2022,Rendimento,"1,09%"
XPLG11,"R$ 0,72000000",29/07/2022,12/08/2022,Rendimento,"0,74%"
XPSF11,"R$ 0,07100000",29/07/2022,12/08/2022,Rendimento,"0,98%"
BCRI11,"R$ 1,35000000",29/07/2022,15/08/2022,Rendimento,"1,25%"
PCIP11,"R$ 1,00000000",08/08/2022,15/08/2022,Rendimento,"1,03%"
PSEC11,"R$ 0,75000000",08/08/2022,15/08/2022,Rendimento,"0,99%"
RBFF11,"R$ 0,50000000",29/07/2022,15/08/2022,Rendimento,"0,90%"
RBVA11,"R$ 0,10000000",29/07/2022,15/08/2022,Rendimento,"0,11%"
RCRB11,"R$ 0,72000000",05/08/2022,15/08/2022,Rendimento,"0,59%"
TRBL11,"R$ 0,76000000",29/07/2022,15/08/2022,Rendimento,"0,86%"
VRTA11,"R$ 1,10000000",29/07/2022,15/08/2022,Rendimento,"1,15%"
RBRY11,"R$ 1,35000000",09/08/2022,16/08/2022,Rendimento,"1,32%"
CPTS11,"R$ 0,11000000",10/08/2022,17/08/2022,Rendimento,"0,12%"
MCCI11,"R$ 1,10000000",10/08/2022,17/08/2022,Rendimento,"1,13%"
VGIP11,"R$ 1,00000000",10/08/2022,17/08/2022,Rendimento,"1,07%"
VGIR11,"R$ 0,13000000",10/08/2022,17/08/2022,Rendimento,"0,13%"
AFHI11,"R$ 1,30000000",12/08/2022,19/08/2022,Rendimento,"1,31%"
MANA11,"R$ 0,11000000",29/07/2022,19/08/2022,Rendimento,"0,00%"
RZAK11,"R$ 1,50000000",12/08/2022,19/08/2022,Rendimento,"1,50%"
RZAT11,"R$ 1,02000000",12/08/2022,19/08/2022,Rendimento,"0,99%"
MCRE11,"R$ 0,14000000",15/08/2022,22/08/2022,Rendimento,"0,13%"
RBRX11,"R$ 0,02923620",15/08/2022,22/08/2022,Rendimento,"0,00%"
BTAL11,"R$ 0,83000000",17/08/2022,24/08/2022,Rendimento,"0,87%"
ALZR11,"R$ 0,07819229",18/08/2022,25/08/2022,Rendimento,"0,07%"
BTLG11,"R$ 0,74000000",15/08/2022,25/08/2022,Rendimento,"0,73%"
SNCI11,"R$ 1,25000000",15/08/2022,25/08/2022,Rendimento,"1,23%"
SNFF11,"R$ 0,65000000",15/08/2022,25/08/2022,Rendimento,"0,72%"
XPML11,"R$ 0,70000000",18/08/2022,25/08/2022,Rendimento,"0,67%"
BCIA11,"R$ 0,74000000",29/07/2022,26/08/2022,Rendimento,"0,89%"
ARRI11,"R$ 0,11000000",31/08/2022,08/09/2022,Rendimento,"1,17%"
GARE11,"R$ 0,08200000",31/08/2022,08/09/2022,Rendimento,"0,84%"
HSAF11,"R$ 1,00000000",31/08/2022,08/09/2022,Rendimento,"1,15%"
HSML11,"R$ 0,67000000",31/08/2022,08/09/2022,Rendimento,"0,73%"
HTMX11,"R$ 0,86450100",31/08/2022,08/09/2022,Rendimento,"0,76%"
LIFE11,"R$ 0,13200000",31/08/2022,08/09/2022,Rendimento,"0,00%"
LVBI11,"R$ 0,75000000",31/08/2022,08/09/2022,Rendimento,"0,67%"
PVBI11,"R$ 0,56000000",31/08/2022,08/09/2022,Rendimento,"0,57%"
RZTR11,"R$ 1,25000000",31/08/2022,08/09/2022,Rendimento,"1,19%"
VGHF11,"R$ 0,12000000",31/08/2022,08/09/2022,Rendimento,"1,21%"
AIEC11,"R$ 0,73000000",31/08/2022,09/09/2022,Rendimento,"0,92%"
CACR11,"R$ 1,54000000",31/08/2022,09/09/2022,Rendimento,"1,52%"
GGRC11,"R$ 0,09000000",01/09/2022,09/09/2022,Rendimento,"0,07%"
PATL11,"R$ 0,58000000",31/08/2022,09/09/2022,Rendimento,"0,74%"
TGAR11,"R$ 1,59000000",31/08/2022,09/09/2022,Rendimento,"1,26%"
HABT11,"R$ 1,03000000",31/08/2022,12/09/2022,Rendimento,"1,07%"
BRCO11,"R$ 0,70000000",31/08/2022,14/09/2022,Rendimento,"0,64%"
KCRE11,"R$ 0,10000000",31/08/2022,14/09/2022,Rendimento,"0,11%"
KNCR11,"R$ 1,30000000",31/08/2022,14/09/2022,Rendimento,"1,26%"
KNHY11,"R$ 0,76000000",31/08/2022,14/09/2022,Rendimento,"0,78%"
KNIP11,"R$ 0,58000000",31/08/2022,14/09/2022,Rendimento,"0,62%"
KNSC11,"R$ 0,07000000",31/08/2022,14/09/2022,Rendimento,"0,08%"
VCJR11,"R$ 0,70000000",31/08/2022,14/09/2022,Rendimento,"0,77%"
BCRI11,"R$ 1,29000000",31/08/2022,15/09/2022,Rendimento,"1,23%"
BLMG11,"R$ 0,80000000",08/09/2022,15/09/2022,Rendimento,"0,94%"
BRCR11,"R$ 0,47000000",08/09/2022,15/09/2022,Rendimento,"0,67%"
BTCI11,"R$ 0,10000000",08/09/2022,15/09/2022,Rendimento,"0,11%"
CYCR11,"R$ 0,10000000",31/08/2022,15/09/2022,Rendimento,"0,11%"
DEVA11,"R$ 1,00000000",08/09/2022,15/09/2022,Rendimento,"1,02%"
FATN11,"R$ 0,86000000",06/09/2022,15/09/2022,Rendimento,"0,87%"
GTWR11,"R$ 0,74000000",31/08/2022,15/09/2022,Rendimento,"0,89%"
HCTR11,"R$ 1,10000000",08/09/2022,15/09/2022,Rendimento,"1,01%"
HFOF11,"R$ 0,06200000",31/08/2022,15/09/2022,Rendimento,"0,08%"
HGBS11,"R$ 0,13000000",31/08/2022,15/09/2022,Rendimento,"0,06%"
HGCR11,"R$ 1,20000000",31/08/2022,15/09/2022,Rendimento,"1,15%"
HGLG11,"R$ 1,10000000",31/08/2022,15/09/2022,Rendimento,"0,64%"
HGRE11,"R$ 0,78000000",31/08/2022,15/09/2022,Rendimento,"0,55%"
HGRU11,"R$ 0,82000000",31/08/2022,15/09/2022,Rendimento,"0,64%"
HSLG11,"R$ 0,69000000",31/08/2022,15/09/2022,Rendimento,"0,72%"
JSAF11,"R$ 0,09300000",31/08/2022,15/09/2022,Rendimento,"0,11%"
JSRE11,"R$ 0,49000000",31/08/2022,15/09/2022,Rendimento,"0,56%"
KFOF11,"R$ 0,70000000",31/08/2022,15/09/2022,Rendimento,"0,81%"
KISU11,"R$ 0,07000000",31/08/2022,15/09/2022,Rendimento,"0,84%"
KIVO11,"R$ 1,25000000",31/08/2022,15/09/2022,Rendimento,"1,24%"
KNRI11,"R$ 0,91000000",31/08/2022,15/09/2022,Rendimento,"0,59%"
MFII11,"R$ 1,10000000",31/08/2022,15/09/2022,Rendimento,"1,13%"
MXRF11,"R$ 0,11000000",31/08/2022,15/09/2022,Rendimento,"1,07%"
OUJP11,"R$ 1,25000000",31/08/2022,15/09/2022,Rendimento,"1,31%"
PMLL11,"R$ 0,77000000",31/08/2022,15/09/2022,Rendimento,"0,70%"
PORD11,"R$ 0,11500000",31/08/2022,15/09/2022,Rendimento,"0,12%"
RBFF11,"R$ 0,50000000",31/08/2022,15/09/2022,Rendimento,"0,83%"
RBRL11,"R$ 0,65000000",08/09/2022,15/09/2022,Rendimento,"0,68%"
RBRP11,"R$ 0,45000000",08/09/2022,15/09/2022,Rendimento,"0,74%"
RBVA11,"R$ 0,10200000",31/08/2022,15/09/2022,Rendimento,"0,10%"
RCRB11,"R$ 0,72000000",06/09/2022,15/09/2022,Rendimento,"0,52%"
RECR11,"R$ 0,80000000",08/09/2022,15/09/2022,Rendimento,"0,85%"
SPXS11,"R$ 0,05550192",08/09/2022,15/09/2022,Rendimento,"0,06%"
TEPP11,"R$ 0,04900000",31/08/2022,15/09/2022,Rendimento,"0,06%"
TRBL11,"R$ 0,76000000",31/08/2022,15/09/2022,Rendimento,"0,77%"
TRXF11,"R$ 0,85000000",31/08/2022,15/09/2022,Rendimento,"0,77%"
TVRI11,"R$ 0,92000000",31/08/2022,15/09/2022,Rendimento,"1,02%"
URPR11,"R$ 1,62000000",31/08/2022,15/09/2022,Rendimento,"1,55%"
VILG11,"R$ 0,72000000",31/08/2022,15/09/2022,Rendimento,"0,67%"
VINO11,"R$ 0,06800000",31/08/2022,15/09/2022,Rendimento,"0,13%"
VISC11,"R$ 0,72000000",31/08/2022,15/09/2022,Rendimento,"0,64%"
VRTA11,"R$ 1,10000000",31/08/2022,15/09/2022,Rendimento,"1,17%"
WHGR11,"R$ 0,11000000",31/08/2022,15/09/2022,Rendimento,"1,15%"
XPCI11,"R$ 0,96000000",31/08/2022,15/09/2022,Rendimento,"1,01%"
XPLG11,"R$ 0,72000000",31/08/2022,15/09/2022,Rendimento,"0,67%"
XPSF11,"R$ 0,07500000",31/08/2022,15/09/2022,Rendimento,"0,95%"
PCIP11,"R$ 0,74000000",09/09/2022,16/09/2022,Rendimento,"0,81%"
PSEC11,"R$ 0,75000000",09/09/2022,16/09/2022,Rendimento,"0,92%"
RBRR11,"R$ 1,00000000",12/09/2022,19/09/2022,Rendimento,"1,04%"
RBRY11,"R$ 1,20000000",12/09/2022,19/09/2022,Rendimento,"1,15%"
CPTS11,"R$ 0,11000000",13/09/2022,20/09/2022,Rendimento,"0,12%"
MCCI11,"R$ 1,10000000",13/09/2022,20/09/2022,Rendimento,"1,12%"
VGIP11,"R$ 1,00000000",13/09/2022,20/09/2022,Rendimento,"1,09%"
VGIR11,"R$ 0,13000000",13/09/2022,20/09/2022,Rendimento,"1,29%"
AFHI11,"R$ 1,15000000",15/09/2022,22/09/2022,Rendimento,"1,15%"
MANA11,"R$ 0,12000000",31/08/2022,22/09/2022,Rendimento,"1,17%"
RZAK11,"R$ 1,66000000",15/09/2022,22/09/2022,Rendimento,"1,63%"
RZAT11,"R$ 0,90000000",15/09/2022,22/09/2022,Rendimento,"0,86%"
ALZR11,"R$ 0,56506966",16/09/2022,23/09/2022,Rendimento,"0,47%"
BPML11,"R$ 0,30000000",16/09/2022,23/09/2022,Rendimento,"0,48%"
BTLG11,"R$ 0,74000000",15/09/2022,23/09/2022,Rendimento,"0,71%"
MCRE11,"R$ 0,14000000",16/09/2022,23/09/2022,Rendimento,"0,13%"
RBRX11,"R$ 0,13000000",15/09/2022,23/09/2022,Rendimento,"0,13%"
SNCI11,"R$ 1,15000000",15/09/2022,23/09/2022,Rendimento,"1,13%"
SNFF11,"R$ 0,65000000",15/09/2022,23/09/2022,Rendimento,"0,72%"
XPML11,"R$ 0,73000000",16/09/2022,23/09/2022,Rendimento,"0,70%"
BTAL11,"R$ 0,83000000",20/09/2022,27/09/2022,Rendimento,"0,81%"
BCIA11,"R$ 0,74000000",31/08/2022,29/09/2022,Rendimento,"0,81%"
ARRI11,"R$ 0,14000000",30/09/2022,07/10/2022,Rendimento,"1,55%"
GARE11,"R$ 0,08200000",30/09/2022,07/10/2022,Rendimento,"0,84%"
HSML11,"R$ 0,68000000",30/09/2022,07/10/2022,Rendimento,"0,72%"
HTMX11,"R$ 0,90171964",30/09/2022,07/10/2022,Rendimento,"0,78%"
KNCR11,"R$ 1,20000000",30/09/2022,07/10/2022,Rendimento,"1,17%"
LIFE11,"R$ 0,14000000",30/09/2022,07/10/2022,Rendimento,"0,00%"
LVBI11,"R$ 0,75000000",30/09/2022,07/10/2022,Rendimento,"0,65%"
MXRF11,"R$ 0,10000000",30/09/2022,07/10/2022,Rendimento,"0,97%"
PORD11,"R$ 0,11000000",30/09/2022,07/10/2022,Rendimento,"0,11%"
PVBI11,"R$ 0,57000000",30/09/2022,07/10/2022,Rendimento,"0,58%"
VGHF11,"R$ 0,09000000",30/09/2022,07/10/2022,Rendimento,"0,91%"
AIEC11,"R$ 0,73000000",30/09/2022,10/10/2022,Rendimento,"0,91%"
CACR11,"R$ 1,56000000",30/09/2022,10/10/2022,Rendimento,"1,54%"
GGRC11,"R$ 0,10200000",03/10/2022,10/10/2022,Rendimento,"0,09%"
PATL11,"R$ 0,58000000",30/09/2022,10/10/2022,Rendimento,"0,69%"
TGAR11,"R$ 1,59000000",30/09/2022,10/10/2022,Rendimento,"1,27%"
HABT11,"R$ 1,00000000",30/09/2022,11/10/2022,Rendimento,"1,06%"
BCRI11,"R$ 1,10000000",30/09/2022,14/10/2022,Rendimento,"1,05%"
BRCO11,"R$ 0,70000000",30/09/2022,14/10/2022,Rendimento,"0,64%"
HSLG11,"R$ 0,70000000",30/09/2022,14/10/2022,Rendimento,"0,72%"
KCRE11,"R$ 0,03500000",30/09/2022,14/10/2022,Rendimento,"0,04%"
KNHY11,"R$ 0,37000000",30/09/2022,14/10/2022,Rendimento,"0,38%"
KNIP11,"R$ 0,35000000",30/09/2022,14/10/2022,Rendimento,"0,38%"
KNSC11,"R$ 0,05000000",30/09/2022,14/10/2022,Rendimento,"0,06%"
RBFF11,"R$ 0,51000000",30/09/2022,14/10/2022,Rendimento,"0,89%"
RBVA11,"R$ 0,10700000",30/09/2022,14/10/2022,Rendimento,"0,11%"
RCRB11,"R$ 0,72000000",05/10/2022,14/10/2022,Rendimento,"0,50%"
VCJR11,"R$ 0,15000000",30/09/2022,14/10/2022,Rendimento,"0,17%"
VRTA11,"R$ 1,00000000",30/09/2022,14/10/2022,Rendimento,"1,05%"
BLMG11,"R$ 0,80000000",07/10/2022,17/10/2022,Rendimento,"0,89%"
BRCR11,"R$ 0,47000000",07/10/2022,17/10/2022,Rendimento,"0,69%"
BTCI11,"R$ 0,10000000",07/10/2022,17/10/2022,Rendimento,"0,11%"
CYCR11,"R$ 0,10000000",30/09/2022,17/10/2022,Rendimento,"0,12%"
DEVA11,"R$ 0,55000000",07/10/2022,17/10/2022,Rendimento,"0,57%"
FATN11,"R$ 0,89000000",06/10/2022,17/10/2022,Rendimento,"0,91%"
GTWR11,"R$ 0,74000000",30/09/2022,17/10/2022,Rendimento,"0,90%"
HCTR11,"R$ 1,10000000",07/10/2022,17/10/2022,Rendimento,"1,06%"
HFOF11,"R$ 0,06200000",30/09/2022,17/10/2022,Rendimento,"0,08%"
HGBS11,"R$ 0,13500000",30/09/2022,17/10/2022,Rendimento,"0,06%"
HGCR11,"R$ 1,20000000",30/09/2022,17/10/2022,Rendimento,"1,14%"
HGLG11,"R$ 1,10000000",30/09/2022,17/10/2022,Rendimento,"0,64%"
HGRE11,"R$ 0,78000000",30/09/2022,17/10/2022,Rendimento,"0,54%"
HGRU11,"R$ 0,82000000",30/09/2022,17/10/2022,Rendimento,"0,63%"
HSAF11,"R$ 1,00000000",30/09/2022,17/10/2022,Rendimento,"1,18%"
JSAF11,"R$ 0,09300000",30/09/2022,17/10/2022,Rendimento,"0,11%"
JSRE11,"R$ 0,49000000",30/09/2022,17/10/2022,Rendimento,"0,56%"
KFOF11,"R$ 0,72000000",30/09/2022,17/10/2022,Rendimento,"0,78%"
KISU11,"R$ 0,07500000",30/09/2022,17/10/2022,Rendimento,"0,89%"
KIVO11,"R$ 1,15000000",30/09/2022,17/10/2022,Rendimento,"1,17%"
KNRI11,"R$ 0,91000000",30/09/2022,17/10/2022,Rendimento,"0,60%"
MFII11,"R$ 1,09000000",30/09/2022,17/10/2022,Rendimento,"1,13%"
OUJP11,"R$ 1,20000000",30/09/2022,17/10/2022,Rendimento,"1,24%"
PMLL11,"R$ 0,80000000",30/09/2022,17/10/2022,Rendimento,"0,73%"
RBRL11,"R$ 0,65000000",07/10/2022,17/10/2022,Rendimento,"0,68%"
RBRP11,"R$ 0,45000000",07/10/2022,17/10/2022,Rendimento,"0,74%"
RECR11,"R$ 0,60000000",07/10/2022,17/10/2022,Rendimento,"0,66%"
RZTR11,"R$ 1,25000000",30/09/2022,17/10/2022,Rendimento,"1,19%"
SPXS11,"R$ 0,03248589",07/10/2022,17/10/2022,Rendimento,"0,03%"
TEPP11,"R$ 0,04900000",30/09/2022,17/10/2022,Rendimento,"0,06%"
TRBL11,"R$ 0,79000000",30/09/2022,17/10/2022,Rendimento,"0,81%"
TRXF11,"R$ 0,85000000",30/09/2022,17/10/2022,Rendimento,"0,74%"
TVRI11,"R$ 0,92000000",30/09/2022,17/10/2022,Rendimento,"1,00%"
URPR11,"R$ 1,31000000",30/09/2022,17/10/2022,Rendimento,"1,27%"
VILG11,"R$ 0,72000000",30/09/2022,17/10/2022,Rendimento,"0,65%"
VINO11,"R$ 0,06800000",30/09/2022,17/10/2022,Rendimento,"0,14%"
VISC11,"R$ 0,74000000",30/09/2022,17/10/2022,Rendimento,"0,66%"
WHGR11,"R$ 0,08000000",30/09/2022,17/10/2022,Rendimento,"0,86%"
XPCI11,"R$ 0,88000000",30/09/2022,17/10/2022,Rendimento,"1,00%"
XPLG11,"R$ 0,74000000",30/09/2022,17/10/2022,Rendimento,"0,68%"
XPSF11,"R$ 0,07600000",30/09/2022,17/10/2022,Rendimento,"0,98%"
PCIP11,"R$ 0,66000000",10/10/2022,18/10/2022,Rendimento,"0,72%"
PSEC11,"R$ 0,75000000",10/10/2022,18/10/2022,Rendimento,"0,93%"
RBRR11,"R$ 0,70000000",11/10/2022,19/10/2022,Rendimento,"0,75%"
RBRY11,"R$ 1,00000000",11/10/2022,19/10/2022,Rendimento,"0,98%"
CPTS11,"R$ 0,10500000",13/10/2022,20/10/2022,Rendimento,"0,11%"
MCCI11,"R$ 1,10000000",13/10/2022,20/10/2022,Rendimento,"1,14%"
VGIP11,"R$ 0,45000000",13/10/2022,20/10/2022,Rendimento,"0,50%"
VGIR11,"R$ 0,13000000",13/10/2022,20/10/2022,Rendimento,"1,30%"
AFHI11,"R$ 1,00000000",17/10/2022,24/10/2022,Rendimento,"1,02%"
MANA11,"R$ 0,12000000",30/09/2022,24/10/2022,Rendimento,"1,17%"
RBRX11,"R$ 0,15000000",17/10/2022,24/10/2022,Rendimento,"0,16%"
RZAK11,"R$ 1,45000000",17/10/2022,24/10/2022,Rendimento,"1,41%"
RZAT11,"R$ 0,78000000",17/10/2022,24/10/2022,Rendimento,"0,77%"
ALZR11,"R$ 0,07955000",18/10/2022,25/10/2022,Rendimento,"0,07%"
BPML11,"R$ 0,30000000",18/10/2022,25/10/2022,Rendimento,"0,44%"
BTLG11,"R$ 0,74000000",14/10/2022,25/10/2022,Rendimento,"0,72%"
MCRE11,"R$ 0,14000000",18/10/2022,25/10/2022,Rendimento,"0,13%"
SNCI11,"R$ 1,00000000",14/10/2022,25/10/2022,Rendimento,"0,99%"
SNFF11,"R$ 0,65000000",14/10/2022,25/10/2022,Rendimento,"0,73%"
XPML11,"R$ 0,75000000",18/10/2022,25/10/2022,Rendimento,"0,72%"
BTAL11,"R$ 0,83000000",20/10/2022,27/10/2022,Rendimento,"0,82%"
BCIA11,"R$ 0,76000000",30/09/2022,31/10/2022,Rendimento,"0,81%"
ARRI11,"R$ 0,11000000",31/10/2022,08/11/2022,Rendimento,"1,17%"
GARE11,"R$ 0,08200000",31/10/2022,08/11/2022,Rendimento,"0,85%"
HSAF11,"R$ 1,00000000",31/10/2022,08/11/2022,Rendimento,"1,18%"
HSML11,"R$ 0,68000000",31/10/2022,08/11/2022,Rendimento,"0,74%"
HTMX11,"R$ 0,90685610",31/10/2022,08/11/2022,Rendimento,"0,78%"
LIFE11,"R$ 0,13500000",31/10/2022,08/11/2022,Rendimento,"1,29%"
LVBI11,"R$ 0,75000000",31/10/2022,08/11/2022,Rendimento,"0,68%"
PORD11,"R$ 0,09000000",31/10/2022,08/11/2022,Rendimento,"0,09%"
PVBI11,"R$ 0,57000000",31/10/2022,08/11/2022,Rendimento,"0,59%"
RZTR11,"R$ 1,25000000",31/10/2022,08/11/2022,Rendimento,"1,20%"
VGHF11,"R$ 0,09000000",31/10/2022,08/11/2022,Rendimento,"0,95%"
AIEC11,"R$ 0,74000000",31/10/2022,09/11/2022,Rendimento,"0,98%"
CACR11,"R$ 1,44000000",31/10/2022,09/11/2022,Rendimento,"1,41%"
GGRC11,"R$ 0,10800000",01/11/2022,09/11/2022,Rendimento,"0,09%"
PATL11,"R$ 0,58000000",31/10/2022,09/11/2022,Rendimento,"0,72%"
TGAR11,"R$ 1,55000000",31/10/2022,09/11/2022,Rendimento,"1,23%"
HABT11,"R$ 0,90000000",31/10/2022,11/11/2022,Rendimento,"0,93%"
BCRI11,"R$ 1,00000000",31/10/2022,14/11/2022,Rendimento,"0,97%"
BRCO11,"R$ 0,70000000",31/10/2022,14/11/2022,Rendimento,"0,64%"
KCRE11,"R$ 0,03500000",31/10/2022,14/11/2022,Rendimento,"0,04%"
KNCR11,"R$ 1,10000000",31/10/2022,14/11/2022,Rendimento,"1,08%"
KNHY11,"R$ 0,47000000",31/10/2022,14/11/2022,Rendimento,"0,48%"
KNIP11,"R$ 0,30000000",31/10/2022,14/11/2022,Rendimento,"0,31%"
KNSC11,"R$ 0,05200000",31/10/2022,14/11/2022,Rendimento,"0,06%"
RBVA11,"R$ 0,10700000",31/10/2022,14/11/2022,Rendimento,"0,11%"
RCRB11,"R$ 0,76000000",04/11/2022,14/11/2022,Rendimento,"0,56%"
VCJR11,"R$ 0,25000000",31/10/2022,14/11/2022,Rendimento,"0,27%"
VRTA11,"R$ 1,00000000",31/10/2022,14/11/2022,Rendimento,"1,04%"
BLMG11,"R$ 0,80000000",08/11/2022,16/11/2022,Rendimento,"0,92%"
BRCR11,"R$ 0,47000000",08/11/2022,16/11/2022,Rendimento,"0,70%"
BTCI11,"R$ 0,10000000",08/11/2022,16/11/2022,Rendimento,"0,11%"
CYCR11,"R$ 0,10000000",31/10/2022,16/11/2022,Rendimento,"1,15%"
DEVA11,"R$ 0,56000000",08/11/2022,16/11/2022,Rendimento,"0,62%"
FATN11,"R$ 0,90000000",07/11/2022,16/11/2022,Rendimento,"0,96%"
GTWR11,"R$ 0,74000000",31/10/2022,16/11/2022,Rendimento,"0,88%"
HCTR11,"R$ 1,10000000",08/11/2022,16/11/2022,Rendimento,"1,07%"
HFOF11,"R$ 0,06200000",31/10/2022,16/11/2022,Rendimento,"0,08%"
HGBS11,"R$ 0,13500000",31/10/2022,16/11/2022,Rendimento,"0,06%"
HGCR11,"R$ 1,20000000",31/10/2022,16/11/2022,Rendimento,"1,16%"
HGLG11,"R$ 1,10000000",31/10/2022,16/11/2022,Rendimento,"0,66%"
HGRE11,"R$ 0,78000000",31/10/2022,16/11/2022,Rendimento,"0,56%"
HGRU11,"R$ 0,82000000",31/10/2022,16/11/2022,Rendimento,"0,65%"
HSLG11,"R$ 0,70000000",31/10/2022,16/11/2022,Rendimento,"0,73%"
JSAF11,"R$ 0,09300000",31/10/2022,16/11/2022,Rendimento,"0,10%"
JSRE11,"R$ 0,49000000",31/10/2022,16/11/2022,Rendimento,"0,57%"
KFOF11,"R$ 0,72000000",31/10/2022,16/11/2022,Rendimento,"0,79%"
KISU11,"R$ 0,07500000",31/10/2022,16/11/2022,Rendimento,"0,88%"
KIVO11,"R$ 1,30000000",31/10/2022,16/11/2022,Rendimento,"1,34%"
KNRI11,"R$ 0,91000000",31/10/2022,16/11/2022,Rendimento,"0,62%"
MFII11,"R$ 1,11000000",31/10/2022,16/11/2022,Rendimento,"1,13%"
MXRF11,"R$ 0,10000000",31/10/2022,16/11/2022,Rendimento,"0,97%"
OUJP11,"R$ 1,20000000",31/10/2022,16/11/2022,Rendimento,"1,24%"
PMLL11,"R$ 0,78000000",31/10/2022,16/11/2022,Rendimento,"0,71%"
RBFF11,"R$ 0,51000000",31/10/2022,16/11/2022,Rendimento,"0,89%"
RBRL11,"R$ 0,65000000",08/11/2022,16/11/2022,Rendimento,"0,72%"
RBRP11,"R$ 0,28000000",08/11/2022,16/11/2022,Rendimento,"0,51%"
RECR11,"R$ 0,44230000",08/11/2022,16/11/2022,Rendimento,"0,49%"
SPXS11,"R$ 0,08300000",08/11/2022,16/11/2022,Rendimento,"0,09%"
TEPP11,"R$ 0,05000000",31/10/2022,16/11/2022,Rendimento,"0,06%"
TRBL11,"R$ 0,79000000",31/10/2022,16/11/2022,Rendimento,"0,83%"
TRXF11,"R$ 0,85000000",31/10/2022,16/11/2022,Rendimento,"0,78%"
TVRI11,"R$ 0,92000000",31/10/2022,16/11/2022,Rendimento,"0,98%"
URPR11,"R$ 1,13000000",31/10/2022,16/11/2022,Rendimento,"1,11%"
VILG11,"R$ 0,72000000",31/10/2022,16/11/2022,Rendimento,"0,66%"
VINO11,"R$ 0,06800000",31/10/2022,16/11/2022,Rendimento,"0,13%"
VISC11,"R$ 0,75000000",31/10/2022,16/11/2022,Rendimento,"0,66%"
WHGR11,"R$ 0,07000000",31/10/2022,16/11/2022,Rendimento,"0,77%"
XPCI11,"R$ 0,67000000",31/10/2022,16/11/2022,Rendimento,"0,74%"
XPLG11,"R$ 0,74000000",31/10/2022,16/11/2022,Rendimento,"0,68%"
XPSF11,"R$ 0,07700000",31/10/2022,16/11/2022,Rendimento,"0,99%"
CCME11,"R$ 0,08500000",09/11/2022,17/11/2022,Rendimento,"0,08%"
PCIP11,"R$ 0,66000000",09/11/2022,17/11/2022,Rendimento,"0,73%"
PSEC11,"R$ 0,75000000",09/11/2022,17/11/2022,Rendimento,"0,97%"
RBRR11,"R$ 0,70000000",10/11/2022,18/11/2022,Rendimento,"0,79%"
RBRY11,"R$ 1,00000000",10/11/2022,18/11/2022,Rendimento,"1,02%"
CPTS11,"R$ 0,08500000",11/11/2022,21/11/2022,Rendimento,"0,10%"
MCCI11,"R$ 1,10000000",11/11/2022,21/11/2022,Rendimento,"1,14%"
VGIP11,"R$ 0,45000000",11/11/2022,21/11/2022,Rendimento,"0,51%"
VGIR11,"R$ 0,13000000",11/11/2022,21/11/2022,Rendimento,"1,30%"
AFHI11,"R$ 0,95000000",16/11/2022,23/11/2022,Rendimento,"0,99%"
MANA11,"R$ 0,12000000",31/10/2022,23/11/2022,Rendimento,"1,18%"
RZAK11,"R$ 1,40000000",16/11/2022,23/11/2022,Rendimento,"1,43%"
RZAT11,"R$ 0,76602883",16/11/2022,23/11/2022,Rendimento,"0,80%"
MCRE11,"R$ 0,14000000",17/11/2022,24/11/2022,Rendimento,"0,13%"
RBRX11,"R$ 0,15000000",16/11/2022,24/11/2022,Rendimento,"0,16%"
ALZR11,"R$ 0,07750959",18/11/2022,25/11/2022,Rendimento,"0,07%"
BPML11,"R$ 0,30000000",18/11/2022,25/11/2022,Rendimento,"0,45%"
BTLG11,"R$ 0,74000000",14/11/2022,25/11/2022,Rendimento,"0,73%"
SNCI11,"R$ 1,00000000",14/11/2022,25/11/2022,Rendimento,"1,00%"
SNFF11,"R$ 0,65000000",14/11/2022,25/11/2022,Rendimento,"0,74%"
XPML11,"R$ 0,75000000",18/11/2022,25/11/2022,Rendimento,"0,74%"
BTAL11,"R$ 0,83000000",21/11/2022,28/11/2022,Rendimento,"0,89%"
BCIA11,"R$ 0,76000000",31/10/2022,30/11/2022,Rendimento,"0,82%"
ARRI11,"R$ 0,13000000",30/11/2022,07/12/2022,Rendimento,"1,42%"
GARE11,"R$ 0,08200000",30/11/2022,07/12/2022,Rendimento,"0,88%"
HSAF11,"R$ 0,60000000",30/11/2022,07/12/2022,Rendimento,"0,72%"
HSML11,"R$ 0,68000000",30/11/2022,07/12/2022,Rendimento,"0,83%"
HTMX11,"R$ 1,27160577",30/11/2022,07/12/2022,Rendimento,"1,19%"
LIFE11,"R$ 0,13000000",30/11/2022,07/12/2022,Rendimento,"1,28%"
LVBI11,"R$ 0,75000000",30/11/2022,07/12/2022,Rendimento,"0,73%"
PORD11,"R$ 0,09000000",30/11/2022,07/12/2022,Rendimento,"0,10%"
PVBI11,"R$ 0,57000000",30/11/2022,07/12/2022,Rendimento,"0,63%"
RZTR11,"R$ 1,25000000",30/11/2022,07/12/2022,Rendimento,"1,23%"
VGHF11,"R$ 0,10000000",30/11/2022,07/12/2022,Rendimento,"1,10%"
AIEC11,"R$ 0,75000000",30/11/2022,08/12/2022,Rendimento,"1,06%"
CACR11,"R$ 1,42000000",30/11/2022,08/12/2022,Rendimento,"1,40%"
GGRC11,"R$ 0,10200000",01/12/2022,08/12/2022,Rendimento,"0,09%"
PATL11,"R$ 0,58000000",30/11/2022,08/12/2022,Rendimento,"0,80%"
TGAR11,"R$ 1,50000000",30/11/2022,08/12/2022,Rendimento,"1,23%"
HABT11,"R$ 0,92000000",30/11/2022,12/12/2022,Rendimento,"1,03%"
KCRE11,"R$ 0,05100000",30/11/2022,13/12/2022,Rendimento,"0,06%"
KNCR11,"R$ 1,10000000",30/11/2022,13/12/2022,Rendimento,"1,10%"
KNHY11,"R$ 0,90000000",30/11/2022,13/12/2022,Rendimento,"0,93%"
KNIP11,"R$ 0,50000000",30/11/2022,13/12/2022,Rendimento,"0,54%"
KNSC11,"R$ 0,07500000",30/11/2022,13/12/2022,Rendimento,"0,09%"
VCJR11,"R$ 0,43000000",30/11/2022,13/12/2022,Rendimento,"0,47%"
BLMG11,"R$ 0,80000000",07/12/2022,14/12/2022,Rendimento,"1,05%"
BRCO11,"R$ 0,70000000",30/11/2022,14/12/2022,Rendimento,"0,70%"
BRCR11,"R$ 0,50000000",07/12/2022,14/12/2022,Rendimento,"0,85%"
BTCI11,"R$ 0,10000000",07/12/2022,14/12/2022,Rendimento,"0,12%"
CYCR11,"R$ 0,10000000",30/11/2022,14/12/2022,Rendimento,"1,16%"
DEVA11,"R$ 0,90000000",07/12/2022,14/12/2022,Rendimento,"1,02%"
FATN11,"R$ 0,80000000",06/12/2022,14/12/2022,Rendimento,"0,85%"
GTWR11,"R$ 0,74000000",30/11/2022,14/12/2022,Rendimento,"0,94%"
HCTR11,"R$ 1,10000000",07/12/2022,14/12/2022,Rendimento,"1,09%"
HFOF11,"R$ 0,06200000",30/11/2022,14/12/2022,Rendimento,"0,09%"
HGBS11,"R$ 0,14000000",30/11/2022,14/12/2022,Rendimento,"0,07%"
HGCR11,"R$ 1,20000000",30/11/2022,14/12/2022,Rendimento,"1,17%"
HGLG11,"R$ 1,10000000",30/11/2022,14/12/2022,Rendimento,"0,67%"
HGRE11,"R$ 0,78000000",30/11/2022,14/12/2022,Rendimento,"0,62%"
HGRU11,"R$ 0,82000000",30/11/2022,14/12/2022,Rendimento,"0,68%"
HSLG11,"R$ 0,70000000",30/11/2022,14/12/2022,Rendimento,"0,77%"
JSAF11,"R$ 0,09300000",30/11/2022,14/12/2022,Rendimento,"0,11%"
JSRE11,"R$ 0,49000000",30/11/2022,14/12/2022,Rendimento,"0,68%"
KFOF11,"R$ 0,72000000",30/11/2022,14/12/2022,Rendimento,"0,88%"
KISU11,"R$ 0,07500000",30/11/2022,14/12/2022,Rendimento,"0,92%"
KIVO11,"R$ 1,30000000",30/11/2022,14/12/2022,Rendimento,"1,36%"
KNRI11,"R$ 0,91000000",30/11/2022,14/12/2022,Rendimento,"0,63%"
MFII11,"R$ 1,11000000",30/11/2022,14/12/2022,Rendimento,"1,16%"
MXRF11,"R$ 0,08000000",30/11/2022,14/12/2022,Rendimento,"0,79%"
OUJP11,"R$ 1,20000000",30/11/2022,14/12/2022,Rendimento,"1,24%"
PMLL11,"R$ 0,78000000",30/11/2022,14/12/2022,Rendimento,"0,73%"
RBRL11,"R$ 0,65000000",07/12/2022,14/12/2022,Rendimento,"0,78%"
RBRP11,"R$ 0,27000000",07/12/2022,14/12/2022,Rendimento,"0,52%"
RECR11,"R$ 0,73500000",07/12/2022,14/12/2022,Rendimento,"0,84%"
SPXS11,"R$ 0,05490000",07/12/2022,14/12/2022,Rendimento,"0,06%"
TEPP11,"R$ 0,05000000",30/11/2022,14/12/2022,Rendimento,"0,07%"
TRBL11,"R$ 0,82000000",30/11/2022,14/12/2022,Rendimento,"0,88%"
TRXF11,"R$ 0,85000000",30/11/2022,14/12/2022,Rendimento,"0,81%"
TVRI11,"R$ 0,92000000",30/11/2022,14/12/2022,Rendimento,"1,02%"
URPR11,"R$ 1,11000000",30/11/2022,14/12/2022,Rendimento,"1,11%"
VILG11,"R$ 0,72000000",30/11/2022,14/12/2022,Rendimento,"0,72%"
VINO11,"R$ 0,06800000",30/11/2022,14/12/2022,Rendimento,"0,14%"
VISC11,"R$ 0,76000000",30/11/2022,14/12/2022,Rendimento,"0,72%"
WHGR11,"R$ 0,07000000",30/11/2022,14/12/2022,Rendimento,"0,77%"
XPCI11,"R$ 0,60000000",30/11/2022,14/12/2022,Rendimento,"0,71%"
XPLG11,"R$ 0,74000000",30/11/2022,14/12/2022,Rendimento,"0,73%"
XPSF11,"R$ 0,07700000",30/11/2022,14/12/2022,Rendimento,"1,04%"
BCRI11,"R$ 1,00000000",30/11/2022,15/12/2022,Rendimento,"1,02%"
CCME11,"R$ 0,08500000",08/12/2022,15/12/2022,Rendimento,"0,08%"
PCIP11,"R$ 0,75000000",08/12/2022,15/12/2022,Rendimento,"0,82%"
PSEC11,"R$ 0,75000000",08/12/2022,15/12/2022,Rendimento,"1,00%"
RBFF11,"R$ 0,51000000",30/11/2022,15/12/2022,Rendimento,"0,95%"
RBVA11,"R$ 0,10700000",30/11/2022,15/12/2022,Rendimento,"0,12%"
RCRB11,"R$ 0,76000000",07/12/2022,15/12/2022,Rendimento,"0,61%"
VRTA11,"R$ 0,90000000",30/11/2022,15/12/2022,Rendimento,"0,97%"
RBRR11,"R$ 0,70000000",09/12/2022,16/12/2022,Rendimento,"0,79%"
RBRY11,"R$ 1,00000000",09/12/2022,16/12/2022,Rendimento,"1,05%"
CPTS11,"R$ 0,03700000",12/12/2022,19/12/2022,Rendimento,"0,04%"
MCCI11,"R$ 1,10000000",12/12/2022,19/12/2022,Rendimento,"1,16%"
VGIP11,"R$ 0,45000000",12/12/2022,19/12/2022,Rendimento,"0,52%"
VGIR11,"R$ 0,13000000",12/12/2022,19/12/2022,Rendimento,"1,30%"
AFHI11,"R$ 0,96000000",14/12/2022,21/12/2022,Rendimento,"1,01%"
MANA11,"R$ 0,11000000",30/11/2022,21/12/2022,Rendimento,"1,09%"
RZAK11,"R$ 1,50000000",14/12/2022,21/12/2022,Rendimento,"1,47%"
RZAT11,"R$ 0,76100612",14/12/2022,21/12/2022,Rendimento,"0,85%"
RBRX11,"R$ 0,15000000",14/12/2022,22/12/2022,Rendimento,"0,16%"
ALZR11,"R$ 0,07254519",16/12/2022,23/12/2022,Rendimento,"0,07%"
BPML11,"R$ 0,30000000",16/12/2022,23/12/2022,Rendimento,"0,48%"
BTLG11,"R$ 0,74000000",15/12/2022,23/12/2022,Rendimento,"0,77%"
SNCI11,"R$ 1,00000000",15/12/2022,23/12/2022,Rendimento,"1,01%"
SNFF11,"R$ 1,30000000",15/12/2022,23/12/2022,Rendimento,"1,48%"
XPML11,"R$ 0,77000000",16/12/2022,23/12/2022,Rendimento,"0,80%"
BTAL11,"R$ 0,83000000",19/12/2022,26/12/2022,Rendimento,"0,91%"
BCIA11,"R$ 0,76000000",30/11/2022,28/12/2022,Rendimento,"0,88%"
MCRE11,"R$ 0,34000000",21/12/2022,28/12/2022,Rendimento,"0,32%"
ARRI11,"R$ 0,13000000",29/12/2022,06/01/2023,Rendimento,"1,40%"
GARE11,"R$ 0,08200000",29/12/2022,06/01/2023,Rendimento,"0,87%"
HSAF11,"R$ 0,80000000",29/12/2022,06/01/2023,Rendimento,"1,01%"
HSML11,"R$ 0,70000000",29/12/2022,06/01/2023,Rendimento,"0,86%"
HTMX11,"R$ 1,26351105",29/12/2022,06/01/2023,Rendimento,"1,13%"
LIFE11,"R$ 0,13200000",29/12/2022,06/01/2023,Rendimento,"1,22%"
LVBI11,"R$ 0,75000000",29/12/2022,06/01/2023,Rendimento,"0,73%"
PORD11,"R$ 0,09100000",29/12/2022,06/01/2023,Rendimento,"0,10%"
PVBI11,"R$ 0,57000000",29/12/2022,06/01/2023,Rendimento,"0,63%"
RZTR11,"R$ 0,86000000",29/12/2022,06/01/2023,Rendimento,"0,86%"
VGHF11,"R$ 0,09000000",29/12/2022,06/01/2023,Rendimento,"0,96%"
AIEC11,"R$ 1,32000000",29/12/2022,09/01/2023,Rendimento,"1,90%"
CACR11,"R$ 1,47000000",29/12/2022,09/01/2023,Rendimento,"1,42%"
GGRC11,"R$ 0,09500000",02/01/2023,09/01/2023,Rendimento,"0,08%"
PATL11,"R$ 0,58000000",29/12/2022,09/01/2023,Rendimento,"0,82%"
TGAR11,"R$ 1,30000000",29/12/2022,09/01/2023,Rendimento,"1,07%"
HABT11,"R$ 1,17000000",29/12/2022,12/01/2023,Rendimento,"1,30%"
KCRE11,"R$ 0,06100000",29/12/2022,12/01/2023,Rendimento,"0,07%"
KNCR11,"R$ 1,20000000",29/12/2022,12/01/2023,Rendimento,"1,22%"
KNHY11,"R$ 0,95000000",29/12/2022,12/01/2023,Rendimento,"0,97%"
KNIP11,"R$ 0,94000000",29/12/2022,12/01/2023,Rendimento,"1,02%"
KNSC11,"R$ 0,09400000",29/12/2022,12/01/2023,Rendimento,"0,11%"
VCJR11,"R$ 1,00000000",29/12/2022,12/01/2023,Rendimento,"1,10%"
BCRI11,"R$ 1,04000000",29/12/2022,13/01/2023,Rendimento,"1,09%"
BLMG11,"R$ 0,80000000",06/01/2023,13/01/2023,Rendimento,"1,03%"
BRCO11,"R$ 0,65000000",29/12/2022,13/01/2023,Rendimento,"0,66%"
BRCR11,"R$ 0,47000000",06/01/2023,13/01/2023,Rendimento,"0,78%"
BTCI11,"R$ 0,10555556",06/01/2023,13/01/2023,Rendimento,"0,13%"
CYCR11,"R$ 0,11681447",29/12/2022,13/01/2023,Rendimento,"1,31%"
DEVA11,"R$ 1,05000000",06/01/2023,13/01/2023,Rendimento,"1,14%"
FATN11,"R$ 0,92000000",05/01/2023,13/01/2023,Rendimento,"0,98%"
GTWR11,"R$ 0,79000000",29/12/2022,13/01/2023,Rendimento,"0,99%"
HCTR11,"R$ 1,10000000",06/01/2023,13/01/2023,Rendimento,"1,09%"
HFOF11,"R$ 0,06200000",29/12/2022,13/01/2023,Rendimento,"0,09%"
HGBS11,"R$ 0,14000000",29/12/2022,13/01/2023,Rendimento,"0,07%"
HGCR11,"R$ 1,20000000",29/12/2022,13/01/2023,Rendimento,"1,17%"
HGLG11,"R$ 2,20000000",29/12/2022,13/01/2023,Rendimento,"1,34%"
HGRE11,"R$ 1,10000000",29/12/2022,13/01/2023,Rendimento,"0,89%"
HGRU11,"R$ 2,00000000",29/12/2022,13/01/2023,Rendimento,"1,64%"
HSLG11,"R$ 0,70000000",29/12/2022,13/01/2023,Rendimento,"0,79%"
JSAF11,"R$ 0,09300000",29/12/2022,13/01/2023,Rendimento,"0,11%"
JSRE11,"R$ 0,49000000",29/12/2022,13/01/2023,Rendimento,"0,67%"
KFOF11,"R$ 0,72000000",29/12/2022,13/01/2023,Rendimento,"0,92%"
KISU11,"R$ 0,09000000",29/12/2022,13/01/2023,Rendimento,"1,11%"
KIVO11,"R$ 1,40000000",29/12/2022,13/01/2023,Rendimento,"1,44%"
KNRI11,"R$ 1,00000000",29/12/2022,13/01/2023,Rendimento,"0,71%"
MFII11,"R$ 1,12000000",29/12/2022,13/01/2023,Rendimento,"1,19%"
MXRF11,"R$ 0,10000000",29/12/2022,13/01/2023,Rendimento,"0,99%"
OUJP11,"R$ 1,25000000",29/12/2022,13/01/2023,Rendimento,"1,26%"
PMLL11,"R$ 0,78000000",29/12/2022,13/01/2023,Rendimento,"0,75%"
RBFF11,"R$ 0,51000000",29/12/2022,13/01/2023,Rendimento,"0,96%"
RBRL11,"R$ 0,65000000",06/01/2023,13/01/2023,Rendimento,"0,80%"
RBRP11,"R$ 0,27000000",06/01/2023,13/01/2023,Rendimento,"0,56%"
RBVA11,"R$ 0,10700000",29/12/2022,13/01/2023,Rendimento,"0,12%"
RCRB11,"R$ 0,73000000",05/01/2023,13/01/2023,Rendimento,"0,61%"
RECR11,"R$ 0,92380000",06/01/2023,13/01/2023,Rendimento,"1,04%"
SPXS11,"R$ 0,06140000",06/01/2023,13/01/2023,Rendimento,"0,07%"
TEPP11,"R$ 0,05100000",29/12/2022,13/01/2023,Rendimento,"0,08%"
TRBL11,"R$ 0,82000000",29/12/2022,13/01/2023,Rendimento,"0,86%"
TRXF11,"R$ 1,20000000",29/12/2022,13/01/2023,Rendimento,"1,14%"
TVRI11,"R$ 0,92000000",29/12/2022,13/01/2023,Rendimento,"1,08%"
URPR11,"R$ 1,21000000",29/12/2022,13/01/2023,Rendimento,"1,20%"
VILG11,"R$ 0,70000000",29/12/2022,13/01/2023,Rendimento,"0,70%"
VINO11,"R$ 0,06800000",29/12/2022,13/01/2023,Rendimento,"0,14%"
VISC11,"R$ 0,85000000",29/12/2022,13/01/2023,Rendimento,"0,81%"
VRTA11,"R$ 0,90000000",29/12/2022,13/01/2023,Rendimento,"1,01%"
WHGR11,"R$ 0,09000000",29/12/2022,13/01/2023,Rendimento,"1,04%"
XPCI11,"R$ 0,72000000",29/12/2022,13/01/2023,Rendimento,"0,89%"
XPLG11,"R$ 0,74000000",29/12/2022,13/01/2023,Rendimento,"0,75%"
XPSF11,"R$ 0,07700000",29/12/2022,13/01/2023,Rendimento,"1,01%"
CCME11,"R$ 0,09900000",09/01/2023,16/01/2023,Rendimento,"0,00%"
PCIP11,"R$ 1,10000000",09/01/2023,16/01/2023,Rendimento,"1,21%"
PSEC11,"R$ 0,75000000",09/01/2023,16/01/2023,Rendimento,"1,02%"
RBRR11,"R$ 0,90401616",10/01/2023,17/01/2023,Rendimento,"1,03%"
RBRY11,"R$ 1,10000000",10/01/2023,17/01/2023,Rendimento,"1,13%"
CPTS11,"R$ 0,05800000",11/01/2023,18/01/2023,Rendimento,"0,07%"
MCCI11,"R$ 1,15000000",11/01/2023,18/01/2023,Rendimento,"1,24%"
VGIP11,"R$ 0,82000000",11/01/2023,18/01/2023,Rendimento,"0,96%"
VGIR11,"R$ 0,11000000",11/01/2023,18/01/2023,Rendimento,"1,12%"
AFHI11,"R$ 1,00000000",13/01/2023,20/01/2023,Rendimento,"1,04%"
MANA11,"R$ 0,11000000",29/12/2022,20/01/2023,Rendimento,"1,09%"
RZAK11,"R$ 1,40000000",13/01/2023,20/01/2023,Rendimento,"1,43%"
RZAT11,"R$ 0,39331024",13/01/2023,20/01/2023,Rendimento,"0,44%"
MCRE11,"R$ 0,14000000",16/01/2023,23/01/2023,Rendimento,"0,13%"
RBRX11,"R$ 0,15000000",13/01/2023,23/01/2023,Rendimento,"0,17%"
ALZR11,"R$ 0,07836817",18/01/2023,25/01/2023,Rendimento,"0,07%"
BPML11,"R$ 0,27046454",18/01/2023,25/01/2023,Rendimento,"0,43%"
BTAL11,"R$ 0,83000000",18/01/2023,25/01/2023,Rendimento,"0,87%"
BTLG11,"R$ 0,74000000",13/01/2023,25/01/2023,Rendimento,"0,75%"
SNCI11,"R$ 1,00000000",13/01/2023,25/01/2023,Rendimento,"1,01%"
SNFF11,"R$ 0,80000000",13/01/2023,25/01/2023,Rendimento,"0,91%"
XPML11,"R$ 0,90000000",18/01/2023,25/01/2023,Rendimento,"0,91%"
BCIA11,"R$ 0,76000000",29/12/2022,30/01/2023,Rendimento,"0,89%"
ARRI11,"R$ 0,13000000",31/01/2023,07/02/2023,Rendimento,"1,38%"
GARE11,"R$ 0,08100000",31/01/2023,07/02/2023,Rendimento,"0,89%"
HSAF11,"R$ 0,90000000",31/01/2023,07/02/2023,Rendimento,"1,13%"
HSML11,"R$ 0,70000000",31/01/2023,07/02/2023,Rendimento,"0,88%"
HTMX11,"R$ 0,73907837",31/01/2023,07/02/2023,Rendimento,"0,65%"
LIFE11,"R$ 0,13000000",31/01/2023,07/02/2023,Rendimento,"1,24%"
LVBI11,"R$ 0,75000000",31/01/2023,07/02/2023,Rendimento,"0,77%"
PORD11,"R$ 0,11200000",31/01/2023,07/02/2023,Rendimento,"0,12%"
PVBI11,"R$ 0,61000000",31/01/2023,07/02/2023,Rendimento,"0,72%"
RZTR11,"R$ 0,85000000",31/01/2023,07/02/2023,Rendimento,"0,94%"
VGHF11,"R$ 0,10000000",31/01/2023,07/02/2023,Rendimento,"1,09%"
AIEC11,"R$ 0,18000000",31/01/2023,08/02/2023,Rendimento,"0,27%"
CACR11,"R$ 1,40000000",31/01/2023,08/02/2023,Rendimento,"1,32%"
GGRC11,"R$ 0,09500000",01/02/2023,08/02/2023,Rendimento,"0,09%"
PATL11,"R$ 0,58000000",31/01/2023,08/02/2023,Rendimento,"0,85%"
TGAR11,"R$ 1,30000000",31/01/2023,08/02/2023,Rendimento,"1,09%"
HABT11,"R$ 1,18000000",31/01/2023,10/02/2023,Rendimento,"1,30%"
KCRE11,"R$ 0,10800000",31/01/2023,13/02/2023,Rendimento,"0,12%"
KNCR11,"R$ 1,20000000",31/01/2023,13/02/2023,Rendimento,"1,21%"
KNHY11,"R$ 1,32000000",31/01/2023,13/02/2023,Rendimento,"1,38%"
KNIP11,"R$ 1,00000000",31/01/2023,13/02/2023,Rendimento,"1,11%"
KNSC11,"R$ 0,10400000",31/01/2023,13/02/2023,Rendimento,"0,12%"
VCJR11,"R$ 1,08000000",31/01/2023,13/02/2023,Rendimento,"1,20%"
BLMG11,"R$ 0,79000000",07/02/2023,14/02/2023,Rendimento,"1,12%"
BRCO11,"R$ 0,62000000",31/01/2023,14/02/2023,Rendimento,"0,64%"
BRCR11,"R$ 0,47000000",07/02/2023,14/02/2023,Rendimento,"0,84%"
BTCI11,"R$ 0,10600000",07/02/2023,14/02/2023,Rendimento,"1,21%"
CYCR11,"R$ 0,09500000",31/01/2023,14/02/2023,Rendimento,"1,12%"
DEVA11,"R$ 1,10000000",07/02/2023,14/02/2023,Rendimento,"1,24%"
FATN11,"R$ 0,90000000",06/02/2023,14/02/2023,Rendimento,"0,96%"
GTWR11,"R$ 0,79000000",31/01/2023,14/02/2023,Rendimento,"1,06%"
HCTR11,"R$ 1,00000000",07/02/2023,14/02/2023,Rendimento,"1,02%"
HFOF11,"R$ 0,06300000",31/01/2023,14/02/2023,Rendimento,"0,09%"
HGBS11,"R$ 0,14000000",31/01/2023,14/02/2023,Rendimento,"0,08%"
HGCR11,"R$ 1,20000000",31/01/2023,14/02/2023,Rendimento,"1,17%"
HGLG11,"R$ 1,10000000",31/01/2023,14/02/2023,Rendimento,"0,68%"
HGRE11,"R$ 0,78000000",31/01/2023,14/02/2023,Rendimento,"0,69%"
HGRU11,"R$ 0,82000000",31/01/2023,14/02/2023,Rendimento,"0,69%"
HSLG11,"R$ 0,70000000",31/01/2023,14/02/2023,Rendimento,"0,87%"
JSAF11,"R$ 0,09300000",31/01/2023,14/02/2023,Rendimento,"0,12%"
JSRE11,"R$ 0,49000000",31/01/2023,14/02/2023,Rendimento,"0,76%"
KFOF11,"R$ 0,72000000",31/01/2023,14/02/2023,Rendimento,"0,94%"
KISU11,"R$ 0,07500000",31/01/2023,14/02/2023,Rendimento,"0,93%"
KIVO11,"R$ 1,25000000",31/01/2023,14/02/2023,Rendimento,"1,46%"
KNRI11,"R$ 0,91000000",31/01/2023,14/02/2023,Rendimento,"0,65%"
MFII11,"R$ 1,10000000",31/01/2023,14/02/2023,Rendimento,"1,15%"
MXRF11,"R$ 0,11000000",31/01/2023,14/02/2023,Rendimento,"1,08%"
OUJP11,"R$ 1,25000000",31/01/2023,14/02/2023,Rendimento,"1,27%"
PMLL11,"R$ 0,78000000",31/01/2023,14/02/2023,Rendimento,"0,76%"
RBRL11,"R$ 0,65000000",07/02/2023,14/02/2023,Rendimento,"0,91%"
RBRP11,"R$ 0,27000000",07/02/2023,14/02/2023,Rendimento,"0,57%"
RBRR11,"R$ 0,95000000",07/02/2023,14/02/2023,Rendimento,"1,11%"
RECR11,"R$ 0,99000000",07/02/2023,14/02/2023,Rendimento,"1,13%"
SPXS11,"R$ 0,09000000",07/02/2023,14/02/2023,Rendimento,"0,11%"
TEPP11,"R$ 0,04900000",31/01/2023,14/02/2023,Rendimento,"0,07%"
TRBL11,"R$ 0,83000000",31/01/2023,14/02/2023,Rendimento,"0,90%"
TRXF11,"R$ 0,85000000",31/01/2023,14/02/2023,Rendimento,"0,81%"
TVRI11,"R$ 0,90000000",31/01/2023,14/02/2023,Rendimento,"1,04%"
URPR11,"R$ 1,25000000",31/01/2023,14/02/2023,Rendimento,"1,24%"
VILG11,"R$ 0,67000000",31/01/2023,14/02/2023,Rendimento,"0,72%"
VINO11,"R$ 0,06200000",31/01/2023,14/02/2023,Rendimento,"0,14%"
VISC11,"R$ 0,82000000",31/01/2023,14/02/2023,Rendimento,"0,77%"
WHGR11,"R$ 0,10000000",31/01/2023,14/02/2023,Rendimento,"1,16%"
XPCI11,"R$ 0,96000000",31/01/2023,14/02/2023,Rendimento,"1,22%"
XPLG11,"R$ 0,74000000",31/01/2023,14/02/2023,Rendimento,"0,81%"
XPSF11,"R$ 0,07500000",31/01/2023,14/02/2023,Rendimento,"1,03%"
BCRI11,"R$ 1,00000000",31/01/2023,15/02/2023,Rendimento,"1,01%"
CCME11,"R$ 0,08500000",08/02/2023,15/02/2023,Rendimento,"0,00%"
PCIP11,"R$ 1,10000000",08/02/2023,15/02/2023,Rendimento,"1,22%"
PSEC11,"R$ 0,75000000",08/02/2023,15/02/2023,Rendimento,"1,05%"
RBFF11,"R$ 0,49000000",31/01/2023,15/02/2023,Rendimento,"0,97%"
RBVA11,"R$ 0,09500000",31/01/2023,15/02/2023,Rendimento,"0,10%"
RCRB11,"R$ 0,73000000",07/02/2023,15/02/2023,Rendimento,"0,63%"
VRTA11,"R$ 1,00000000",31/01/2023,15/02/2023,Rendimento,"1,15%"
RBRY11,"R$ 1,15000000",09/02/2023,16/02/2023,Rendimento,"1,20%"
CPTS11,"R$ 0,07500000",10/02/2023,17/02/2023,Rendimento,"0,10%"
MCCI11,"R$ 0,95000000",10/02/2023,17/02/2023,Rendimento,"1,09%"
VGIP11,"R$ 0,80000000",10/02/2023,17/02/2023,Rendimento,"0,96%"
VGIR11,"R$ 0,13000000",10/02/2023,17/02/2023,Rendimento,"1,34%"
AFHI11,"R$ 1,05000000",14/02/2023,23/02/2023,Rendimento,"1,12%"
MANA11,"R$ 0,11000000",31/01/2023,23/02/2023,Rendimento,"1,10%"
RZAK11,"R$ 1,20000000",14/02/2023,23/02/2023,Rendimento,"1,20%"
RZAT11,"R$ 0,96000000",14/02/2023,23/02/2023,Rendimento,"1,13%"
ALZR11,"R$ 0,08055600",15/02/2023,24/02/2023,Rendimento,"0,07%"
BPML11,"R$ 0,27046454",15/02/2023,24/02/2023,Rendimento,"0,46%"
BTLG11,"R$ 0,74000000",15/02/2023,24/02/2023,Rendimento,"0,79%"
MCRE11,"R$ 0,14000000",15/02/2023,24/02/2023,Rendimento,"0,13%"
RBRX11,"R$ 0,10500000",14/02/2023,24/02/2023,Rendimento,"0,12%"
SNCI11,"R$ 1,00000000",15/02/2023,24/02/2023,Rendimento,"1,03%"
SNFF11,"R$ 0,65000000",15/02/2023,24/02/2023,Rendimento,"0,75%"
XPML11,"R$ 0,77000000",15/02/2023,24/02/2023,Rendimento,"0,79%"
BCIA11,"R$ 0,76000000",31/01/2023,28/02/2023,Rendimento,"0,91%"
BTAL11,"R$ 0,83000000",17/02/2023,28/02/2023,Rendimento,"0,93%"
ARRI11,"R$ 0,07000000",28/02/2023,07/03/2023,Rendimento,"0,76%"
GARE11,"R$ 0,08200000",28/02/2023,07/03/2023,Rendimento,"0,97%"
HSAF11,"R$ 0,90000000",28/02/2023,07/03/2023,Rendimento,"1,15%"
HSML11,"R$ 0,74000000",28/02/2023,07/03/2023,Rendimento,"0,94%"
HTMX11,"R$ 0,62669814",28/02/2023,07/03/2023,Rendimento,"0,59%"
LIFE11,"R$ 0,13500000",28/02/2023,07/03/2023,Rendimento,"1,31%"
LVBI11,"R$ 0,72000000",28/02/2023,07/03/2023,Rendimento,"0,76%"
PORD11,"R$ 0,10500000",28/02/2023,07/03/2023,Rendimento,"0,12%"
PVBI11,"R$ 0,61000000",28/02/2023,07/03/2023,Rendimento,"0,71%"
RZTR11,"R$ 0,85000000",28/02/2023,07/03/2023,Rendimento,"1,01%"
VGHF11,"R$ 0,10000000",28/02/2023,07/03/2023,Rendimento,"1,09%"
AIEC11,"R$ 0,75000000",28/02/2023,08/03/2023,Rendimento,"1,20%"
CACR11,"R$ 1,42000000",28/02/2023,08/03/2023,Rendimento,"1,34%"
GGRC11,"R$ 0,09500000",01/03/2023,08/03/2023,Rendimento,"0,09%"
PATL11,"R$ 0,60000000",28/02/2023,08/03/2023,Rendimento,"0,96%"
HABT11,"R$ 1,20000000",28/02/2023,10/03/2023,Rendimento,"1,40%"
KCRE11,"R$ 0,08700000",28/02/2023,13/03/2023,Rendimento,"0,09%"
KNCR11,"R$ 1,00000000",28/02/2023,13/03/2023,Rendimento,"1,01%"
KNHY11,"R$ 1,08000000",28/02/2023,13/03/2023,Rendimento,"1,10%"
KNIP11,"R$ 0,91000000",28/02/2023,13/03/2023,Rendimento,"1,00%"
KNSC11,"R$ 0,08700000",28/02/2023,13/03/2023,Rendimento,"0,10%"
VCJR11,"R$ 0,95000000",28/02/2023,13/03/2023,Rendimento,"1,07%"
BLMG11,"R$ 0,78000000",07/03/2023,14/03/2023,Rendimento,"1,15%"
BRCO11,"R$ 0,62000000",28/02/2023,14/03/2023,Rendimento,"0,66%"
BRCR11,"R$ 0,46000000",07/03/2023,14/03/2023,Rendimento,"0,81%"
BTCI11,"R$ 0,10600000",07/03/2023,14/03/2023,Rendimento,"1,19%"
CYCR11,"R$ 0,10000000",28/02/2023,14/03/2023,Rendimento,"1,23%"
DEVA11,"R$ 0,90000000",07/03/2023,14/03/2023,Rendimento,"1,15%"
FATN11,"R$ 0,74000000",06/03/2023,14/03/2023,Rendimento,"0,79%"
GTWR11,"R$ 0,79000000",28/02/2023,14/03/2023,Rendimento,"1,06%"
HFOF11,"R$ 0,06300000",28/02/2023,14/03/2023,Rendimento,"0,10%"
HGBS11,"R$ 0,14000000",28/02/2023,14/03/2023,Rendimento,"0,08%"
HGCR11,"R$ 1,20000000",28/02/2023,14/03/2023,Rendimento,"1,18%"
HGLG11,"R$ 1,10000000",28/02/2023,14/03/2023,Rendimento,"0,68%"
HGRE11,"R$ 0,78000000",28/02/2023,14/03/2023,Rendimento,"0,69%"
HGRU11,"R$ 0,85000000",28/02/2023,14/03/2023,Rendimento,"0,74%"
HSLG11,"R$ 0,72000000",28/02/2023,14/03/2023,Rendimento,"0,89%"
JSAF11,"R$ 0,09300000",28/02/2023,14/03/2023,Rendimento,"0,12%"
JSRE11,"R$ 0,46000000",28/02/2023,14/03/2023,Rendimento,"0,68%"
KFOF11,"R$ 0,72000000",28/02/2023,14/03/2023,Rendimento,"0,92%"
KISU11,"R$ 0,07500000",28/02/2023,14/03/2023,Rendimento,"0,95%"
KIVO11,"R$ 1,20000000",28/02/2023,14/03/2023,Rendimento,"1,33%"
KNRI11,"R$ 0,95000000",28/02/2023,14/03/2023,Rendimento,"0,69%"
MFII11,"R$ 1,10000000",28/02/2023,14/03/2023,Rendimento,"1,17%"
MXRF11,"R$ 0,12000000",28/02/2023,14/03/2023,Rendimento,"1,17%"
OUJP11,"R$ 1,25000000",28/02/2023,14/03/2023,Rendimento,"1,26%"
PMLL11,"R$ 0,78000000",28/02/2023,14/03/2023,Rendimento,"0,81%"
RBRL11,"R$ 0,58000000",07/03/2023,14/03/2023,Rendimento,"0,79%"
RBRP11,"R$ 0,27000000",07/03/2023,14/03/2023,Rendimento,"0,60%"
RECR11,"R$ 0,91000000",07/03/2023,14/03/2023,Rendimento,"1,09%"
SPXS11,"R$ 0,09100000",07/03/2023,14/03/2023,Rendimento,"0,11%"
TEPP11,"R$ 0,05000000",28/02/2023,14/03/2023,Rendimento,"0,07%"
TGAR11,"R$ 1,31000000",28/02/2023,14/03/2023,Rendimento,"1,15%"
TRBL11,"R$ 0,83000000",28/02/2023,14/03/2023,Rendimento,"0,92%"
TRXF11,"R$ 0,85000000",28/02/2023,14/03/2023,Rendimento,"0,82%"
TVRI11,"R$ 0,90000000",28/02/2023,14/03/2023,Rendimento,"1,08%"
URPR11,"R$ 1,30000000",28/02/2023,14/03/2023,Rendimento,"1,31%"
VILG11,"R$ 0,53000000",28/02/2023,14/03/2023,Rendimento,"0,61%"
VINO11,"R$ 0,06200000",28/02/2023,14/03/2023,Rendimento,"0,15%"
VISC11,"R$ 0,80000000",28/02/2023,14/03/2023,Rendimento,"0,79%"
WHGR11,"R$ 0,10000000",28/02/2023,14/03/2023,Rendimento,"1,18%"
XPCI11,"R$ 1,00000000",28/02/2023,14/03/2023,Rendimento,"1,25%"
XPLG11,"R$ 0,74000000",28/02/2023,14/03/2023,Rendimento,"0,79%"
XPSF11,"R$ 0,07600000",28/02/2023,14/03/2023,Rendimento,"1,09%"
BCRI11,"R$ 0,80000000",28/02/2023,15/03/2023,Rendimento,"0,84%"
CCME11,"R$ 0,08500000",08/03/2023,15/03/2023,Rendimento,"0,00%"
HCTR11,"R$ 0,70000000",08/03/2023,15/03/2023,Rendimento,"0,90%"
PCIP11,"R$ 1,00000000",08/03/2023,15/03/2023,Rendimento,"1,11%"
PSEC11,"R$ 0,75000000",08/03/2023,15/03/2023,Rendimento,"1,07%"
RBFF11,"R$ 0,49000000",28/02/2023,15/03/2023,Rendimento,"0,98%"
RBVA11,"R$ 0,09500000",28/02/2023,15/03/2023,Rendimento,"0,10%"
RCRB11,"R$ 0,74000000",07/03/2023,15/03/2023,Rendimento,"0,64%"
VRTA11,"R$ 0,95000000",28/02/2023,15/03/2023,Rendimento,"1,06%"
RBRR11,"R$ 0,95000000",09/03/2023,16/03/2023,Rendimento,"1,12%"
RBRY11,"R$ 1,20000000",09/03/2023,16/03/2023,Rendimento,"1,24%"
CPTS11,"R$ 0,07600000",10/03/2023,17/03/2023,Rendimento,"0,10%"
MCCI11,"R$ 0,95000000",10/03/2023,17/03/2023,Rendimento,"1,12%"
VGIP11,"R$ 0,87000000",10/03/2023,17/03/2023,Rendimento,"1,05%"
VGIR11,"R$ 0,12000000",10/03/2023,17/03/2023,Rendimento,"1,23%"
AFHI11,"R$ 1,06000000",14/03/2023,21/03/2023,Rendimento,"1,13%"
MANA11,"R$ 0,11000000",28/02/2023,21/03/2023,Rendimento,"1,09%"
RZAK11,"R$ 1,20000000",14/03/2023,21/03/2023,Rendimento,"1,27%"
RZAT11,"R$ 1,18000000",14/03/2023,21/03/2023,Rendimento,"1,40%"
MCRE11,"R$ 0,14000000",15/03/2023,22/03/2023,Rendimento,"0,13%"
RBRX11,"R$ 0,10500000",14/03/2023,22/03/2023,Rendimento,"0,13%"
ALZR11,"R$ 0,08157550",17/03/2023,24/03/2023,Rendimento,"0,07%"
BTAL11,"R$ 0,83000000",17/03/2023,24/03/2023,Rendimento,"0,96%"
BTLG11,"R$ 0,74000000",15/03/2023,24/03/2023,Rendimento,"0,77%"
SNCI11,"R$ 1,00000000",15/03/2023,24/03/2023,Rendimento,"1,02%"
SNFF11,"R$ 0,65000000",15/03/2023,24/03/2023,Rendimento,"0,76%"
XPML11,"R$ 0,78000000",17/03/2023,24/03/2023,Rendimento,"0,80%"
BCIA11,"R$ 0,78000000",28/02/2023,28/03/2023,Rendimento,"0,95%"
ARRI11,"R$ 0,11010000",31/03/2023,10/04/2023,Rendimento,"1,24%"
GARE11,"R$ 0,08200000",31/03/2023,10/04/2023,Rendimento,"0,99%"
HSAF11,"R$ 0,95000000",31/03/2023,10/04/2023,Rendimento,"1,21%"
HSML11,"R$ 0,74000000",31/03/2023,10/04/2023,Rendimento,"0,93%"
HTMX11,"R$ 0,63244163",31/03/2023,10/04/2023,Rendimento,"0,63%"
LIFE11,"R$ 0,15000000",31/03/2023,10/04/2023,Rendimento,"1,48%"
LVBI11,"R$ 0,75000000",31/03/2023,10/04/2023,Rendimento,"0,79%"
PORD11,"R$ 0,10000000",31/03/2023,10/04/2023,Rendimento,"0,12%"
PVBI11,"R$ 0,61000000",31/03/2023,10/04/2023,Rendimento,"0,68%"
RZTR11,"R$ 0,85000000",31/03/2023,10/04/2023,Rendimento,"1,02%"
VGHF11,"R$ 0,10000000",31/03/2023,10/04/2023,Rendimento,"1,10%"
AIEC11,"R$ 0,76000000",31/03/2023,11/04/2023,Rendimento,"1,24%"
CACR11,"R$ 1,44000000",31/03/2023,11/04/2023,Rendimento,"1,36%"
GGRC11,"R$ 0,10000000",03/04/2023,11/04/2023,Rendimento,"0,10%"
PATL11,"R$ 0,60000000",31/03/2023,11/04/2023,Rendimento,"0,94%"
HABT11,"R$ 1,25000000",31/03/2023,12/04/2023,Rendimento,"1,44%"
BCRI11,"R$ 0,86000000",31/03/2023,14/04/2023,Rendimento,"1,11%"
KCRE11,"R$ 0,13500000",31/03/2023,14/04/2023,Rendimento,"0,15%"
KNCR11,"R$ 1,22000000",31/03/2023,14/04/2023,Rendimento,"1,24%"
KNHY11,"R$ 1,30000000",31/03/2023,14/04/2023,Rendimento,"1,32%"
KNIP11,"R$ 1,05000000",31/03/2023,14/04/2023,Rendimento,"1,14%"
KNSC11,"R$ 0,10500000",31/03/2023,14/04/2023,Rendimento,"0,12%"
RBFF11,"R$ 0,49000000",31/03/2023,14/04/2023,Rendimento,"1,04%"
RBVA11,"R$ 0,09500000",31/03/2023,14/04/2023,Rendimento,"0,10%"
RCRB11,"R$ 0,74000000",05/04/2023,14/04/2023,Rendimento,"0,69%"
VCJR11,"R$ 1,20000000",31/03/2023,14/04/2023,Rendimento,"1,36%"
VRTA11,"R$ 0,95000000",31/03/2023,14/04/2023,Rendimento,"1,11%"
BLMG11,"R$ 0,76000000",10/04/2023,17/04/2023,Rendimento,"1,23%"
BRCO11,"R$ 0,62000000",31/03/2023,17/04/2023,Rendimento,"0,67%"
BRCR11,"R$ 0,46000000",10/04/2023,17/04/2023,Rendimento,"0,87%"
BTCI11,"R$ 0,10600000",10/04/2023,17/04/2023,Rendimento,"1,17%"
CYCR11,"R$ 0,10000000",31/03/2023,17/04/2023,Rendimento,"1,25%"
DEVA11,"R$ 0,70000000",10/04/2023,17/04/2023,Rendimento,"1,21%"
FATN11,"R$ 0,83000000",06/04/2023,17/04/2023,Rendimento,"0,88%"
GTWR11,"R$ 0,79000000",31/03/2023,17/04/2023,Rendimento,"1,06%"
HCTR11,"R$ 0,50000000",10/04/2023,17/04/2023,Rendimento,"0,86%"
HFOF11,"R$ 0,06300000",31/03/2023,17/04/2023,Rendimento,"0,10%"
HGBS11,"R$ 0,14000000",31/03/2023,17/04/2023,Rendimento,"0,08%"
HGCR11,"R$ 1,20000000",31/03/2023,17/04/2023,Rendimento,"1,16%"
HGLG11,"R$ 1,10000000",31/03/2023,17/04/2023,Rendimento,"0,69%"
HGRE11,"R$ 0,78000000",31/03/2023,17/04/2023,Rendimento,"0,70%"
HGRU11,"R$ 0,85000000",31/03/2023,17/04/2023,Rendimento,"0,74%"
HSLG11,"R$ 0,72000000",31/03/2023,17/04/2023,Rendimento,"0,95%"
JSAF11,"R$ 0,09300000",31/03/2023,17/04/2023,Rendimento,"0,12%"
JSRE11,"R$ 0,46000000",31/03/2023,17/04/2023,Rendimento,"0,75%"
KFOF11,"R$ 0,72000000",31/03/2023,17/04/2023,Rendimento,"0,92%"
KISU11,"R$ 0,07000000",31/03/2023,17/04/2023,Rendimento,"0,90%"
KIVO11,"R$ 1,25000000",31/03/2023,17/04/2023,Rendimento,"1,44%"
KNRI11,"R$ 0,95000000",31/03/2023,17/04/2023,Rendimento,"0,69%"
MFII11,"R$ 1,11000000",31/03/2023,17/04/2023,Rendimento,"1,21%"
MXRF11,"R$ 0,12000000",31/03/2023,17/04/2023,Rendimento,"1,16%"
OUJP11,"R$ 1,25000000",31/03/2023,17/04/2023,Rendimento,"1,34%"
PMLL11,"R$ 0,78000000",31/03/2023,17/04/2023,Rendimento,"0,79%"
RBRL11,"R$ 0,58000000",10/04/2023,17/04/2023,Rendimento,"0,83%"
RBRP11,"R$ 0,27000000",10/04/2023,17/04/2023,Rendimento,"0,61%"
RECR11,"R$ 1,25630000",10/04/2023,17/04/2023,Rendimento,"1,61%"
SPXS11,"R$ 0,10000000",10/04/2023,17/04/2023,Rendimento,"0,13%"
TEPP11,"R$ 0,05100000",31/03/2023,17/04/2023,Rendimento,"0,08%"
TGAR11,"R$ 1,34000000",31/03/2023,17/04/2023,Rendimento,"1,18%"
TRBL11,"R$ 0,83000000",31/03/2023,17/04/2023,Rendimento,"0,93%"
TRXF11,"R$ 0,85000000",31/03/2023,17/04/2023,Rendimento,"0,83%"
TVRI11,"R$ 0,90000000",31/03/2023,17/04/2023,Rendimento,"1,07%"
URPR11,"R$ 1,33000000",31/03/2023,17/04/2023,Rendimento,"1,42%"
VILG11,"R$ 0,65000000",31/03/2023,17/04/2023,Rendimento,"0,73%"
VINO11,"R$ 0,06200000",31/03/2023,17/04/2023,Rendimento,"0,16%"
VISC11,"R$ 0,82000000",31/03/2023,17/04/2023,Rendimento,"0,81%"
WHGR11,"R$ 0,10000000",31/03/2023,17/04/2023,Rendimento,"1,17%"
XPCI11,"R$ 0,95000000",31/03/2023,17/04/2023,Rendimento,"1,15%"
XPLG11,"R$ 0,74000000",31/03/2023,17/04/2023,Rendimento,"0,78%"
XPSF11,"R$ 0,07600000",31/03/2023,17/04/2023,Rendimento,"1,08%"
CCME11,"R$ 0,08500000",11/04/2023,18/04/2023,Rendimento,"0,00%"
PCIP11,"R$ 1,05000000",11/04/2023,18/04/2023,Rendimento,"1,21%"
PSEC11,"R$ 0,75000000",11/04/2023,18/04/2023,Rendimento,"1,06%"
RBRR11,"R$ 1,00000000",12/04/2023,19/04/2023,Rendimento,"1,16%"
RBRY11,"R$ 1,25000000",12/04/2023,19/04/2023,Rendimento,"1,33%"
CPTS11,"R$ 0,07100000",13/04/2023,20/04/2023,Rendimento,"0,09%"
MCCI11,"R$ 0,95000000",13/04/2023,20/04/2023,Rendimento,"1,08%"
VGIP11,"R$ 1,10000000",13/04/2023,20/04/2023,Rendimento,"1,38%"
VGIR11,"R$ 0,12000000",13/04/2023,20/04/2023,Rendimento,"1,27%"
AFHI11,"R$ 1,10000000",17/04/2023,25/04/2023,Rendimento,"1,18%"
ALZR11,"R$ 0,08157550",17/04/2023,25/04/2023,Rendimento,"0,07%"
BTLG11,"R$ 0,74000000",14/04/2023,25/04/2023,Rendimento,"0,78%"
MANA11,"R$ 0,11000000",31/03/2023,25/04/2023,Rendimento,"1,10%"
RZAK11,"R$ 1,11000000",17/04/2023,25/04/2023,Rendimento,"1,25%"
RZAT11,"R$ 1,35000000",17/04/2023,25/04/2023,Rendimento,"1,58%"
SNCI11,"R$ 1,05000000",14/04/2023,25/04/2023,Rendimento,"1,10%"
SNFF11,"R$ 0,65000000",14/04/2023,25/04/2023,Rendimento,"0,78%"
XPML11,"R$ 0,80000000",17/04/2023,25/04/2023,Rendimento,"0,80%"
MCRE11,"R$ 0,14000000",18/04/2023,26/04/2023,Rendimento,"0,13%"
RBRX11,"R$ 0,11700000",17/04/2023,26/04/2023,Rendimento,"0,14%"
BCIA11,"R$ 0,78000000",31/03/2023,28/04/2023,Rendimento,"0,96%"
BTAL11,"R$ 0,83000000",20/04/2023,28/04/2023,Rendimento,"0,92%"
ARRI11,"R$ 0,11000000",28/04/2023,08/05/2023,Rendimento,"1,33%"
GARE11,"R$ 0,08200000",28/04/2023,08/05/2023,Rendimento,"0,97%"
HSAF11,"R$ 1,10000000",28/04/2023,08/05/2023,Rendimento,"1,37%"
HSML11,"R$ 0,74000000",28/04/2023,08/05/2023,Rendimento,"0,87%"
HTMX11,"R$ 1,89602716",28/04/2023,08/05/2023,Rendimento,"1,80%"
LIFE11,"R$ 0,15000000",28/04/2023,08/05/2023,Rendimento,"1,55%"
LVBI11,"R$ 0,76000000",28/04/2023,08/05/2023,Rendimento,"0,74%"
PORD11,"R$ 0,10000000",28/04/2023,08/05/2023,Rendimento,"0,12%"
PVBI11,"R$ 0,61000000",28/04/2023,08/05/2023,Rendimento,"0,64%"
RZTR11,"R$ 0,85000000",28/04/2023,08/05/2023,Rendimento,"1,00%"
VGHF11,"R$ 0,12000000",28/04/2023,08/05/2023,Rendimento,"1,33%"
AIEC11,"R$ 0,77000000",28/04/2023,09/05/2023,Rendimento,"1,28%"
CACR11,"R$ 1,51000000",28/04/2023,09/05/2023,Rendimento,"1,44%"
GGRC11,"R$ 0,10200000",02/05/2023,09/05/2023,Rendimento,"0,09%"
PATL11,"R$ 0,60000000",28/04/2023,09/05/2023,Rendimento,"0,92%"
HABT11,"R$ 1,27000000",28/04/2023,12/05/2023,Rendimento,"1,49%"
KCRE11,"R$ 0,10200000",28/04/2023,12/05/2023,Rendimento,"0,11%"
KNCR11,"R$ 1,00000000",28/04/2023,12/05/2023,Rendimento,"1,03%"
KNHY11,"R$ 1,20000000",28/04/2023,12/05/2023,Rendimento,"1,21%"
KNIP11,"R$ 1,00000000",28/04/2023,12/05/2023,Rendimento,"1,09%"
KNSC11,"R$ 0,09500000",28/04/2023,12/05/2023,Rendimento,"0,11%"
VCJR11,"R$ 1,10000000",28/04/2023,12/05/2023,Rendimento,"1,27%"
BCRI11,"R$ 0,70000000",28/04/2023,15/05/2023,Rendimento,"1,02%"
BLMG11,"R$ 0,74000000",08/05/2023,15/05/2023,Rendimento,"1,12%"
BRCO11,"R$ 0,62000000",28/04/2023,15/05/2023,Rendimento,"0,61%"
BRCR11,"R$ 0,45000000",08/05/2023,15/05/2023,Rendimento,"0,78%"
BTCI11,"R$ 0,10600000",08/05/2023,15/05/2023,Rendimento,"1,15%"
CYCR11,"R$ 0,10000000",28/04/2023,15/05/2023,Rendimento,"1,20%"
DEVA11,"R$ 0,85000000",08/05/2023,15/05/2023,Rendimento,"1,67%"
FATN11,"R$ 0,82000000",05/05/2023,15/05/2023,Rendimento,"0,88%"
GTWR11,"R$ 0,79000000",28/04/2023,15/05/2023,Rendimento,"0,99%"
HCTR11,"R$ 0,50000000",08/05/2023,15/05/2023,Rendimento,"1,04%"
HFOF11,"R$ 0,06300000",28/04/2023,15/05/2023,Rendimento,"0,09%"
HGBS11,"R$ 0,14500000",28/04/2023,15/05/2023,Rendimento,"0,07%"
HGCR11,"R$ 1,20000000",28/04/2023,15/05/2023,Rendimento,"1,16%"
HGLG11,"R$ 1,10000000",28/04/2023,15/05/2023,Rendimento,"0,68%"
HGRE11,"R$ 0,78000000",28/04/2023,15/05/2023,Rendimento,"0,62%"
HGRU11,"R$ 0,85000000",28/04/2023,15/05/2023,Rendimento,"0,69%"
HSLG11,"R$ 0,73000000",28/04/2023,15/05/2023,Rendimento,"0,88%"
JSAF11,"R$ 0,09300000",28/04/2023,15/05/2023,Rendimento,"0,11%"
JSRE11,"R$ 0,46000000",28/04/2023,15/05/2023,Rendimento,"0,68%"
KFOF11,"R$ 0,75000000",28/04/2023,15/05/2023,Rendimento,"0,96%"
KISU11,"R$ 0,07000000",28/04/2023,15/05/2023,Rendimento,"0,89%"
KIVO11,"R$ 1,50000000",28/04/2023,15/05/2023,Rendimento,"1,83%"
KNRI11,"R$ 0,95000000",28/04/2023,15/05/2023,Rendimento,"0,65%"
MFII11,"R$ 1,10000000",28/04/2023,15/05/2023,Rendimento,"1,22%"
MXRF11,"R$ 0,12000000",28/04/2023,15/05/2023,Rendimento,"1,13%"
OUJP11,"R$ 1,25000000",28/04/2023,15/05/2023,Rendimento,"1,34%"
PMLL11,"R$ 0,78000000",28/04/2023,15/05/2023,Rendimento,"0,75%"
RBFF11,"R$ 0,49000000",28/04/2023,15/05/2023,Rendimento,"0,97%"
RBRL11,"R$ 0,60000000",08/05/2023,15/05/2023,Rendimento,"0,76%"
RBRP11,"R$ 0,27000000",08/05/2023,15/05/2023,Rendimento,"0,54%"
RBVA11,"R$ 0,09500000",28/04/2023,15/05/2023,Rendimento,"0,10%"
RCRB11,"R$ 0,74000000",05/05/2023,15/05/2023,Rendimento,"0,62%"
RECR11,"R$ 1,00690000",08/05/2023,15/05/2023,Rendimento,"1,20%"
SPXS11,"R$ 0,10500000",08/05/2023,15/05/2023,Rendimento,"0,13%"
TEPP11,"R$ 0,05200000",28/04/2023,15/05/2023,Rendimento,"0,07%"
TGAR11,"R$ 1,35000000",28/04/2023,15/05/2023,Rendimento,"1,20%"
TRBL11,"R$ 0,83000000",28/04/2023,15/05/2023,Rendimento,"0,88%"
TRXF11,"R$ 0,85000000",28/04/2023,15/05/2023,Rendimento,"0,81%"
TVRI11,"R$ 0,90000000",28/04/2023,15/05/2023,Rendimento,"1,03%"
URPR11,"R$ 1,32000000",28/04/2023,15/05/2023,Rendimento,"1,44%"
VILG11,"R$ 0,67000000",28/04/2023,15/05/2023,Rendimento,"0,71%"
VINO11,"R$ 0,06200000",28/04/2023,15/05/2023,Rendimento,"0,14%"
VISC11,"R$ 0,82000000",28/04/2023,15/05/2023,Rendimento,"0,76%"
VRTA11,"R$ 0,95000000",28/04/2023,15/05/2023,Rendimento,"1,13%"
WHGR11,"R$ 0,10000000",28/04/2023,15/05/2023,Rendimento,"1,18%"
XPCI11,"R$ 0,87000000",28/04/2023,15/05/2023,Rendimento,"1,09%"
XPLG11,"R$ 0,74000000",28/04/2023,15/05/2023,Rendimento,"0,74%"
XPSF11,"R$ 0,07600000",28/04/2023,15/05/2023,Rendimento,"1,08%"
CCME11,"R$ 0,09000000",09/05/2023,16/05/2023,Rendimento,"0,00%"
PCIP11,"R$ 1,05000000",09/05/2023,16/05/2023,Rendimento,"1,18%"
PSEC11,"R$ 0,75000000",09/05/2023,16/05/2023,Rendimento,"1,00%"
RBRR11,"R$ 1,00000000",10/05/2023,17/05/2023,Rendimento,"1,12%"
RBRY11,"R$ 1,25000000",10/05/2023,17/05/2023,Rendimento,"1,29%"
CPTS11,"R$ 0,08100000",11/05/2023,18/05/2023,Rendimento,"0,10%"
MCCI11,"R$ 0,95000000",11/05/2023,18/05/2023,Rendimento,"1,10%"
VGIP11,"R$ 1,20000000",11/05/2023,18/05/2023,Rendimento,"1,40%"
VGIR11,"R$ 0,12000000",11/05/2023,18/05/2023,Rendimento,"1,27%"
AFHI11,"R$ 1,10000000",15/05/2023,22/05/2023,Rendimento,"1,16%"
MANA11,"R$ 0,11000000",28/04/2023,22/05/2023,Rendimento,"1,10%"
RZAK11,"R$ 1,30000000",15/05/2023,22/05/2023,Rendimento,"1,40%"
RZAT11,"R$ 1,32000000",15/05/2023,22/05/2023,Rendimento,"1,41%"
MCRE11,"R$ 0,14000000",16/05/2023,23/05/2023,Rendimento,"0,13%"
RBRX11,"R$ 0,11700000",15/05/2023,23/05/2023,Rendimento,"0,13%"
BROF11,"R$ 0,57103675",17/05/2023,24/05/2023,Rendimento,"0,94%"
ALZR11,"R$ 0,08157550",18/05/2023,25/05/2023,Rendimento,"0,07%"
BTAL11,"R$ 0,80000000",18/05/2023,25/05/2023,Rendimento,"0,86%"
BTLG11,"R$ 0,74000000",15/05/2023,25/05/2023,Rendimento,"0,76%"
SNCI11,"R$ 1,10000000",15/05/2023,25/05/2023,Rendimento,"1,12%"
SNFF11,"R$ 0,65000000",15/05/2023,25/05/2023,Rendimento,"0,75%"
XPML11,"R$ 0,81000000",18/05/2023,25/05/2023,Rendimento,"0,79%"
BCIA11,"R$ 0,78000000",28/04/2023,29/05/2023,Rendimento,"0,91%"
BRCO11,"R$ 0,62000000",11/05/2023,05/06/2023,Rendimento,"0,61%"
ARRI11,"R$ 0,11000000",31/05/2023,07/06/2023,Rendimento,"1,26%"
GARE11,"R$ 0,08200000",31/05/2023,07/06/2023,Rendimento,"0,94%"
HSAF11,"R$ 1,10000000",31/05/2023,07/06/2023,Rendimento,"1,30%"
HSML11,"R$ 0,74000000",31/05/2023,07/06/2023,Rendimento,"0,84%"
HTMX11,"R$ 1,73813245",31/05/2023,07/06/2023,Rendimento,"1,52%"
LIFE11,"R$ 0,15000000",31/05/2023,07/06/2023,Rendimento,"1,47%"
LVBI11,"R$ 0,76000000",31/05/2023,07/06/2023,Rendimento,"0,72%"
PORD11,"R$ 0,10500000",31/05/2023,07/06/2023,Rendimento,"0,12%"
PVBI11,"R$ 0,61000000",31/05/2023,07/06/2023,Rendimento,"0,65%"
RZTR11,"R$ 0,85000000",31/05/2023,07/06/2023,Rendimento,"0,94%"
VGHF11,"R$ 0,11000000",31/05/2023,07/06/2023,Rendimento,"1,16%"
AIEC11,"R$ 0,78000000",31/05/2023,09/06/2023,Rendimento,"1,21%"
CACR11,"R$ 1,52000000",31/05/2023,09/06/2023,Rendimento,"1,42%"
GGRC11,"R$ 0,10500000",01/06/2023,09/06/2023,Rendimento,"0,09%"
PATL11,"R$ 0,60000000",31/05/2023,09/06/2023,Rendimento,"0,91%"
HABT11,"R$ 1,30000000",31/05/2023,12/06/2023,Rendimento,"1,40%"
KCRE11,"R$ 0,14700000",31/05/2023,14/06/2023,Rendimento,"0,15%"
KNCR11,"R$ 1,24000000",31/05/2023,14/06/2023,Rendimento,"1,30%"
KNHY11,"R$ 1,25000000",31/05/2023,14/06/2023,Rendimento,"1,24%"
KNIP11,"R$ 1,00000000",31/05/2023,14/06/2023,Rendimento,"1,05%"
KNSC11,"R$ 0,10500000",31/05/2023,14/06/2023,Rendimento,"0,12%"
VCJR11,"R$ 1,25000000",31/05/2023,14/06/2023,Rendimento,"1,35%"
BCRI11,"R$ 0,80000000",31/05/2023,15/06/2023,Rendimento,"1,00%"
BLMG11,"R$ 0,72000000",07/06/2023,15/06/2023,Rendimento,"1,06%"
BRCO11,"R$ 0,78000000",31/05/2023,15/06/2023,Rendimento,"0,69%"
BRCR11,"R$ 0,45000000",07/06/2023,15/06/2023,Rendimento,"0,76%"
BTCI11,"R$ 0,10600000",07/06/2023,15/06/2023,Rendimento,"1,13%"
CYCR11,"R$ 0,10500000",31/05/2023,15/06/2023,Rendimento,"1,20%"
DEVA11,"R$ 0,65000000",07/06/2023,15/06/2023,Rendimento,"0,96%"
FATN11,"R$ 0,83000000",06/06/2023,15/06/2023,Rendimento,"0,86%"
GTWR11,"R$ 0,79000000",31/05/2023,15/06/2023,Rendimento,"0,99%"
HCTR11,"R$ 0,50000000",07/06/2023,15/06/2023,Rendimento,"0,78%"
HFOF11,"R$ 0,06300000",31/05/2023,15/06/2023,Rendimento,"0,09%"
HGBS11,"R$ 0,14500000",31/05/2023,15/06/2023,Rendimento,"0,07%"
HGCR11,"R$ 1,20000000",31/05/2023,15/06/2023,Rendimento,"1,16%"
HGLG11,"R$ 1,10000000",31/05/2023,15/06/2023,Rendimento,"0,69%"
HGRE11,"R$ 0,78000000",31/05/2023,15/06/2023,Rendimento,"0,59%"
HGRU11,"R$ 0,85000000",31/05/2023,15/06/2023,Rendimento,"0,68%"
HSLG11,"R$ 0,73000000",31/05/2023,15/06/2023,Rendimento,"0,84%"
JSAF11,"R$ 0,09300000",31/05/2023,15/06/2023,Rendimento,"0,11%"
JSRE11,"R$ 0,46000000",31/05/2023,15/06/2023,Rendimento,"0,61%"
KFOF11,"R$ 0,75000000",31/05/2023,15/06/2023,Rendimento,"0,88%"
KISU11,"R$ 0,07000000",31/05/2023,15/06/2023,Rendimento,"0,87%"
KIVO11,"R$ 1,80000000",31/05/2023,15/06/2023,Rendimento,"1,99%"
KNRI11,"R$ 0,95000000",31/05/2023,15/06/2023,Rendimento,"0,63%"
MFII11,"R$ 1,10000000",31/05/2023,15/06/2023,Rendimento,"1,17%"
MXRF11,"R$ 0,12000000",31/05/2023,15/06/2023,Rendimento,"1,12%"
OUJP11,"R$ 1,25000000",31/05/2023,15/06/2023,Rendimento,"1,26%"
PMLL11,"R$ 0,78000000",31/05/2023,15/06/2023,Rendimento,"0,71%"
RBFF11,"R$ 0,51000000",31/05/2023,15/06/2023,Rendimento,"0,93%"
RBRL11,"R$ 0,67000000",07/06/2023,15/06/2023,Rendimento,"0,77%"
RBRP11,"R$ 0,27000000",07/06/2023,15/06/2023,Rendimento,"0,50%"
RBVA11,"R$ 0,09500000",31/05/2023,15/06/2023,Rendimento,"0,10%"
RCRB11,"R$ 0,74000000",06/06/2023,15/06/2023,Rendimento,"0,56%"
RECR11,"R$ 1,22540000",07/06/2023,15/06/2023,Rendimento,"1,43%"
SPXS11,"R$ 0,11500000",07/06/2023,15/06/2023,Rendimento,"0,12%"
TEPP11,"R$ 0,05500000",31/05/2023,15/06/2023,Rendimento,"0,07%"
TGAR11,"R$ 1,36000000",31/05/2023,15/06/2023,Rendimento,"1,12%"
TRBL11,"R$ 0,83000000",31/05/2023,15/06/2023,Rendimento,"0,87%"
TRXF11,"R$ 0,85000000",31/05/2023,15/06/2023,Rendimento,"0,82%"
TVRI11,"R$ 0,90000000",31/05/2023,15/06/2023,Rendimento,"0,97%"
URPR11,"R$ 1,33000000",31/05/2023,15/06/2023,Rendimento,"1,37%"
VILG11,"R$ 0,70000000",31/05/2023,15/06/2023,Rendimento,"0,72%"
VINO11,"R$ 0,06200000",31/05/2023,15/06/2023,Rendimento,"0,14%"
VISC11,"R$ 0,82000000",31/05/2023,15/06/2023,Rendimento,"0,69%"
VRTA11,"R$ 0,95000000",31/05/2023,15/06/2023,Rendimento,"1,06%"
WHGR11,"R$ 0,10000000",31/05/2023,15/06/2023,Rendimento,"1,09%"
XPCI11,"R$ 0,93000000",31/05/2023,15/06/2023,Rendimento,"1,11%"
XPLG11,"R$ 0,75000000",31/05/2023,15/06/2023,Rendimento,"0,71%"
XPSF11,"R$ 0,07600000",31/05/2023,15/06/2023,Rendimento,"1,02%"
CCME11,"R$ 0,09000000",09/06/2023,16/06/2023,Rendimento,"0,00%"
PCIP11,"R$ 1,10000000",09/06/2023,16/06/2023,Rendimento,"1,21%"
PSEC11,"R$ 0,75000000",09/06/2023,16/06/2023,Rendimento,"0,94%"
RBRR11,"R$ 1,00000000",12/06/2023,19/06/2023,Rendimento,"1,09%"
RBRY11,"R$ 1,25000000",12/06/2023,19/06/2023,Rendimento,"1,27%"
CPTS11,"R$ 0,08500000",13/06/2023,20/06/2023,Rendimento,"0,10%"
MCCI11,"R$ 0,95000000",13/06/2023,20/06/2023,Rendimento,"1,02%"
VGIP11,"R$ 1,09000000",13/06/2023,20/06/2023,Rendimento,"1,24%"
VGIR11,"R$ 0,12000000",13/06/2023,20/06/2023,Rendimento,"1,29%"
AFHI11,"R$ 1,10000000",15/06/2023,22/06/2023,Rendimento,"1,14%"
MANA11,"R$ 0,12000000",31/05/2023,22/06/2023,Rendimento,"1,20%"
RZAK11,"R$ 1,25000000",15/06/2023,22/06/2023,Rendimento,"1,31%"
RZAT11,"R$ 1,20000000",15/06/2023,22/06/2023,Rendimento,"1,23%"
ALZR11,"R$ 0,08157550",16/06/2023,23/06/2023,Rendimento,"0,07%"
BTLG11,"R$ 0,74000000",15/06/2023,23/06/2023,Rendimento,"0,73%"
MCRE11,"R$ 0,14000000",16/06/2023,23/06/2023,Rendimento,"0,12%"
RBRX11,"R$ 0,11700000",15/06/2023,23/06/2023,Rendimento,"0,13%"
SNCI11,"R$ 1,10000000",15/06/2023,23/06/2023,Rendimento,"1,10%"
SNFF11,"R$ 0,65000000",15/06/2023,23/06/2023,Rendimento,"0,74%"
XPML11,"R$ 0,81000000",16/06/2023,23/06/2023,Rendimento,"0,78%"
BROF11,"R$ 0,61000000",19/06/2023,26/06/2023,Rendimento,"0,87%"
BTAL11,"R$ 0,76000000",20/06/2023,27/06/2023,Rendimento,"0,80%"
BCIA11,"R$ 0,80000000",31/05/2023,29/06/2023,Rendimento,"0,90%"
ARRI11,"R$ 0,11000000",30/06/2023,07/07/2023,Rendimento,"1,22%"
GARE11,"R$ 0,08200000",30/06/2023,07/07/2023,Rendimento,"0,88%"
HSAF11,"R$ 1,10000000",30/06/2023,07/07/2023,Rendimento,"1,26%"
HSML11,"R$ 0,74000000",30/06/2023,07/07/2023,Rendimento,"0,79%"
HTMX11,"R$ 1,88493157",30/06/2023,07/07/2023,Rendimento,"1,47%"
LIFE11,"R$ 0,14000000",30/06/2023,07/07/2023,Rendimento,"1,37%"
LVBI11,"R$ 0,78000000",30/06/2023,07/07/2023,Rendimento,"0,67%"
PORD11,"R$ 0,10800000",30/06/2023,07/07/2023,Rendimento,"0,12%"
PVBI11,"R$ 0,61000000",30/06/2023,07/07/2023,Rendimento,"0,62%"
RZTR11,"R$ 0,85000000",30/06/2023,07/07/2023,Rendimento,"0,93%"
VGHF11,"R$ 0,12000000",30/06/2023,07/07/2023,Rendimento,"1,25%"
AIEC11,"R$ 0,78000000",30/06/2023,10/07/2023,Rendimento,"1,10%"
CACR11,"R$ 1,61000000",30/06/2023,10/07/2023,Rendimento,"1,52%"
GGRC11,"R$ 0,10500000",03/07/2023,10/07/2023,Rendimento,"0,09%"
PATL11,"R$ 0,54000000",30/06/2023,10/07/2023,Rendimento,"0,71%"
HABT11,"R$ 1,20000000",30/06/2023,12/07/2023,Rendimento,"1,24%"
KNUQ11,"R$ 0,65000000",30/06/2023,12/07/2023,Rendimento,"0,00%"
KCRE11,"R$ 0,11000000",30/06/2023,13/07/2023,Rendimento,"0,11%"
KNCR11,"R$ 1,15000000",30/06/2023,13/07/2023,Rendimento,"1,18%"
KNHY11,"R$ 1,05000000",30/06/2023,13/07/2023,Rendimento,"1,06%"
KNIP11,"R$ 0,80000000",30/06/2023,13/07/2023,Rendimento,"0,85%"
KNSC11,"R$ 0,08000000",30/06/2023,13/07/2023,Rendimento,"0,09%"
VCJR11,"R$ 1,00000000",30/06/2023,13/07/2023,Rendimento,"1,10%"
BCRI11,"R$ 0,73000000",30/06/2023,14/07/2023,Rendimento,"0,92%"
BLMG11,"R$ 0,71000000",07/07/2023,14/07/2023,Rendimento,"1,04%"
BRCO11,"R$ 0,87000000",30/06/2023,14/07/2023,Rendimento,"0,75%"
BRCR11,"R$ 0,45000000",07/07/2023,14/07/2023,Rendimento,"0,64%"
BTCI11,"R$ 0,10100000",07/07/2023,14/07/2023,Rendimento,"1,05%"
CYCR11,"R$ 0,11000000",30/06/2023,14/07/2023,Rendimento,"1,22%"
DEVA11,"R$ 0,60000000",07/07/2023,14/07/2023,Rendimento,"0,96%"
FATN11,"R$ 0,84000000",06/07/2023,14/07/2023,Rendimento,"0,87%"
GTWR11,"R$ 0,79000000",30/06/2023,14/07/2023,Rendimento,"0,98%"
HCTR11,"R$ 0,50000000",07/07/2023,14/07/2023,Rendimento,"0,83%"
HFOF11,"R$ 0,06300000",30/06/2023,14/07/2023,Rendimento,"0,08%"
HGBS11,"R$ 0,14500000",30/06/2023,14/07/2023,Rendimento,"0,07%"
HGCR11,"R$ 1,20000000",30/06/2023,14/07/2023,Rendimento,"1,15%"
HGLG11,"R$ 1,50000000",30/06/2023,14/07/2023,Rendimento,"0,89%"
HGRE11,"R$ 1,40000000",30/06/2023,14/07/2023,Rendimento,"0,99%"
HGRU11,"R$ 1,40000000",30/06/2023,14/07/2023,Rendimento,"1,06%"
HSLG11,"R$ 0,73000000",30/06/2023,14/07/2023,Rendimento,"0,77%"
JSAF11,"R$ 0,09300000",30/06/2023,14/07/2023,Rendimento,"0,10%"
JSRE11,"R$ 0,46000000",30/06/2023,14/07/2023,Rendimento,"0,57%"
KFOF11,"R$ 1,00000000",30/06/2023,14/07/2023,Rendimento,"1,08%"
KISU11,"R$ 0,08000000",30/06/2023,14/07/2023,Rendimento,"0,94%"
KIVO11,"R$ 1,50000000",30/06/2023,14/07/2023,Rendimento,"1,59%"
KNRI11,"R$ 1,51000000",30/06/2023,14/07/2023,Rendimento,"0,94%"
MFII11,"R$ 1,11000000",30/06/2023,14/07/2023,Rendimento,"1,18%"
MXRF11,"R$ 0,12000000",30/06/2023,14/07/2023,Rendimento,"1,10%"
OUJP11,"R$ 1,25000000",30/06/2023,14/07/2023,Rendimento,"1,22%"
PMLL11,"R$ 0,80000000",30/06/2023,14/07/2023,Rendimento,"0,68%"
RBFF11,"R$ 0,53000000",30/06/2023,14/07/2023,Rendimento,"0,90%"
RBRL11,"R$ 0,67000000",07/07/2023,14/07/2023,Rendimento,"0,71%"
RBRP11,"R$ 0,27000000",07/07/2023,14/07/2023,Rendimento,"0,43%"
RBVA11,"R$ 0,10000000",30/06/2023,14/07/2023,Rendimento,"0,09%"
RCRB11,"R$ 0,75000000",06/07/2023,14/07/2023,Rendimento,"0,51%"
RECR11,"R$ 0,90790000",07/07/2023,14/07/2023,Rendimento,"0,98%"
SPXS11,"R$ 0,12000000",07/07/2023,14/07/2023,Rendimento,"0,13%"
TEPP11,"R$ 0,08100000",30/06/2023,14/07/2023,Rendimento,"0,09%"
TGAR11,"R$ 1,38000000",30/06/2023,14/07/2023,Rendimento,"1,13%"
TRBL11,"R$ 0,83000000",30/06/2023,14/07/2023,Rendimento,"0,85%"
TRXF11,"R$ 0,90000000",30/06/2023,14/07/2023,Rendimento,"0,82%"
TVRI11,"R$ 0,90000000",30/06/2023,14/07/2023,Rendimento,"0,91%"
URPR11,"R$ 1,34000000",30/06/2023,14/07/2023,Rendimento,"1,36%"
VILG11,"R$ 0,70000000",30/06/2023,14/07/2023,Rendimento,"0,62%"
VINO11,"R$ 0,06200000",30/06/2023,14/07/2023,Rendimento,"0,13%"
VISC11,"R$ 0,85000000",30/06/2023,14/07/2023,Rendimento,"0,71%"
VRTA11,"R$ 0,92000000",30/06/2023,14/07/2023,Rendimento,"1,00%"
WHGR11,"R$ 0,11000000",30/06/2023,14/07/2023,Rendimento,"1,18%"
XPCI11,"R$ 0,91000000",30/06/2023,14/07/2023,Rendimento,"1,04%"
XPLG11,"R$ 0,79000000",30/06/2023,14/07/2023,Rendimento,"0,69%"
XPSF11,"R$ 0,08000000",30/06/2023,14/07/2023,Rendimento,"1,00%"
CCME11,"R$ 0,10934201",10/07/2023,17/07/2023,Rendimento,"0,00%"
PCIP11,"R$ 1,05000000",10/07/2023,17/07/2023,Rendimento,"1,13%"
PSEC11,"R$ 0,75000000",10/07/2023,17/07/2023,Rendimento,"0,91%"
RBRR11,"R$ 0,80000000",11/07/2023,18/07/2023,Rendimento,"0,89%"
RBRY11,"R$ 1,25000000",11/07/2023,18/07/2023,Rendimento,"1,25%"
CPTS11,"R$ 0,08800000",13/07/2023,19/07/2023,Rendimento,"0,10%"
MCCI11,"R$ 0,95000000",12/07/2023,19/07/2023,Rendimento,"1,01%"
VGIP11,"R$ 1,00000000",12/07/2023,19/07/2023,Rendimento,"1,09%"
VGIR11,"R$ 0,13000000",12/07/2023,19/07/2023,Rendimento,"1,34%"
AFHI11,"R$ 1,10000000",14/07/2023,21/07/2023,Rendimento,"1,11%"
MANA11,"R$ 0,12000000",30/06/2023,21/07/2023,Rendimento,"1,21%"
RZAK11,"R$ 1,20000000",14/07/2023,21/07/2023,Rendimento,"1,26%"
RZAT11,"R$ 0,90000000",14/07/2023,21/07/2023,Rendimento,"0,94%"
MCRE11,"R$ 0,14000000",17/07/2023,24/07/2023,Rendimento,"0,13%"
RBRX11,"R$ 0,11700000",14/07/2023,24/07/2023,Rendimento,"0,12%"
ALZR11,"R$ 0,08250000",18/07/2023,25/07/2023,Rendimento,"0,07%"
BROF11,"R$ 0,71951182",18/07/2023,25/07/2023,Rendimento,"1,03%"
BTLG11,"R$ 0,76000000",14/07/2023,25/07/2023,Rendimento,"0,73%"
CPSH11,"R$ 0,11000000",18/07/2023,25/07/2023,Rendimento,"0,10%"
SNCI11,"R$ 1,10000000",14/07/2023,25/07/2023,Rendimento,"1,09%"
SNFF11,"R$ 0,65000000",14/07/2023,25/07/2023,Rendimento,"0,74%"
XPML11,"R$ 0,83000000",18/07/2023,25/07/2023,Rendimento,"0,80%"
BTAL11,"R$ 0,73000000",19/07/2023,26/07/2023,Rendimento,"0,75%"
BCIA11,"R$ 0,80000000",30/06/2023,28/07/2023,Rendimento,"0,82%"
ARRI11,"R$ 0,10000000",31/07/2023,07/08/2023,Rendimento,"1,08%"
GARE11,"R$ 0,08200000",31/07/2023,07/08/2023,Rendimento,"0,89%"
HSAF11,"R$ 0,80000000",31/07/2023,07/08/2023,Rendimento,"0,90%"
HSML11,"R$ 0,74000000",31/07/2023,07/08/2023,Rendimento,"0,78%"
HTMX11,"R$ 1,87232066",31/07/2023,07/08/2023,Rendimento,"1,42%"
LIFE11,"R$ 0,12000000",31/07/2023,07/08/2023,Rendimento,"1,15%"
LVBI11,"R$ 0,79000000",31/07/2023,07/08/2023,Rendimento,"0,67%"
PORD11,"R$ 0,10000000",31/07/2023,07/08/2023,Rendimento,"0,11%"
PVBI11,"R$ 0,72000000",31/07/2023,07/08/2023,Rendimento,"0,69%"
RZTR11,"R$ 0,85000000",31/07/2023,07/08/2023,Rendimento,"0,90%"
VGHF11,"R$ 0,12000000",31/07/2023,07/08/2023,Rendimento,"1,24%"
AIEC11,"R$ 0,76000000",31/07/2023,08/08/2023,Rendimento,"1,06%"
CACR11,"R$ 1,42000000",31/07/2023,08/08/2023,Rendimento,"1,31%"
GGRC11,"R$ 0,09500000",01/08/2023,08/08/2023,Rendimento,"0,08%"
PATL11,"R$ 0,60000000",31/07/2023,08/08/2023,Rendimento,"0,82%"
KNUQ11,"R$ 1,02000000",31/07/2023,10/08/2023,Rendimento,"0,00%"
HABT11,"R$ 1,20000000",31/07/2023,11/08/2023,Rendimento,"1,25%"
KCRE11,"R$ 0,09000000",31/07/2023,11/08/2023,Rendimento,"0,09%"
KNCR11,"R$ 1,15000000",31/07/2023,11/08/2023,Rendimento,"1,16%"
KNHY11,"R$ 0,85000000",31/07/2023,11/08/2023,Rendimento,"0,86%"
KNIP11,"R$ 0,52000000",31/07/2023,11/08/2023,Rendimento,"0,57%"
KNSC11,"R$ 0,07000000",31/07/2023,11/08/2023,Rendimento,"0,08%"
VCJR11,"R$ 0,70000000",31/07/2023,11/08/2023,Rendimento,"0,78%"
BLMG11,"R$ 0,70000000",07/08/2023,14/08/2023,Rendimento,"1,03%"
BRCO11,"R$ 0,87000000",31/07/2023,14/08/2023,Rendimento,"0,72%"
BRCR11,"R$ 0,45000000",07/08/2023,14/08/2023,Rendimento,"0,67%"
BTCI11,"R$ 0,10100000",07/08/2023,14/08/2023,Rendimento,"1,07%"
CYCR11,"R$ 0,10000000",31/07/2023,14/08/2023,Rendimento,"1,10%"
DEVA11,"R$ 0,50000000",07/08/2023,14/08/2023,Rendimento,"0,91%"
FATN11,"R$ 0,84000000",04/08/2023,14/08/2023,Rendimento,"0,86%"
GTWR11,"R$ 0,79000000",31/07/2023,14/08/2023,Rendimento,"0,94%"
HFOF11,"R$ 0,06300000",31/07/2023,14/08/2023,Rendimento,"0,08%"
HGBS11,"R$ 0,15500000",31/07/2023,14/08/2023,Rendimento,"0,07%"
HGCR11,"R$ 1,10000000",31/07/2023,14/08/2023,Rendimento,"1,04%"
HGLG11,"R$ 1,10000000",31/07/2023,14/08/2023,Rendimento,"0,67%"
HGRE11,"R$ 0,78000000",31/07/2023,14/08/2023,Rendimento,"0,55%"
HGRU11,"R$ 0,85000000",31/07/2023,14/08/2023,Rendimento,"0,64%"
HSLG11,"R$ 0,73000000",31/07/2023,14/08/2023,Rendimento,"0,76%"
JSAF11,"R$ 0,09300000",31/07/2023,14/08/2023,Rendimento,"0,10%"
JSRE11,"R$ 0,46000000",31/07/2023,14/08/2023,Rendimento,"0,57%"
KFOF11,"R$ 0,75000000",31/07/2023,14/08/2023,Rendimento,"0,77%"
KISU11,"R$ 0,07000000",31/07/2023,14/08/2023,Rendimento,"0,79%"
KIVO11,"R$ 1,20000000",31/07/2023,14/08/2023,Rendimento,"1,27%"
KNRI11,"R$ 0,95000000",31/07/2023,14/08/2023,Rendimento,"0,59%"
MFII11,"R$ 1,07000000",31/07/2023,14/08/2023,Rendimento,"1,12%"
MXRF11,"R$ 0,12000000",31/07/2023,14/08/2023,Rendimento,"1,12%"
OUJP11,"R$ 1,20000000",31/07/2023,14/08/2023,Rendimento,"1,18%"
PMLL11,"R$ 0,80000000",31/07/2023,14/08/2023,Rendimento,"0,69%"
RBRL11,"R$ 0,65000000",07/08/2023,14/08/2023,Rendimento,"0,68%"
RBRP11,"R$ 0,27000000",07/08/2023,14/08/2023,Rendimento,"0,43%"
RECR11,"R$ 0,71320000",07/08/2023,14/08/2023,Rendimento,"0,81%"
SPXS11,"R$ 0,12200000",07/08/2023,14/08/2023,Rendimento,"0,13%"
TEPP11,"R$ 0,05800000",31/07/2023,14/08/2023,Rendimento,"0,07%"
TGAR11,"R$ 1,40000000",31/07/2023,14/08/2023,Rendimento,"1,14%"
TRBL11,"R$ 0,75000000",31/07/2023,14/08/2023,Rendimento,"0,76%"
TRXF11,"R$ 0,90000000",31/07/2023,14/08/2023,Rendimento,"0,80%"
TVRI11,"R$ 0,90000000",31/07/2023,14/08/2023,Rendimento,"0,91%"
URPR11,"R$ 1,13000000",31/07/2023,14/08/2023,Rendimento,"1,12%"
VILG11,"R$ 0,70000000",31/07/2023,14/08/2023,Rendimento,"0,64%"
VINO11,"R$ 0,06200000",31/07/2023,14/08/2023,Rendimento,"0,13%"
VISC11,"R$ 0,85000000",31/07/2023,14/08/2023,Rendimento,"0,71%"
WHGR11,"R$ 0,11000000",31/07/2023,14/08/2023,Rendimento,"1,17%"
XPCI11,"R$ 1,00000000",31/07/2023,14/08/2023,Rendimento,"1,15%"
XPLG11,"R$ 0,78000000",31/07/2023,14/08/2023,Rendimento,"0,68%"
XPSF11,"R$ 0,07500000",31/07/2023,14/08/2023,Rendimento,"0,89%"
BCRI11,"R$ 0,69000000",31/07/2023,15/08/2023,Rendimento,"0,91%"
CCME11,"R$ 0,09000000",08/08/2023,15/08/2023,Rendimento,"0,00%"
PCIP11,"R$ 0,85000000",08/08/2023,15/08/2023,Rendimento,"0,89%"
PSEC11,"R$ 0,75000000",08/08/2023,15/08/2023,Rendimento,"0,86%"
RBFF11,"R$ 0,50000000",31/07/2023,15/08/2023,Rendimento,"0,82%"
RBVA11,"R$ 0,10000000",31/07/2023,15/08/2023,Rendimento,"0,09%"
RCRB11,"R$ 0,76000000",07/08/2023,15/08/2023,Rendimento,"0,51%"
VRTA11,"R$ 0,70000000",31/07/2023,15/08/2023,Rendimento,"0,75%"
HCTR11,"R$ 0,50000000",09/08/2023,16/08/2023,Rendimento,"1,06%"
RBRR11,"R$ 0,70000000",09/08/2023,16/08/2023,Rendimento,"0,77%"
RBRY11,"R$ 1,20000000",09/08/2023,16/08/2023,Rendimento,"1,18%"
CPTS11,"R$ 0,08900000",10/08/2023,17/08/2023,Rendimento,"0,10%"
MCCI11,"R$ 0,90000000",10/08/2023,17/08/2023,Rendimento,"0,95%"
VGIP11,"R$ 0,85000000",10/08/2023,17/08/2023,Rendimento,"0,94%"
VGIR11,"R$ 0,12000000",10/08/2023,17/08/2023,Rendimento,"1,22%"
AFHI11,"R$ 1,05000000",14/08/2023,21/08/2023,Rendimento,"1,07%"
MANA11,"R$ 0,11000000",31/07/2023,21/08/2023,Rendimento,"1,10%"
RZAK11,"R$ 1,16000000",14/08/2023,21/08/2023,Rendimento,"1,24%"
RZAT11,"R$ 0,75000000",14/08/2023,21/08/2023,Rendimento,"0,81%"
MCRE11,"R$ 0,13000000",15/08/2023,22/08/2023,Rendimento,"0,12%"
RBRX11,"R$ 0,11000000",14/08/2023,22/08/2023,Rendimento,"0,12%"
BROF11,"R$ 0,53000000",16/08/2023,23/08/2023,Rendimento,"0,76%"
CPSH11,"R$ 0,11000000",16/08/2023,23/08/2023,Rendimento,"0,09%"
BTAL11,"R$ 0,73000000",17/08/2023,24/08/2023,Rendimento,"0,80%"
ALZR11,"R$ 0,08250000",18/08/2023,25/08/2023,Rendimento,"0,07%"
BTLG11,"R$ 0,76000000",15/08/2023,25/08/2023,Rendimento,"0,74%"
SNCI11,"R$ 1,00000000",15/08/2023,25/08/2023,Rendimento,"0,99%"
SNFF11,"R$ 0,65000000",15/08/2023,25/08/2023,Rendimento,"0,72%"
XPML11,"R$ 0,84000000",18/08/2023,25/08/2023,Rendimento,"0,77%"
BCIA11,"R$ 0,82000000",31/07/2023,28/08/2023,Rendimento,"0,77%"
ARRI11,"R$ 0,10000000",31/08/2023,08/09/2023,Rendimento,"1,12%"
GARE11,"R$ 0,08400000",31/08/2023,08/09/2023,Rendimento,"0,92%"
HSAF11,"R$ 0,75000000",31/08/2023,08/09/2023,Rendimento,"0,87%"
HSML11,"R$ 0,74000000",31/08/2023,08/09/2023,Rendimento,"0,77%"
HTMX11,"R$ 2,01852611",31/08/2023,08/09/2023,Rendimento,"1,44%"
LIFE11,"R$ 0,12200000",31/08/2023,08/09/2023,Rendimento,"1,18%"
LVBI11,"R$ 0,79000000",31/08/2023,08/09/2023,Rendimento,"0,68%"
PORD11,"R$ 0,10300000",31/08/2023,08/09/2023,Rendimento,"0,11%"
PVBI11,"R$ 0,67000000",31/08/2023,08/09/2023,Rendimento,"0,64%"
RZTR11,"R$ 0,85000000",31/08/2023,08/09/2023,Rendimento,"0,86%"
VGHF11,"R$ 0,12000000",31/08/2023,08/09/2023,Rendimento,"1,24%"
AIEC11,"R$ 0,76000000",31/08/2023,11/09/2023,Rendimento,"1,11%"
CACR11,"R$ 1,43000000",31/08/2023,11/09/2023,Rendimento,"1,34%"
GGRC11,"R$ 0,09500000",01/09/2023,11/09/2023,Rendimento,"0,08%"
PATL11,"R$ 0,60000000",31/08/2023,11/09/2023,Rendimento,"0,82%"
HABT11,"R$ 1,00000000",31/08/2023,12/09/2023,Rendimento,"1,02%"
KNHF11,"R$ 1,00000000",31/08/2023,13/09/2023,Rendimento,"0,96%"
KNUQ11,"R$ 0,90000000",31/08/2023,13/09/2023,Rendimento,"0,00%"
KCRE11,"R$ 0,08000000",31/08/2023,14/09/2023,Rendimento,"0,08%"
KNCR11,"R$ 1,20000000",31/08/2023,14/09/2023,Rendimento,"1,20%"
KNHY11,"R$ 0,90000000",31/08/2023,14/09/2023,Rendimento,"0,88%"
KNIP11,"R$ 0,50000000",31/08/2023,14/09/2023,Rendimento,"0,54%"
KNSC11,"R$ 0,08000000",31/08/2023,14/09/2023,Rendimento,"0,09%"
VCJR11,"R$ 0,55000000",31/08/2023,14/09/2023,Rendimento,"0,60%"
BCRI11,"R$ 0,80000000",31/08/2023,15/09/2023,Rendimento,"1,13%"
BLMG11,"R$ 0,70000000",08/09/2023,15/09/2023,Rendimento,"1,15%"
BRCO11,"R$ 0,87000000",31/08/2023,15/09/2023,Rendimento,"0,69%"
BRCR11,"R$ 0,41000000",08/09/2023,15/09/2023,Rendimento,"0,65%"
BTCI11,"R$ 0,10100000",08/09/2023,15/09/2023,Rendimento,"1,04%"
CYCR11,"R$ 0,10000000",31/08/2023,15/09/2023,Rendimento,"1,06%"
DEVA11,"R$ 0,47000000",08/09/2023,15/09/2023,Rendimento,"0,95%"
FATN11,"R$ 0,85000000",06/09/2023,15/09/2023,Rendimento,"0,90%"
GTWR11,"R$ 0,79000000",31/08/2023,15/09/2023,Rendimento,"0,91%"
HCTR11,"R$ 0,17050000",08/09/2023,15/09/2023,Rendimento,"0,37%"
HFOF11,"R$ 0,06300000",31/08/2023,15/09/2023,Rendimento,"0,08%"
HGBS11,"R$ 0,20000000",31/08/2023,15/09/2023,Rendimento,"0,09%"
HGCR11,"R$ 1,10000000",31/08/2023,15/09/2023,Rendimento,"1,02%"
HGLG11,"R$ 1,10000000",31/08/2023,15/09/2023,Rendimento,"0,68%"
HGRE11,"R$ 0,78000000",31/08/2023,15/09/2023,Rendimento,"0,57%"
HGRU11,"R$ 0,85000000",31/08/2023,15/09/2023,Rendimento,"0,64%"
HSLG11,"R$ 0,73000000",31/08/2023,15/09/2023,Rendimento,"0,77%"
JSAF11,"R$ 0,09300000",31/08/2023,15/09/2023,Rendimento,"0,09%"
JSRE11,"R$ 0,46000000",31/08/2023,15/09/2023,Rendimento,"0,59%"
KFOF11,"R$ 0,75000000",31/08/2023,15/09/2023,Rendimento,"0,77%"
KISU11,"R$ 0,07000000",31/08/2023,15/09/2023,Rendimento,"0,81%"
KIVO11,"R$ 1,15000000",31/08/2023,15/09/2023,Rendimento,"1,23%"
KNRI11,"R$ 0,95000000",31/08/2023,15/09/2023,Rendimento,"0,59%"
MFII11,"R$ 1,07000000",31/08/2023,15/09/2023,Rendimento,"1,12%"
MXRF11,"R$ 0,11000000",31/08/2023,15/09/2023,Rendimento,"1,00%"
OUJP11,"R$ 1,10000000",31/08/2023,15/09/2023,Rendimento,"1,08%"
PMLL11,"R$ 0,85000000",31/08/2023,15/09/2023,Rendimento,"0,72%"
RBFF11,"R$ 0,50000000",31/08/2023,15/09/2023,Rendimento,"0,81%"
RBRL11,"R$ 0,72000000",08/09/2023,15/09/2023,Rendimento,"0,80%"
RBRP11,"R$ 0,25000000",08/09/2023,15/09/2023,Rendimento,"0,42%"
RBVA11,"R$ 0,10000000",31/08/2023,15/09/2023,Rendimento,"0,09%"
RCRB11,"R$ 0,77000000",06/09/2023,15/09/2023,Rendimento,"0,51%"
RECR11,"R$ 0,59700000",08/09/2023,15/09/2023,Rendimento,"0,67%"
SPXS11,"R$ 0,12300000",08/09/2023,15/09/2023,Rendimento,"0,12%"
TEPP11,"R$ 0,05800000",31/08/2023,15/09/2023,Rendimento,"0,07%"
TGAR11,"R$ 1,42000000",31/08/2023,15/09/2023,Rendimento,"1,16%"
TRBL11,"R$ 0,72000000",31/08/2023,15/09/2023,Rendimento,"0,71%"
TRXF11,"R$ 0,90000000",31/08/2023,15/09/2023,Rendimento,"0,80%"
TVRI11,"R$ 0,90000000",31/08/2023,15/09/2023,Rendimento,"0,92%"
URPR11,"R$ 1,16000000",31/08/2023,15/09/2023,Rendimento,"1,19%"
VILG11,"R$ 0,70000000",31/08/2023,15/09/2023,Rendimento,"0,67%"
VINO11,"R$ 0,06000000",31/08/2023,15/09/2023,Rendimento,"0,65%"
VISC11,"R$ 0,92000000",31/08/2023,15/09/2023,Rendimento,"0,76%"
VRTA11,"R$ 0,70000000",31/08/2023,15/09/2023,Rendimento,"0,76%"
WHGR11,"R$ 0,10000000",31/08/2023,15/09/2023,Rendimento,"1,03%"
XPCI11,"R$ 0,90000000",31/08/2023,15/09/2023,Rendimento,"1,03%"
XPLG11,"R$ 0,78000000",31/08/2023,15/09/2023,Rendimento,"0,69%"
XPSF11,"R$ 0,07500000",31/08/2023,15/09/2023,Rendimento,"0,86%"
CCME11,"R$ 0,09000000",11/09/2023,18/09/2023,Rendimento,"0,08%"
PCIP11,"R$ 0,90000000",11/09/2023,18/09/2023,Rendimento,"0,96%"
PSEC11,"R$ 0,75000000",11/09/2023,18/09/2023,Rendimento,"0,89%"
RBRR11,"R$ 0,65000000",12/09/2023,19/09/2023,Rendimento,"0,72%"
RBRY11,"R$ 1,20000000",12/09/2023,19/09/2023,Rendimento,"1,18%"
CPTS11,"R$ 0,07900000",13/09/2023,20/09/2023,Rendimento,"0,09%"
MCCI11,"R$ 0,90000000",13/09/2023,20/09/2023,Rendimento,"0,96%"
VGIP11,"R$ 0,64000000",13/09/2023,20/09/2023,Rendimento,"0,69%"
VGIR11,"R$ 0,13000000",13/09/2023,20/09/2023,Rendimento,"1,33%"
AFHI11,"R$ 1,05000000",15/09/2023,22/09/2023,Rendimento,"1,07%"
MANA11,"R$ 0,11000000",31/08/2023,22/09/2023,Rendimento,"1,11%"
RZAK11,"R$ 1,16000000",15/09/2023,22/09/2023,Rendimento,"1,22%"
RZAT11,"R$ 0,73000000",15/09/2023,22/09/2023,Rendimento,"0,82%"
ALZR11,"R$ 0,08250000",18/09/2023,25/09/2023,Rendimento,"0,07%"
BTLG11,"R$ 0,76000000",15/09/2023,25/09/2023,Rendimento,"0,73%"
MCRE11,"R$ 0,13000000",18/09/2023,25/09/2023,Rendimento,"0,12%"
RBRX11,"R$ 0,11000000",15/09/2023,25/09/2023,Rendimento,"0,12%"
SNCI11,"R$ 1,00000000",15/09/2023,25/09/2023,Rendimento,"1,00%"
SNFF11,"R$ 0,65000000",15/09/2023,25/09/2023,Rendimento,"0,68%"
XPML11,"R$ 0,85000000",18/09/2023,25/09/2023,Rendimento,"0,75%"
BROF11,"R$ 0,54000000",19/09/2023,26/09/2023,Rendimento,"0,79%"
CPSH11,"R$ 0,11000000",19/09/2023,26/09/2023,Rendimento,"0,09%"
BTAL11,"R$ 0,71000000",20/09/2023,27/09/2023,Rendimento,"0,79%"
BCIA11,"R$ 0,83000000",31/08/2023,29/09/2023,Rendimento,"0,80%"
ARRI11,"R$ 0,10000000",29/09/2023,06/10/2023,Rendimento,"1,12%"
GARE11,"R$ 0,08400000",29/09/2023,06/10/2023,Rendimento,"0,90%"
HSAF11,"R$ 0,70000000",29/09/2023,06/10/2023,Rendimento,"0,82%"
HSML11,"R$ 0,74000000",29/09/2023,06/10/2023,Rendimento,"0,78%"
HTMX11,"R$ 2,85000000",29/09/2023,06/10/2023,Rendimento,"1,94%"
LIFE11,"R$ 0,12000000",29/09/2023,06/10/2023,Rendimento,"1,19%"
LVBI11,"R$ 0,79000000",29/09/2023,06/10/2023,Rendimento,"0,67%"
PORD11,"R$ 0,10000000",29/09/2023,06/10/2023,Rendimento,"0,11%"
PVBI11,"R$ 0,70000000",29/09/2023,06/10/2023,Rendimento,"0,65%"
RZTR11,"R$ 1,10000000",29/09/2023,06/10/2023,Rendimento,"1,09%"
VGHF11,"R$ 0,10000000",29/09/2023,06/10/2023,Rendimento,"1,03%"
AIEC11,"R$ 0,76000000",29/09/2023,09/10/2023,Rendimento,"1,16%"
CACR11,"R$ 1,42000000",29/09/2023,09/10/2023,Rendimento,"1,33%"
GGRC11,"R$ 0,09500000",02/10/2023,09/10/2023,Rendimento,"0,08%"
PATL11,"R$ 0,60000000",29/09/2023,09/10/2023,Rendimento,"0,82%"
HABT11,"R$ 1,00000000",29/09/2023,11/10/2023,Rendimento,"1,07%"
KNHF11,"R$ 0,84000000",29/09/2023,11/10/2023,Rendimento,"0,79%"
KNUQ11,"R$ 0,77000000",29/09/2023,11/10/2023,Rendimento,"0,00%"
BCRI11,"R$ 0,70000000",29/09/2023,13/10/2023,Rendimento,"0,99%"
BRCO11,"R$ 0,87000000",29/09/2023,13/10/2023,Rendimento,"0,70%"
KCRE11,"R$ 0,05700000",29/09/2023,13/10/2023,Rendimento,"0,06%"
KNCR11,"R$ 1,10000000",29/09/2023,13/10/2023,Rendimento,"1,09%"
KNHY11,"R$ 0,90000000",29/09/2023,13/10/2023,Rendimento,"0,88%"
KNIP11,"R$ 0,60000000",29/09/2023,13/10/2023,Rendimento,"0,64%"
KNSC11,"R$ 0,07500000",29/09/2023,13/10/2023,Rendimento,"0,08%"
RBFF11,"R$ 0,51000000",29/09/2023,13/10/2023,Rendimento,"0,83%"
RBVA11,"R$ 0,10000000",29/09/2023,13/10/2023,Rendimento,"0,09%"
RCRB11,"R$ 0,78000000",04/10/2023,13/10/2023,Rendimento,"0,51%"
VCJR11,"R$ 0,65000000",29/09/2023,13/10/2023,Rendimento,"0,71%"
VRTA11,"R$ 0,70000000",29/09/2023,13/10/2023,Rendimento,"0,78%"
BLMG11,"R$ 0,68000000",06/10/2023,16/10/2023,Rendimento,"1,16%"
BRCR11,"R$ 0,41000000",06/10/2023,16/10/2023,Rendimento,"0,70%"
BTCI11,"R$ 0,10100000",06/10/2023,16/10/2023,Rendimento,"1,02%"
CYCR11,"R$ 0,10000000",29/09/2023,16/10/2023,Rendimento,"1,05%"
DEVA11,"R$ 0,49000000",06/10/2023,16/10/2023,Rendimento,"1,22%"
FATN11,"R$ 0,85000000",05/10/2023,16/10/2023,Rendimento,"0,92%"
GTWR11,"R$ 0,79000000",29/09/2023,16/10/2023,Rendimento,"0,94%"
HCTR11,"R$ 0,27000000",06/10/2023,16/10/2023,Rendimento,"0,89%"
HFOF11,"R$ 0,06300000",29/09/2023,16/10/2023,Rendimento,"0,08%"
HGBS11,"R$ 0,20000000",29/09/2023,16/10/2023,Rendimento,"0,09%"
HGCR11,"R$ 1,10000000",29/09/2023,16/10/2023,Rendimento,"1,01%"
HGLG11,"R$ 1,10000000",29/09/2023,16/10/2023,Rendimento,"0,68%"
HGRE11,"R$ 0,78000000",29/09/2023,16/10/2023,Rendimento,"0,58%"
HGRU11,"R$ 0,85000000",29/09/2023,16/10/2023,Rendimento,"0,61%"
HSLG11,"R$ 0,74000000",29/09/2023,16/10/2023,Rendimento,"0,77%"
JSAF11,"R$ 0,10000000",29/09/2023,16/10/2023,Rendimento,"0,10%"
JSRE11,"R$ 0,46000000",29/09/2023,16/10/2023,Rendimento,"0,61%"
KFOF11,"R$ 0,80000000",29/09/2023,16/10/2023,Rendimento,"0,81%"
KISU11,"R$ 0,07500000",29/09/2023,16/10/2023,Rendimento,"0,86%"
KIVO11,"R$ 1,02000000",29/09/2023,16/10/2023,Rendimento,"1,09%"
KNRI11,"R$ 1,00000000",29/09/2023,16/10/2023,Rendimento,"0,61%"
MFII11,"R$ 1,08000000",29/09/2023,16/10/2023,Rendimento,"1,14%"
MXRF11,"R$ 0,11000000",29/09/2023,16/10/2023,Rendimento,"0,99%"
OUJP11,"R$ 1,00000000",29/09/2023,16/10/2023,Rendimento,"1,00%"
PMLL11,"R$ 0,85000000",29/09/2023,16/10/2023,Rendimento,"0,72%"
RBRL11,"R$ 0,72000000",06/10/2023,16/10/2023,Rendimento,"0,81%"
RBRP11,"R$ 0,25000000",06/10/2023,16/10/2023,Rendimento,"0,46%"
RECR11,"R$ 0,74930000",06/10/2023,16/10/2023,Rendimento,"0,86%"
SPXS11,"R$ 0,11700000",06/10/2023,16/10/2023,Rendimento,"0,12%"
TEPP11,"R$ 0,05800000",29/09/2023,16/10/2023,Rendimento,"0,06%"
TGAR11,"R$ 1,43000000",29/09/2023,16/10/2023,Rendimento,"1,12%"
TRBL11,"R$ 0,72000000",29/09/2023,16/10/2023,Rendimento,"0,73%"
TRXF11,"R$ 0,90000000",29/09/2023,16/10/2023,Rendimento,"0,80%"
TVRI11,"R$ 0,90000000",29/09/2023,16/10/2023,Rendimento,"0,93%"
URPR11,"R$ 1,17000000",29/09/2023,16/10/2023,Rendimento,"1,25%"
VILG11,"R$ 0,70000000",29/09/2023,16/10/2023,Rendimento,"0,65%"
VINO11,"R$ 0,06000000",29/09/2023,16/10/2023,Rendimento,"0,71%"
VISC11,"R$ 0,92000000",29/09/2023,16/10/2023,Rendimento,"0,77%"
WHGR11,"R$ 0,10000000",29/09/2023,16/10/2023,Rendimento,"1,02%"
XPCI11,"R$ 0,95000000",29/09/2023,16/10/2023,Rendimento,"1,08%"
XPLG11,"R$ 0,78000000",29/09/2023,16/10/2023,Rendimento,"0,69%"
XPSF11,"R$ 0,07500000",29/09/2023,16/10/2023,Rendimento,"0,90%"
CCME11,"R$ 0,09000000",09/10/2023,17/10/2023,Rendimento,"0,08%"
PCIP11,"R$ 0,70000000",09/10/2023,17/10/2023,Rendimento,"0,75%"
PSEC11,"R$ 0,75000000",09/10/2023,17/10/2023,Rendimento,"0,90%"
RBRR11,"R$ 0,65000000",10/10/2023,18/10/2023,Rendimento,"0,72%"
RBRY11,"R$ 1,20000000",10/10/2023,18/10/2023,Rendimento,"1,19%"
CPTS11,"R$ 0,05400000",11/10/2023,19/10/2023,Rendimento,"0,63%"
MCCI11,"R$ 0,90000000",11/10/2023,19/10/2023,Rendimento,"0,96%"
VGIP11,"R$ 0,80000000",11/10/2023,19/10/2023,Rendimento,"0,89%"
VGIR11,"R$ 0,12000000",11/10/2023,19/10/2023,Rendimento,"1,20%"
AFHI11,"R$ 1,05000000",16/10/2023,23/10/2023,Rendimento,"1,07%"
MANA11,"R$ 0,10000000",29/09/2023,23/10/2023,Rendimento,"1,01%"
RZAK11,"R$ 1,30000000",16/10/2023,23/10/2023,Rendimento,"1,38%"
RZAT11,"R$ 0,79000000",16/10/2023,23/10/2023,Rendimento,"0,88%"
MCRE11,"R$ 0,13000000",17/10/2023,24/10/2023,Rendimento,"0,12%"
RBRX11,"R$ 0,10500000",16/10/2023,24/10/2023,Rendimento,"0,11%"
ALZR11,"R$ 0,08250000",18/10/2023,25/10/2023,Rendimento,"0,07%"
BROF11,"R$ 0,54000000",18/10/2023,25/10/2023,Rendimento,"0,83%"
BTLG11,"R$ 0,76000000",13/10/2023,25/10/2023,Rendimento,"0,75%"
CPSH11,"R$ 0,07400000",18/10/2023,25/10/2023,Rendimento,"0,07%"
SNCI11,"R$ 1,00000000",13/10/2023,25/10/2023,Rendimento,"1,00%"
SNFF11,"R$ 0,65000000",13/10/2023,25/10/2023,Rendimento,"0,73%"
XPML11,"R$ 0,85000000",18/10/2023,25/10/2023,Rendimento,"0,76%"
BTAL11,"R$ 0,71000000",19/10/2023,26/10/2023,Rendimento,"0,84%"
BCIA11,"R$ 0,85000000",29/09/2023,30/10/2023,Rendimento,"0,82%"
ARRI11,"R$ 0,09000000",31/10/2023,08/11/2023,Rendimento,"1,01%"
GARE11,"R$ 0,08400000",31/10/2023,08/11/2023,Rendimento,"0,91%"
HSAF11,"R$ 0,80000000",31/10/2023,08/11/2023,Rendimento,"0,96%"
HSML11,"R$ 0,74000000",31/10/2023,08/11/2023,Rendimento,"0,81%"
HTMX11,"R$ 3,70000000",31/10/2023,08/11/2023,Rendimento,"2,30%"
LIFE11,"R$ 0,12500000",31/10/2023,08/11/2023,Rendimento,"1,23%"
LVBI11,"R$ 0,87000000",31/10/2023,08/11/2023,Rendimento,"0,74%"
PORD11,"R$ 0,10300000",31/10/2023,08/11/2023,Rendimento,"0,11%"
PVBI11,"R$ 0,70000000",31/10/2023,08/11/2023,Rendimento,"0,68%"
RZTR11,"R$ 1,40000000",31/10/2023,08/11/2023,Rendimento,"1,37%"
VGHF11,"R$ 0,10000000",31/10/2023,08/11/2023,Rendimento,"1,05%"
AIEC11,"R$ 0,76000000",31/10/2023,09/11/2023,Rendimento,"1,31%"
CACR11,"R$ 1,40000000",31/10/2023,09/11/2023,Rendimento,"1,33%"
GGRC11,"R$ 0,09300000",01/11/2023,09/11/2023,Rendimento,"0,08%"
PATL11,"R$ 0,60000000",31/10/2023,09/11/2023,Rendimento,"0,90%"
HABT11,"R$ 1,00000000",31/10/2023,10/11/2023,Rendimento,"1,11%"
KNHF11,"R$ 1,05000000",31/10/2023,13/11/2023,Rendimento,"1,02%"
KNUQ11,"R$ 0,97000000",31/10/2023,13/11/2023,Rendimento,"0,94%"
KCRE11,"R$ 0,08500000",31/10/2023,14/11/2023,Rendimento,"0,09%"
KNCR11,"R$ 1,11000000",31/10/2023,14/11/2023,Rendimento,"1,08%"
KNHY11,"R$ 1,00000000",31/10/2023,14/11/2023,Rendimento,"0,99%"
KNIP11,"R$ 0,70000000",31/10/2023,14/11/2023,Rendimento,"0,76%"
KNSC11,"R$ 0,08000000",31/10/2023,14/11/2023,Rendimento,"0,09%"
RBFF11,"R$ 0,51000000",31/10/2023,14/11/2023,Rendimento,"0,85%"
RBVA11,"R$ 0,10000000",31/10/2023,14/11/2023,Rendimento,"0,09%"
RCRB11,"R$ 0,79000000",07/11/2023,14/11/2023,Rendimento,"0,53%"
VCJR11,"R$ 0,75000000",31/10/2023,14/11/2023,Rendimento,"0,82%"
VRTA11,"R$ 0,70000000",31/10/2023,14/11/2023,Rendimento,"0,79%"
BCRI11,"R$ 0,75000000",31/10/2023,16/11/2023,Rendimento,"1,10%"
BLMG11,"R$ 0,66000000",08/11/2023,16/11/2023,Rendimento,"1,19%"
BRCO11,"R$ 0,90000000",31/10/2023,16/11/2023,Rendimento,"0,73%"
BRCR11,"R$ 0,41000000",08/11/2023,16/11/2023,Rendimento,"0,75%"
BTCI11,"R$ 0,09700000",08/11/2023,16/11/2023,Rendimento,"0,98%"
CYCR11,"R$ 0,10000000",31/10/2023,16/11/2023,Rendimento,"1,07%"
DEVA11,"R$ 0,52000000",08/11/2023,16/11/2023,Rendimento,"1,20%"
FATN11,"R$ 0,85000000",07/11/2023,16/11/2023,Rendimento,"0,91%"
GTWR11,"R$ 0,79000000",31/10/2023,16/11/2023,Rendimento,"0,98%"
HCTR11,"R$ 0,34000000",08/11/2023,16/11/2023,Rendimento,"0,90%"
HFOF11,"R$ 0,06300000",31/10/2023,16/11/2023,Rendimento,"0,08%"
HGBS11,"R$ 0,20000000",31/10/2023,16/11/2023,Rendimento,"0,09%"
HGCR11,"R$ 1,00000000",31/10/2023,16/11/2023,Rendimento,"0,94%"
HGLG11,"R$ 1,10000000",31/10/2023,16/11/2023,Rendimento,"0,70%"
HGRE11,"R$ 0,78000000",31/10/2023,16/11/2023,Rendimento,"0,63%"
HGRU11,"R$ 0,85000000",31/10/2023,16/11/2023,Rendimento,"0,66%"
HSLG11,"R$ 0,74000000",31/10/2023,16/11/2023,Rendimento,"0,81%"
JSAF11,"R$ 0,10000000",31/10/2023,16/11/2023,Rendimento,"0,10%"
JSRE11,"R$ 0,46000000",31/10/2023,16/11/2023,Rendimento,"0,66%"
KFOF11,"R$ 0,80000000",31/10/2023,16/11/2023,Rendimento,"0,83%"
KISU11,"R$ 0,07500000",31/10/2023,16/11/2023,Rendimento,"0,90%"
KIVO11,"R$ 1,18000000",31/10/2023,16/11/2023,Rendimento,"1,31%"
KNRI11,"R$ 1,00000000",31/10/2023,16/11/2023,Rendimento,"0,62%"
MFII11,"R$ 1,07000000",31/10/2023,16/11/2023,Rendimento,"1,15%"
MXRF11,"R$ 0,11000000",31/10/2023,16/11/2023,Rendimento,"1,02%"
OUJP11,"R$ 1,00000000",31/10/2023,16/11/2023,Rendimento,"1,05%"
PMLL11,"R$ 0,85000000",31/10/2023,16/11/2023,Rendimento,"0,73%"
RBRL11,"R$ 0,72000000",08/11/2023,16/11/2023,Rendimento,"0,84%"
RBRP11,"R$ 0,28000000",08/11/2023,16/11/2023,Rendimento,"0,54%"
RECR11,"R$ 0,78030000",08/11/2023,16/11/2023,Rendimento,"0,91%"
SPXS11,"R$ 0,09000000",08/11/2023,16/11/2023,Rendimento,"0,96%"
TEPP11,"R$ 0,06400000",31/10/2023,16/11/2023,Rendimento,"0,07%"
TGAR11,"R$ 1,45000000",31/10/2023,16/11/2023,Rendimento,"1,21%"
TRBL11,"R$ 0,72000000",31/10/2023,16/11/2023,Rendimento,"0,73%"
TRXF11,"R$ 0,90000000",31/10/2023,16/11/2023,Rendimento,"0,83%"
TVRI11,"R$ 0,91000000",31/10/2023,16/11/2023,Rendimento,"0,98%"
URPR11,"R$ 1,18000000",31/10/2023,16/11/2023,Rendimento,"1,31%"
VILG11,"R$ 0,68000000",31/10/2023,16/11/2023,Rendimento,"0,67%"
VINO11,"R$ 0,06000000",31/10/2023,16/11/2023,Rendimento,"0,79%"
VISC11,"R$ 1,00000000",31/10/2023,16/11/2023,Rendimento,"0,85%"
WHGR11,"R$ 0,10000000",31/10/2023,16/11/2023,Rendimento,"1,04%"
XPCI11,"R$ 0,95000000",31/10/2023,16/11/2023,Rendimento,"1,09%"
XPLG11,"R$ 0,78000000",31/10/2023,16/11/2023,Rendimento,"0,71%"
XPSF11,"R$ 0,07500000",31/10/2023,16/11/2023,Rendimento,"0,94%"
CCME11,"R$ 0,09000000",09/11/2023,17/11/2023,Rendimento,"0,00%"
CLIN11,"R$ 1,06900000",09/11/2023,17/11/2023,Rendimento,"1,08%"
PCIP11,"R$ 0,75000000",09/11/2023,17/11/2023,Rendimento,"0,82%"
PSEC11,"R$ 0,75000000",09/11/2023,17/11/2023,Rendimento,"0,92%"
RBRR11,"R$ 0,65000000",10/11/2023,20/11/2023,Rendimento,"0,72%"
RBRY11,"R$ 1,00000000",10/11/2023,20/11/2023,Rendimento,"0,99%"
CPTS11,"R$ 0,06100000",13/11/2023,21/11/2023,Rendimento,"0,76%"
MCCI11,"R$ 0,90000000",13/11/2023,21/11/2023,Rendimento,"0,96%"
VGIP11,"R$ 0,80000000",13/11/2023,21/11/2023,Rendimento,"0,91%"
VGIR11,"R$ 0,12000000",13/11/2023,21/11/2023,Rendimento,"1,22%"
AFHI11,"R$ 1,02000000",16/11/2023,23/11/2023,Rendimento,"1,05%"
MANA11,"R$ 0,10000000",31/10/2023,23/11/2023,Rendimento,"1,02%"
RZAK11,"R$ 1,20000000",16/11/2023,23/11/2023,Rendimento,"1,36%"
RZAT11,"R$ 1,02000000",16/11/2023,23/11/2023,Rendimento,"1,15%"
ALZR11,"R$ 0,08250000",17/11/2023,24/11/2023,Rendimento,"0,07%"
BTLG11,"R$ 0,76000000",14/11/2023,24/11/2023,Rendimento,"0,76%"
MCRE11,"R$ 0,13000000",17/11/2023,24/11/2023,Rendimento,"0,12%"
RBRX11,"R$ 0,10000000",16/11/2023,24/11/2023,Rendimento,"0,11%"
SNCI11,"R$ 1,00000000",14/11/2023,24/11/2023,Rendimento,"1,00%"
SNEL11,"R$ 0,10000000",14/11/2023,24/11/2023,Rendimento,"0,00%"
SNFF11,"R$ 0,65000000",14/11/2023,24/11/2023,Rendimento,"0,74%"
XPML11,"R$ 0,85000000",17/11/2023,24/11/2023,Rendimento,"0,75%"
BROF11,"R$ 0,55000000",20/11/2023,27/11/2023,Rendimento,"0,89%"
CPSH11,"R$ 0,10000000",20/11/2023,27/11/2023,Rendimento,"0,09%"
BTAL11,"R$ 0,68000000",21/11/2023,28/11/2023,Rendimento,"0,84%"
BCIA11,"R$ 0,85000000",31/10/2023,30/11/2023,Rendimento,"0,85%"
BCRI11,"R$ 1,21989130",30/10/2023,06/12/2023,Dividendo,"1,81%"
ARRI11,"R$ 0,10000000",30/11/2023,07/12/2023,Rendimento,"1,10%"
GARE11,"R$ 0,08400000",30/11/2023,07/12/2023,Rendimento,"0,90%"
GZIT11,"R$ 0,32301670",30/11/2023,07/12/2023,Rendimento,"0,00%"
HSAF11,"R$ 0,80000000",30/11/2023,07/12/2023,Rendimento,"0,94%"
HSML11,"R$ 0,74000000",30/11/2023,07/12/2023,Rendimento,"0,79%"
HTMX11,"R$ 3,70000000",30/11/2023,07/12/2023,Rendimento,"2,10%"
LIFE11,"R$ 0,12500000",30/11/2023,07/12/2023,Rendimento,"1,27%"
LVBI11,"R$ 0,90000000",30/11/2023,07/12/2023,Rendimento,"0,79%"
PORD11,"R$ 0,09800000",30/11/2023,07/12/2023,Rendimento,"0,11%"
PVBI11,"R$ 0,70000000",30/11/2023,07/12/2023,Rendimento,"0,69%"
RZTR11,"R$ 1,40000000",30/11/2023,07/12/2023,Rendimento,"1,37%"
VGHF11,"R$ 0,11000000",30/11/2023,07/12/2023,Rendimento,"1,19%"
AIEC11,"R$ 0,78000000",30/11/2023,08/12/2023,Rendimento,"1,39%"
CACR11,"R$ 1,42000000",30/11/2023,08/12/2023,Rendimento,"1,39%"
GGRC11,"R$ 0,09200000",01/12/2023,08/12/2023,Rendimento,"0,08%"
PATL11,"R$ 0,60000000",30/11/2023,08/12/2023,Rendimento,"0,95%"
HABT11,"R$ 1,00000000",30/11/2023,12/12/2023,Rendimento,"1,14%"
KNHF11,"R$ 1,05000000",30/11/2023,12/12/2023,Rendimento,"1,02%"
KNUQ11,"R$ 1,06000000",30/11/2023,12/12/2023,Rendimento,"1,04%"
KCRE11,"R$ 0,08500000",30/11/2023,13/12/2023,Rendimento,"0,09%"
KNCR11,"R$ 1,01000000",30/11/2023,13/12/2023,Rendimento,"0,99%"
KNHY11,"R$ 1,05000000",30/11/2023,13/12/2023,Rendimento,"1,03%"
KNIP11,"R$ 0,70000000",30/11/2023,13/12/2023,Rendimento,"0,76%"
KNSC11,"R$ 0,07000000",30/11/2023,13/12/2023,Rendimento,"0,79%"
VCJR11,"R$ 0,90000000",30/11/2023,13/12/2023,Rendimento,"1,00%"
BLMG11,"R$ 0,30000000",07/12/2023,14/12/2023,Rendimento,"0,60%"
BRCO11,"R$ 0,95000000",30/11/2023,14/12/2023,Rendimento,"0,80%"
BRCR11,"R$ 0,41000000",07/12/2023,14/12/2023,Rendimento,"0,68%"
BTCI11,"R$ 0,09700000",07/12/2023,14/12/2023,Rendimento,"1,00%"
CYCR11,"R$ 0,10000000",30/11/2023,14/12/2023,Rendimento,"1,07%"
DEVA11,"R$ 0,47000000",07/12/2023,14/12/2023,Rendimento,"1,06%"
FATN11,"R$ 0,85000000",06/12/2023,14/12/2023,Rendimento,"0,92%"
GTWR11,"R$ 0,79000000",30/11/2023,14/12/2023,Rendimento,"0,96%"
HCTR11,"R$ 0,34000000",07/12/2023,14/12/2023,Rendimento,"0,93%"
HFOF11,"R$ 0,06300000",30/11/2023,14/12/2023,Rendimento,"0,09%"
HGBS11,"R$ 0,20000000",30/11/2023,14/12/2023,Rendimento,"0,09%"
HGCR11,"R$ 1,00000000",30/11/2023,14/12/2023,Rendimento,"0,96%"
HGLG11,"R$ 1,10000000",30/11/2023,14/12/2023,Rendimento,"0,68%"
HGRE11,"R$ 0,78000000",30/11/2023,14/12/2023,Rendimento,"0,60%"
HGRU11,"R$ 0,85000000",30/11/2023,14/12/2023,Rendimento,"0,63%"
HSLG11,"R$ 0,74000000",30/11/2023,14/12/2023,Rendimento,"0,81%"
JSAF11,"R$ 0,10000000",30/11/2023,14/12/2023,Rendimento,"0,10%"
JSRE11,"R$ 0,46000000",30/11/2023,14/12/2023,Rendimento,"0,63%"
KFOF11,"R$ 0,80000000",30/11/2023,14/12/2023,Rendimento,"0,85%"
KISU11,"R$ 0,07500000",30/11/2023,14/12/2023,Rendimento,"0,91%"
KIVO11,"R$ 1,25000000",30/11/2023,14/12/2023,Rendimento,"1,40%"
KNRI11,"R$ 1,00000000",30/11/2023,14/12/2023,Rendimento,"0,63%"
MFII11,"R$ 1,08000000",30/11/2023,14/12/2023,Rendimento,"1,18%"
MXRF11,"R$ 0,11000000",30/11/2023,14/12/2023,Rendimento,"1,03%"
OUJP11,"R$ 1,00000000",30/11/2023,14/12/2023,Rendimento,"1,02%"
PMLL11,"R$ 0,80000000",30/11/2023,14/12/2023,Rendimento,"0,69%"
RBRL11,"R$ 0,72000000",07/12/2023,14/12/2023,Rendimento,"0,83%"
RBRP11,"R$ 0,28000000",07/12/2023,14/12/2023,Rendimento,"0,54%"
RECR11,"R$ 0,77550000",07/12/2023,14/12/2023,Rendimento,"0,91%"
SPXS11,"R$ 0,09000000",07/12/2023,14/12/2023,Rendimento,"1,01%"
TEPP11,"R$ 0,06400000",30/11/2023,14/12/2023,Rendimento,"0,07%"
TGAR11,"R$ 1,43000000",30/11/2023,14/12/2023,Rendimento,"1,18%"
TRBL11,"R$ 0,72000000",30/11/2023,14/12/2023,Rendimento,"0,74%"
TRXF11,"R$ 0,90000000",30/11/2023,14/12/2023,Rendimento,"0,83%"
TVRI11,"R$ 0,91000000",30/11/2023,14/12/2023,Rendimento,"0,97%"
URPR11,"R$ 1,10000000",30/11/2023,14/12/2023,Rendimento,"1,29%"
VILG11,"R$ 0,65000000",30/11/2023,14/12/2023,Rendimento,"0,67%"
VINO11,"R$ 0,05800000",30/11/2023,14/12/2023,Rendimento,"0,76%"
VISC11,"R$ 1,00000000",30/11/2023,14/12/2023,Rendimento,"0,84%"
WHGR11,"R$ 0,10000000",30/11/2023,14/12/2023,Rendimento,"1,04%"
XPCI11,"R$ 0,80000000",30/11/2023,14/12/2023,Rendimento,"0,93%"
XPLG11,"R$ 0,78000000",30/11/2023,14/12/2023,Rendimento,"0,73%"
XPSF11,"R$ 0,07500000",30/11/2023,14/12/2023,Rendimento,"0,95%"
BCRI11,"R$ 0,75000000",30/11/2023,15/12/2023,Rendimento,"1,08%"
CCME11,"R$ 0,09000000",08/12/2023,15/12/2023,Rendimento,"0,08%"
CLIN11,"R$ 1,10000000",08/12/2023,15/12/2023,Rendimento,"1,12%"
PCIP11,"R$ 0,80000000",08/12/2023,15/12/2023,Rendimento,"0,90%"
PSEC11,"R$ 0,65000000",08/12/2023,15/12/2023,Rendimento,"0,80%"
RBFF11,"R$ 0,51000000",30/11/2023,15/12/2023,Rendimento,"0,85%"
RBVA11,"R$ 0,10000000",30/11/2023,15/12/2023,Rendimento,"0,09%"
RCRB11,"R$ 0,80000000",07/12/2023,15/12/2023,Rendimento,"0,53%"
VRTA11,"R$ 0,70000000",30/11/2023,15/12/2023,Rendimento,"0,79%"
VRTM11,"R$ 0,03000000",30/11/2023,15/12/2023,Rendimento,"0,29%"
RBRR11,"R$ 0,65000000",11/12/2023,18/12/2023,Rendimento,"0,75%"
RBRY11,"R$ 1,00000000",11/12/2023,18/12/2023,Rendimento,"1,01%"
CPTS11,"R$ 0,06100000",12/12/2023,19/12/2023,Rendimento,"0,77%"
MCCI11,"R$ 0,90000000",12/12/2023,19/12/2023,Rendimento,"0,98%"
VGIP11,"R$ 0,70000000",12/12/2023,19/12/2023,Rendimento,"0,82%"
VGIR11,"R$ 0,11000000",12/12/2023,19/12/2023,Rendimento,"1,12%"
AFHI11,"R$ 1,00000000",14/12/2023,21/12/2023,Rendimento,"1,03%"
AJFI11,"R$ 0,07000000",07/12/2023,21/12/2023,Rendimento,"0,73%"
MANA11,"R$ 0,10000000",30/11/2023,21/12/2023,Rendimento,"1,05%"
PMIS11,"R$ 0,05487700",15/12/2023,21/12/2023,Rendimento,"0,00%"
RZAK11,"R$ 1,20000000",14/12/2023,21/12/2023,Rendimento,"1,37%"
RZAT11,"R$ 1,20000000",14/12/2023,21/12/2023,Rendimento,"1,30%"
ALZR11,"R$ 0,08250000",15/12/2023,22/12/2023,Rendimento,"0,07%"
BTLG11,"R$ 0,76000000",15/12/2023,22/12/2023,Rendimento,"0,75%"
MCRE11,"R$ 0,13000000",15/12/2023,22/12/2023,Rendimento,"0,12%"
RBRX11,"R$ 0,10000000",14/12/2023,22/12/2023,Rendimento,"1,08%"
SNCI11,"R$ 1,00000000",15/12/2023,22/12/2023,Rendimento,"1,00%"
SNEL11,"R$ 0,10333333",15/12/2023,22/12/2023,Rendimento,"0,08%"
SNFF11,"R$ 1,30000000",15/12/2023,22/12/2023,Rendimento,"1,49%"
XPML11,"R$ 0,90000000",15/12/2023,22/12/2023,Rendimento,"0,79%"
BROF11,"R$ 0,56000000",18/12/2023,26/12/2023,Rendimento,"0,98%"
CPSH11,"R$ 0,10000000",18/12/2023,26/12/2023,Rendimento,"0,09%"
BTAL11,"R$ 0,64000000",19/12/2023,27/12/2023,Rendimento,"0,87%"
BCIA11,"R$ 0,85000000",30/11/2023,28/12/2023,Rendimento,"0,85%"
ARRI11,"R$ 0,10000000",28/12/2023,08/01/2024,Rendimento,"1,10%"
GARE11,"R$ 0,08400000",28/12/2023,08/01/2024,Rendimento,"0,91%"
HSAF11,"R$ 0,75000000",28/12/2023,08/01/2024,Rendimento,"0,87%"
HSML11,"R$ 0,76000000",28/12/2023,08/01/2024,Rendimento,"0,79%"
HTMX11,"R$ 3,25426175",28/12/2023,08/01/2024,Rendimento,"1,64%"
LIFE11,"R$ 0,12500000",28/12/2023,08/01/2024,Rendimento,"1,23%"
LVBI11,"R$ 0,90000000",28/12/2023,08/01/2024,Rendimento,"0,76%"
PORD11,"R$ 0,10100000",28/12/2023,08/01/2024,Rendimento,"0,11%"
PVBI11,"R$ 0,70000000",28/12/2023,08/01/2024,Rendimento,"0,68%"
RZTR11,"R$ 1,10000000",28/12/2023,08/01/2024,Rendimento,"1,01%"
VGHF11,"R$ 0,10000000",28/12/2023,08/01/2024,Rendimento,"1,05%"
AIEC11,"R$ 1,33000000",02/01/2024,09/01/2024,Rendimento,"2,37%"
CACR11,"R$ 1,48000000",28/12/2023,09/01/2024,Rendimento,"1,44%"
GGRC11,"R$ 0,09000000",02/01/2024,09/01/2024,Rendimento,"0,08%"
PATL11,"R$ 0,60000000",28/12/2023,09/01/2024,Rendimento,"0,87%"
KNHF11,"R$ 1,00000000",28/12/2023,11/01/2024,Rendimento,"0,94%"
KNUQ11,"R$ 1,14000000",28/12/2023,11/01/2024,Rendimento,"1,11%"
HABT11,"R$ 0,98000000",28/12/2023,12/01/2024,Rendimento,"1,08%"
KCRE11,"R$ 0,08100000",28/12/2023,12/01/2024,Rendimento,"0,08%"
KNCR11,"R$ 1,01000000",28/12/2023,12/01/2024,Rendimento,"0,97%"
KNHY11,"R$ 1,05000000",28/12/2023,12/01/2024,Rendimento,"1,02%"
KNIP11,"R$ 0,75000000",28/12/2023,12/01/2024,Rendimento,"0,78%"
KNSC11,"R$ 0,07000000",28/12/2023,12/01/2024,Rendimento,"0,77%"
VCJR11,"R$ 0,90000000",28/12/2023,12/01/2024,Rendimento,"0,95%"
VILG11,"R$ 0,64000000",28/12/2023,12/01/2024,Rendimento,"0,65%"
VINO11,"R$ 0,05800000",28/12/2023,12/01/2024,Rendimento,"0,76%"
VISC11,"R$ 1,00000000",28/12/2023,12/01/2024,Rendimento,"0,81%"
BCRI11,"R$ 0,78000000",28/12/2023,15/01/2024,Rendimento,"1,04%"
BLMG11,"R$ 0,44000000",08/01/2024,15/01/2024,Rendimento,"1,05%"
BRCO11,"R$ 0,99000000",28/12/2023,15/01/2024,Rendimento,"0,80%"
BRCR11,"R$ 0,41000000",08/01/2024,15/01/2024,Rendimento,"0,67%"
BTCI11,"R$ 0,09400000",08/01/2024,15/01/2024,Rendimento,"0,94%"
CYCR11,"R$ 0,11000000",28/12/2023,15/01/2024,Rendimento,"1,12%"
DEVA11,"R$ 0,42000000",08/01/2024,15/01/2024,Rendimento,"0,98%"
FATN11,"R$ 0,85000000",05/01/2024,15/01/2024,Rendimento,"0,92%"
GTWR11,"R$ 0,79000000",28/12/2023,15/01/2024,Rendimento,"0,91%"
HCTR11,"R$ 0,35000000",08/01/2024,15/01/2024,Rendimento,"0,90%"
HFOF11,"R$ 0,06300000",28/12/2023,15/01/2024,Rendimento,"0,08%"
HGBS11,"R$ 0,20000000",28/12/2023,15/01/2024,Rendimento,"0,09%"
HGCR11,"R$ 1,00000000",28/12/2023,15/01/2024,Rendimento,"0,95%"
HGLG11,"R$ 1,10000000",28/12/2023,15/01/2024,Rendimento,"0,68%"
HGRE11,"R$ 1,20000000",28/12/2023,15/01/2024,Rendimento,"0,90%"
HGRU11,"R$ 2,30000000",28/12/2023,15/01/2024,Rendimento,"1,64%"
HSLG11,"R$ 0,74000000",28/12/2023,15/01/2024,Rendimento,"0,77%"
JSAF11,"R$ 0,10000000",28/12/2023,15/01/2024,Rendimento,"0,10%"
JSRE11,"R$ 0,46000000",28/12/2023,15/01/2024,Rendimento,"0,61%"
KFOF11,"R$ 1,03000000",28/12/2023,15/01/2024,Rendimento,"1,05%"
KISU11,"R$ 0,08000000",28/12/2023,15/01/2024,Rendimento,"0,92%"
KIVO11,"R$ 1,25000000",28/12/2023,15/01/2024,Rendimento,"1,38%"
KNRI11,"R$ 1,00000000",28/12/2023,15/01/2024,Rendimento,"0,60%"
KORE11,"R$ 0,69000000",28/12/2023,15/01/2024,Rendimento,"0,64%"
MFII11,"R$ 1,08000000",28/12/2023,15/01/2024,Rendimento,"1,14%"
MXRF11,"R$ 0,11000000",28/12/2023,15/01/2024,Rendimento,"1,04%"
OUJP11,"R$ 0,90000000",28/12/2023,15/01/2024,Rendimento,"0,91%"
PMLL11,"R$ 0,80000000",28/12/2023,15/01/2024,Rendimento,"0,67%"
RBFF11,"R$ 0,52000000",28/12/2023,15/01/2024,Rendimento,"0,85%"
RBRL11,"R$ 0,72000000",08/01/2024,15/01/2024,Rendimento,"0,80%"
RBRP11,"R$ 0,28000000",08/01/2024,15/01/2024,Rendimento,"0,50%"
RBVA11,"R$ 0,10000000",28/12/2023,15/01/2024,Rendimento,"0,09%"
RCRB11,"R$ 0,93000000",08/01/2024,15/01/2024,Rendimento,"0,58%"
RECR11,"R$ 0,75980000",08/01/2024,15/01/2024,Rendimento,"0,86%"
SPXS11,"R$ 0,09100000",08/01/2024,15/01/2024,Rendimento,"0,97%"
TEPP11,"R$ 0,09000000",28/12/2023,15/01/2024,Rendimento,"0,10%"
TGAR11,"R$ 1,32000000",28/12/2023,15/01/2024,Rendimento,"1,08%"
TRBL11,"R$ 0,72000000",28/12/2023,15/01/2024,Rendimento,"0,74%"
TRXF11,"R$ 1,70000000",28/12/2023,15/01/2024,Rendimento,"1,52%"
TVRI11,"R$ 0,91000000",28/12/2023,15/01/2024,Rendimento,"0,93%"
URPR11,"R$ 1,11000000",28/12/2023,15/01/2024,Rendimento,"1,27%"
VRTA11,"R$ 0,75000000",28/12/2023,15/01/2024,Rendimento,"0,84%"
VRTM11,"R$ 0,09000000",28/12/2023,15/01/2024,Rendimento,"0,83%"
WHGR11,"R$ 0,10000000",28/12/2023,15/01/2024,Rendimento,"1,02%"
XPCI11,"R$ 0,76000000",28/12/2023,15/01/2024,Rendimento,"0,87%"
XPLG11,"R$ 0,78000000",28/12/2023,15/01/2024,Rendimento,"0,72%"
XPSF11,"R$ 0,07500000",28/12/2023,15/01/2024,Rendimento,"0,90%"
CCME11,"R$ 0,09000000",09/01/2024,16/01/2024,Rendimento,"0,08%"
CLIN11,"R$ 1,01000000",09/01/2024,16/01/2024,Rendimento,"1,05%"
PCIP11,"R$ 0,85000000",09/01/2024,16/01/2024,Rendimento,"0,90%"
PSEC11,"R$ 0,75000000",09/01/2024,16/01/2024,Rendimento,"0,89%"
RBRR11,"R$ 0,68000000",10/01/2024,17/01/2024,Rendimento,"0,75%"
RBRY11,"R$ 1,00000000",10/01/2024,17/01/2024,Rendimento,"1,00%"
CPTS11,"R$ 0,06500000",11/01/2024,18/01/2024,Rendimento,"0,76%"
MCCI11,"R$ 0,90000000",11/01/2024,18/01/2024,Rendimento,"0,94%"
VGIP11,"R$ 0,76000000",11/01/2024,18/01/2024,Rendimento,"0,85%"
VGIR11,"R$ 0,11000000",11/01/2024,18/01/2024,Rendimento,"1,11%"
AFHI11,"R$ 1,00000000",15/01/2024,22/01/2024,Rendimento,"1,00%"
AJFI11,"R$ 0,07000000",08/01/2024,22/01/2024,Rendimento,"0,72%"
MANA11,"R$ 0,11000000",28/12/2023,22/01/2024,Rendimento,"1,16%"
PMIS11,"R$ 0,06440180",02/01/2024,22/01/2024,Rendimento,"0,00%"
RZAK11,"R$ 1,12000000",15/01/2024,22/01/2024,Rendimento,"1,26%"
RZAT11,"R$ 1,10000000",15/01/2024,22/01/2024,Rendimento,"1,14%"
MCRE11,"R$ 0,13000000",16/01/2024,23/01/2024,Rendimento,"1,07%"
RBRX11,"R$ 0,09000000",15/01/2024,23/01/2024,Rendimento,"0,98%"
BROF11,"R$ 0,57000000",17/01/2024,24/01/2024,Rendimento,"1,00%"
CPSH11,"R$ 0,11000000",17/01/2024,24/01/2024,Rendimento,"0,10%"
ALZR11,"R$ 0,07975550",18/01/2024,25/01/2024,Rendimento,"0,07%"
BPML11,"R$ 0,87000000",18/01/2024,25/01/2024,Rendimento,"0,91%"
BTAL11,"R$ 0,65000000",18/01/2024,25/01/2024,Rendimento,"0,85%"
BTLG11,"R$ 0,81000000",15/01/2024,25/01/2024,Rendimento,"0,78%"
SNCI11,"R$ 1,00000000",15/01/2024,25/01/2024,Rendimento,"1,00%"
SNEL11,"R$ 0,10333333",15/01/2024,25/01/2024,Rendimento,"0,08%"
SNFF11,"R$ 0,65000000",15/01/2024,25/01/2024,Rendimento,"0,73%"
XPML11,"R$ 0,92000000",18/01/2024,25/01/2024,Rendimento,"0,79%"
BCIA11,"R$ 0,85000000",28/12/2023,29/01/2024,Rendimento,"0,82%"
GZIT11,"R$ 0,63250955",24/01/2024,31/01/2024,Rendimento,"0,00%"
ARRI11,"R$ 0,10000000",31/01/2024,07/02/2024,Rendimento,"1,10%"
GARE11,"R$ 0,08400000",31/01/2024,07/02/2024,Rendimento,"0,92%"
HSAF11,"R$ 0,85000000",31/01/2024,07/02/2024,Rendimento,"0,95%"
HSML11,"R$ 0,76000000",31/01/2024,07/02/2024,Rendimento,"0,79%"
HTMX11,"R$ 0,86256093",31/01/2024,07/02/2024,Rendimento,"0,51%"
LIFE11,"R$ 0,12000000",31/01/2024,07/02/2024,Rendimento,"1,19%"
LVBI11,"R$ 1,05000000",31/01/2024,07/02/2024,Rendimento,"0,88%"
PORD11,"R$ 0,09900000",31/01/2024,07/02/2024,Rendimento,"0,11%"
PVBI11,"R$ 0,70000000",31/01/2024,07/02/2024,Rendimento,"0,68%"
RZTR11,"R$ 0,85000000",31/01/2024,07/02/2024,Rendimento,"0,82%"
VGHF11,"R$ 0,10000000",31/01/2024,07/02/2024,Rendimento,"1,05%"
AIEC11,"R$ 0,17000000",31/01/2024,08/02/2024,Rendimento,"0,31%"
CACR11,"R$ 1,35000000",31/01/2024,08/02/2024,Rendimento,"1,29%"
GGRC11,"R$ 0,09000000",01/02/2024,08/02/2024,Rendimento,"0,08%"
PATL11,"R$ 0,60000000",31/01/2024,08/02/2024,Rendimento,"0,88%"
HABT11,"R$ 1,00000000",31/01/2024,09/02/2024,Rendimento,"1,10%"
KNHF11,"R$ 0,85000000",31/01/2024,14/02/2024,Rendimento,"0,80%"
KNUQ11,"R$ 1,16000000",31/01/2024,14/02/2024,Rendimento,"1,11%"
BCRI11,"R$ 0,79000000",31/01/2024,15/02/2024,Rendimento,"1,05%"
KCRE11,"R$ 0,09000000",31/01/2024,15/02/2024,Rendimento,"0,09%"
KNCR11,"R$ 1,07000000",31/01/2024,15/02/2024,Rendimento,"1,03%"
KNHY11,"R$ 1,20000000",31/01/2024,15/02/2024,Rendimento,"1,14%"
KNIP11,"R$ 0,86000000",31/01/2024,15/02/2024,Rendimento,"0,89%"
KNSC11,"R$ 0,08000000",31/01/2024,15/02/2024,Rendimento,"0,88%"
RBFF11,"R$ 0,50000000",31/01/2024,15/02/2024,Rendimento,"0,81%"
RBVA11,"R$ 0,10000000",31/01/2024,15/02/2024,Rendimento,"0,09%"
RCRB11,"R$ 0,93000000",06/02/2024,15/02/2024,Rendimento,"0,56%"
TRBL11,"R$ 0,85000000",31/01/2024,15/02/2024,Rendimento,"0,85%"
VCJR11,"R$ 0,97000000",31/01/2024,15/02/2024,Rendimento,"1,02%"
VRTA11,"R$ 0,80000000",31/01/2024,15/02/2024,Rendimento,"0,91%"
VRTM11,"R$ 0,08000000",31/01/2024,15/02/2024,Rendimento,"0,74%"
BLMG11,"R$ 0,44000000",07/02/2024,16/02/2024,Rendimento,"1,12%"
BRCO11,"R$ 0,87000000",31/01/2024,16/02/2024,Rendimento,"0,70%"
BRCR11,"R$ 0,41000000",07/02/2024,16/02/2024,Rendimento,"0,69%"
BTCI11,"R$ 0,09200000",07/02/2024,16/02/2024,Rendimento,"0,89%"
CYCR11,"R$ 0,10000000",31/01/2024,16/02/2024,Rendimento,"1,01%"
DEVA11,"R$ 0,62000000",07/02/2024,16/02/2024,Rendimento,"1,42%"
FATN11,"R$ 0,85000000",06/02/2024,16/02/2024,Rendimento,"0,92%"
GTWR11,"R$ 0,79000000",31/01/2024,16/02/2024,Rendimento,"0,90%"
HFOF11,"R$ 0,06300000",31/01/2024,16/02/2024,Rendimento,"0,08%"
HGBS11,"R$ 0,17500000",31/01/2024,16/02/2024,Rendimento,"0,08%"
HGCR11,"R$ 0,95000000",31/01/2024,16/02/2024,Rendimento,"0,90%"
HGLG11,"R$ 1,10000000",31/01/2024,16/02/2024,Rendimento,"0,67%"
HGRE11,"R$ 0,78000000",31/01/2024,16/02/2024,Rendimento,"0,58%"
HGRU11,"R$ 0,85000000",31/01/2024,16/02/2024,Rendimento,"0,61%"
HSLG11,"R$ 0,74000000",31/01/2024,16/02/2024,Rendimento,"0,76%"
JSAF11,"R$ 0,10000000",31/01/2024,16/02/2024,Rendimento,"0,10%"
JSRE11,"R$ 0,46000000",31/01/2024,16/02/2024,Rendimento,"0,61%"
KFOF11,"R$ 0,80000000",31/01/2024,16/02/2024,Rendimento,"0,79%"
KISU11,"R$ 0,07500000",31/01/2024,16/02/2024,Rendimento,"0,88%"
KIVO11,"R$ 1,05000000",31/01/2024,16/02/2024,Rendimento,"1,11%"
KNRI11,"R$ 1,00000000",31/01/2024,16/02/2024,Rendimento,"0,61%"
KORE11,"R$ 1,25000000",31/01/2024,16/02/2024,Rendimento,"1,14%"
MFII11,"R$ 1,20000000",31/01/2024,16/02/2024,Rendimento,"1,14%"
MXRF11,"R$ 0,10000000",31/01/2024,16/02/2024,Rendimento,"0,93%"
OUJP11,"R$ 0,91000000",31/01/2024,16/02/2024,Rendimento,"0,90%"
PMIS11,"R$ 0,10000000",31/01/2024,16/02/2024,Rendimento,"0,00%"
PMLL11,"R$ 0,92000000",31/01/2024,16/02/2024,Rendimento,"0,78%"
RBRL11,"R$ 0,65000000",07/02/2024,16/02/2024,Rendimento,"0,74%"
RBRP11,"R$ 0,33000000",07/02/2024,16/02/2024,Rendimento,"0,58%"
RBRR11,"R$ 0,80000000",07/02/2024,16/02/2024,Rendimento,"0,88%"
RECR11,"R$ 0,81000000",07/02/2024,16/02/2024,Rendimento,"0,95%"
SPXS11,"R$ 0,09300000",07/02/2024,16/02/2024,Rendimento,"0,98%"
TEPP11,"R$ 0,06400000",31/01/2024,16/02/2024,Rendimento,"0,07%"
TGAR11,"R$ 1,32000000",31/01/2024,16/02/2024,Rendimento,"1,07%"
TRXF11,"R$ 0,90000000",31/01/2024,16/02/2024,Rendimento,"0,81%"
TVRI11,"R$ 0,97000000",31/01/2024,16/02/2024,Rendimento,"0,93%"
URPR11,"R$ 1,10000000",31/01/2024,16/02/2024,Rendimento,"1,21%"
VILG11,"R$ 0,60000000",31/01/2024,16/02/2024,Rendimento,"0,65%"
VINO11,"R$ 0,05500000",31/01/2024,16/02/2024,Rendimento,"0,72%"
VISC11,"R$ 1,00000000",31/01/2024,16/02/2024,Rendimento,"0,83%"
WHGR11,"R$ 0,10000000",31/01/2024,16/02/2024,Rendimento,"1,01%"
XPCI11,"R$ 0,90000000",31/01/2024,16/02/2024,Rendimento,"1,01%"
XPLG11,"R$ 0,78000000",31/01/2024,16/02/2024,Rendimento,"0,71%"
XPSF11,"R$ 0,07500000",31/01/2024,16/02/2024,Rendimento,"0,88%"
CCME11,"R$ 0,09000000",08/02/2024,19/02/2024,Rendimento,"0,08%"
CLIN11,"R$ 1,01000000",08/02/2024,19/02/2024,Rendimento,"1,08%"
PCIP11,"R$ 1,05000000",08/02/2024,19/02/2024,Rendimento,"1,12%"
PSEC11,"R$ 0,75000000",08/02/2024,19/02/2024,Rendimento,"0,90%"
HCTR11,"R$ 0,34000000",09/02/2024,20/02/2024,Rendimento,"0,92%"
RBRY11,"R$ 1,05000000",09/02/2024,20/02/2024,Rendimento,"1,04%"
CPTS11,"R$ 0,07000000",14/02/2024,21/02/2024,Rendimento,"0,82%"
MCCI11,"R$ 0,80000000",14/02/2024,21/02/2024,Rendimento,"0,84%"
VGIP11,"R$ 0,80000000",14/02/2024,21/02/2024,Rendimento,"0,86%"
VGIR11,"R$ 0,11000000",14/02/2024,21/02/2024,Rendimento,"1,13%"
AFHI11,"R$ 0,95000000",16/02/2024,23/02/2024,Rendimento,"0,96%"
AJFI11,"R$ 0,08200000",07/02/2024,23/02/2024,Rendimento,"0,83%"
ALZR11,"R$ 0,07975550",16/02/2024,23/02/2024,Rendimento,"0,07%"
BPML11,"R$ 0,91000000",16/02/2024,23/02/2024,Rendimento,"0,98%"
BTLG11,"R$ 0,78000000",15/02/2024,23/02/2024,Rendimento,"0,76%"
MANA11,"R$ 0,10000000",31/01/2024,23/02/2024,Rendimento,"1,05%"
RZAK11,"R$ 1,15000000",16/02/2024,23/02/2024,Rendimento,"1,28%"
RZAT11,"R$ 1,12000000",16/02/2024,23/02/2024,Rendimento,"1,16%"
SNCI11,"R$ 0,90000000",15/02/2024,23/02/2024,Rendimento,"0,90%"
SNEL11,"R$ 0,10333333",15/02/2024,23/02/2024,Rendimento,"0,08%"
SNFF11,"R$ 0,69000000",15/02/2024,23/02/2024,Rendimento,"0,80%"
XPML11,"R$ 0,90000000",16/02/2024,23/02/2024,Rendimento,"0,76%"
MCRE11,"R$ 0,11000000",19/02/2024,26/02/2024,Rendimento,"0,88%"
RBRX11,"R$ 0,09000000",16/02/2024,26/02/2024,Rendimento,"0,96%"
BROF11,"R$ 0,54000000",20/02/2024,27/02/2024,Rendimento,"0,92%"
CPSH11,"R$ 0,10000000",20/02/2024,27/02/2024,Rendimento,"0,09%"
BTAL11,"R$ 0,65000000",21/02/2024,28/02/2024,Rendimento,"0,89%"
BCIA11,"R$ 0,85000000",31/01/2024,29/02/2024,Rendimento,"0,78%"
GZIT11,"R$ 0,78000000",22/02/2024,29/02/2024,Rendimento,"1,08%"
ARRI11,"R$ 0,10000000",29/02/2024,07/03/2024,Rendimento,"1,08%"
GARE11,"R$ 0,08600000",29/02/2024,07/03/2024,Rendimento,"0,94%"
HSAF11,"R$ 0,90000000",29/02/2024,07/03/2024,Rendimento,"1,02%"
HSML11,"R$ 0,80000000",29/02/2024,07/03/2024,Rendimento,"0,83%"
HTMX11,"R$ 2,60000000",29/02/2024,07/03/2024,Rendimento,"1,68%"
LIFE11,"R$ 0,12000000",29/02/2024,07/03/2024,Rendimento,"1,20%"
LVBI11,"R$ 0,90000000",29/02/2024,07/03/2024,Rendimento,"0,76%"
PORD11,"R$ 0,09300000",29/02/2024,07/03/2024,Rendimento,"0,10%"
PVBI11,"R$ 0,65000000",29/02/2024,07/03/2024,Rendimento,"0,63%"
RZTR11,"R$ 0,85000000",29/02/2024,07/03/2024,Rendimento,"0,87%"
VGHF11,"R$ 0,10000000",29/02/2024,07/03/2024,Rendimento,"1,07%"
AIEC11,"R$ 0,71000000",29/02/2024,08/03/2024,Rendimento,"1,42%"
CACR11,"R$ 1,35000000",29/02/2024,08/03/2024,Rendimento,"1,31%"
GGRC11,"R$ 0,09000000",01/03/2024,08/03/2024,Rendimento,"0,08%"
PATL11,"R$ 0,60000000",29/02/2024,08/03/2024,Rendimento,"0,86%"
HABT11,"R$ 1,05000000",29/02/2024,12/03/2024,Rendimento,"1,14%"
ICRI11,"R$ 0,63000000",29/02/2024,12/03/2024,Rendimento,"0,68%"
KNHF11,"R$ 0,86000000",29/02/2024,12/03/2024,Rendimento,"0,83%"
KNUQ11,"R$ 1,06000000",29/02/2024,12/03/2024,Rendimento,"1,01%"
KCRE11,"R$ 0,09000000",29/02/2024,13/03/2024,Rendimento,"0,09%"
KNCR11,"R$ 0,95000000",29/02/2024,13/03/2024,Rendimento,"0,91%"
KNHY11,"R$ 1,15000000",29/02/2024,13/03/2024,Rendimento,"1,08%"
KNIP11,"R$ 0,95000000",29/02/2024,13/03/2024,Rendimento,"0,97%"
KNSC11,"R$ 0,08000000",29/02/2024,13/03/2024,Rendimento,"0,87%"
MCRE11,"R$ 0,11000000",06/03/2024,13/03/2024,Rendimento,"0,98%"
VCJR11,"R$ 1,00000000",29/02/2024,13/03/2024,Rendimento,"1,05%"
BLMG11,"R$ 0,44000000",07/03/2024,14/03/2024,Rendimento,"1,11%"
BRCO11,"R$ 0,87000000",29/02/2024,14/03/2024,Rendimento,"0,71%"
BRCR11,"R$ 0,41000000",07/03/2024,14/03/2024,Rendimento,"0,68%"
BTCI11,"R$ 0,09200000",07/03/2024,14/03/2024,Rendimento,"0,90%"
CYCR11,"R$ 0,10000000",29/02/2024,14/03/2024,Rendimento,"1,04%"
DEVA11,"R$ 0,60000000",07/03/2024,14/03/2024,Rendimento,"1,44%"
FATN11,"R$ 0,85000000",06/03/2024,14/03/2024,Rendimento,"0,89%"
GTWR11,"R$ 0,79000000",29/02/2024,14/03/2024,Rendimento,"0,92%"
HCTR11,"R$ 0,38800000",07/03/2024,14/03/2024,Rendimento,"1,26%"
HFOF11,"R$ 0,06300000",29/02/2024,14/03/2024,Rendimento,"0,08%"
HGBS11,"R$ 0,17500000",29/02/2024,14/03/2024,Rendimento,"0,08%"
HGCR11,"R$ 0,95000000",29/02/2024,14/03/2024,Rendimento,"0,89%"
HGLG11,"R$ 1,10000000",29/02/2024,14/03/2024,Rendimento,"0,65%"
HGRE11,"R$ 0,78000000",29/02/2024,14/03/2024,Rendimento,"0,60%"
HGRU11,"R$ 0,85000000",29/02/2024,14/03/2024,Rendimento,"0,62%"
HSLG11,"R$ 0,74000000",29/02/2024,14/03/2024,Rendimento,"0,77%"
JSAF11,"R$ 0,10000000",29/02/2024,14/03/2024,Rendimento,"0,10%"
JSRE11,"R$ 0,46000000",29/02/2024,14/03/2024,Rendimento,"0,61%"
KFOF11,"R$ 0,80000000",29/02/2024,14/03/2024,Rendimento,"0,79%"
KISU11,"R$ 0,07500000",29/02/2024,14/03/2024,Rendimento,"0,89%"
KIVO11,"R$ 1,05000000",29/02/2024,14/03/2024,Rendimento,"1,14%"
KNRI11,"R$ 1,00000000",29/02/2024,14/03/2024,Rendimento,"0,60%"
KORE11,"R$ 1,25000000",29/02/2024,14/03/2024,Rendimento,"1,13%"
MFII11,"R$ 1,21000000",29/02/2024,14/03/2024,Rendimento,"1,15%"
MXRF11,"R$ 0,10000000",29/02/2024,14/03/2024,Rendimento,"0,97%"
OUJP11,"R$ 0,91000000",29/02/2024,14/03/2024,Rendimento,"0,96%"
PMIS11,"R$ 0,10000000",29/02/2024,14/03/2024,Rendimento,"1,09%"
PMLL11,"R$ 0,92000000",29/02/2024,14/03/2024,Rendimento,"0,77%"
RBRL11,"R$ 0,65000000",07/03/2024,14/03/2024,Rendimento,"0,77%"
RBRP11,"R$ 0,35000000",07/03/2024,14/03/2024,Rendimento,"0,58%"
RECR11,"R$ 0,88000000",07/03/2024,14/03/2024,Rendimento,"1,01%"
SPXS11,"R$ 0,09400000",07/03/2024,14/03/2024,Rendimento,"0,99%"
TEPP11,"R$ 0,06400000",29/02/2024,14/03/2024,Rendimento,"0,07%"
TGAR11,"R$ 1,33000000",29/02/2024,14/03/2024,Rendimento,"1,06%"
TRBL11,"R$ 0,85000000",29/02/2024,14/03/2024,Rendimento,"0,85%"
TRXF11,"R$ 0,90000000",29/02/2024,14/03/2024,Rendimento,"0,79%"
TVRI11,"R$ 0,97000000",29/02/2024,14/03/2024,Rendimento,"0,94%"
URPR11,"R$ 1,13000000",29/02/2024,14/03/2024,Rendimento,"1,25%"
VILG11,"R$ 0,56000000",29/02/2024,14/03/2024,Rendimento,"0,61%"
VINO11,"R$ 0,05500000",29/02/2024,14/03/2024,Rendimento,"0,74%"
VISC11,"R$ 1,00000000",29/02/2024,14/03/2024,Rendimento,"0,83%"
WHGR11,"R$ 0,10000000",29/02/2024,14/03/2024,Rendimento,"1,03%"
XPCI11,"R$ 0,90000000",29/02/2024,14/03/2024,Rendimento,"1,01%"
XPLG11,"R$ 0,78000000",29/02/2024,14/03/2024,Rendimento,"0,70%"
XPSF11,"R$ 0,07500000",29/02/2024,14/03/2024,Rendimento,"0,89%"
BCRI11,"R$ 0,72000000",29/02/2024,15/03/2024,Rendimento,"0,96%"
CCME11,"R$ 0,09000000",08/03/2024,15/03/2024,Rendimento,"0,82%"
CLIN11,"R$ 1,00000000",08/03/2024,15/03/2024,Rendimento,"1,04%"
PCIP11,"R$ 0,95000000",08/03/2024,15/03/2024,Rendimento,"0,99%"
PSEC11,"R$ 0,75000000",08/03/2024,15/03/2024,Rendimento,"0,87%"
RBFF11,"R$ 0,50000000",29/02/2024,15/03/2024,Rendimento,"0,81%"
RBVA11,"R$ 0,10000000",29/02/2024,15/03/2024,Rendimento,"0,09%"
RCRB11,"R$ 0,93000000",07/03/2024,15/03/2024,Rendimento,"0,59%"
VRTA11,"R$ 0,85000000",29/02/2024,15/03/2024,Rendimento,"0,96%"
VRTM11,"R$ 0,08000000",29/02/2024,15/03/2024,Rendimento,"0,73%"
RBRR11,"R$ 0,84000000",11/03/2024,18/03/2024,Rendimento,"0,92%"
RBRY11,"R$ 1,01000000",11/03/2024,18/03/2024,Rendimento,"1,01%"
CPTS11,"R$ 0,07600000",12/03/2024,19/03/2024,Rendimento,"0,90%"
MCCI11,"R$ 0,80000000",12/03/2024,19/03/2024,Rendimento,"0,85%"
VGIP11,"R$ 0,83000000",12/03/2024,19/03/2024,Rendimento,"0,89%"
VGIR11,"R$ 0,11000000",12/03/2024,19/03/2024,Rendimento,"1,12%"
AFHI11,"R$ 0,95000000",14/03/2024,21/03/2024,Rendimento,"0,97%"
AJFI11,"R$ 0,08000000",07/03/2024,21/03/2024,Rendimento,"0,82%"
MANA11,"R$ 0,10000000",29/02/2024,21/03/2024,Rendimento,"1,05%"
RZAK11,"R$ 1,16000000",14/03/2024,21/03/2024,Rendimento,"1,29%"
RZAT11,"R$ 1,08000000",14/03/2024,21/03/2024,Rendimento,"1,10%"
RBRX11,"R$ 0,10000000",14/03/2024,22/03/2024,Rendimento,"1,03%"
ALZR11,"R$ 0,07975550",18/03/2024,25/03/2024,Rendimento,"0,07%"
BPML11,"R$ 1,02000000",18/03/2024,25/03/2024,Rendimento,"1,10%"
BROF11,"R$ 0,54000000",18/03/2024,25/03/2024,Rendimento,"0,93%"
BTLG11,"R$ 0,76000000",15/03/2024,25/03/2024,Rendimento,"0,73%"
CPSH11,"R$ 0,10000000",18/03/2024,25/03/2024,Rendimento,"0,09%"
SNCI11,"R$ 0,87000000",15/03/2024,25/03/2024,Rendimento,"0,87%"
SNEL11,"R$ 0,10333333",15/03/2024,25/03/2024,Rendimento,"0,07%"
SNFF11,"R$ 0,72000000",15/03/2024,25/03/2024,Rendimento,"0,84%"
XPML11,"R$ 0,90000000",18/03/2024,25/03/2024,Rendimento,"0,76%"
BTAL11,"R$ 0,65000000",19/03/2024,26/03/2024,Rendimento,"0,90%"
BCIA11,"R$ 0,87000000",29/02/2024,28/03/2024,Rendimento,"0,80%"
GZIT11,"R$ 0,78000000",21/03/2024,28/03/2024,Rendimento,"1,17%"
ARRI11,"R$ 0,10000000",28/03/2024,05/04/2024,Rendimento,"1,08%"
GARE11,"R$ 0,08700000",28/03/2024,05/04/2024,Rendimento,"0,95%"
HSAF11,"R$ 1,00000000",28/03/2024,05/04/2024,Rendimento,"1,11%"
HSML11,"R$ 0,80000000",28/03/2024,05/04/2024,Rendimento,"0,82%"
HTMX11,"R$ 1,66171075",28/03/2024,05/04/2024,Rendimento,"0,92%"
LIFE11,"R$ 0,12000000",28/03/2024,05/04/2024,Rendimento,"1,20%"
LVBI11,"R$ 0,90000000",28/03/2024,05/04/2024,Rendimento,"0,75%"
PORD11,"R$ 0,09300000",28/03/2024,05/04/2024,Rendimento,"0,10%"
PVBI11,"R$ 0,65000000",28/03/2024,05/04/2024,Rendimento,"0,64%"
RZTR11,"R$ 0,90000000",28/03/2024,05/04/2024,Rendimento,"0,94%"
VGHF11,"R$ 0,08000000",28/03/2024,05/04/2024,Rendimento,"0,84%"
VGRI11,"R$ 0,12000000",28/03/2024,05/04/2024,Rendimento,"0,00%"
AIEC11,"R$ 0,71000000",28/03/2024,08/04/2024,Rendimento,"1,35%"
CACR11,"R$ 1,37000000",28/03/2024,08/04/2024,Rendimento,"1,31%"
GGRC11,"R$ 0,09000000",01/04/2024,08/04/2024,Rendimento,"0,77%"
PATL11,"R$ 0,60000000",28/03/2024,08/04/2024,Rendimento,"0,87%"
ICRI11,"R$ 0,92000000",28/03/2024,10/04/2024,Rendimento,"0,98%"
KNHF11,"R$ 0,90000000",28/03/2024,10/04/2024,Rendimento,"0,88%"
KNUQ11,"R$ 1,14000000",28/03/2024,10/04/2024,Rendimento,"1,10%"
KCRE11,"R$ 0,10000000",28/03/2024,11/04/2024,Rendimento,"0,10%"
KNCR11,"R$ 0,95000000",28/03/2024,11/04/2024,Rendimento,"0,92%"
KNHY11,"R$ 1,24000000",28/03/2024,11/04/2024,Rendimento,"1,16%"
KNIP11,"R$ 1,05000000",28/03/2024,11/04/2024,Rendimento,"1,07%"
KNSC11,"R$ 0,09000000",28/03/2024,11/04/2024,Rendimento,"0,97%"
VCJR11,"R$ 1,03000000",28/03/2024,11/04/2024,Rendimento,"1,08%"
BLMG11,"R$ 0,44000000",05/04/2024,12/04/2024,Rendimento,"1,11%"
BRCO11,"R$ 0,87000000",28/03/2024,12/04/2024,Rendimento,"0,71%"
BRCR11,"R$ 0,50000000",05/04/2024,12/04/2024,Rendimento,"0,88%"
BTCI11,"R$ 0,09200000",05/04/2024,12/04/2024,Rendimento,"0,89%"
CYCR11,"R$ 0,11000000",28/03/2024,12/04/2024,Rendimento,"1,15%"
DEVA11,"R$ 0,68000000",05/04/2024,12/04/2024,Rendimento,"1,47%"
FATN11,"R$ 0,85000000",04/04/2024,12/04/2024,Rendimento,"0,88%"
GTWR11,"R$ 0,79000000",28/03/2024,12/04/2024,Rendimento,"0,94%"
HABT11,"R$ 1,10000000",28/03/2024,12/04/2024,Rendimento,"1,17%"
HCTR11,"R$ 0,32000000",05/04/2024,12/04/2024,Rendimento,"0,92%"
HFOF11,"R$ 0,06300000",28/03/2024,12/04/2024,Rendimento,"0,08%"
HGBS11,"R$ 0,17500000",28/03/2024,12/04/2024,Rendimento,"0,08%"
HGCR11,"R$ 0,95000000",28/03/2024,12/04/2024,Rendimento,"0,89%"
HGLG11,"R$ 1,10000000",28/03/2024,12/04/2024,Rendimento,"0,65%"
HGRE11,"R$ 0,78000000",28/03/2024,12/04/2024,Rendimento,"0,60%"
HGRU11,"R$ 0,85000000",28/03/2024,12/04/2024,Rendimento,"0,62%"
HSLG11,"R$ 0,74000000",28/03/2024,12/04/2024,Rendimento,"0,75%"
JSAF11,"R$ 0,10000000",28/03/2024,12/04/2024,Rendimento,"0,10%"
JSRE11,"R$ 0,48000000",28/03/2024,12/04/2024,Rendimento,"0,65%"
KFOF11,"R$ 0,80000000",28/03/2024,12/04/2024,Rendimento,"0,80%"
KISU11,"R$ 0,07500000",28/03/2024,12/04/2024,Rendimento,"0,89%"
KIVO11,"R$ 1,05000000",28/03/2024,12/04/2024,Rendimento,"1,16%"
KNRI11,"R$ 1,00000000",28/03/2024,12/04/2024,Rendimento,"0,60%"
KORE11,"R$ 1,25000000",28/03/2024,12/04/2024,Rendimento,"1,13%"
MFII11,"R$ 1,21000000",28/03/2024,12/04/2024,Rendimento,"1,15%"
MXRF11,"R$ 0,10000000",28/03/2024,12/04/2024,Rendimento,"0,95%"
OUJP11,"R$ 0,91000000",28/03/2024,12/04/2024,Rendimento,"0,94%"
PMIS11,"R$ 0,10000000",28/03/2024,12/04/2024,Rendimento,"1,11%"
PMLL11,"R$ 0,92000000",28/03/2024,12/04/2024,Rendimento,"0,77%"
RBRL11,"R$ 0,65000000",05/04/2024,12/04/2024,Rendimento,"0,77%"
RBRP11,"R$ 0,35000000",05/04/2024,12/04/2024,Rendimento,"0,58%"
RECR11,"R$ 0,94000000",05/04/2024,12/04/2024,Rendimento,"1,05%"
SPXS11,"R$ 0,09500000",05/04/2024,12/04/2024,Rendimento,"1,00%"
TEPP11,"R$ 0,10000000",28/03/2024,12/04/2024,Rendimento,"0,10%"
TGAR11,"R$ 1,33000000",28/03/2024,12/04/2024,Rendimento,"1,04%"
TRBL11,"R$ 0,85000000",28/03/2024,12/04/2024,Rendimento,"0,85%"
TRXF11,"R$ 0,90000000",28/03/2024,12/04/2024,Rendimento,"0,80%"
TVRI11,"R$ 0,97000000",28/03/2024,12/04/2024,Rendimento,"0,91%"
URPR11,"R$ 1,05000000",28/03/2024,12/04/2024,Rendimento,"1,17%"
VILG11,"R$ 0,58000000",28/03/2024,12/04/2024,Rendimento,"0,62%"
VINO11,"R$ 0,05500000",28/03/2024,12/04/2024,Rendimento,"0,71%"
VISC11,"R$ 1,00000000",28/03/2024,12/04/2024,Rendimento,"0,82%"
WHGR11,"R$ 0,10000000",28/03/2024,12/04/2024,Rendimento,"1,00%"
XPCI11,"R$ 0,90000000",28/03/2024,12/04/2024,Rendimento,"0,99%"
XPLG11,"R$ 0,78000000",28/03/2024,12/04/2024,Rendimento,"0,71%"
XPSF11,"R$ 0,07500000",28/03/2024,12/04/2024,Rendimento,"0,89%"
BCRI11,"R$ 0,72000000",28/03/2024,15/04/2024,Rendimento,"0,97%"
CCME11,"R$ 0,09000000",08/04/2024,15/04/2024,Rendimento,"0,82%"
CLIN11,"R$ 1,02000000",08/04/2024,15/04/2024,Rendimento,"1,04%"
PCIP11,"R$ 1,08000000",08/04/2024,15/04/2024,Rendimento,"1,11%"
PSEC11,"R$ 0,75000000",08/04/2024,15/04/2024,Rendimento,"0,94%"
RBFF11,"R$ 0,50000000",28/03/2024,15/04/2024,Rendimento,"0,79%"
RBVA11,"R$ 0,10000000",28/03/2024,15/04/2024,Rendimento,"0,09%"
RCRB11,"R$ 0,93000000",05/04/2024,15/04/2024,Rendimento,"0,58%"
VRTA11,"R$ 0,90000000",28/03/2024,15/04/2024,Rendimento,"1,00%"
VRTM11,"R$ 0,08000000",28/03/2024,15/04/2024,Rendimento,"0,73%"
RBRR11,"R$ 0,85000000",09/04/2024,16/04/2024,Rendimento,"0,91%"
RBRY11,"R$ 1,00000000",09/04/2024,16/04/2024,Rendimento,"1,00%"
CPTS11,"R$ 0,07900000",10/04/2024,17/04/2024,Rendimento,"0,91%"
MCCI11,"R$ 0,80000000",10/04/2024,17/04/2024,Rendimento,"0,86%"
VGIP11,"R$ 0,88000000",10/04/2024,17/04/2024,Rendimento,"0,94%"
VGIR11,"R$ 0,10000000",10/04/2024,17/04/2024,Rendimento,"1,01%"
AFHI11,"R$ 0,95000000",12/04/2024,19/04/2024,Rendimento,"0,96%"
AJFI11,"R$ 0,07150000",05/04/2024,19/04/2024,Rendimento,"0,73%"
MANA11,"R$ 0,11000000",28/03/2024,19/04/2024,Rendimento,"1,15%"
RZAK11,"R$ 1,11000000",12/04/2024,19/04/2024,Rendimento,"1,25%"
RZAT11,"R$ 1,10000000",12/04/2024,19/04/2024,Rendimento,"1,08%"
MCRE11,"R$ 0,11000000",15/04/2024,22/04/2024,Rendimento,"1,09%"
RBRX11,"R$ 0,10000000",12/04/2024,22/04/2024,Rendimento,"1,03%"
BROF11,"R$ 0,54000000",16/04/2024,23/04/2024,Rendimento,"0,91%"
CPSH11,"R$ 0,10000000",16/04/2024,23/04/2024,Rendimento,"0,93%"
BTAL11,"R$ 0,65000000",17/04/2024,24/04/2024,Rendimento,"0,93%"
ALZR11,"R$ 0,07709790",18/04/2024,25/04/2024,Rendimento,"0,07%"
BPML11,"R$ 1,02000000",18/04/2024,25/04/2024,Rendimento,"1,02%"
BTLG11,"R$ 0,76000000",15/04/2024,25/04/2024,Rendimento,"0,72%"
SNCI11,"R$ 0,93000000",15/04/2024,25/04/2024,Rendimento,"0,95%"
SNEL11,"R$ 0,10333333",15/04/2024,25/04/2024,Rendimento,"0,08%"
SNFF11,"R$ 1,00000000",15/04/2024,25/04/2024,Rendimento,"1,08%"
XPML11,"R$ 0,91000000",18/04/2024,25/04/2024,Rendimento,"0,78%"
BCIA11,"R$ 0,87000000",28/03/2024,26/04/2024,Rendimento,"0,82%"
GZIT11,"R$ 0,78000000",23/04/2024,30/04/2024,Rendimento,"1,18%"
ARRI11,"R$ 0,10000000",30/04/2024,08/05/2024,Rendimento,"1,09%"
GARE11,"R$ 0,08700000",30/04/2024,08/05/2024,Rendimento,"0,96%"
HSAF11,"R$ 1,05000000",30/04/2024,08/05/2024,Rendimento,"1,24%"
HSML11,"R$ 0,80000000",30/04/2024,08/05/2024,Rendimento,"0,83%"
HTMX11,"R$ 2,18651887",30/04/2024,08/05/2024,Rendimento,"1,24%"
LIFE11,"R$ 0,12000000",30/04/2024,08/05/2024,Rendimento,"1,18%"
LVBI11,"R$ 0,90000000",30/04/2024,08/05/2024,Rendimento,"0,78%"
PORD11,"R$ 0,09400000",30/04/2024,08/05/2024,Rendimento,"1,01%"
PVBI11,"R$ 0,65000000",30/04/2024,08/05/2024,Rendimento,"0,65%"
RZTR11,"R$ 0,90000000",30/04/2024,08/05/2024,Rendimento,"0,95%"
VGHF11,"R$ 0,09000000",30/04/2024,08/05/2024,Rendimento,"1,01%"
VGRI11,"R$ 0,15000000",30/04/2024,08/05/2024,Rendimento,"1,60%"
AIEC11,"R$ 0,71000000",30/04/2024,09/05/2024,Rendimento,"1,34%"
CACR11,"R$ 1,39000000",30/04/2024,09/05/2024,Rendimento,"1,30%"
GGRC11,"R$ 0,09000000",02/05/2024,09/05/2024,Rendimento,"0,80%"
PATL11,"R$ 0,60000000",30/04/2024,09/05/2024,Rendimento,"0,96%"
HABT11,"R$ 1,13000000",30/04/2024,12/05/2024,Rendimento,"1,23%"
ICRI11,"R$ 0,99000000",30/04/2024,13/05/2024,Rendimento,"1,03%"
ITRI11,"R$ 0,54000000",30/04/2024,13/05/2024,Rendimento,"0,53%"
KNHF11,"R$ 0,90000000",30/04/2024,13/05/2024,Rendimento,"0,89%"
KNUQ11,"R$ 1,15000000",30/04/2024,13/05/2024,Rendimento,"1,10%"
KCRE11,"R$ 0,11600000",30/04/2024,14/05/2024,Rendimento,"0,12%"
KNCR11,"R$ 1,00000000",30/04/2024,14/05/2024,Rendimento,"0,95%"
KNHY11,"R$ 1,16000000",30/04/2024,14/05/2024,Rendimento,"1,09%"
KNIP11,"R$ 1,05000000",30/04/2024,14/05/2024,Rendimento,"1,08%"
KNSC11,"R$ 0,09000000",30/04/2024,14/05/2024,Rendimento,"0,98%"
VCJR11,"R$ 1,20000000",30/04/2024,14/05/2024,Rendimento,"1,28%"
BCRI11,"R$ 0,80000000",30/04/2024,15/05/2024,Rendimento,"1,14%"
BLMG11,"R$ 0,45000000",08/05/2024,15/05/2024,Rendimento,"1,15%"
BRCO11,"R$ 0,87000000",30/04/2024,15/05/2024,Rendimento,"0,73%"
BRCR11,"R$ 0,50000000",08/05/2024,15/05/2024,Rendimento,"0,89%"
BTCI11,"R$ 0,09200000",08/05/2024,15/05/2024,Rendimento,"0,90%"
CYCR11,"R$ 0,11000000",30/04/2024,15/05/2024,Rendimento,"1,15%"
DEVA11,"R$ 0,65000000",08/05/2024,15/05/2024,Rendimento,"1,34%"
FATN11,"R$ 0,85000000",07/05/2024,15/05/2024,Rendimento,"0,90%"
GTWR11,"R$ 0,79000000",30/04/2024,15/05/2024,Rendimento,"0,94%"
HCTR11,"R$ 0,38000000",08/05/2024,15/05/2024,Rendimento,"1,19%"
HFOF11,"R$ 0,06300000",30/04/2024,15/05/2024,Rendimento,"0,08%"
HGBS11,"R$ 0,17500000",30/04/2024,15/05/2024,Rendimento,"0,08%"
HGCR11,"R$ 0,95000000",30/04/2024,15/05/2024,Rendimento,"0,91%"
HGLG11,"R$ 1,10000000",30/04/2024,15/05/2024,Rendimento,"0,66%"
HGRE11,"R$ 0,78000000",30/04/2024,15/05/2024,Rendimento,"0,63%"
HGRU11,"R$ 0,85000000",30/04/2024,15/05/2024,Rendimento,"0,63%"
HSLG11,"R$ 0,74000000",30/04/2024,15/05/2024,Rendimento,"0,82%"
JSAF11,"R$ 0,10000000",30/04/2024,15/05/2024,Rendimento,"0,10%"
JSRE11,"R$ 0,48000000",30/04/2024,15/05/2024,Rendimento,"0,69%"
KFOF11,"R$ 0,80000000",30/04/2024,15/05/2024,Rendimento,"0,83%"
KISU11,"R$ 0,07500000",30/04/2024,15/05/2024,Rendimento,"0,89%"
KIVO11,"R$ 1,05000000",30/04/2024,15/05/2024,Rendimento,"1,16%"
KNRI11,"R$ 1,00000000",30/04/2024,15/05/2024,Rendimento,"0,61%"
KORE11,"R$ 1,25000000",30/04/2024,15/05/2024,Rendimento,"1,14%"
MFII11,"R$ 1,21000000",30/04/2024,15/05/2024,Rendimento,"1,16%"
MXRF11,"R$ 0,10000000",30/04/2024,15/05/2024,Rendimento,"0,96%"
OUJP11,"R$ 0,91000000",30/04/2024,15/05/2024,Rendimento,"0,98%"
PMIS11,"R$ 0,10000000",30/04/2024,15/05/2024,Rendimento,"1,12%"
PMLL11,"R$ 0,90000000",30/04/2024,15/05/2024,Rendimento,"0,79%"
RBFF11,"R$ 0,51000000",30/04/2024,15/05/2024,Rendimento,"0,83%"
RBRL11,"R$ 0,65000000",08/05/2024,15/05/2024,Rendimento,"0,81%"
RBRP11,"R$ 0,66000000",08/05/2024,15/05/2024,Rendimento,"1,04%"
RBVA11,"R$ 0,10000000",30/04/2024,15/05/2024,Rendimento,"0,09%"
RCRB11,"R$ 0,93000000",07/05/2024,15/05/2024,Rendimento,"0,58%"
RECR11,"R$ 1,29000000",08/05/2024,15/05/2024,Rendimento,"1,45%"
SPXS11,"R$ 0,09600000",08/05/2024,15/05/2024,Rendimento,"0,99%"
TEPP11,"R$ 0,10500000",30/04/2024,15/05/2024,Rendimento,"0,11%"
TGAR11,"R$ 1,34000000",30/04/2024,15/05/2024,Rendimento,"1,06%"
TRBL11,"R$ 0,85000000",30/04/2024,15/05/2024,Rendimento,"0,84%"
TRXF11,"R$ 0,90000000",30/04/2024,15/05/2024,Rendimento,"0,81%"
TVRI11,"R$ 0,97000000",30/04/2024,15/05/2024,Rendimento,"0,94%"
URPR11,"R$ 1,10000000",30/04/2024,15/05/2024,Rendimento,"1,27%"
VILG11,"R$ 0,60000000",30/04/2024,15/05/2024,Rendimento,"0,65%"
VINO11,"R$ 0,07000000",30/04/2024,15/05/2024,Rendimento,"0,90%"
VISC11,"R$ 1,00000000",30/04/2024,15/05/2024,Rendimento,"0,83%"
VRTA11,"R$ 0,90000000",30/04/2024,15/05/2024,Rendimento,"1,01%"
VRTM11,"R$ 0,10000000",30/04/2024,15/05/2024,Rendimento,"1,01%"
WHGR11,"R$ 0,10000000",30/04/2024,15/05/2024,Rendimento,"1,01%"
XPCI11,"R$ 0,90000000",30/04/2024,15/05/2024,Rendimento,"1,01%"
XPLG11,"R$ 0,78000000",30/04/2024,15/05/2024,Rendimento,"0,74%"
XPSF11,"R$ 0,07500000",30/04/2024,15/05/2024,Rendimento,"0,91%"
CCME11,"R$ 0,09000000",09/05/2024,16/05/2024,Rendimento,"0,79%"
CLIN11,"R$ 1,00000000",09/05/2024,16/05/2024,Rendimento,"1,03%"
PCIP11,"R$ 1,11000000",09/05/2024,16/05/2024,Rendimento,"1,16%"
PSEC11,"R$ 0,75000000",09/05/2024,16/05/2024,Rendimento,"0,95%"
RBRR11,"R$ 0,85000000",10/05/2024,17/05/2024,Rendimento,"0,91%"
RBRY11,"R$ 0,95000000",10/05/2024,17/05/2024,Rendimento,"0,94%"
CPTS11,"R$ 0,08000000",13/05/2024,20/05/2024,Rendimento,"0,94%"
MCCI11,"R$ 0,80000000",13/05/2024,20/05/2024,Rendimento,"0,88%"
VGIP11,"R$ 1,08000000",13/05/2024,20/05/2024,Rendimento,"1,18%"
VGIR11,"R$ 0,11000000",13/05/2024,20/05/2024,Rendimento,"1,13%"
AFHI11,"R$ 0,95000000",15/05/2024,22/05/2024,Rendimento,"0,97%"
AJFI11,"R$ 0,07000000",08/05/2024,22/05/2024,Rendimento,"0,75%"
MANA11,"R$ 0,11000000",30/04/2024,22/05/2024,Rendimento,"1,17%"
RZAK11,"R$ 1,05000000",15/05/2024,22/05/2024,Rendimento,"1,20%"
RZAT11,"R$ 1,05000000",15/05/2024,22/05/2024,Rendimento,"1,04%"
SNEL11,"R$ 0,10333333",15/05/2024,22/05/2024,Rendimento,"0,08%"
MCRE11,"R$ 0,11000000",16/05/2024,23/05/2024,Rendimento,"1,15%"
RBRX11,"R$ 0,11000000",15/05/2024,23/05/2024,Rendimento,"1,13%"
ALZR11,"R$ 0,07339870",17/05/2024,24/05/2024,Rendimento,"0,07%"
BPML11,"R$ 1,00000000",17/05/2024,24/05/2024,Rendimento,"1,04%"
BROF11,"R$ 0,54000000",17/05/2024,24/05/2024,Rendimento,"0,95%"
BTLG11,"R$ 0,76000000",15/05/2024,24/05/2024,Rendimento,"0,74%"
CPSH11,"R$ 0,09500000",17/05/2024,24/05/2024,Rendimento,"0,92%"
SNCI11,"R$ 0,90000000",15/05/2024,24/05/2024,Rendimento,"0,93%"
SNFF11,"R$ 1,00000000",15/05/2024,24/05/2024,Rendimento,"1,11%"
XPML11,"R$ 0,92000000",17/05/2024,24/05/2024,Rendimento,"0,78%"
BTAL11,"R$ 0,84000000",20/05/2024,27/05/2024,Rendimento,"1,15%"
BCIA11,"R$ 0,87000000",30/04/2024,29/05/2024,Rendimento,"0,85%"
GZIT11,"R$ 0,78000000",23/05/2024,31/05/2024,Rendimento,"1,22%"
ARRI11,"R$ 0,10500000",31/05/2024,07/06/2024,Rendimento,"1,16%"
GARE11,"R$ 0,08700000",31/05/2024,07/06/2024,Rendimento,"0,96%"
HSAF11,"R$ 1,00000000",31/05/2024,07/06/2024,Rendimento,"1,16%"
HSML11,"R$ 0,80000000",31/05/2024,07/06/2024,Rendimento,"0,83%"
HTMX11,"R$ 1,97585877",31/05/2024,07/06/2024,Rendimento,"1,05%"
LIFE11,"R$ 0,12000000",31/05/2024,07/06/2024,Rendimento,"1,17%"
LVBI11,"R$ 0,90000000",31/05/2024,07/06/2024,Rendimento,"0,77%"
PORD11,"R$ 0,09100000",31/05/2024,07/06/2024,Rendimento,"0,99%"
PVBI11,"R$ 0,65000000",31/05/2024,07/06/2024,Rendimento,"0,68%"
RZTR11,"R$ 0,90000000",31/05/2024,07/06/2024,Rendimento,"0,92%"
VGHF11,"R$ 0,09000000",31/05/2024,07/06/2024,Rendimento,"1,01%"
VGRI11,"R$ 0,15000000",31/05/2024,07/06/2024,Rendimento,"1,56%"
AIEC11,"R$ 0,73000000",31/05/2024,10/06/2024,Rendimento,"1,33%"
CACR11,"R$ 1,41000000",31/05/2024,10/06/2024,Rendimento,"1,35%"
GGRC11,"R$ 0,09000000",03/06/2024,10/06/2024,Rendimento,"0,80%"
PATL11,"R$ 0,57000000",31/05/2024,10/06/2024,Rendimento,"0,92%"
HABT11,"R$ 1,05000000",31/05/2024,12/06/2024,Rendimento,"1,14%"
ICRI11,"R$ 0,86000000",31/05/2024,12/06/2024,Rendimento,"0,89%"
ITRI11,"R$ 0,70000000",31/05/2024,12/06/2024,Rendimento,"0,74%"
KNHF11,"R$ 0,90000000",31/05/2024,12/06/2024,Rendimento,"0,92%"
KNUQ11,"R$ 1,08000000",31/05/2024,12/06/2024,Rendimento,"1,02%"
KCRE11,"R$ 0,11000000",31/05/2024,13/06/2024,Rendimento,"0,11%"
KNCR11,"R$ 1,00000000",31/05/2024,13/06/2024,Rendimento,"0,96%"
KNHY11,"R$ 1,05000000",31/05/2024,13/06/2024,Rendimento,"0,99%"
KNIP11,"R$ 0,80000000",31/05/2024,13/06/2024,Rendimento,"0,83%"
KNSC11,"R$ 0,08000000",31/05/2024,13/06/2024,Rendimento,"0,87%"
VCJR11,"R$ 0,80000000",31/05/2024,13/06/2024,Rendimento,"0,87%"
BBIG11,"R$ 0,08000000",31/05/2024,14/06/2024,Rendimento,"0,81%"
BCRI11,"R$ 0,76000000",31/05/2024,14/06/2024,Rendimento,"1,10%"
BLMG11,"R$ 0,45000000",07/06/2024,14/06/2024,Rendimento,"1,17%"
BRCO11,"R$ 0,87000000",31/05/2024,14/06/2024,Rendimento,"0,75%"
BRCR11,"R$ 0,50000000",07/06/2024,14/06/2024,Rendimento,"0,91%"
BTCI11,"R$ 0,09300000",07/06/2024,14/06/2024,Rendimento,"0,92%"
CYCR11,"R$ 0,11000000",31/05/2024,14/06/2024,Rendimento,"1,14%"
DEVA11,"R$ 0,48000000",07/06/2024,14/06/2024,Rendimento,"1,02%"
FATN11,"R$ 0,85000000",06/06/2024,14/06/2024,Rendimento,"0,87%"
GTWR11,"R$ 0,79000000",31/05/2024,14/06/2024,Rendimento,"0,94%"
HCTR11,"R$ 0,32000000",07/06/2024,14/06/2024,Rendimento,"1,07%"
HFOF11,"R$ 0,06300000",31/05/2024,14/06/2024,Rendimento,"0,08%"
HGBS11,"R$ 0,17500000",31/05/2024,14/06/2024,Rendimento,"0,08%"
HGCR11,"R$ 0,95000000",31/05/2024,14/06/2024,Rendimento,"0,90%"
HGLG11,"R$ 1,10000000",31/05/2024,14/06/2024,Rendimento,"0,67%"
HGRE11,"R$ 0,78000000",31/05/2024,14/06/2024,Rendimento,"0,66%"
HGRU11,"R$ 0,85000000",31/05/2024,14/06/2024,Rendimento,"0,65%"
HSLG11,"R$ 0,74000000",31/05/2024,14/06/2024,Rendimento,"0,80%"
JSAF11,"R$ 0,10000000",31/05/2024,14/06/2024,Rendimento,"0,10%"
JSRE11,"R$ 0,48000000",31/05/2024,14/06/2024,Rendimento,"0,69%"
KFOF11,"R$ 0,80000000",31/05/2024,14/06/2024,Rendimento,"0,86%"
KISU11,"R$ 0,07500000",31/05/2024,14/06/2024,Rendimento,"0,87%"
KIVO11,"R$ 0,95000000",31/05/2024,14/06/2024,Rendimento,"1,09%"
KNRI11,"R$ 1,00000000",31/05/2024,14/06/2024,Rendimento,"0,63%"
KORE11,"R$ 1,25000000",31/05/2024,14/06/2024,Rendimento,"1,16%"
MFII11,"R$ 1,20000000",31/05/2024,14/06/2024,Rendimento,"1,15%"
MXRF11,"R$ 0,10000000",31/05/2024,14/06/2024,Rendimento,"0,97%"
OUJP11,"R$ 0,91000000",31/05/2024,14/06/2024,Rendimento,"1,01%"
PMIS11,"R$ 0,10000000",31/05/2024,14/06/2024,Rendimento,"1,06%"
PMLL11,"R$ 0,87000000",31/05/2024,14/06/2024,Rendimento,"0,77%"
RBFF11,"R$ 0,51000000",31/05/2024,14/06/2024,Rendimento,"0,81%"
RBRL11,"R$ 0,65000000",07/06/2024,14/06/2024,Rendimento,"0,80%"
RBRP11,"R$ 0,66000000",07/06/2024,14/06/2024,Rendimento,"1,14%"
RBVA11,"R$ 0,10000000",31/05/2024,14/06/2024,Rendimento,"0,09%"
RCRB11,"R$ 0,93000000",06/06/2024,14/06/2024,Rendimento,"0,61%"
RECR11,"R$ 0,76000000",07/06/2024,14/06/2024,Rendimento,"0,88%"
SPXS11,"R$ 0,09700000",07/06/2024,14/06/2024,Rendimento,"0,99%"
TEPP11,"R$ 0,11800000",31/05/2024,14/06/2024,Rendimento,"0,12%"
TGAR11,"R$ 1,35000000",31/05/2024,14/06/2024,Rendimento,"1,07%"
TRBL11,"R$ 0,85000000",31/05/2024,14/06/2024,Rendimento,"0,84%"
TRXF11,"R$ 0,90000000",31/05/2024,14/06/2024,Rendimento,"0,83%"
TVRI11,"R$ 0,97000000",31/05/2024,14/06/2024,Rendimento,"0,94%"
URPR11,"R$ 1,02000000",31/05/2024,14/06/2024,Rendimento,"1,17%"
VILG11,"R$ 0,60000000",31/05/2024,14/06/2024,Rendimento,"0,68%"
VINO11,"R$ 0,06000000",31/05/2024,14/06/2024,Rendimento,"0,77%"
VISC11,"R$ 1,00000000",31/05/2024,14/06/2024,Rendimento,"0,82%"
VRTA11,"R$ 0,90000000",31/05/2024,14/06/2024,Rendimento,"1,03%"
VRTM11,"R$ 0,10000000",31/05/2024,14/06/2024,Rendimento,"0,97%"
WHGR11,"R$ 0,10000000",31/05/2024,14/06/2024,Rendimento,"1,02%"
XPCI11,"R$ 0,87000000",31/05/2024,14/06/2024,Rendimento,"0,97%"
XPLG11,"R$ 0,78000000",31/05/2024,14/06/2024,Rendimento,"0,75%"
XPSF11,"R$ 0,07500000",31/05/2024,14/06/2024,Rendimento,"0,93%"
CCME11,"R$ 0,08000000",10/06/2024,17/06/2024,Rendimento,"0,65%"
CLIN11,"R$ 0,95000000",10/06/2024,17/06/2024,Rendimento,"0,98%"
PCIP11,"R$ 0,85000000",10/06/2024,17/06/2024,Rendimento,"0,90%"
PSEC11,"R$ 0,75000000",10/06/2024,17/06/2024,Rendimento,"1,00%"
RBRR11,"R$ 0,85000000",11/06/2024,18/06/2024,Rendimento,"0,93%"
RBRY11,"R$ 0,95000000",11/06/2024,18/06/2024,Rendimento,"0,97%"
CPTS11,"R$ 0,07800000",12/06/2024,19/06/2024,Rendimento,"0,93%"
MCCI11,"R$ 0,80000000",12/06/2024,19/06/2024,Rendimento,"0,90%"
VGIP11,"R$ 0,72000000",12/06/2024,19/06/2024,Rendimento,"0,80%"
VGIR11,"R$ 0,11000000",12/06/2024,19/06/2024,Rendimento,"1,12%"
AFHI11,"R$ 0,96000000",14/06/2024,21/06/2024,Rendimento,"0,99%"
AJFI11,"R$ 0,06000000",07/06/2024,21/06/2024,Rendimento,"0,67%"
MANA11,"R$ 0,11000000",31/05/2024,21/06/2024,Rendimento,"1,12%"
RZAK11,"R$ 1,00000000",14/06/2024,21/06/2024,Rendimento,"1,19%"
RZAT11,"R$ 1,10000000",14/06/2024,21/06/2024,Rendimento,"1,17%"
MCRE11,"R$ 0,11000000",17/06/2024,24/06/2024,Rendimento,"1,16%"
RBRX11,"R$ 0,11000000",14/06/2024,24/06/2024,Rendimento,"1,19%"
ALZR11,"R$ 0,07323677",18/06/2024,25/06/2024,Rendimento,"0,07%"
BPML11,"R$ 1,07000000",18/06/2024,25/06/2024,Rendimento,"1,18%"
BROF11,"R$ 0,54000000",18/06/2024,25/06/2024,Rendimento,"0,98%"
BTLG11,"R$ 0,76000000",14/06/2024,25/06/2024,Rendimento,"0,77%"
CPSH11,"R$ 0,09500000",18/06/2024,25/06/2024,Rendimento,"0,93%"
SNCI11,"R$ 0,95000000",14/06/2024,25/06/2024,Rendimento,"1,01%"
SNEL11,"R$ 0,10333333",14/06/2024,25/06/2024,Rendimento,"0,08%"
SNFF11,"R$ 1,00000000",14/06/2024,25/06/2024,Rendimento,"1,14%"
XPML11,"R$ 0,92000000",18/06/2024,25/06/2024,Rendimento,"0,83%"
BTAL11,"R$ 0,84000000",19/06/2024,26/06/2024,Rendimento,"1,13%"
BCIA11,"R$ 0,87000000",31/05/2024,28/06/2024,Rendimento,"0,82%"
GZIT11,"R$ 0,78000000",21/06/2024,28/06/2024,Rendimento,"1,32%"
ARRI11,"R$ 0,10500000",28/06/2024,05/07/2024,Rendimento,"1,15%"
GARE11,"R$ 0,08700000",28/06/2024,05/07/2024,Rendimento,"0,96%"
HSAF11,"R$ 0,90000000",28/06/2024,05/07/2024,Rendimento,"1,05%"
HSML11,"R$ 0,80000000",28/06/2024,05/07/2024,Rendimento,"0,82%"
HTMX11,"R$ 1,41100686",28/06/2024,05/07/2024,Rendimento,"0,77%"
LIFE11,"R$ 0,18000000",28/06/2024,05/07/2024,Rendimento,"1,74%"
LVBI11,"R$ 0,90000000",28/06/2024,05/07/2024,Rendimento,"0,81%"
PORD11,"R$ 0,09100000",28/06/2024,05/07/2024,Rendimento,"1,00%"
PVBI11,"R$ 0,65000000",28/06/2024,05/07/2024,Rendimento,"0,71%"
RZTR11,"R$ 0,90000000",28/06/2024,05/07/2024,Rendimento,"0,95%"
VGHF11,"R$ 0,09000000",28/06/2024,05/07/2024,Rendimento,"1,00%"
VGRI11,"R$ 0,15000000",28/06/2024,05/07/2024,Rendimento,"1,53%"
AIEC11,"R$ 0,73000000",28/06/2024,08/07/2024,Rendimento,"1,34%"
CACR11,"R$ 1,46000000",28/06/2024,08/07/2024,Rendimento,"1,39%"
GGRC11,"R$ 0,09300000",01/07/2024,08/07/2024,Rendimento,"0,85%"
PATL11,"R$ 0,57000000",28/06/2024,08/07/2024,Rendimento,"0,94%"
ICRI11,"R$ 0,86000000",28/06/2024,10/07/2024,Rendimento,"0,89%"
ITRI11,"R$ 0,81000000",28/06/2024,10/07/2024,Rendimento,"0,88%"
KNHF11,"R$ 0,90000000",28/06/2024,10/07/2024,Rendimento,"0,92%"
KNUQ11,"R$ 0,82000000",28/06/2024,10/07/2024,Rendimento,"0,78%"
KNCR11,"R$ 1,00000000",28/06/2024,11/07/2024,Rendimento,"0,94%"
KNHY11,"R$ 1,05000000",28/06/2024,11/07/2024,Rendimento,"1,00%"
KNIP11,"R$ 0,85000000",28/06/2024,11/07/2024,Rendimento,"0,88%"
VCJR11,"R$ 0,90000000",28/06/2024,11/07/2024,Rendimento,"0,97%"
BBIG11,"R$ 0,08000000",28/06/2024,12/07/2024,Rendimento,"0,86%"
BRCO11,"R$ 0,87000000",28/06/2024,12/07/2024,Rendimento,"0,77%"
BRCR11,"R$ 0,50000000",05/07/2024,12/07/2024,Rendimento,"0,99%"
BTCI11,"R$ 0,09400000",05/07/2024,12/07/2024,Rendimento,"0,95%"
CYCR11,"R$ 0,12000000",28/06/2024,12/07/2024,Rendimento,"1,22%"
DEVA11,"R$ 0,43000000",05/07/2024,12/07/2024,Rendimento,"1,08%"
FATN11,"R$ 0,85000000",04/07/2024,12/07/2024,Rendimento,"0,92%"
GTWR11,"R$ 0,79000000",28/06/2024,12/07/2024,Rendimento,"0,94%"
HABT11,"R$ 1,00000000",28/06/2024,12/07/2024,Rendimento,"1,11%"
HCTR11,"R$ 0,53000000",05/07/2024,12/07/2024,Rendimento,"1,77%"
HFOF11,"R$ 0,06300000",28/06/2024,12/07/2024,Rendimento,"0,09%"
HGBS11,"R$ 0,17500000",28/06/2024,12/07/2024,Rendimento,"0,08%"
HGCR11,"R$ 0,95000000",28/06/2024,12/07/2024,Rendimento,"0,91%"
HGLG11,"R$ 1,10000000",28/06/2024,12/07/2024,Rendimento,"0,68%"
HGRE11,"R$ 1,50000000",28/06/2024,12/07/2024,Rendimento,"1,26%"
HGRU11,"R$ 1,25000000",28/06/2024,12/07/2024,Rendimento,"0,96%"
HSLG11,"R$ 0,74000000",28/06/2024,12/07/2024,Rendimento,"0,84%"
JSAF11,"R$ 0,10000000",28/06/2024,12/07/2024,Rendimento,"0,10%"
JSRE11,"R$ 0,48000000",28/06/2024,12/07/2024,Rendimento,"0,72%"
KCRE11,"R$ 0,09000000",28/06/2024,12/07/2024,Rendimento,"0,93%"
KFOF11,"R$ 0,75000000",28/06/2024,12/07/2024,Rendimento,"0,79%"
KISU11,"R$ 0,07500000",28/06/2024,12/07/2024,Rendimento,"0,89%"
KIVO11,"R$ 1,10000000",28/06/2024,12/07/2024,Rendimento,"1,30%"
KNRI11,"R$ 1,00000000",28/06/2024,12/07/2024,Rendimento,"0,63%"
KNSC11,"R$ 0,09000000",28/06/2024,12/07/2024,Rendimento,"0,98%"
KORE11,"R$ 1,25000000",28/06/2024,12/07/2024,Rendimento,"1,19%"
MFII11,"R$ 1,20000000",28/06/2024,12/07/2024,Rendimento,"1,17%"
MXRF11,"R$ 0,10000000",28/06/2024,12/07/2024,Rendimento,"0,98%"
OUJP11,"R$ 0,82000000",28/06/2024,12/07/2024,Rendimento,"0,98%"
PMIS11,"R$ 0,10000000",28/06/2024,12/07/2024,Rendimento,"1,09%"
PMLL11,"R$ 0,80000000",28/06/2024,12/07/2024,Rendimento,"0,72%"
RBRL11,"R$ 0,65000000",05/07/2024,12/07/2024,Rendimento,"0,84%"
RBRP11,"R$ 0,67000000",05/07/2024,12/07/2024,Rendimento,"1,15%"
RECR11,"R$ 0,81000000",05/07/2024,12/07/2024,Rendimento,"0,95%"
SPXS11,"R$ 0,09800000",05/07/2024,12/07/2024,Rendimento,"1,04%"
TEPP11,"R$ 0,11800000",28/06/2024,12/07/2024,Rendimento,"0,13%"
TGAR11,"R$ 1,33000000",28/06/2024,12/07/2024,Rendimento,"1,09%"
TRBL11,"R$ 0,85000000",28/06/2024,12/07/2024,Rendimento,"0,85%"
TRXF11,"R$ 1,05000000",28/06/2024,12/07/2024,Rendimento,"1,00%"
TVRI11,"R$ 0,97000000",28/06/2024,12/07/2024,Rendimento,"0,93%"
URPR11,"R$ 1,03000000",28/06/2024,12/07/2024,Rendimento,"1,24%"
VILG11,"R$ 0,65000000",28/06/2024,12/07/2024,Rendimento,"0,77%"
VINO11,"R$ 0,06000000",28/06/2024,12/07/2024,Rendimento,"0,86%"
VISC11,"R$ 0,85000000",28/06/2024,12/07/2024,Rendimento,"0,73%"
WHGR11,"R$ 0,10000000",28/06/2024,12/07/2024,Rendimento,"1,02%"
XPCI11,"R$ 1,00000000",28/06/2024,12/07/2024,Rendimento,"1,15%"
XPLG11,"R$ 0,78000000",28/06/2024,12/07/2024,Rendimento,"0,78%"
XPSF11,"R$ 0,07000000",28/06/2024,12/07/2024,Rendimento,"0,88%"
BCRI11,"R$ 0,75000000",28/06/2024,15/07/2024,Rendimento,"1,12%"
CCME11,"R$ 0,08000000",08/07/2024,15/07/2024,Rendimento,"0,68%"
CLIN11,"R$ 1,00000000",08/07/2024,15/07/2024,Rendimento,"1,03%"
PCIP11,"R$ 0,88000000",08/07/2024,15/07/2024,Rendimento,"0,95%"
PSEC11,"R$ 0,75000000",08/07/2024,15/07/2024,Rendimento,"1,01%"
RBFF11,"R$ 0,51000000",28/06/2024,15/07/2024,Rendimento,"0,85%"
RBVA11,"R$ 0,10000000",28/06/2024,15/07/2024,Rendimento,"0,09%"
RCRB11,"R$ 0,99000000",05/07/2024,15/07/2024,Rendimento,"0,71%"
VRTA11,"R$ 0,90000000",28/06/2024,15/07/2024,Rendimento,"1,01%"
VRTM11,"R$ 0,10000000",28/06/2024,15/07/2024,Rendimento,"0,83%"
RBRR11,"R$ 0,96100000",09/07/2024,16/07/2024,Rendimento,"1,04%"
RBRY11,"R$ 1,00000000",09/07/2024,16/07/2024,Rendimento,"1,03%"
CPTS11,"R$ 0,07700000",10/07/2024,17/07/2024,Rendimento,"0,92%"
MCCI11,"R$ 0,80000000",10/07/2024,17/07/2024,Rendimento,"0,87%"
VGIP11,"R$ 0,95000000",10/07/2024,17/07/2024,Rendimento,"1,04%"
VGIR11,"R$ 0,10000000",10/07/2024,17/07/2024,Rendimento,"1,00%"
AFHI11,"R$ 0,95000000",12/07/2024,19/07/2024,Rendimento,"0,98%"
AJFI11,"R$ 0,06000000",05/07/2024,19/07/2024,Rendimento,"0,73%"
MANA11,"R$ 0,10000000",28/06/2024,19/07/2024,Rendimento,"1,00%"
RZAK11,"R$ 1,00000000",12/07/2024,19/07/2024,Rendimento,"1,19%"
RZAT11,"R$ 1,15000000",12/07/2024,19/07/2024,Rendimento,"1,15%"
MCRE11,"R$ 0,11000000",15/07/2024,22/07/2024,Rendimento,"1,13%"
RBRX11,"R$ 0,11000000",12/07/2024,22/07/2024,Rendimento,"1,19%"
BROF11,"R$ 0,43468829",16/07/2024,23/07/2024,Rendimento,"0,86%"
CPSH11,"R$ 0,09500000",16/07/2024,23/07/2024,Rendimento,"0,85%"
BTAL11,"R$ 0,84000000",17/07/2024,24/07/2024,Rendimento,"1,06%"
ALZR11,"R$ 0,07107849",18/07/2024,25/07/2024,Rendimento,"0,07%"
BPML11,"R$ 1,07000000",18/07/2024,25/07/2024,Rendimento,"1,17%"
BTLG11,"R$ 0,76000000",15/07/2024,25/07/2024,Rendimento,"0,74%"
SNCI11,"R$ 1,00000000",15/07/2024,25/07/2024,Rendimento,"1,03%"
SNEL11,"R$ 0,10000000",15/07/2024,25/07/2024,Rendimento,"1,05%"
SNFF11,"R$ 1,10000000",15/07/2024,25/07/2024,Rendimento,"1,24%"
XPML11,"R$ 0,92000000",18/07/2024,25/07/2024,Rendimento,"0,81%"
BCIA11,"R$ 0,87000000",28/06/2024,26/07/2024,Rendimento,"0,84%"
BLMG11,"R$ 0,45000000",17/07/2024,31/07/2024,Amortização,"1,16%"
GZIT11,"R$ 0,78000000",24/07/2024,31/07/2024,Rendimento,"1,39%"
ARRI11,"R$ 0,10000000",31/07/2024,07/08/2024,Rendimento,"1,09%"
GARE11,"R$ 0,08700000",31/07/2024,07/08/2024,Rendimento,"0,96%"
HSAF11,"R$ 0,80000000",31/07/2024,07/08/2024,Rendimento,"0,95%"
HSML11,"R$ 0,80000000",31/07/2024,07/08/2024,Rendimento,"0,83%"
HTMX11,"R$ 2,30000000",31/07/2024,07/08/2024,Rendimento,"1,28%"
LIFE11,"R$ 0,13500000",31/07/2024,07/08/2024,Rendimento,"1,28%"
LVBI11,"R$ 0,90000000",31/07/2024,07/08/2024,Rendimento,"0,78%"
PORD11,"R$ 0,08900000",31/07/2024,07/08/2024,Rendimento,"0,98%"
PVBI11,"R$ 0,65000000",31/07/2024,07/08/2024,Rendimento,"0,69%"
RZTR11,"R$ 0,90000000",31/07/2024,07/08/2024,Rendimento,"0,96%"
VGHF11,"R$ 0,09000000",31/07/2024,07/08/2024,Rendimento,"1,02%"
VGRI11,"R$ 0,15000000",31/07/2024,07/08/2024,Rendimento,"1,63%"
AIEC11,"R$ 0,73000000",31/07/2024,08/08/2024,Rendimento,"1,33%"
CACR11,"R$ 1,30000000",31/07/2024,08/08/2024,Rendimento,"1,23%"
GGRC11,"R$ 0,09100000",01/08/2024,08/08/2024,Rendimento,"0,82%"
PATL11,"R$ 0,57000000",31/07/2024,08/08/2024,Rendimento,"0,94%"
HABT11,"R$ 1,00000000",31/07/2024,12/08/2024,Rendimento,"1,12%"
ICRI11,"R$ 1,00000000",31/07/2024,12/08/2024,Rendimento,"1,03%"
ITRI11,"R$ 0,85000000",31/07/2024,12/08/2024,Rendimento,"0,90%"
KNHF11,"R$ 0,90000000",31/07/2024,12/08/2024,Rendimento,"0,93%"
KNUQ11,"R$ 1,07000000",31/07/2024,12/08/2024,Rendimento,"1,02%"
KCRE11,"R$ 0,10000000",31/07/2024,13/08/2024,Rendimento,"1,04%"
KNCR11,"R$ 0,95000000",31/07/2024,13/08/2024,Rendimento,"0,90%"
KNHY11,"R$ 1,12000000",31/07/2024,13/08/2024,Rendimento,"1,05%"
KNIP11,"R$ 0,87000000",31/07/2024,13/08/2024,Rendimento,"0,91%"
KNSC11,"R$ 0,09000000",31/07/2024,13/08/2024,Rendimento,"0,97%"
VCJR11,"R$ 1,00000000",31/07/2024,13/08/2024,Rendimento,"1,08%"
AZPL11,"R$ 0,06000000",31/07/2024,14/08/2024,Rendimento,"0,00%"
BLMG11,"R$ 0,50000000",07/08/2024,14/08/2024,Rendimento,"1,29%"
BRCO11,"R$ 0,87000000",31/07/2024,14/08/2024,Rendimento,"0,75%"
BRCR11,"R$ 0,50000000",07/08/2024,14/08/2024,Rendimento,"0,98%"
BTCI11,"R$ 0,09400000",07/08/2024,14/08/2024,Rendimento,"0,95%"
CYCR11,"R$ 0,12000000",31/07/2024,14/08/2024,Rendimento,"1,23%"
DEVA11,"R$ 0,46000000",07/08/2024,14/08/2024,Rendimento,"1,18%"
FATN11,"R$ 0,85000000",06/08/2024,14/08/2024,Rendimento,"0,92%"
GTWR11,"R$ 0,79000000",31/07/2024,14/08/2024,Rendimento,"0,96%"
HCTR11,"R$ 0,36000000",07/08/2024,14/08/2024,Rendimento,"1,19%"
HFOF11,"R$ 0,06300000",31/07/2024,14/08/2024,Rendimento,"0,09%"
HGBS11,"R$ 0,16000000",31/07/2024,14/08/2024,Rendimento,"0,07%"
HGCR11,"R$ 0,95000000",31/07/2024,14/08/2024,Rendimento,"0,91%"
HGLG11,"R$ 1,10000000",31/07/2024,14/08/2024,Rendimento,"0,69%"
HGRE11,"R$ 0,78000000",31/07/2024,14/08/2024,Rendimento,"0,67%"
HGRU11,"R$ 0,85000000",31/07/2024,14/08/2024,Rendimento,"0,67%"
HSLG11,"R$ 0,74000000",31/07/2024,14/08/2024,Rendimento,"0,85%"
JSAF11,"R$ 0,10000000",31/07/2024,14/08/2024,Rendimento,"0,11%"
JSCR11,"R$ 0,67000000",31/07/2024,14/08/2024,Rendimento,"0,00%"
JSRE11,"R$ 0,48000000",31/07/2024,14/08/2024,Rendimento,"0,74%"
KFOF11,"R$ 0,75000000",31/07/2024,14/08/2024,Rendimento,"0,84%"
KISU11,"R$ 0,07000000",31/07/2024,14/08/2024,Rendimento,"0,85%"
KIVO11,"R$ 0,95000000",31/07/2024,14/08/2024,Rendimento,"1,14%"
KNRI11,"R$ 1,00000000",31/07/2024,14/08/2024,Rendimento,"0,65%"
KORE11,"R$ 1,25000000",31/07/2024,14/08/2024,Rendimento,"1,20%"
MFII11,"R$ 1,18000000",31/07/2024,14/08/2024,Rendimento,"1,16%"
MXRF11,"R$ 0,10000000",31/07/2024,14/08/2024,Rendimento,"0,98%"
OUJP11,"R$ 0,82000000",31/07/2024,14/08/2024,Rendimento,"1,02%"
PMIS11,"R$ 0,10000000",31/07/2024,14/08/2024,Rendimento,"0,99%"
PMLL11,"R$ 0,80000000",31/07/2024,14/08/2024,Rendimento,"0,72%"
RBRL11,"R$ 0,65000000",07/08/2024,14/08/2024,Rendimento,"0,79%"
RBRP11,"R$ 0,55000000",07/08/2024,14/08/2024,Rendimento,"0,98%"
RECR11,"R$ 0,85000000",07/08/2024,14/08/2024,Rendimento,"1,01%"
SPXS11,"R$ 0,09900000",07/08/2024,14/08/2024,Rendimento,"1,06%"
TEPP11,"R$ 0,07800000",31/07/2024,14/08/2024,Rendimento,"0,09%"
TGAR11,"R$ 1,22000000",31/07/2024,14/08/2024,Rendimento,"1,01%"
TRBL11,"R$ 0,85000000",31/07/2024,14/08/2024,Rendimento,"0,86%"
TRXF11,"R$ 0,93000000",31/07/2024,14/08/2024,Rendimento,"0,87%"
TVRI11,"R$ 0,98000000",31/07/2024,14/08/2024,Rendimento,"0,95%"
URPR11,"R$ 1,00000000",31/07/2024,14/08/2024,Rendimento,"1,20%"
VILG11,"R$ 0,65000000",31/07/2024,14/08/2024,Rendimento,"0,74%"
VINO11,"R$ 0,05200000",31/07/2024,14/08/2024,Rendimento,"0,84%"
VISC11,"R$ 0,85000000",31/07/2024,14/08/2024,Rendimento,"0,75%"
WHGR11,"R$ 0,09500000",31/07/2024,14/08/2024,Rendimento,"0,97%"
XPCI11,"R$ 0,87000000",31/07/2024,14/08/2024,Rendimento,"1,00%"
XPLG11,"R$ 0,78000000",31/07/2024,14/08/2024,Rendimento,"0,75%"
XPSF11,"R$ 0,07000000",31/07/2024,14/08/2024,Rendimento,"0,92%"
BBIG11,"R$ 0,08000000",31/07/2024,15/08/2024,Rendimento,"0,86%"
BCRI11,"R$ 0,81000000",31/07/2024,15/08/2024,Rendimento,"1,20%"
CCME11,"R$ 0,08000000",08/08/2024,15/08/2024,Rendimento,"0,78%"
CLIN11,"R$ 0,98000000",08/08/2024,15/08/2024,Rendimento,"1,03%"
PCIP11,"R$ 0,97000000",08/08/2024,15/08/2024,Rendimento,"1,05%"
PSEC11,"R$ 0,75000000",08/08/2024,15/08/2024,Rendimento,"1,00%"
RBFF11,"R$ 0,51000000",31/07/2024,15/08/2024,Rendimento,"0,84%"
RBVA11,"R$ 0,10000000",31/07/2024,15/08/2024,Rendimento,"0,09%"
RCRB11,"R$ 0,91000000",07/08/2024,15/08/2024,Rendimento,"0,66%"
VRTA11,"R$ 0,90000000",31/07/2024,15/08/2024,Rendimento,"1,00%"
VRTM11,"R$ 0,10000000",31/07/2024,15/08/2024,Rendimento,"0,91%"
RBRR11,"R$ 0,85000000",09/08/2024,16/08/2024,Rendimento,"0,94%"
RBRY11,"R$ 1,00000000",09/08/2024,16/08/2024,Rendimento,"1,04%"
CPTS11,"R$ 0,08100000",12/08/2024,19/08/2024,Rendimento,"0,99%"
MCCI11,"R$ 0,80000000",12/08/2024,19/08/2024,Rendimento,"0,89%"
VGIP11,"R$ 0,88000000",12/08/2024,19/08/2024,Rendimento,"0,97%"
VGIR11,"R$ 0,10000000",12/08/2024,19/08/2024,Rendimento,"1,01%"
AFHI11,"R$ 0,95000000",14/08/2024,21/08/2024,Rendimento,"0,98%"
AJFI11,"R$ 0,06811000",07/08/2024,21/08/2024,Rendimento,"0,80%"
MANA11,"R$ 0,10000000",31/07/2024,21/08/2024,Rendimento,"1,04%"
RZAK11,"R$ 0,95000000",14/08/2024,21/08/2024,Rendimento,"1,14%"
RZAT11,"R$ 1,10000000",14/08/2024,21/08/2024,Rendimento,"1,11%"
MCRE11,"R$ 0,10000000",15/08/2024,22/08/2024,Rendimento,"1,05%"
RBRX11,"R$ 0,09000000",14/08/2024,22/08/2024,Rendimento,"0,99%"
ALZR11,"R$ 0,07575000",16/08/2024,23/08/2024,Rendimento,"0,07%"
BPML11,"R$ 1,07000000",16/08/2024,23/08/2024,Rendimento,"1,24%"
BROF11,"R$ 0,42000000",16/08/2024,23/08/2024,Rendimento,"0,88%"
BTLG11,"R$ 0,76000000",15/08/2024,23/08/2024,Rendimento,"0,74%"
CPSH11,"R$ 0,10000000",16/08/2024,23/08/2024,Rendimento,"0,94%"
SNCI11,"R$ 1,00000000",15/08/2024,23/08/2024,Rendimento,"1,03%"
SNEL11,"R$ 0,10000000",15/08/2024,23/08/2024,Rendimento,"1,07%"
SNFF11,"R$ 1,00000000",15/08/2024,23/08/2024,Rendimento,"1,11%"
XPML11,"R$ 0,92000000",16/08/2024,23/08/2024,Rendimento,"0,81%"
BTAL11,"R$ 0,84000000",19/08/2024,26/08/2024,Rendimento,"1,05%"
BCIA11,"R$ 0,87000000",31/07/2024,28/08/2024,Rendimento,"0,84%"
GZIT11,"R$ 0,78000000",23/08/2024,30/08/2024,Rendimento,"1,36%"
ARRI11,"R$ 0,10000000",30/08/2024,06/09/2024,Rendimento,"1,10%"
GARE11,"R$ 0,08700000",30/08/2024,06/09/2024,Rendimento,"0,95%"
HSAF11,"R$ 0,80000000",30/08/2024,06/09/2024,Rendimento,"0,94%"
HSML11,"R$ 0,80000000",30/08/2024,06/09/2024,Rendimento,"0,83%"
HTMX11,"R$ 2,13283640",30/08/2024,06/09/2024,Rendimento,"1,12%"
LIFE11,"R$ 0,13500000",30/08/2024,06/09/2024,Rendimento,"1,28%"
LVBI11,"R$ 0,90000000",30/08/2024,06/09/2024,Rendimento,"0,81%"
PORD11,"R$ 0,08900000",30/08/2024,06/09/2024,Rendimento,"1,01%"
PVBI11,"R$ 0,65000000",30/08/2024,06/09/2024,Rendimento,"0,69%"
RZTR11,"R$ 0,90000000",30/08/2024,06/09/2024,Rendimento,"0,95%"
VGHF11,"R$ 0,09000000",30/08/2024,06/09/2024,Rendimento,"1,00%"
VGRI11,"R$ 0,15000000",30/08/2024,06/09/2024,Rendimento,"1,66%"
AIEC11,"R$ 0,73000000",30/08/2024,09/09/2024,Rendimento,"1,31%"
CACR11,"R$ 1,31000000",30/08/2024,09/09/2024,Rendimento,"1,22%"
GGRC11,"R$ 0,09100000",02/09/2024,09/09/2024,Rendimento,"0,83%"
PATL11,"R$ 0,57000000",30/08/2024,09/09/2024,Rendimento,"0,92%"
ICRI11,"R$ 0,97000000",30/08/2024,11/09/2024,Rendimento,"0,99%"
ITRI11,"R$ 0,88000000",30/08/2024,11/09/2024,Rendimento,"0,95%"
KNHF11,"R$ 0,90000000",30/08/2024,11/09/2024,Rendimento,"0,92%"
KNUQ11,"R$ 1,03000000",30/08/2024,11/09/2024,Rendimento,"0,97%"
HABT11,"R$ 0,95000000",30/08/2024,12/09/2024,Rendimento,"1,07%"
KCRE11,"R$ 0,09000000",30/08/2024,12/09/2024,Rendimento,"0,90%"
KNCR11,"R$ 0,95000000",30/08/2024,12/09/2024,Rendimento,"0,90%"
KNHY11,"R$ 1,03000000",30/08/2024,12/09/2024,Rendimento,"0,97%"
KNIP11,"R$ 0,76000000",30/08/2024,12/09/2024,Rendimento,"0,79%"
KNSC11,"R$ 0,09000000",30/08/2024,12/09/2024,Rendimento,"0,97%"
VCJR11,"R$ 0,80000000",30/08/2024,12/09/2024,Rendimento,"0,86%"
AZPL11,"R$ 0,07000000",30/08/2024,13/09/2024,Rendimento,"0,00%"
BBIG11,"R$ 0,08000000",30/08/2024,13/09/2024,Rendimento,"0,85%"
BCRI11,"R$ 0,81000000",30/08/2024,13/09/2024,Rendimento,"1,15%"
BLMG11,"R$ 0,50000000",06/09/2024,13/09/2024,Rendimento,"1,18%"
BRCO11,"R$ 0,87000000",30/08/2024,13/09/2024,Rendimento,"0,75%"
BRCR11,"R$ 0,50000000",06/09/2024,13/09/2024,Rendimento,"1,00%"
BTCI11,"R$ 0,09200000",06/09/2024,13/09/2024,Rendimento,"0,92%"
CYCR11,"R$ 0,10000000",30/08/2024,13/09/2024,Rendimento,"1,01%"
DEVA11,"R$ 0,45000000",06/09/2024,13/09/2024,Rendimento,"1,16%"
FATN11,"R$ 0,85000000",05/09/2024,13/09/2024,Rendimento,"0,92%"
GTWR11,"R$ 0,79000000",30/08/2024,13/09/2024,Rendimento,"0,96%"
HCTR11,"R$ 0,39000000",06/09/2024,13/09/2024,Rendimento,"1,28%"
HFOF11,"R$ 0,06300000",30/08/2024,13/09/2024,Rendimento,"0,09%"
HGBS11,"R$ 0,16000000",30/08/2024,13/09/2024,Rendimento,"0,08%"
HGCR11,"R$ 0,95000000",30/08/2024,13/09/2024,Rendimento,"0,92%"
HGLG11,"R$ 1,10000000",30/08/2024,13/09/2024,Rendimento,"0,68%"
HGRE11,"R$ 0,78000000",30/08/2024,13/09/2024,Rendimento,"0,69%"
HGRU11,"R$ 0,85000000",30/08/2024,13/09/2024,Rendimento,"0,67%"
HSLG11,"R$ 0,74000000",30/08/2024,13/09/2024,Rendimento,"0,86%"
JSAF11,"R$ 0,09100000",30/08/2024,13/09/2024,Rendimento,"0,09%"
JSCR11,"R$ 0,83000000",30/08/2024,13/09/2024,Rendimento,"0,84%"
JSRE11,"R$ 0,48000000",30/08/2024,13/09/2024,Rendimento,"0,75%"
KFOF11,"R$ 0,75000000",30/08/2024,13/09/2024,Rendimento,"0,86%"
KISU11,"R$ 0,07000000",30/08/2024,13/09/2024,Rendimento,"0,85%"
KIVO11,"R$ 0,95000000",30/08/2024,13/09/2024,Rendimento,"1,17%"
KNRI11,"R$ 1,00000000",30/08/2024,13/09/2024,Rendimento,"0,65%"
KORE11,"R$ 1,25000000",30/08/2024,13/09/2024,Rendimento,"1,19%"
MFII11,"R$ 1,18000000",30/08/2024,13/09/2024,Rendimento,"1,13%"
MXRF11,"R$ 0,09000000",30/08/2024,13/09/2024,Rendimento,"0,89%"
OUJP11,"R$ 0,85000000",30/08/2024,13/09/2024,Rendimento,"1,06%"
PMIS11,"R$ 0,10000000",30/08/2024,13/09/2024,Rendimento,"1,08%"
PMLL11,"R$ 0,78000000",30/08/2024,13/09/2024,Rendimento,"0,70%"
RBFF11,"R$ 0,51000000",30/08/2024,13/09/2024,Rendimento,"0,83%"
RBRL11,"R$ 0,72000000",06/09/2024,13/09/2024,Rendimento,"0,89%"
RBRP11,"R$ 0,54000000",06/09/2024,13/09/2024,Rendimento,"0,95%"
RBVA11,"R$ 0,10000000",30/08/2024,13/09/2024,Rendimento,"0,09%"
RCRB11,"R$ 0,91000000",05/09/2024,13/09/2024,Rendimento,"0,69%"
RECR11,"R$ 0,75000000",06/09/2024,13/09/2024,Rendimento,"0,89%"
SPXS11,"R$ 0,10000000",06/09/2024,13/09/2024,Rendimento,"1,07%"
TEPP11,"R$ 0,07800000",30/08/2024,13/09/2024,Rendimento,"0,09%"
TGAR11,"R$ 1,12000000",30/08/2024,13/09/2024,Rendimento,"0,93%"
TRBL11,"R$ 0,85000000",30/08/2024,13/09/2024,Rendimento,"0,88%"
TRXF11,"R$ 0,93000000",30/08/2024,13/09/2024,Rendimento,"0,88%"
TVRI11,"R$ 0,98000000",30/08/2024,13/09/2024,Rendimento,"0,95%"
URPR11,"R$ 1,00000000",30/08/2024,13/09/2024,Rendimento,"1,20%"
VILG11,"R$ 0,64000000",30/08/2024,13/09/2024,Rendimento,"0,73%"
VINO11,"R$ 0,05000000",30/08/2024,13/09/2024,Rendimento,"0,82%"
VISC11,"R$ 0,83000000",30/08/2024,13/09/2024,Rendimento,"0,74%"
VRTA11,"R$ 0,80000000",30/08/2024,13/09/2024,Rendimento,"0,89%"
VRTM11,"R$ 0,09000000",30/08/2024,13/09/2024,Rendimento,"1,02%"
WHGR11,"R$ 0,10000000",30/08/2024,13/09/2024,Rendimento,"1,02%"
XPCI11,"R$ 0,80000000",30/08/2024,13/09/2024,Rendimento,"0,91%"
XPLG11,"R$ 0,78000000",30/08/2024,13/09/2024,Rendimento,"0,76%"
XPSF11,"R$ 0,07000000",30/08/2024,13/09/2024,Rendimento,"0,93%"
CCME11,"R$ 0,08000000",09/09/2024,16/09/2024,Rendimento,"0,80%"
CLIN11,"R$ 0,95000000",09/09/2024,16/09/2024,Rendimento,"0,99%"
PCIP11,"R$ 0,86000000",09/09/2024,16/09/2024,Rendimento,"0,91%"
PSEC11,"R$ 0,75000000",09/09/2024,16/09/2024,Rendimento,"1,01%"
RBRR11,"R$ 0,85000000",10/09/2024,17/09/2024,Rendimento,"0,93%"
RBRY11,"R$ 0,95000000",10/09/2024,17/09/2024,Rendimento,"0,98%"
CPTS11,"R$ 0,08100000",11/09/2024,18/09/2024,Rendimento,"0,98%"
MCCI11,"R$ 0,80000000",11/09/2024,18/09/2024,Rendimento,"0,91%"
VGIP11,"R$ 0,89000000",11/09/2024,18/09/2024,Rendimento,"1,02%"
VGIR11,"R$ 0,10000000",11/09/2024,18/09/2024,Rendimento,"1,00%"
AFHI11,"R$ 0,93000000",13/09/2024,20/09/2024,Rendimento,"0,96%"
AJFI11,"R$ 0,06827000",06/09/2024,20/09/2024,Rendimento,"0,83%"
MANA11,"R$ 0,10000000",30/08/2024,20/09/2024,Rendimento,"1,08%"
RZAK11,"R$ 0,92000000",13/09/2024,20/09/2024,Rendimento,"1,11%"
RZAT11,"R$ 1,05000000",13/09/2024,20/09/2024,Rendimento,"1,05%"
MCRE11,"R$ 0,10000000",16/09/2024,23/09/2024,Rendimento,"1,07%"
RBRX11,"R$ 0,08000000",13/09/2024,23/09/2024,Rendimento,"0,89%"
BROF11,"R$ 0,43000000",17/09/2024,24/09/2024,Rendimento,"0,90%"
CPSH11,"R$ 0,10000000",17/09/2024,24/09/2024,Rendimento,"0,95%"
ALZR11,"R$ 0,07457100",18/09/2024,25/09/2024,Rendimento,"0,07%"
BPML11,"R$ 1,07000000",18/09/2024,25/09/2024,Rendimento,"1,15%"
BTAL11,"R$ 0,84000000",18/09/2024,25/09/2024,Rendimento,"1,07%"
BTLG11,"R$ 0,78000000",13/09/2024,25/09/2024,Rendimento,"0,77%"
SNCI11,"R$ 1,00000000",13/09/2024,25/09/2024,Rendimento,"1,06%"
SNEL11,"R$ 0,10000000",13/09/2024,25/09/2024,Rendimento,"1,09%"
SNFF11,"R$ 1,00000000",13/09/2024,25/09/2024,Rendimento,"1,12%"
XPML11,"R$ 0,92000000",18/09/2024,25/09/2024,Rendimento,"0,82%"
BCIA11,"R$ 0,87000000",30/08/2024,27/09/2024,Rendimento,"0,84%"
GZIT11,"R$ 0,78000000",23/09/2024,30/09/2024,Rendimento,"1,37%"
ARRI11,"R$ 0,09000000",30/09/2024,07/10/2024,Rendimento,"1,02%"
GARE11,"R$ 0,09000000",30/09/2024,07/10/2024,Rendimento,"0,99%"
HSAF11,"R$ 0,80000000",30/09/2024,07/10/2024,Rendimento,"0,98%"
HSML11,"R$ 0,80000000",30/09/2024,07/10/2024,Rendimento,"0,87%"
HTMX11,"R$ 2,15000000",30/09/2024,07/10/2024,Rendimento,"1,05%"
LIFE11,"R$ 0,13500000",30/09/2024,07/10/2024,Rendimento,"1,30%"
LVBI11,"R$ 0,83000000",30/09/2024,07/10/2024,Rendimento,"0,77%"
PORD11,"R$ 0,08900000",30/09/2024,07/10/2024,Rendimento,"1,02%"
PVBI11,"R$ 0,55000000",30/09/2024,07/10/2024,Rendimento,"0,66%"
RZTR11,"R$ 0,90000000",30/09/2024,07/10/2024,Rendimento,"0,99%"
VGHF11,"R$ 0,08000000",30/09/2024,07/10/2024,Rendimento,"0,95%"
VGRI11,"R$ 0,15000000",30/09/2024,07/10/2024,Rendimento,"1,67%"
AIEC11,"R$ 0,73000000",30/09/2024,08/10/2024,Rendimento,"1,37%"
CACR11,"R$ 1,32000000",30/09/2024,08/10/2024,Rendimento,"1,24%"
GGRC11,"R$ 0,10000000",01/10/2024,08/10/2024,Rendimento,"0,94%"
PATL11,"R$ 0,57000000",30/09/2024,08/10/2024,Rendimento,"0,96%"
ICRI11,"R$ 0,93000000",30/09/2024,10/10/2024,Rendimento,"0,96%"
ITRI11,"R$ 0,90000000",30/09/2024,10/10/2024,Rendimento,"1,03%"
KNHF11,"R$ 0,90000000",30/09/2024,10/10/2024,Rendimento,"0,95%"
KNUQ11,"R$ 1,00000000",30/09/2024,10/10/2024,Rendimento,"0,94%"
HABT11,"R$ 1,00000000",30/09/2024,11/10/2024,Rendimento,"1,15%"
KCRE11,"R$ 0,08000000",30/09/2024,11/10/2024,Rendimento,"0,84%"
KNCR11,"R$ 0,95000000",30/09/2024,11/10/2024,Rendimento,"0,89%"
KNHY11,"R$ 1,00000000",30/09/2024,11/10/2024,Rendimento,"0,94%"
KNIP11,"R$ 0,75000000",30/09/2024,11/10/2024,Rendimento,"0,80%"
KNSC11,"R$ 0,09000000",30/09/2024,11/10/2024,Rendimento,"0,97%"
VCJR11,"R$ 0,80000000",30/09/2024,11/10/2024,Rendimento,"0,90%"
AZPL11,"R$ 0,07500000",30/09/2024,14/10/2024,Rendimento,"0,93%"
BLMG11,"R$ 0,50000000",07/10/2024,14/10/2024,Rendimento,"1,28%"
BRCO11,"R$ 0,87000000",30/09/2024,14/10/2024,Rendimento,"0,78%"
BRCR11,"R$ 0,50000000",07/10/2024,14/10/2024,Rendimento,"1,11%"
BTCI11,"R$ 0,09000000",07/10/2024,14/10/2024,Rendimento,"0,94%"
CYCR11,"R$ 0,08000000",30/09/2024,14/10/2024,Rendimento,"0,82%"
DEVA11,"R$ 0,45000000",07/10/2024,14/10/2024,Rendimento,"1,22%"
FATN11,"R$ 0,85000000",04/10/2024,14/10/2024,Rendimento,"0,93%"
GTWR11,"R$ 0,79000000",30/09/2024,14/10/2024,Rendimento,"1,00%"
HCTR11,"R$ 0,39000000",07/10/2024,14/10/2024,Rendimento,"1,31%"
HFOF11,"R$ 0,06000000",30/09/2024,14/10/2024,Rendimento,"0,09%"
HGBS11,"R$ 0,16000000",30/09/2024,14/10/2024,Rendimento,"0,08%"
HGCR11,"R$ 0,95000000",30/09/2024,14/10/2024,Rendimento,"0,93%"
HGLG11,"R$ 1,10000000",30/09/2024,14/10/2024,Rendimento,"0,69%"
HGRE11,"R$ 0,78000000",30/09/2024,14/10/2024,Rendimento,"0,74%"
HGRU11,"R$ 0,85000000",30/09/2024,14/10/2024,Rendimento,"0,70%"
HSLG11,"R$ 0,74000000",30/09/2024,14/10/2024,Rendimento,"0,86%"
JSAF11,"R$ 0,09100000",30/09/2024,14/10/2024,Rendimento,"0,10%"
JSCR11,"R$ 0,85000000",30/09/2024,14/10/2024,Rendimento,"0,92%"
JSRE11,"R$ 0,48000000",30/09/2024,14/10/2024,Rendimento,"0,76%"
KFOF11,"R$ 0,75000000",30/09/2024,14/10/2024,Rendimento,"0,88%"
KISU11,"R$ 0,06800000",30/09/2024,14/10/2024,Rendimento,"0,86%"
KIVO11,"R$ 0,82000000",30/09/2024,14/10/2024,Rendimento,"1,06%"
KNRI11,"R$ 1,00000000",30/09/2024,14/10/2024,Rendimento,"0,72%"
KORE11,"R$ 1,25000000",30/09/2024,14/10/2024,Rendimento,"1,25%"
MFII11,"R$ 1,19000000",30/09/2024,14/10/2024,Rendimento,"1,18%"
MXRF11,"R$ 0,09000000",30/09/2024,14/10/2024,Rendimento,"0,90%"
OUJP11,"R$ 0,85000000",30/09/2024,14/10/2024,Rendimento,"1,08%"
PMIS11,"R$ 0,10000000",30/09/2024,14/10/2024,Rendimento,"1,06%"
PMLL11,"R$ 0,78000000",30/09/2024,14/10/2024,Rendimento,"0,76%"
RBRL11,"R$ 0,77000000",07/10/2024,14/10/2024,Rendimento,"1,00%"
RBRP11,"R$ 0,52000000",07/10/2024,14/10/2024,Rendimento,"0,98%"
RECR11,"R$ 0,71280000",07/10/2024,14/10/2024,Rendimento,"0,90%"
SPXS11,"R$ 0,10100000",07/10/2024,14/10/2024,Rendimento,"1,10%"
TEPP11,"R$ 0,07800000",30/09/2024,14/10/2024,Rendimento,"0,09%"
TGAR11,"R$ 1,14000000",30/09/2024,14/10/2024,Rendimento,"1,01%"
TRBL11,"R$ 0,85000000",30/09/2024,14/10/2024,Rendimento,"0,91%"
TRXF11,"R$ 0,93000000",30/09/2024,14/10/2024,Rendimento,"0,88%"
TVRI11,"R$ 0,98000000",30/09/2024,14/10/2024,Rendimento,"0,98%"
URPR11,"R$ 0,95000000",30/09/2024,14/10/2024,Rendimento,"1,19%"
VILG11,"R$ 0,60000000",30/09/2024,14/10/2024,Rendimento,"0,71%"
VINO11,"R$ 0,05000000",30/09/2024,14/10/2024,Rendimento,"0,98%"
VISC11,"R$ 0,80000000",30/09/2024,14/10/2024,Rendimento,"0,73%"
WHGR11,"R$ 0,10000000",30/09/2024,14/10/2024,Rendimento,"1,06%"
XPCI11,"R$ 0,80000000",30/09/2024,14/10/2024,Rendimento,"0,92%"
XPLG11,"R$ 0,78000000",30/09/2024,14/10/2024,Rendimento,"0,78%"
XPSF11,"R$ 0,07000000",30/09/2024,14/10/2024,Rendimento,"0,97%"
BBIG11,"R$ 0,08000000",30/09/2024,15/10/2024,Rendimento,"0,85%"
BCRI11,"R$ 0,76000000",30/09/2024,15/10/2024,Rendimento,"1,13%"
CCME11,"R$ 0,08000000",08/10/2024,15/10/2024,Rendimento,"0,89%"
CLIN11,"R$ 0,95000000",08/10/2024,15/10/2024,Rendimento,"1,02%"
PCIP11,"R$ 0,78000000",08/10/2024,15/10/2024,Rendimento,"0,88%"
PSEC11,"R$ 0,75000000",08/10/2024,15/10/2024,Rendimento,"1,06%"
RBFF11,"R$ 0,51000000",30/09/2024,15/10/2024,Rendimento,"0,86%"
RBVA11,"R$ 0,10000000",30/09/2024,15/10/2024,Rendimento,"0,10%"
RCRB11,"R$ 1,00000000",07/10/2024,15/10/2024,Rendimento,"0,77%"
VRTA11,"R$ 0,80000000",30/09/2024,15/10/2024,Rendimento,"0,91%"
VRTM11,"R$ 0,08000000",30/09/2024,15/10/2024,Rendimento,"0,96%"
RBRR11,"R$ 0,80000000",09/10/2024,16/10/2024,Rendimento,"0,94%"
RBRY11,"R$ 0,90000000",09/10/2024,16/10/2024,Rendimento,"0,96%"
CPTS11,"R$ 0,07200000",10/10/2024,17/10/2024,Rendimento,"0,95%"
MCCI11,"R$ 0,80000000",10/10/2024,17/10/2024,Rendimento,"0,94%"
VGIP11,"R$ 0,80000000",10/10/2024,17/10/2024,Rendimento,"0,94%"
VGIR11,"R$ 0,10000000",10/10/2024,17/10/2024,Rendimento,"1,01%"
TOPP11,"R$ 0,02000000",11/10/2024,18/10/2024,Rendimento,"0,02%"
AFHI11,"R$ 0,93000000",14/10/2024,21/10/2024,Rendimento,"0,97%"
AJFI11,"R$ 0,07000000",07/10/2024,21/10/2024,Rendimento,"0,91%"
MANA11,"R$ 0,10000000",30/09/2024,21/10/2024,Rendimento,"1,11%"
RZAK11,"R$ 1,05000000",14/10/2024,21/10/2024,Rendimento,"1,34%"
RZAT11,"R$ 0,92000000",14/10/2024,21/10/2024,Rendimento,"0,94%"
MCRE11,"R$ 0,10000000",15/10/2024,22/10/2024,Rendimento,"1,18%"
RBRX11,"R$ 0,08000000",14/10/2024,22/10/2024,Rendimento,"0,97%"
BROF11,"R$ 0,44000000",16/10/2024,23/10/2024,Rendimento,"0,95%"
CPSH11,"R$ 0,10000000",16/10/2024,23/10/2024,Rendimento,"1,02%"
BTAL11,"R$ 0,84000000",17/10/2024,24/10/2024,Rendimento,"1,15%"
ALZR11,"R$ 0,07319985",18/10/2024,25/10/2024,Rendimento,"0,07%"
BPML11,"R$ 1,07000000",18/10/2024,25/10/2024,Rendimento,"1,32%"
BTLG11,"R$ 0,78000000",15/10/2024,25/10/2024,Rendimento,"0,80%"
SNCI11,"R$ 1,00000000",15/10/2024,25/10/2024,Rendimento,"1,10%"
SNEL11,"R$ 0,10000000",15/10/2024,25/10/2024,Rendimento,"1,07%"
SNFF11,"R$ 0,72000000",15/10/2024,25/10/2024,Rendimento,"0,83%"
XPML11,"R$ 0,92000000",18/10/2024,25/10/2024,Rendimento,"0,86%"
BCIA11,"R$ 0,87000000",30/09/2024,28/10/2024,Rendimento,"0,93%"
GZIT11,"R$ 0,78000000",24/10/2024,31/10/2024,Rendimento,"1,59%"
ARRI11,"R$ 0,09000000",31/10/2024,07/11/2024,Rendimento,"1,06%"
GARE11,"R$ 0,09200000",31/10/2024,07/11/2024,Rendimento,"1,01%"
HSAF11,"R$ 0,80000000",31/10/2024,07/11/2024,Rendimento,"1,01%"
HSML11,"R$ 0,80000000",31/10/2024,07/11/2024,Rendimento,"0,92%"
HTMX11,"R$ 2,36565820",31/10/2024,07/11/2024,Rendimento,"1,25%"
LIFE11,"R$ 0,13500000",31/10/2024,07/11/2024,Rendimento,"1,36%"
LVBI11,"R$ 0,83000000",31/10/2024,07/11/2024,Rendimento,"0,81%"
PORD11,"R$ 0,09100000",31/10/2024,07/11/2024,Rendimento,"1,12%"
PVBI11,"R$ 0,55000000",31/10/2024,07/11/2024,Rendimento,"0,69%"
RZTR11,"R$ 0,90000000",31/10/2024,07/11/2024,Rendimento,"1,04%"
VGHF11,"R$ 0,09000000",31/10/2024,07/11/2024,Rendimento,"1,15%"
VGRI11,"R$ 0,15000000",31/10/2024,07/11/2024,Rendimento,"1,71%"
AIEC11,"R$ 0,62000000",31/10/2024,08/11/2024,Rendimento,"1,34%"
CACR11,"R$ 1,32000000",31/10/2024,08/11/2024,Rendimento,"1,31%"
GGRC11,"R$ 0,10000000",01/11/2024,08/11/2024,Rendimento,"0,97%"
PATL11,"R$ 0,57000000",31/10/2024,08/11/2024,Rendimento,"1,08%"
HABT11,"R$ 0,90000000",31/10/2024,12/11/2024,Rendimento,"1,10%"
ICRI11,"R$ 1,45000000",31/10/2024,12/11/2024,Rendimento,"1,49%"
ITRI11,"R$ 0,85000000",31/10/2024,12/11/2024,Rendimento,"1,02%"
KNHF11,"R$ 0,90000000",31/10/2024,12/11/2024,Rendimento,"1,01%"
KNUQ11,"R$ 1,10000000",31/10/2024,12/11/2024,Rendimento,"1,06%"
KCRE11,"R$ 0,08000000",31/10/2024,13/11/2024,Rendimento,"0,90%"
KNCR11,"R$ 1,02000000",31/10/2024,13/11/2024,Rendimento,"0,98%"
KNHY11,"R$ 1,00000000",31/10/2024,13/11/2024,Rendimento,"0,97%"
KNIP11,"R$ 0,70000000",31/10/2024,13/11/2024,Rendimento,"0,76%"
KNSC11,"R$ 0,08000000",31/10/2024,13/11/2024,Rendimento,"0,90%"
VCJR11,"R$ 0,70000000",31/10/2024,13/11/2024,Rendimento,"0,83%"
AZPL11,"R$ 0,08200000",31/10/2024,14/11/2024,Rendimento,"1,10%"
BBIG11,"R$ 0,08500000",31/10/2024,14/11/2024,Rendimento,"0,92%"
BCRI11,"R$ 0,84000000",31/10/2024,14/11/2024,Rendimento,"1,30%"
BLMG11,"R$ 0,50000000",07/11/2024,14/11/2024,Rendimento,"1,46%"
BRCO11,"R$ 0,87000000",31/10/2024,14/11/2024,Rendimento,"0,81%"
BRCR11,"R$ 0,50000000",07/11/2024,14/11/2024,Rendimento,"1,14%"
BTCI11,"R$ 0,09100000",07/11/2024,14/11/2024,Rendimento,"0,99%"
BTHF11,"R$ 0,09200000",07/11/2024,14/11/2024,Rendimento,"0,00%"
CYCR11,"R$ 0,09000000",31/10/2024,14/11/2024,Rendimento,"1,03%"
DEVA11,"R$ 0,45000000",07/11/2024,14/11/2024,Rendimento,"1,35%"
FATN11,"R$ 0,85000000",06/11/2024,14/11/2024,Rendimento,"0,97%"
GTWR11,"R$ 0,79000000",31/10/2024,14/11/2024,Rendimento,"1,05%"
HCTR11,"R$ 0,37000000",07/11/2024,14/11/2024,Rendimento,"1,31%"
HFOF11,"R$ 0,05800000",31/10/2024,14/11/2024,Rendimento,"0,09%"
HGBS11,"R$ 0,16000000",31/10/2024,14/11/2024,Rendimento,"0,08%"
HGCR11,"R$ 0,95000000",31/10/2024,14/11/2024,Rendimento,"0,97%"
HGLG11,"R$ 1,10000000",31/10/2024,14/11/2024,Rendimento,"0,71%"
HGRE11,"R$ 0,78000000",31/10/2024,14/11/2024,Rendimento,"0,73%"
HGRU11,"R$ 0,90000000",31/10/2024,14/11/2024,Rendimento,"0,74%"
HSLG11,"R$ 0,74000000",31/10/2024,14/11/2024,Rendimento,"0,89%"
JSAF11,"R$ 0,09100000",31/10/2024,14/11/2024,Rendimento,"0,11%"
JSCR11,"R$ 0,92000000",31/10/2024,14/11/2024,Rendimento,"1,02%"
JSRE11,"R$ 0,48000000",31/10/2024,14/11/2024,Rendimento,"0,77%"
KFOF11,"R$ 0,75000000",31/10/2024,14/11/2024,Rendimento,"0,98%"
KISU11,"R$ 0,06600000",31/10/2024,14/11/2024,Rendimento,"0,89%"
KIVO11,"R$ 0,90000000",31/10/2024,14/11/2024,Rendimento,"1,17%"
KNRI11,"R$ 1,00000000",31/10/2024,14/11/2024,Rendimento,"0,72%"
KORE11,"R$ 1,25000000",31/10/2024,14/11/2024,Rendimento,"1,37%"
MFII11,"R$ 1,17000000",31/10/2024,14/11/2024,Rendimento,"1,16%"
MXRF11,"R$ 0,09000000",31/10/2024,14/11/2024,Rendimento,"0,93%"
OUJP11,"R$ 0,90000000",31/10/2024,14/11/2024,Rendimento,"1,14%"
PMIS11,"R$ 0,10000000",31/10/2024,14/11/2024,Rendimento,"1,09%"
PMLL11,"R$ 0,78000000",31/10/2024,14/11/2024,Rendimento,"0,77%"
RBFF11,"R$ 0,51000000",31/10/2024,14/11/2024,Rendimento,"0,97%"
RBRL11,"R$ 0,77000000",07/11/2024,14/11/2024,Rendimento,"1,05%"
RBRP11,"R$ 0,54000000",07/11/2024,14/11/2024,Rendimento,"1,00%"
RBVA11,"R$ 0,10000000",31/10/2024,14/11/2024,Rendimento,"0,10%"
RCRB11,"R$ 1,05000000",06/11/2024,14/11/2024,Rendimento,"0,81%"
RECR11,"R$ 1,08060000",07/11/2024,14/11/2024,Rendimento,"1,37%"
SPXS11,"R$ 0,10000000",07/11/2024,14/11/2024,Rendimento,"1,10%"
TEPP11,"R$ 0,07800000",31/10/2024,14/11/2024,Rendimento,"0,09%"
TGAR11,"R$ 1,15000000",31/10/2024,14/11/2024,Rendimento,"1,13%"
TRBL11,"R$ 0,62000000",31/10/2024,14/11/2024,Rendimento,"0,89%"
TRXF11,"R$ 0,93000000",31/10/2024,14/11/2024,Rendimento,"0,92%"
TVRI11,"R$ 0,98000000",31/10/2024,14/11/2024,Rendimento,"1,03%"
URPR11,"R$ 0,87000000",31/10/2024,14/11/2024,Rendimento,"1,28%"
VILG11,"R$ 0,61000000",31/10/2024,14/11/2024,Rendimento,"0,75%"
VINO11,"R$ 0,05000000",31/10/2024,14/11/2024,Rendimento,"0,98%"
VISC11,"R$ 0,80000000",31/10/2024,14/11/2024,Rendimento,"0,76%"
VRTA11,"R$ 0,80000000",31/10/2024,14/11/2024,Rendimento,"0,97%"
VRTM11,"R$ 0,08500000",31/10/2024,14/11/2024,Rendimento,"1,11%"
WHGR11,"R$ 0,10000000",31/10/2024,14/11/2024,Rendimento,"1,13%"
XPCI11,"R$ 0,80000000",31/10/2024,14/11/2024,Rendimento,"1,01%"
XPLG11,"R$ 0,78000000",31/10/2024,14/11/2024,Rendimento,"0,80%"
XPSF11,"R$ 0,07000000",31/10/2024,14/11/2024,Rendimento,"1,03%"
CCME11,"R$ 0,08000000",08/11/2024,18/11/2024,Rendimento,"0,86%"
CLIN11,"R$ 0,95000000",08/11/2024,18/11/2024,Rendimento,"1,01%"
PCIP11,"R$ 0,90000000",08/11/2024,18/11/2024,Rendimento,"1,05%"
PSEC11,"R$ 0,75000000",08/11/2024,18/11/2024,Rendimento,"1,09%"
RBRR11,"R$ 0,80000000",11/11/2024,19/11/2024,Rendimento,"0,95%"
RBRY11,"R$ 0,90000000",11/11/2024,19/11/2024,Rendimento,"0,95%"
CPTS11,"R$ 0,06200000",12/11/2024,21/11/2024,Rendimento,"0,86%"
MCCI11,"R$ 0,80000000",12/11/2024,21/11/2024,Rendimento,"0,96%"
VGIP11,"R$ 0,72000000",12/11/2024,21/11/2024,Rendimento,"0,90%"
VGIR11,"R$ 0,11000000",12/11/2024,21/11/2024,Rendimento,"1,15%"
TOPP11,"R$ 0,68000000",13/11/2024,22/11/2024,Rendimento,"0,82%"
AFHI11,"R$ 0,93000000",14/11/2024,25/11/2024,Rendimento,"0,98%"
AJFI11,"R$ 0,07000000",08/11/2024,25/11/2024,Rendimento,"0,94%"
ALZR11,"R$ 0,07750000",14/11/2024,25/11/2024,Rendimento,"0,08%"
BPML11,"R$ 1,07000000",14/11/2024,25/11/2024,Rendimento,"1,34%"
BTLG11,"R$ 0,78000000",14/11/2024,25/11/2024,Rendimento,"0,80%"
MANA11,"R$ 0,10000000",31/10/2024,25/11/2024,Rendimento,"1,17%"
RBRX11,"R$ 0,08000000",14/11/2024,25/11/2024,Rendimento,"0,97%"
RZAK11,"R$ 1,07000000",14/11/2024,25/11/2024,Rendimento,"1,35%"
RZAT11,"R$ 0,98000000",14/11/2024,25/11/2024,Rendimento,"1,13%"
SNCI11,"R$ 1,00000000",14/11/2024,25/11/2024,Rendimento,"1,11%"
SNEL11,"R$ 0,10000000",14/11/2024,25/11/2024,Rendimento,"1,12%"
SNFF11,"R$ 0,72000000",14/11/2024,25/11/2024,Rendimento,"0,87%"
XPML11,"R$ 0,92000000",14/11/2024,25/11/2024,Rendimento,"0,88%"
MCRE11,"R$ 0,10000000",18/11/2024,26/11/2024,Rendimento,"1,21%"
BROF11,"R$ 0,46000000",19/11/2024,27/11/2024,Rendimento,"0,97%"
CPSH11,"R$ 0,11000000",19/11/2024,27/11/2024,Rendimento,"1,17%"
BTAL11,"R$ 0,84000000",21/11/2024,28/11/2024,Rendimento,"1,18%"
BCIA11,"R$ 0,84000000",31/10/2024,29/11/2024,Rendimento,"0,93%"
GZIT11,"R$ 0,78000000",22/11/2024,29/11/2024,Rendimento,"1,67%"
ARRI11,"R$ 0,09000000",29/11/2024,06/12/2024,Rendimento,"1,04%"
GARE11,"R$ 0,09200000",29/11/2024,06/12/2024,Rendimento,"1,04%"
HSAF11,"R$ 0,80000000",29/11/2024,06/12/2024,Rendimento,"1,05%"
HSML11,"R$ 0,80000000",29/11/2024,06/12/2024,Rendimento,"0,96%"
HTMX11,"R$ 3,41553791",29/11/2024,06/12/2024,Rendimento,"2,22%"
LIFE11,"R$ 0,13500000",29/11/2024,06/12/2024,Rendimento,"1,45%"
LVBI11,"R$ 0,83000000",29/11/2024,06/12/2024,Rendimento,"0,85%"
PORD11,"R$ 0,08900000",29/11/2024,06/12/2024,Rendimento,"1,10%"
PVBI11,"R$ 0,55000000",29/11/2024,06/12/2024,Rendimento,"0,74%"
RZTR11,"R$ 1,15000000",29/11/2024,06/12/2024,Rendimento,"1,30%"
VGHF11,"R$ 0,09000000",29/11/2024,06/12/2024,Rendimento,"1,15%"
VGRI11,"R$ 0,15000000",29/11/2024,06/12/2024,Rendimento,"1,89%"
AIEC11,"R$ 0,62000000",29/11/2024,09/12/2024,Rendimento,"1,38%"
CACR11,"R$ 1,32000000",29/11/2024,09/12/2024,Rendimento,"1,38%"
GGRC11,"R$ 0,10000000",02/12/2024,09/12/2024,Rendimento,"1,00%"
PATL11,"R$ 0,57000000",29/11/2024,09/12/2024,Rendimento,"1,21%"
HABT11,"R$ 1,02000000",29/11/2024,11/12/2024,Rendimento,"1,36%"
ICRI11,"R$ 1,45000000",29/11/2024,11/12/2024,Rendimento,"1,53%"
ITRI11,"R$ 0,80000000",29/11/2024,11/12/2024,Rendimento,"1,00%"
KNHF11,"R$ 0,90000000",29/11/2024,11/12/2024,Rendimento,"1,06%"
KNUQ11,"R$ 1,00000000",29/11/2024,11/12/2024,Rendimento,"0,96%"
KCRE11,"R$ 0,08000000",29/11/2024,12/12/2024,Rendimento,"0,90%"
KNCR11,"R$ 0,95000000",29/11/2024,12/12/2024,Rendimento,"0,92%"
KNHY11,"R$ 1,05000000",29/11/2024,12/12/2024,Rendimento,"1,03%"
KNIP11,"R$ 0,90000000",29/11/2024,12/12/2024,Rendimento,"0,99%"
KNSC11,"R$ 0,08000000",29/11/2024,12/12/2024,Rendimento,"0,94%"
VCJR11,"R$ 0,90000000",29/11/2024,12/12/2024,Rendimento,"1,11%"
AZPL11,"R$ 0,08200000",29/11/2024,13/12/2024,Rendimento,"1,17%"
BBIG11,"R$ 0,09000000",29/11/2024,13/12/2024,Rendimento,"1,26%"
BCRI11,"R$ 0,75000000",29/11/2024,13/12/2024,Rendimento,"1,20%"
BRCO11,"R$ 0,87000000",29/11/2024,13/12/2024,Rendimento,"0,87%"
BRCR11,"R$ 0,50000000",06/12/2024,13/12/2024,Rendimento,"1,22%"
BTCI11,"R$ 0,09100000",06/12/2024,13/12/2024,Rendimento,"1,11%"
CYCR11,"R$ 0,09500000",29/11/2024,13/12/2024,Rendimento,"1,13%"
DEVA11,"R$ 0,43000000",06/12/2024,13/12/2024,Rendimento,"1,40%"
FATN11,"R$ 0,85000000",05/12/2024,13/12/2024,Rendimento,"1,05%"
GTWR11,"R$ 0,79000000",29/11/2024,13/12/2024,Rendimento,"1,08%"
HFOF11,"R$ 0,05600000",29/11/2024,13/12/2024,Rendimento,"0,10%"
HGBS11,"R$ 0,16000000",29/11/2024,13/12/2024,Rendimento,"0,08%"
HGCR11,"R$ 0,95000000",29/11/2024,13/12/2024,Rendimento,"0,98%"
HGLG11,"R$ 1,10000000",29/11/2024,13/12/2024,Rendimento,"0,72%"
HGRE11,"R$ 0,78000000",29/11/2024,13/12/2024,Rendimento,"0,77%"
HGRU11,"R$ 0,90000000",29/11/2024,13/12/2024,Rendimento,"0,78%"
HSLG11,"R$ 0,74000000",29/11/2024,13/12/2024,Rendimento,"0,90%"
JSAF11,"R$ 0,09100000",29/11/2024,13/12/2024,Rendimento,"0,11%"
JSCR11,"R$ 1,00000000",29/11/2024,13/12/2024,Rendimento,"1,30%"
JSRE11,"R$ 0,48000000",29/11/2024,13/12/2024,Rendimento,"0,82%"
KFOF11,"R$ 0,75000000",29/11/2024,13/12/2024,Rendimento,"0,99%"
KISU11,"R$ 0,06700000",29/11/2024,13/12/2024,Rendimento,"0,94%"
KIVO11,"R$ 0,90000000",29/11/2024,13/12/2024,Rendimento,"1,23%"
KNRI11,"R$ 1,00000000",29/11/2024,13/12/2024,Rendimento,"0,75%"
KORE11,"R$ 1,25000000",29/11/2024,13/12/2024,Rendimento,"1,49%"
MFII11,"R$ 1,17000000",29/11/2024,13/12/2024,Rendimento,"1,23%"
MXRF11,"R$ 0,10000000",29/11/2024,13/12/2024,Rendimento,"1,07%"
OUJP11,"R$ 0,90000000",29/11/2024,13/12/2024,Rendimento,"1,17%"
PMIS11,"R$ 0,10000000",29/11/2024,13/12/2024,Rendimento,"1,25%"
PMLL11,"R$ 0,78000000",29/11/2024,13/12/2024,Rendimento,"0,81%"
RBFF11,"R$ 0,51000000",29/11/2024,13/12/2024,Rendimento,"0,99%"
RBRL11,"R$ 0,77000000",06/12/2024,13/12/2024,Rendimento,"1,14%"
RBRP11,"R$ 0,54000000",06/12/2024,13/12/2024,Rendimento,"1,07%"
RBVA11,"R$ 0,09000000",29/11/2024,13/12/2024,Rendimento,"0,10%"
RCRB11,"R$ 1,11000000",05/12/2024,13/12/2024,Rendimento,"0,96%"
RECR11,"R$ 0,96140000",06/12/2024,13/12/2024,Rendimento,"1,33%"
SPXS11,"R$ 0,10000000",06/12/2024,13/12/2024,Rendimento,"1,18%"
TEPP11,"R$ 0,07800000",30/11/2024,13/12/2024,Rendimento,"0,00%"
TGAR11,"R$ 1,15000000",29/11/2024,13/12/2024,Rendimento,"1,17%"
TRBL11,"R$ 0,62000000",30/11/2024,13/12/2024,Rendimento,"0,00%"
TRXF11,"R$ 0,93000000",29/11/2024,13/12/2024,Rendimento,"0,91%"
TVRI11,"R$ 0,98000000",29/11/2024,13/12/2024,Rendimento,"1,09%"
URPR11,"R$ 0,88000000",29/11/2024,13/12/2024,Rendimento,"1,44%"
VILG11,"R$ 0,62000000",29/11/2024,13/12/2024,Rendimento,"0,80%"
VINO11,"R$ 0,05000000",29/11/2024,13/12/2024,Rendimento,"0,99%"
VISC11,"R$ 0,80000000",29/11/2024,13/12/2024,Rendimento,"0,82%"
VRTA11,"R$ 0,80000000",29/11/2024,13/12/2024,Rendimento,"0,99%"
VRTM11,"R$ 0,09000000",29/11/2024,13/12/2024,Rendimento,"1,25%"
WHGR11,"R$ 0,10000000",29/11/2024,13/12/2024,Rendimento,"1,12%"
XPCI11,"R$ 0,81000000",29/11/2024,13/12/2024,Rendimento,"1,04%"
XPLG11,"R$ 0,78000000",29/11/2024,13/12/2024,Rendimento,"0,83%"
XPSF11,"R$ 0,07000000",29/11/2024,13/12/2024,Rendimento,"1,08%"
CCME11,"R$ 0,08000000",09/12/2024,16/12/2024,Rendimento,"0,98%"
CLIN11,"R$ 1,00000000",09/12/2024,16/12/2024,Rendimento,"1,19%"
PCIP11,"R$ 0,90000000",09/12/2024,16/12/2024,Rendimento,"1,14%"
PSEC11,"R$ 0,75000000",09/12/2024,16/12/2024,Rendimento,"1,24%"
RBRR11,"R$ 0,80000000",10/12/2024,17/12/2024,Rendimento,"1,00%"
RBRY11,"R$ 0,95000000",10/12/2024,17/12/2024,Rendimento,"1,18%"
CPTS11,"R$ 0,07500000",11/12/2024,18/12/2024,Rendimento,"1,16%"
MCCI11,"R$ 0,80000000",11/12/2024,18/12/2024,Rendimento,"1,04%"
VGIP11,"R$ 0,82000000",11/12/2024,18/12/2024,Rendimento,"1,13%"
VGIR11,"R$ 0,11000000",11/12/2024,18/12/2024,Rendimento,"1,26%"
TOPP11,"R$ 0,84000000",12/12/2024,19/12/2024,Rendimento,"1,21%"
AFHI11,"R$ 0,95000000",13/12/2024,20/12/2024,Rendimento,"1,08%"
AJFI11,"R$ 0,07000000",06/12/2024,20/12/2024,Rendimento,"0,96%"
MANA11,"R$ 0,11000000",29/11/2024,20/12/2024,Rendimento,"1,31%"
RZAK11,"R$ 1,13000000",13/12/2024,20/12/2024,Rendimento,"1,55%"
RZAT11,"R$ 1,00000000",13/12/2024,20/12/2024,Rendimento,"1,22%"
ALZR11,"R$ 0,08055000",16/12/2024,23/12/2024,Rendimento,"0,08%"
BPML11,"R$ 1,07000000",16/12/2024,23/12/2024,Rendimento,"1,57%"
BTLG11,"R$ 0,78000000",13/12/2024,23/12/2024,Rendimento,"0,85%"
MCRE11,"R$ 0,10000000",16/12/2024,23/12/2024,Rendimento,"1,39%"
RBRX11,"R$ 0,08000000",13/12/2024,23/12/2024,Rendimento,"1,11%"
SNCI11,"R$ 1,00000000",13/12/2024,23/12/2024,Rendimento,"1,22%"
SNEL11,"R$ 0,10000000",13/12/2024,23/12/2024,Rendimento,"1,14%"
SNFF11,"R$ 0,72000000",13/12/2024,23/12/2024,Rendimento,"0,94%"
XPML11,"R$ 0,92000000",16/12/2024,23/12/2024,Rendimento,"0,94%"
BROF11,"R$ 0,50000000",17/12/2024,26/12/2024,Rendimento,"1,20%"
CPSH11,"R$ 0,11000000",17/12/2024,26/12/2024,Rendimento,"1,24%"
BTAL11,"R$ 0,84000000",18/12/2024,27/12/2024,Rendimento,"1,28%"
BTHF11,"R$ 0,09700000",18/12/2024,27/12/2024,Rendimento,"1,21%"
BCIA11,"R$ 0,84000000",29/11/2024,30/12/2024,Rendimento,"0,99%"
GZIT11,"R$ 0,78000000",19/12/2024,30/12/2024,Rendimento,"1,95%"
ARRI11,"R$ 0,09000000",30/12/2024,08/01/2025,Rendimento,"1,12%"
BLMG11,"R$ 0,90000000",23/12/2024,08/01/2025,Amortização,"3,48%"
GARE11,"R$ 0,09200000",30/12/2024,08/01/2025,Rendimento,"1,08%"
HSAF11,"R$ 1,20000000",30/12/2024,08/01/2025,Rendimento,"1,67%"
HSML11,"R$ 0,80000000",30/12/2024,08/01/2025,Rendimento,"1,10%"
HTMX11,"R$ 3,93724963",30/12/2024,08/01/2025,Rendimento,"2,48%"
LIFE11,"R$ 0,14000000",30/12/2024,08/01/2025,Rendimento,"1,62%"
LVBI11,"R$ 0,83000000",30/12/2024,08/01/2025,Rendimento,"0,85%"
PORD11,"R$ 0,08900000",30/12/2024,08/01/2025,Rendimento,"1,13%"
PVBI11,"R$ 0,55000000",30/12/2024,08/01/2025,Rendimento,"0,72%"
RZTR11,"R$ 1,10000000",30/12/2024,08/01/2025,Rendimento,"1,28%"
VGHF11,"R$ 0,09000000",30/12/2024,08/01/2025,Rendimento,"1,18%"
VGRI11,"R$ 0,15000000",30/12/2024,08/01/2025,Rendimento,"1,97%"
AIEC11,"R$ 1,22000000",30/12/2024,09/01/2025,Rendimento,"2,56%"
CACR11,"R$ 1,34000000",30/12/2024,09/01/2025,Rendimento,"1,55%"
GGRC11,"R$ 0,09500000",02/01/2025,09/01/2025,Rendimento,"0,95%"
PATL11,"R$ 0,57000000",30/12/2024,09/01/2025,Rendimento,"1,16%"
HABT11,"R$ 1,05000000",30/12/2024,10/01/2025,Rendimento,"1,34%"
ICRI11,"R$ 1,45000000",30/12/2024,13/01/2025,Rendimento,"1,67%"
ITRI11,"R$ 0,70000000",30/12/2024,13/01/2025,Rendimento,"0,97%"
KNHF11,"R$ 0,90000000",30/12/2024,13/01/2025,Rendimento,"1,08%"
KNUQ11,"R$ 1,10000000",30/12/2024,13/01/2025,Rendimento,"1,07%"
KCRE11,"R$ 0,09000000",30/12/2024,14/01/2025,Rendimento,"1,07%"
KNCR11,"R$ 1,00000000",30/12/2024,14/01/2025,Rendimento,"0,97%"
KNHY11,"R$ 1,10000000",30/12/2024,14/01/2025,Rendimento,"1,08%"
KNIP11,"R$ 1,00000000",30/12/2024,14/01/2025,Rendimento,"1,11%"
KNSC11,"R$ 0,09000000",30/12/2024,14/01/2025,Rendimento,"1,02%"
MXRF11,"R$ 0,10000000",30/12/2024,14/01/2025,Rendimento,"1,07%"
VCJR11,"R$ 0,95000000",30/12/2024,14/01/2025,Rendimento,"1,24%"
XPLG11,"R$ 0,78000000",30/12/2024,14/01/2025,Rendimento,"0,83%"
AZPL11,"R$ 0,09000000",30/12/2024,15/01/2025,Rendimento,"1,34%"
BBIG11,"R$ 0,09900000",30/12/2024,15/01/2025,Rendimento,"1,19%"
BCRI11,"R$ 0,78000000",30/12/2024,15/01/2025,Rendimento,"1,31%"
BRCO11,"R$ 0,87000000",30/12/2024,15/01/2025,Rendimento,"0,85%"
BRCR11,"R$ 0,50000000",08/01/2025,15/01/2025,Rendimento,"1,22%"
BTCI11,"R$ 0,09200000",08/01/2025,15/01/2025,Rendimento,"1,02%"
BTHF11,"R$ 0,09734730",08/01/2025,15/01/2025,Rendimento,"1,28%"
CYCR11,"R$ 0,09500000",30/12/2024,15/01/2025,Rendimento,"1,12%"
DEVA11,"R$ 0,44000000",08/01/2025,15/01/2025,Rendimento,"1,49%"
FATN11,"R$ 0,85000000",07/01/2025,15/01/2025,Rendimento,"1,07%"
GTWR11,"R$ 0,83000000",30/12/2024,15/01/2025,Rendimento,"1,16%"
HCTR11,"R$ 0,69000000",08/01/2025,15/01/2025,Rendimento,"3,87%"
HFOF11,"R$ 0,05600000",30/12/2024,15/01/2025,Rendimento,"0,10%"
HGBS11,"R$ 0,16000000",30/12/2024,15/01/2025,Rendimento,"0,09%"
HGCR11,"R$ 0,95000000",30/12/2024,15/01/2025,Rendimento,"0,98%"
HGLG11,"R$ 1,10000000",30/12/2024,15/01/2025,Rendimento,"0,70%"
HGRE11,"R$ 0,78000000",30/12/2024,15/01/2025,Rendimento,"0,75%"
HGRU11,"R$ 1,90000000",30/12/2024,15/01/2025,Rendimento,"1,61%"
HSLG11,"R$ 0,74000000",30/12/2024,15/01/2025,Rendimento,"0,97%"
JSAF11,"R$ 0,09100000",30/12/2024,15/01/2025,Rendimento,"1,17%"
JSCR11,"R$ 1,00000000",30/12/2024,15/01/2025,Rendimento,"1,19%"
JSRE11,"R$ 0,48000000",30/12/2024,15/01/2025,Rendimento,"0,83%"
KFOF11,"R$ 0,75000000",30/12/2024,15/01/2025,Rendimento,"1,06%"
KISU11,"R$ 0,06700000",30/12/2024,15/01/2025,Rendimento,"0,94%"
KIVO11,"R$ 0,95000000",30/12/2024,15/01/2025,Rendimento,"1,56%"
KNRI11,"R$ 1,00000000",30/12/2024,15/01/2025,Rendimento,"0,73%"
KORE11,"R$ 1,25000000",30/12/2024,15/01/2025,Rendimento,"1,50%"
MFII11,"R$ 1,18000000",30/12/2024,15/01/2025,Rendimento,"1,27%"
OUJP11,"R$ 1,24000000",30/12/2024,15/01/2025,Rendimento,"1,68%"
PMIS11,"R$ 0,09000000",30/12/2024,15/01/2025,Rendimento,"1,14%"
PMLL11,"R$ 0,78000000",30/12/2024,15/01/2025,Rendimento,"0,82%"
RBFF11,"R$ 0,52000000",30/12/2024,15/01/2025,Rendimento,"1,02%"
RBRL11,"R$ 0,77000000",08/01/2025,15/01/2025,Rendimento,"1,10%"
RBRP11,"R$ 0,54000000",08/01/2025,15/01/2025,Rendimento,"1,08%"
RBVA11,"R$ 0,09000000",30/12/2024,15/01/2025,Rendimento,"0,10%"
RCRB11,"R$ 0,85000000",07/01/2025,15/01/2025,Rendimento,"0,67%"
RECR11,"R$ 1,03580000",08/01/2025,15/01/2025,Rendimento,"1,38%"
SPXS11,"R$ 0,10000000",08/01/2025,15/01/2025,Rendimento,"1,20%"
TEPP11,"R$ 0,07800000",30/12/2024,15/01/2025,Rendimento,"0,10%"
TGAR11,"R$ 1,10000000",30/12/2024,15/01/2025,Rendimento,"1,25%"
TRBL11,"R$ 0,62000000",30/12/2024,15/01/2025,Rendimento,"0,89%"
TRXF11,"R$ 2,50000000",30/12/2024,15/01/2025,Rendimento,"2,43%"
TVRI11,"R$ 0,98000000",30/12/2024,15/01/2025,Rendimento,"1,13%"
URPR11,"R$ 0,88000000",30/12/2024,15/01/2025,Rendimento,"1,48%"
VILG11,"R$ 0,63000000",30/12/2024,15/01/2025,Rendimento,"0,84%"
VINO11,"R$ 0,05000000",30/12/2024,15/01/2025,Rendimento,"1,00%"
VISC11,"R$ 0,80000000",30/12/2024,15/01/2025,Rendimento,"0,82%"
VRTA11,"R$ 0,85000000",30/12/2024,15/01/2025,Rendimento,"1,07%"
VRTM11,"R$ 0,09000000",30/12/2024,15/01/2025,Rendimento,"1,31%"
WHGR11,"R$ 0,10000000",30/12/2024,15/01/2025,Rendimento,"1,15%"
XPCI11,"R$ 0,83000000",30/12/2024,15/01/2025,Rendimento,"1,06%"
XPSF11,"R$ 0,07600000",30/12/2024,15/01/2025,Rendimento,"1,19%"
CCME11,"R$ 0,08000000",09/01/2025,16/01/2025,Rendimento,"0,93%"
CLIN11,"R$ 1,00000000",09/01/2025,16/01/2025,Rendimento,"1,20%"
PCIP11,"R$ 1,05000000",09/01/2025,16/01/2025,Rendimento,"1,27%"
PSEC11,"R$ 0,75000000",09/01/2025,16/01/2025,Rendimento,"1,23%"
RBRR11,"R$ 0,82000000",10/01/2025,17/01/2025,Rendimento,"1,00%"
RBRY11,"R$ 0,97000000",10/01/2025,17/01/2025,Rendimento,"1,11%"
CPTS11,"R$ 0,07500000",13/01/2025,20/01/2025,Rendimento,"1,14%"
MCCI11,"R$ 0,80000000",13/01/2025,20/01/2025,Rendimento,"1,02%"
VGIP11,"R$ 0,92000000",13/01/2025,20/01/2025,Rendimento,"1,20%"
VGIR11,"R$ 0,10958377",13/01/2025,20/01/2025,Rendimento,"1,17%"
TOPP11,"R$ 0,84000000",14/01/2025,21/01/2025,Rendimento,"1,11%"
AFHI11,"R$ 0,95000000",15/01/2025,22/01/2025,Rendimento,"1,04%"
AJFI11,"R$ 0,07000000",08/01/2025,22/01/2025,Rendimento,"0,99%"
BTLG11,"R$ 0,86819102",15/01/2025,22/01/2025,Rendimento,"0,91%"
MANA11,"R$ 0,11000000",30/12/2024,22/01/2025,Rendimento,"1,40%"
RZAK11,"R$ 1,77405283",15/01/2025,22/01/2025,Rendimento,"2,22%"
RZAT11,"R$ 1,00000000",15/01/2025,22/01/2025,Rendimento,"1,18%"
MCRE11,"R$ 0,10000000",16/01/2025,23/01/2025,Rendimento,"1,31%"
RBRX11,"R$ 0,08000000",15/01/2025,23/01/2025,Rendimento,"1,05%"
ALZR11,"R$ 0,08055000",17/01/2025,24/01/2025,Rendimento,"0,08%"
BPML11,"R$ 1,07000000",17/01/2025,24/01/2025,Rendimento,"1,48%"
BROF11,"R$ 0,57000000",17/01/2025,24/01/2025,Rendimento,"1,21%"
CPSH11,"R$ 0,10000000",17/01/2025,24/01/2025,Rendimento,"1,11%"
SNCI11,"R$ 1,00000000",15/01/2025,24/01/2025,Rendimento,"1,15%"
SNEL11,"R$ 0,10000000",15/01/2025,24/01/2025,Rendimento,"1,14%"
SNFF11,"R$ 0,72000000",15/01/2025,24/01/2025,Rendimento,"0,94%"
XPML11,"R$ 0,92000000",17/01/2025,24/01/2025,Rendimento,"0,96%"
BTAL11,"R$ 0,84000000",20/01/2025,27/01/2025,Rendimento,"1,22%"
BCIA11,"R$ 0,95000000",30/12/2024,29/01/2025,Rendimento,"1,09%"
GZIT11,"R$ 0,78000000",24/01/2025,31/01/2025,Rendimento,"1,95%"
ARRI11,"R$ 0,09000000",31/01/2025,07/02/2025,Rendimento,"1,18%"
GARE11,"R$ 0,08300000",31/01/2025,07/02/2025,Rendimento,"1,05%"
HSAF11,"R$ 0,95000000",31/01/2025,07/02/2025,Rendimento,"1,34%"
HSML11,"R$ 0,65000000",31/01/2025,07/02/2025,Rendimento,"0,89%"
HTMX11,"R$ 1,23020015",31/01/2025,07/02/2025,Rendimento,"0,78%"
LIFE11,"R$ 0,12000000",31/01/2025,07/02/2025,Rendimento,"1,39%"
LVBI11,"R$ 0,83000000",31/01/2025,07/02/2025,Rendimento,"0,90%"
PORD11,"R$ 0,08200000",31/01/2025,07/02/2025,Rendimento,"1,09%"
PVBI11,"R$ 0,55000000",31/01/2025,07/02/2025,Rendimento,"0,77%"
RZTR11,"R$ 1,05000000",31/01/2025,07/02/2025,Rendimento,"1,26%"
VGHF11,"R$ 0,09000000",31/01/2025,07/02/2025,Rendimento,"1,26%"
VGRI11,"R$ 0,15000000",31/01/2025,07/02/2025,Rendimento,"2,07%"
AIEC11,"R$ 0,17000000",31/01/2025,10/02/2025,Rendimento,"0,36%"
CACR11,"R$ 1,30000000",31/01/2025,10/02/2025,Rendimento,"1,47%"
GGRC11,"R$ 0,09500000",03/02/2025,10/02/2025,Rendimento,"1,03%"
PATL11,"R$ 0,57000000",31/01/2025,10/02/2025,Rendimento,"1,29%"
ICRI11,"R$ 1,01000000",31/01/2025,12/02/2025,Rendimento,"1,23%"
ITRI11,"R$ 0,75000000",31/01/2025,12/02/2025,Rendimento,"1,10%"
KNHF11,"R$ 0,90000000",31/01/2025,12/02/2025,Rendimento,"1,17%"
KNUQ11,"R$ 1,25000000",31/01/2025,12/02/2025,Rendimento,"1,26%"
KCRE11,"R$ 0,11000000",31/01/2025,13/02/2025,Rendimento,"1,39%"
KNCR11,"R$ 1,07000000",31/01/2025,13/02/2025,Rendimento,"1,05%"
KNHY11,"R$ 1,20000000",31/01/2025,13/02/2025,Rendimento,"1,27%"
KNIP11,"R$ 0,95000000",31/01/2025,13/02/2025,Rendimento,"1,11%"
KNSC11,"R$ 0,10000000",31/01/2025,13/02/2025,Rendimento,"1,23%"
VCJR11,"R$ 0,95000000",31/01/2025,13/02/2025,Rendimento,"1,30%"
AZPL11,"R$ 0,09000000",31/01/2025,14/02/2025,Rendimento,"1,42%"
BBIG11,"R$ 0,08500000",31/01/2025,14/02/2025,Rendimento,"1,23%"
BCRI11,"R$ 0,84000000",31/01/2025,14/02/2025,Rendimento,"1,40%"
BLMG11,"R$ 0,35000000",07/02/2025,14/02/2025,Rendimento,"1,22%"
BRCO11,"R$ 0,87000000",31/01/2025,14/02/2025,Rendimento,"0,91%"
BRCR11,"R$ 0,48000000",07/02/2025,14/02/2025,Rendimento,"1,21%"
BTCI11,"R$ 0,09200000",07/02/2025,14/02/2025,Rendimento,"1,10%"
BTHF11,"R$ 0,09700000",07/02/2025,14/02/2025,Rendimento,"1,37%"
CYCR11,"R$ 0,10000000",31/01/2025,14/02/2025,Rendimento,"1,29%"
DEVA11,"R$ 0,41000000",07/02/2025,14/02/2025,Rendimento,"1,40%"
FATN11,"R$ 0,80000000",06/02/2025,14/02/2025,Rendimento,"1,04%"
GTWR11,"R$ 0,83000000",31/01/2025,14/02/2025,Rendimento,"1,19%"
HABT11,"R$ 1,10000000",31/01/2025,14/02/2025,Rendimento,"1,53%"
HCTR11,"R$ 0,32000000",07/02/2025,14/02/2025,Rendimento,"1,45%"
HFOF11,"R$ 0,05600000",31/01/2025,14/02/2025,Rendimento,"0,10%"
HGBS11,"R$ 0,16000000",31/01/2025,14/02/2025,Rendimento,"0,09%"
HGCR11,"R$ 1,05000000",31/01/2025,14/02/2025,Rendimento,"1,17%"
HGLG11,"R$ 1,10000000",31/01/2025,14/02/2025,Rendimento,"0,72%"
HGRE11,"R$ 0,85000000",31/01/2025,14/02/2025,Rendimento,"0,86%"
HGRU11,"R$ 0,90000000",31/01/2025,14/02/2025,Rendimento,"0,81%"
HSLG11,"R$ 0,65000000",31/01/2025,14/02/2025,Rendimento,"0,90%"
JSAF11,"R$ 0,09100000",31/01/2025,14/02/2025,Rendimento,"1,38%"
JSCR11,"R$ 0,09500000",31/01/2025,14/02/2025,Rendimento,"1,33%"
JSRE11,"R$ 0,48000000",31/01/2025,14/02/2025,Rendimento,"0,89%"
KFOF11,"R$ 0,75000000",31/01/2025,14/02/2025,Rendimento,"1,10%"
KISU11,"R$ 0,07000000",31/01/2025,14/02/2025,Rendimento,"1,06%"
KIVO11,"R$ 0,90000000",31/01/2025,14/02/2025,Rendimento,"1,54%"
KNRI11,"R$ 1,00000000",31/01/2025,14/02/2025,Rendimento,"0,76%"
KORE11,"R$ 1,25000000",31/01/2025,14/02/2025,Rendimento,"1,67%"
MFII11,"R$ 1,12000000",31/01/2025,14/02/2025,Rendimento,"1,35%"
MXRF11,"R$ 0,09000000",31/01/2025,14/02/2025,Rendimento,"0,98%"
OUJP11,"R$ 0,91000000",31/01/2025,14/02/2025,Rendimento,"1,34%"
PMIS11,"R$ 0,09000000",31/01/2025,14/02/2025,Rendimento,"1,26%"
PMLL11,"R$ 0,83000000",31/01/2025,14/02/2025,Rendimento,"0,89%"
RBFF11,"R$ 0,51000000",31/01/2025,14/02/2025,Rendimento,"1,12%"
RBRL11,"R$ 0,71000000",07/02/2025,14/02/2025,Rendimento,"1,16%"
RBRP11,"R$ 0,41000000",07/02/2025,14/02/2025,Rendimento,"0,98%"
RBRR11,"R$ 0,90000000",07/02/2025,14/02/2025,Rendimento,"1,18%"
RBVA11,"R$ 0,09000000",31/01/2025,14/02/2025,Rendimento,"0,11%"
RCRB11,"R$ 0,85000000",06/02/2025,14/02/2025,Rendimento,"0,73%"
RECR11,"R$ 1,02710000",07/02/2025,14/02/2025,Rendimento,"1,42%"
SPXS11,"R$ 0,10000000",07/02/2025,14/02/2025,Rendimento,"1,29%"
TEPP11,"R$ 0,08000000",31/01/2025,14/02/2025,Rendimento,"0,11%"
TGAR11,"R$ 1,00000000",31/01/2025,14/02/2025,Rendimento,"1,23%"
TRBL11,"R$ 0,62000000",31/01/2025,14/02/2025,Rendimento,"1,00%"
TRXF11,"R$ 0,93000000",31/01/2025,14/02/2025,Rendimento,"0,93%"
TVRI11,"R$ 1,03000000",31/01/2025,14/02/2025,Rendimento,"1,22%"
URPR11,"R$ 0,81000000",31/01/2025,14/02/2025,Rendimento,"1,38%"
VILG11,"R$ 0,65000000",31/01/2025,14/02/2025,Rendimento,"0,90%"
VINO11,"R$ 0,05000000",31/01/2025,14/02/2025,Rendimento,"1,05%"
VISC11,"R$ 0,80000000",31/01/2025,14/02/2025,Rendimento,"0,83%"
VRTA11,"R$ 0,85000000",31/01/2025,14/02/2025,Rendimento,"1,09%"
VRTM11,"R$ 0,09000000",31/01/2025,14/02/2025,Rendimento,"1,41%"
WHGR11,"R$ 0,10000000",31/01/2025,14/02/2025,Rendimento,"1,23%"
XPCI11,"R$ 0,83000000",31/01/2025,14/02/2025,Rendimento,"1,15%"
XPLG11,"R$ 0,82000000",31/01/2025,14/02/2025,Rendimento,"0,90%"
XPSF11,"R$ 0,06000000",31/01/2025,14/02/2025,Rendimento,"1,04%"
CCME11,"R$ 0,08000000",10/02/2025,17/02/2025,Rendimento,"1,05%"
CLIN11,"R$ 1,00000000",10/02/2025,17/02/2025,Rendimento,"1,29%"
PCIP11,"R$ 1,05000000",10/02/2025,17/02/2025,Rendimento,"1,36%"
PSEC11,"R$ 0,70000000",10/02/2025,17/02/2025,Rendimento,"1,21%"
RBRY11,"R$ 1,05000000",11/02/2025,18/02/2025,Rendimento,"1,24%"
CPTS11,"R$ 0,07500000",12/02/2025,19/02/2025,Rendimento,"1,19%"
MCCI11,"R$ 0,90000000",12/02/2025,19/02/2025,Rendimento,"1,19%"
VGIP11,"R$ 0,83000000",12/02/2025,19/02/2025,Rendimento,"1,08%"
VGIR11,"R$ 0,11000000",12/02/2025,19/02/2025,Rendimento,"1,20%"
TOPP11,"R$ 0,84000000",13/02/2025,20/02/2025,Rendimento,"1,23%"
AFHI11,"R$ 0,97000000",14/02/2025,21/02/2025,Rendimento,"1,10%"
AJFI11,"R$ 0,07000000",07/02/2025,21/02/2025,Rendimento,"1,02%"
MANA11,"R$ 0,10000000",31/01/2025,21/02/2025,Rendimento,"1,27%"
RBRX11,"R$ 0,08000000",14/02/2025,21/02/2025,Rendimento,"1,10%"
RZAK11,"R$ 1,20000000",14/02/2025,21/02/2025,Rendimento,"1,55%"
RZAT11,"R$ 1,00000000",14/02/2025,21/02/2025,Rendimento,"1,25%"
MCRE11,"R$ 0,11000000",17/02/2025,24/02/2025,Rendimento,"1,39%"
ALZR11,"R$ 0,08055000",18/02/2025,25/02/2025,Rendimento,"0,08%"
BPML11,"R$ 1,07000000",18/02/2025,25/02/2025,Rendimento,"1,50%"
BROF11,"R$ 0,57000000",18/02/2025,25/02/2025,Rendimento,"1,14%"
BTLG11,"R$ 0,78000000",14/02/2025,25/02/2025,Rendimento,"0,82%"
CPSH11,"R$ 0,10000000",18/02/2025,25/02/2025,Rendimento,"1,12%"
SNCI11,"R$ 1,00000000",14/02/2025,25/02/2025,Rendimento,"1,19%"
SNEL11,"R$ 0,10000000",14/02/2025,25/02/2025,Rendimento,"1,13%"
SNFF11,"R$ 0,72000000",14/02/2025,25/02/2025,Rendimento,"1,05%"
XPML11,"R$ 0,92000000",18/02/2025,25/02/2025,Rendimento,"0,93%"
BTAL11,"R$ 0,84000000",19/02/2025,26/02/2025,Rendimento,"1,19%"
BCIA11,"R$ 0,84000000",31/01/2025,28/02/2025,Rendimento,"1,07%"
GZIT11,"R$ 0,78000000",21/02/2025,28/02/2025,Rendimento,"1,79%"
ARRI11,"R$ 0,09000000",28/02/2025,11/03/2025,Rendimento,"1,13%"
GARE11,"R$ 0,08300000",28/02/2025,11/03/2025,Rendimento,"1,04%"
HSAF11,"R$ 0,95000000",28/02/2025,11/03/2025,Rendimento,"1,20%"
HSML11,"R$ 0,65000000",28/02/2025,11/03/2025,Rendimento,"0,84%"
HTMX11,"R$ 0,98170000",28/02/2025,11/03/2025,Rendimento,"0,66%"
LIFE11,"R$ 0,12000000",28/02/2025,11/03/2025,Rendimento,"1,40%"
LVBI11,"R$ 0,83000000",28/02/2025,11/03/2025,Rendimento,"0,85%"
PORD11,"R$ 0,09000000",28/02/2025,11/03/2025,Rendimento,"1,16%"
PVBI11,"R$ 0,50000000",28/02/2025,11/03/2025,Rendimento,"0,65%"
RZTR11,"R$ 1,05000000",28/02/2025,11/03/2025,Rendimento,"1,23%"
VGHF11,"R$ 0,09000000",28/02/2025,11/03/2025,Rendimento,"1,23%"
VGRI11,"R$ 0,15000000",28/02/2025,11/03/2025,Rendimento,"2,12%"
AIEC11,"R$ 0,32000000",28/02/2025,12/03/2025,Rendimento,"0,73%"
CACR11,"R$ 1,31000000",28/02/2025,12/03/2025,Rendimento,"1,45%"
GGRC11,"R$ 0,10000000",05/03/2025,12/03/2025,Rendimento,"1,05%"
HABT11,"R$ 1,08000000",28/02/2025,12/03/2025,Rendimento,"1,40%"
PATL11,"R$ 0,57000000",28/02/2025,12/03/2025,Rendimento,"1,26%"
BBIG11,"R$ 0,08000000",28/02/2025,14/03/2025,Rendimento,"1,18%"
BCRI11,"R$ 0,77000000",28/02/2025,14/03/2025,Rendimento,"1,23%"
ICRI11,"R$ 1,00000000",28/02/2025,14/03/2025,Rendimento,"1,13%"
ITRI11,"R$ 0,72000000",28/02/2025,14/03/2025,Rendimento,"1,00%"
KNHF11,"R$ 0,90000000",28/02/2025,14/03/2025,Rendimento,"1,05%"
KNUQ11,"R$ 1,22000000",28/02/2025,14/03/2025,Rendimento,"1,19%"
RBFF11,"R$ 0,51000000",28/02/2025,14/03/2025,Rendimento,"1,09%"
RBVA11,"R$ 0,09000000",28/02/2025,14/03/2025,Rendimento,"0,12%"
RCRB11,"R$ 0,85000000",06/03/2025,14/03/2025,Rendimento,"0,71%"
VRTA11,"R$ 0,85000000",28/02/2025,14/03/2025,Rendimento,"1,08%"
VRTM11,"R$ 0,09000000",28/02/2025,14/03/2025,Rendimento,"1,35%"
KCRE11,"R$ 0,10000000",28/02/2025,17/03/2025,Rendimento,"1,17%"
KNCR11,"R$ 1,07000000",28/02/2025,17/03/2025,Rendimento,"1,04%"
KNHY11,"R$ 1,10000000",28/02/2025,17/03/2025,Rendimento,"1,11%"
KNIP11,"R$ 0,90000000",28/02/2025,17/03/2025,Rendimento,"1,03%"
KNSC11,"R$ 0,09000000",28/02/2025,17/03/2025,Rendimento,"1,05%"
VCJR11,"R$ 0,95000000",28/02/2025,17/03/2025,Rendimento,"1,19%"
AZPL11,"R$ 0,09000000",28/02/2025,18/03/2025,Rendimento,"1,42%"
BLMG11,"R$ 0,35000000",11/03/2025,18/03/2025,Rendimento,"1,21%"
BRCO11,"R$ 0,87000000",28/02/2025,18/03/2025,Rendimento,"0,86%"
BRCR11,"R$ 0,45000000",11/03/2025,18/03/2025,Rendimento,"1,12%"
BTCI11,"R$ 0,09300000",11/03/2025,18/03/2025,Rendimento,"1,08%"
BTHF11,"R$ 0,09200000",11/03/2025,18/03/2025,Rendimento,"1,22%"
CYCR11,"R$ 0,10000000",28/02/2025,18/03/2025,Rendimento,"1,17%"
DEVA11,"R$ 0,43000000",11/03/2025,18/03/2025,Rendimento,"1,48%"
FATN11,"R$ 0,80000000",10/03/2025,18/03/2025,Rendimento,"1,06%"
GTWR11,"R$ 0,83000000",28/02/2025,18/03/2025,Rendimento,"1,23%"
HCTR11,"R$ 0,32000000",11/03/2025,18/03/2025,Rendimento,"1,55%"
HFOF11,"R$ 0,05600000",28/02/2025,18/03/2025,Rendimento,"0,10%"
HGBS11,"R$ 0,16000000",28/02/2025,18/03/2025,Rendimento,"0,09%"
HGCR11,"R$ 1,05000000",28/02/2025,18/03/2025,Rendimento,"1,09%"
HGLG11,"R$ 1,10000000",28/02/2025,18/03/2025,Rendimento,"0,73%"
HGRE11,"R$ 0,85000000",28/02/2025,18/03/2025,Rendimento,"0,84%"
HGRU11,"R$ 0,90000000",28/02/2025,18/03/2025,Rendimento,"0,78%"
HSLG11,"R$ 0,65000000",28/02/2025,18/03/2025,Rendimento,"0,90%"
JSAF11,"R$ 0,09100000",28/02/2025,18/03/2025,Rendimento,"1,28%"
JSCR11,"R$ 0,09500000",28/02/2025,18/03/2025,Rendimento,"1,26%"
JSRE11,"R$ 0,48000000",28/02/2025,18/03/2025,Rendimento,"0,85%"
KFOF11,"R$ 0,75000000",28/02/2025,18/03/2025,Rendimento,"1,04%"
KISU11,"R$ 0,07000000",28/02/2025,18/03/2025,Rendimento,"0,99%"
KIVO11,"R$ 0,90000000",28/02/2025,18/03/2025,Rendimento,"1,48%"
KNRI11,"R$ 1,00000000",28/02/2025,18/03/2025,Rendimento,"0,75%"
KORE11,"R$ 1,25000000",28/02/2025,18/03/2025,Rendimento,"1,62%"
MFII11,"R$ 1,11000000",28/02/2025,18/03/2025,Rendimento,"1,33%"
MXRF11,"R$ 0,09000000",28/02/2025,18/03/2025,Rendimento,"0,99%"
OUJP11,"R$ 0,93000000",28/02/2025,18/03/2025,Rendimento,"1,30%"
PMIS11,"R$ 0,09000000",28/02/2025,18/03/2025,Rendimento,"1,16%"
PMLL11,"R$ 0,85000000",28/02/2025,18/03/2025,Rendimento,"0,89%"
RBRL11,"R$ 0,75000000",11/03/2025,18/03/2025,Rendimento,"1,13%"
RBRP11,"R$ 0,41000000",11/03/2025,18/03/2025,Rendimento,"0,99%"
RECR11,"R$ 0,94690000",11/03/2025,18/03/2025,Rendimento,"1,25%"
SPXS11,"R$ 0,09100000",11/03/2025,18/03/2025,Rendimento,"1,08%"
TEPP11,"R$ 0,09500000",28/02/2025,18/03/2025,Rendimento,"0,12%"
TGAR11,"R$ 1,00000000",28/02/2025,18/03/2025,Rendimento,"1,24%"
TRBL11,"R$ 0,62000000",28/02/2025,18/03/2025,Rendimento,"1,00%"
TRXF11,"R$ 0,93000000",28/02/2025,18/03/2025,Rendimento,"0,91%"
TVRI11,"R$ 1,03000000",28/02/2025,18/03/2025,Rendimento,"1,18%"
URPR11,"R$ 0,82000000",28/02/2025,18/03/2025,Rendimento,"1,52%"
VILG11,"R$ 0,66000000",28/02/2025,18/03/2025,Rendimento,"0,85%"
VINO11,"R$ 0,05000000",28/02/2025,18/03/2025,Rendimento,"1,04%"
VISC11,"R$ 0,80000000",28/02/2025,18/03/2025,Rendimento,"0,81%"
WHGR11,"R$ 0,10000000",28/02/2025,18/03/2025,Rendimento,"1,16%"
XPCI11,"R$ 0,84000000",28/02/2025,18/03/2025,Rendimento,"1,12%"
XPLG11,"R$ 0,82000000",28/02/2025,18/03/2025,Rendimento,"0,89%"
XPSF11,"R$ 0,06000000",28/02/2025,18/03/2025,Rendimento,"1,02%"
CCME11,"R$ 0,08000000",12/03/2025,19/03/2025,Rendimento,"0,96%"
CLIN11,"R$ 1,01000000",12/03/2025,19/03/2025,Rendimento,"1,19%"
PCIP11,"R$ 1,05000000",13/03/2025,19/03/2025,Rendimento,"1,23%"
PSEC11,"R$ 0,70000000",12/03/2025,19/03/2025,Rendimento,"1,13%"
RBRR11,"R$ 0,95000000",13/03/2025,20/03/2025,Rendimento,"1,14%"
RBRY11,"R$ 1,05000000",13/03/2025,20/03/2025,Rendimento,"1,16%"
CPTS11,"R$ 0,08000000",14/03/2025,21/03/2025,Rendimento,"1,14%"
MCCI11,"R$ 0,90000000",14/03/2025,21/03/2025,Rendimento,"1,08%"
VGIP11,"R$ 0,91000000",14/03/2025,21/03/2025,Rendimento,"1,12%"
VGIR11,"R$ 0,11000000",14/03/2025,21/03/2025,Rendimento,"1,17%"
TOPP11,"R$ 0,84000000",17/03/2025,24/03/2025,Rendimento,"1,19%"
AFHI11,"R$ 0,98000000",18/03/2025,25/03/2025,Rendimento,"1,04%"
AJFI11,"R$ 0,07000000",11/03/2025,25/03/2025,Rendimento,"1,01%"
ALZR11,"R$ 0,08055000",18/03/2025,25/03/2025,Rendimento,"0,08%"
BPML11,"R$ 1,07000000",18/03/2025,25/03/2025,Rendimento,"1,34%"
BTLG11,"R$ 0,78000000",14/03/2025,25/03/2025,Rendimento,"0,81%"
MANA11,"R$ 0,10000000",28/02/2025,25/03/2025,Rendimento,"1,22%"
RBRX11,"R$ 0,08000000",18/03/2025,25/03/2025,Rendimento,"1,01%"
RZAK11,"R$ 1,30000000",18/03/2025,25/03/2025,Rendimento,"1,59%"
RZAT11,"R$ 1,10000000",18/03/2025,25/03/2025,Rendimento,"1,27%"
SNCI11,"R$ 1,00000000",14/03/2025,25/03/2025,Rendimento,"1,13%"
SNEL11,"R$ 0,10000000",14/03/2025,25/03/2025,Rendimento,"1,13%"
SNFF11,"R$ 0,72000000",14/03/2025,25/03/2025,Rendimento,"0,97%"
XPML11,"R$ 0,92000000",18/03/2025,25/03/2025,Rendimento,"0,94%"
MCRE11,"R$ 0,11000000",19/03/2025,26/03/2025,Rendimento,"1,26%"
BROF11,"R$ 0,57000000",20/03/2025,27/03/2025,Rendimento,"1,19%"
CPSH11,"R$ 0,10000000",20/03/2025,27/03/2025,Rendimento,"1,10%"
BTAL11,"R$ 0,84000000",21/03/2025,28/03/2025,Rendimento,"1,13%"
BCIA11,"R$ 0,84000000",28/02/2025,31/03/2025,Rendimento,"1,00%"
GZIT11,"R$ 0,78000000",24/03/2025,31/03/2025,Rendimento,"1,61%"
ARRI11,"R$ 0,09000000",31/03/2025,07/04/2025,Rendimento,"1,18%"
GARE11,"R$ 0,08300000",31/03/2025,07/04/2025,Rendimento,"0,96%"
HSAF11,"R$ 0,95000000",31/03/2025,07/04/2025,Rendimento,"1,20%"
HSML11,"R$ 0,65000000",31/03/2025,07/04/2025,Rendimento,"0,77%"
HTMX11,"R$ 0,79821137",31/03/2025,07/04/2025,Rendimento,"0,56%"
LIFE11,"R$ 0,12000000",31/03/2025,07/04/2025,Rendimento,"1,33%"
LVBI11,"R$ 0,75000000",31/03/2025,07/04/2025,Rendimento,"0,72%"
PORD11,"R$ 0,08800000",31/03/2025,07/04/2025,Rendimento,"1,10%"
PVBI11,"R$ 0,50000000",31/03/2025,07/04/2025,Rendimento,"0,64%"
RZTR11,"R$ 1,05000000",31/03/2025,07/04/2025,Rendimento,"1,17%"
VGHF11,"R$ 0,09000000",31/03/2025,07/04/2025,Rendimento,"1,16%"
VGRI11,"R$ 0,12000000",31/03/2025,07/04/2025,Rendimento,"1,47%"
AIEC11,"R$ 0,32000000",31/03/2025,08/04/2025,Rendimento,"0,69%"
CACR11,"R$ 1,33000000",31/03/2025,08/04/2025,Rendimento,"1,36%"
GGRC11,"R$ 0,10000000",01/04/2025,08/04/2025,Rendimento,"1,01%"
PATL11,"R$ 0,57000000",31/03/2025,08/04/2025,Rendimento,"1,19%"
ICRI11,"R$ 1,15000000",31/03/2025,10/04/2025,Rendimento,"1,24%"
ITRI11,"R$ 0,75000000",31/03/2025,10/04/2025,Rendimento,"0,99%"
KNHF11,"R$ 0,90000000",31/03/2025,10/04/2025,Rendimento,"1,02%"
KNUQ11,"R$ 1,18000000",31/03/2025,10/04/2025,Rendimento,"1,14%"
HABT11,"R$ 1,00000000",31/03/2025,11/04/2025,Rendimento,"1,21%"
KCRE11,"R$ 0,10000000",31/03/2025,11/04/2025,Rendimento,"1,14%"
KNCR11,"R$ 1,04000000",31/03/2025,11/04/2025,Rendimento,"1,00%"
KNHY11,"R$ 1,23000000",31/03/2025,11/04/2025,Rendimento,"1,22%"
KNIP11,"R$ 1,10000000",31/03/2025,11/04/2025,Rendimento,"1,22%"
KNSC11,"R$ 0,10000000",31/03/2025,11/04/2025,Rendimento,"1,16%"
VCJR11,"R$ 1,10000000",31/03/2025,11/04/2025,Rendimento,"1,32%"
AZPL11,"R$ 0,09000000",31/03/2025,14/04/2025,Rendimento,"1,23%"
BLMG11,"R$ 0,35000000",07/04/2025,14/04/2025,Rendimento,"1,12%"
BRCO11,"R$ 0,87000000",31/03/2025,14/04/2025,Rendimento,"0,82%"
BRCR11,"R$ 0,45000000",07/04/2025,14/04/2025,Rendimento,"1,11%"
BTCI11,"R$ 0,09400000",07/04/2025,14/04/2025,Rendimento,"1,07%"
BTHF11,"R$ 0,09200000",07/04/2025,14/04/2025,Rendimento,"1,21%"
CYCR11,"R$ 0,10600000",31/03/2025,14/04/2025,Rendimento,"1,22%"
DEVA11,"R$ 0,41000000",07/04/2025,14/04/2025,Rendimento,"1,35%"
FATN11,"R$ 0,80000000",04/04/2025,14/04/2025,Rendimento,"1,06%"
GTWR11,"R$ 0,83000000",31/03/2025,14/04/2025,Rendimento,"1,18%"
HCTR11,"R$ 0,30000000",07/04/2025,14/04/2025,Rendimento,"1,44%"
HFOF11,"R$ 0,05600000",31/03/2025,14/04/2025,Rendimento,"0,10%"
HGBS11,"R$ 0,16000000",31/03/2025,14/04/2025,Rendimento,"0,08%"
HGCR11,"R$ 1,05000000",31/03/2025,14/04/2025,Rendimento,"1,09%"
HGLG11,"R$ 1,10000000",31/03/2025,14/04/2025,Rendimento,"0,72%"
HGRE11,"R$ 0,85000000",31/03/2025,14/04/2025,Rendimento,"0,76%"
HGRU11,"R$ 0,90000000",31/03/2025,14/04/2025,Rendimento,"0,75%"
HSLG11,"R$ 0,65000000",31/03/2025,14/04/2025,Rendimento,"0,78%"
JSAF11,"R$ 0,09100000",31/03/2025,14/04/2025,Rendimento,"1,18%"
JSCR11,"R$ 0,09500000",31/03/2025,14/04/2025,Rendimento,"1,14%"
JSRE11,"R$ 0,48000000",31/03/2025,14/04/2025,Rendimento,"0,80%"
KFOF11,"R$ 0,75000000",31/03/2025,14/04/2025,Rendimento,"1,00%"
KISU11,"R$ 0,07000000",31/03/2025,14/04/2025,Rendimento,"0,98%"
KIVO11,"R$ 0,90000000",31/03/2025,14/04/2025,Rendimento,"1,31%"
KNRI11,"R$ 1,00000000",31/03/2025,14/04/2025,Rendimento,"0,74%"
KORE11,"R$ 1,25000000",31/03/2025,14/04/2025,Rendimento,"1,47%"
MFII11,"R$ 1,11000000",31/03/2025,14/04/2025,Rendimento,"1,34%"
MXRF11,"R$ 0,09000000",31/03/2025,14/04/2025,Rendimento,"0,98%"
OUJP11,"R$ 0,95000000",31/03/2025,14/04/2025,Rendimento,"1,19%"
PMIS11,"R$ 0,09000000",31/03/2025,14/04/2025,Rendimento,"1,14%"
PMLL11,"R$ 0,85000000",31/03/2025,14/04/2025,Rendimento,"0,84%"
RBRL11,"R$ 0,76000000",07/04/2025,14/04/2025,Rendimento,"1,03%"
RBRP11,"R$ 0,40000000",07/04/2025,14/04/2025,Rendimento,"0,89%"
RECR11,"R$ 1,15040000",07/04/2025,14/04/2025,Rendimento,"1,41%"
SPXS11,"R$ 0,09500000",07/04/2025,14/04/2025,Rendimento,"1,13%"
TEPP11,"R$ 0,09500000",31/03/2025,14/04/2025,Rendimento,"0,11%"
TGAR11,"R$ 1,00000000",31/03/2025,14/04/2025,Rendimento,"1,09%"
TRBL11,"R$ 0,58000000",31/03/2025,14/04/2025,Rendimento,"0,92%"
TRXF11,"R$ 0,93000000",31/03/2025,14/04/2025,Rendimento,"0,93%"
TVRI11,"R$ 1,03000000",31/03/2025,14/04/2025,Rendimento,"1,15%"
URPR11,"R$ 0,80000000",31/03/2025,14/04/2025,Rendimento,"1,31%"
VILG11,"R$ 0,67000000",31/03/2025,14/04/2025,Rendimento,"0,81%"
VINO11,"R$ 0,05000000",31/03/2025,14/04/2025,Rendimento,"0,95%"
VISC11,"R$ 0,80000000",31/03/2025,14/04/2025,Rendimento,"0,78%"
WHGR11,"R$ 0,10000000",31/03/2025,14/04/2025,Rendimento,"1,14%"
XPCI11,"R$ 0,85000000",31/03/2025,14/04/2025,Rendimento,"1,05%"
XPLG11,"R$ 0,82000000",31/03/2025,14/04/2025,Rendimento,"0,84%"
XPSF11,"R$ 0,06000000",31/03/2025,14/04/2025,Rendimento,"1,00%"
BBIG11,"R$ 0,08000000",31/03/2025,15/04/2025,Rendimento,"1,15%"
BCRI11,"R$ 0,76000000",31/03/2025,15/04/2025,Rendimento,"1,13%"
CCME11,"R$ 0,08400000",08/04/2025,15/04/2025,Rendimento,"0,97%"
CLIN11,"R$ 1,10000000",08/04/2025,15/04/2025,Rendimento,"1,28%"
PCIP11,"R$ 1,05000000",08/04/2025,15/04/2025,Rendimento,"1,27%"
PSEC11,"R$ 0,70000000",08/04/2025,15/04/2025,Rendimento,"1,12%"
RBFF11,"R$ 0,51000000",31/03/2025,15/04/2025,Rendimento,"0,98%"
RBVA11,"R$ 0,09000000",31/03/2025,15/04/2025,Rendimento,"0,11%"
RCRB11,"R$ 0,88000000",07/04/2025,15/04/2025,Rendimento,"0,72%"
VRTA11,"R$ 0,85000000",31/03/2025,15/04/2025,Rendimento,"1,02%"
VRTM11,"R$ 0,09000000",31/03/2025,15/04/2025,Rendimento,"1,29%"
RBRR11,"R$ 0,95000000",09/04/2025,16/04/2025,Rendimento,"1,15%"
RBRY11,"R$ 1,05000000",09/04/2025,16/04/2025,Rendimento,"1,14%"
AJFI11,"R$ 0,07000000",07/04/2025,17/04/2025,Rendimento,"0,96%"
CPTS11,"R$ 0,08200000",10/04/2025,17/04/2025,Rendimento,"1,14%"
MCCI11,"R$ 0,90000000",10/04/2025,17/04/2025,Rendimento,"1,08%"
VGIP11,"R$ 0,72000000",10/04/2025,17/04/2025,Rendimento,"0,93%"
VGIR11,"R$ 0,12000000",10/04/2025,17/04/2025,Rendimento,"1,26%"
TOPP11,"R$ 0,84000000",11/04/2025,22/04/2025,Rendimento,"1,18%"
AFHI11,"R$ 0,99000000",14/04/2025,23/04/2025,Rendimento,"1,07%"
MANA11,"R$ 0,11000000",31/03/2025,23/04/2025,Rendimento,"1,30%"
RZAK11,"R$ 1,15000000",14/04/2025,23/04/2025,Rendimento,"1,39%"
RZAT11,"R$ 1,10000000",14/04/2025,23/04/2025,Rendimento,"1,22%"
MCRE11,"R$ 0,11000000",15/04/2025,24/04/2025,Rendimento,"1,27%"
RBRX11,"R$ 0,08000000",14/04/2025,24/04/2025,Rendimento,"1,00%"
ALZR11,"R$ 0,08155000",16/04/2025,25/04/2025,Rendimento,"0,08%"
BPML11,"R$ 1,07000000",16/04/2025,25/04/2025,Rendimento,"1,34%"
BROF11,"R$ 0,59000000",16/04/2025,25/04/2025,Rendimento,"1,22%"
BTLG11,"R$ 0,78000000",15/04/2025,25/04/2025,Rendimento,"0,79%"
CPSH11,"R$ 0,10000000",16/04/2025,25/04/2025,Rendimento,"1,10%"
SNCI11,"R$ 1,00000000",15/04/2025,25/04/2025,Rendimento,"1,12%"
SNEL11,"R$ 0,10000000",15/04/2025,25/04/2025,Rendimento,"1,15%"
SNFF11,"R$ 0,72000000",15/04/2025,25/04/2025,Rendimento,"1,04%"
XPML11,"R$ 0,92000000",16/04/2025,25/04/2025,Rendimento,"0,88%"
BTAL11,"R$ 0,84000000",17/04/2025,28/04/2025,Rendimento,"1,11%"
BCIA11,"R$ 0,84000000",31/03/2025,30/04/2025,Rendimento,"1,02%"
GZIT11,"R$ 0,78000000",23/04/2025,30/04/2025,Rendimento,"1,58%"
ARRI11,"R$ 0,09000000",30/04/2025,08/05/2025,Rendimento,"1,20%"
GARE11,"R$ 0,08300000",30/04/2025,08/05/2025,Rendimento,"0,93%"
HSAF11,"R$ 0,95000000",30/04/2025,08/05/2025,Rendimento,"1,19%"
HSML11,"R$ 0,65000000",30/04/2025,08/05/2025,Rendimento,"0,76%"
HTMX11,"R$ 0,80000000",30/04/2025,08/05/2025,Rendimento,"0,56%"
LIFE11,"R$ 0,12000000",30/04/2025,08/05/2025,Rendimento,"1,35%"
LVBI11,"R$ 0,75000000",30/04/2025,08/05/2025,Rendimento,"0,73%"
PORD11,"R$ 0,09200000",30/04/2025,08/05/2025,Rendimento,"1,08%"
PVBI11,"R$ 0,50000000",30/04/2025,08/05/2025,Rendimento,"0,62%"
RZTR11,"R$ 1,05000000",30/04/2025,08/05/2025,Rendimento,"1,15%"
VGHF11,"R$ 0,09000000",30/04/2025,08/05/2025,Rendimento,"1,16%"
VGRI11,"R$ 0,12000000",30/04/2025,08/05/2025,Rendimento,"1,49%"
AIEC11,"R$ 0,32000000",30/04/2025,09/05/2025,Rendimento,"0,69%"
CACR11,"R$ 1,37000000",30/04/2025,09/05/2025,Rendimento,"1,41%"
GGRC11,"R$ 0,10000000",02/05/2025,09/05/2025,Rendimento,"0,99%"
PATL11,"R$ 0,57000000",30/04/2025,09/05/2025,Rendimento,"1,17%"
HABT11,"R$ 1,15000000",30/04/2025,12/05/2025,Rendimento,"1,37%"
ICRI11,"R$ 1,10000000",30/04/2025,13/05/2025,Rendimento,"1,15%"
ITRI11,"R$ 0,80000000",30/04/2025,13/05/2025,Rendimento,"0,98%"
KNHF11,"R$ 0,95000000",30/04/2025,13/05/2025,Rendimento,"1,04%"
KNUQ11,"R$ 1,30000000",30/04/2025,13/05/2025,Rendimento,"1,26%"
KCRE11,"R$ 0,11000000",30/04/2025,14/05/2025,Rendimento,"1,25%"
KNCR11,"R$ 1,16000000",30/04/2025,14/05/2025,Rendimento,"1,12%"
KNHY11,"R$ 1,40000000",30/04/2025,14/05/2025,Rendimento,"1,38%"
KNIP11,"R$ 1,25000000",30/04/2025,14/05/2025,Rendimento,"1,37%"
KNSC11,"R$ 0,11000000",30/04/2025,14/05/2025,Rendimento,"1,27%"
VCJR11,"R$ 1,50000000",30/04/2025,14/05/2025,Rendimento,"1,74%"
AZPL11,"R$ 0,09000000",30/04/2025,15/05/2025,Rendimento,"1,23%"
BBIG11,"R$ 0,08300000",30/04/2025,15/05/2025,Rendimento,"1,16%"
BCRI11,"R$ 0,81000000",30/04/2025,15/05/2025,Rendimento,"1,18%"
BLMG11,"R$ 0,35000000",08/05/2025,15/05/2025,Rendimento,"1,06%"
BRCO11,"R$ 0,87000000",30/04/2025,15/05/2025,Rendimento,"0,77%"
BRCR11,"R$ 0,45000000",08/05/2025,15/05/2025,Rendimento,"1,05%"
BTCI11,"R$ 0,09600000",08/05/2025,15/05/2025,Rendimento,"1,04%"
BTHF11,"R$ 0,09200000",08/05/2025,15/05/2025,Rendimento,"1,08%"
CYCR11,"R$ 0,11000000",30/04/2025,15/05/2025,Rendimento,"1,25%"
DEVA11,"R$ 0,46000000",08/05/2025,15/05/2025,Rendimento,"1,52%"
FATN11,"R$ 0,80000000",07/05/2025,15/05/2025,Rendimento,"1,02%"
GTWR11,"R$ 0,83000000",30/04/2025,15/05/2025,Rendimento,"1,17%"
HCTR11,"R$ 0,32000000",08/05/2025,15/05/2025,Rendimento,"1,44%"
HFOF11,"R$ 0,05600000",30/04/2025,15/05/2025,Rendimento,"0,09%"
HGBS11,"R$ 0,16000000",30/04/2025,15/05/2025,Rendimento,"0,08%"
HGCR11,"R$ 1,05000000",30/04/2025,15/05/2025,Rendimento,"1,09%"
HGLG11,"R$ 1,10000000",30/04/2025,15/05/2025,Rendimento,"0,68%"
HGRE11,"R$ 0,85000000",30/04/2025,15/05/2025,Rendimento,"0,72%"
HGRU11,"R$ 0,90000000",30/04/2025,15/05/2025,Rendimento,"0,72%"
HSLG11,"R$ 0,65000000",30/04/2025,15/05/2025,Rendimento,"0,78%"
JSAF11,"R$ 0,09100000",30/04/2025,15/05/2025,Rendimento,"1,14%"
JSCR11,"R$ 0,09500000",30/04/2025,15/05/2025,Rendimento,"1,15%"
JSRE11,"R$ 0,48000000",30/04/2025,15/05/2025,Rendimento,"0,75%"
KFOF11,"R$ 0,75000000",30/04/2025,15/05/2025,Rendimento,"0,91%"
KISU11,"R$ 0,07000000",30/04/2025,15/05/2025,Rendimento,"0,98%"
KIVO11,"R$ 1,00000000",30/04/2025,15/05/2025,Rendimento,"1,49%"
KNRI11,"R$ 1,00000000",30/04/2025,15/05/2025,Rendimento,"0,67%"
KORE11,"R$ 1,25000000",30/04/2025,15/05/2025,Rendimento,"1,45%"
MFII11,"R$ 1,10000000",30/04/2025,15/05/2025,Rendimento,"1,26%"
MXRF11,"R$ 0,10000000",30/04/2025,15/05/2025,Rendimento,"1,07%"
OUJP11,"R$ 1,05000000",30/04/2025,15/05/2025,Rendimento,"1,33%"
PMIS11,"R$ 0,09000000",30/04/2025,15/05/2025,Rendimento,"1,15%"
PMLL11,"R$ 0,85000000",30/04/2025,15/05/2025,Rendimento,"0,83%"
RBFF11,"R$ 0,51000000",30/04/2025,15/05/2025,Rendimento,"1,00%"
RBRL11,"R$ 0,76000000",08/05/2025,15/05/2025,Rendimento,"0,96%"
RBRP11,"R$ 0,40000000",08/05/2025,15/05/2025,Rendimento,"0,80%"
RBVA11,"R$ 0,09000000",30/04/2025,15/05/2025,Rendimento,"0,10%"
RCRB11,"R$ 0,88000000",07/05/2025,15/05/2025,Rendimento,"0,70%"
RECR11,"R$ 1,36080000",08/05/2025,15/05/2025,Rendimento,"1,61%"
SPXS11,"R$ 0,10000000",08/05/2025,15/05/2025,Rendimento,"1,14%"
TEPP11,"R$ 0,09500000",30/04/2025,15/05/2025,Rendimento,"0,11%"
TGAR11,"R$ 1,00000000",30/04/2025,15/05/2025,Rendimento,"1,11%"
TRBL11,"R$ 0,58000000",30/04/2025,15/05/2025,Rendimento,"0,89%"
TRXF11,"R$ 0,93000000",30/04/2025,15/05/2025,Rendimento,"0,89%"
TVRI11,"R$ 1,03000000",30/04/2025,15/05/2025,Rendimento,"1,15%"
URPR11,"R$ 0,69000000",30/04/2025,15/05/2025,Rendimento,"1,27%"
VILG11,"R$ 0,68000000",30/04/2025,15/05/2025,Rendimento,"0,77%"
VINO11,"R$ 0,05000000",30/04/2025,15/05/2025,Rendimento,"0,96%"
VISC11,"R$ 0,80000000",30/04/2025,15/05/2025,Rendimento,"0,75%"
VRTA11,"R$ 0,85000000",30/04/2025,15/05/2025,Rendimento,"1,01%"
VRTM11,"R$ 0,09000000",30/04/2025,15/05/2025,Rendimento,"1,24%"
WHGR11,"R$ 0,10000000",30/04/2025,15/05/2025,Rendimento,"1,15%"
XPCI11,"R$ 0,90000000",30/04/2025,15/05/2025,Rendimento,"1,12%"
XPLG11,"R$ 0,82000000",30/04/2025,15/05/2025,Rendimento,"0,81%"
XPSF11,"R$ 0,06000000",30/04/2025,15/05/2025,Rendimento,"0,94%"
CCME11,"R$ 0,08400000",09/05/2025,16/05/2025,Rendimento,"0,92%"
CLIN11,"R$ 1,15000000",09/05/2025,16/05/2025,Rendimento,"1,27%"
PCIP11,"R$ 1,05000000",09/05/2025,16/05/2025,Rendimento,"1,22%"
PSEC11,"R$ 0,70000000",09/05/2025,16/05/2025,Rendimento,"1,04%"
RBRR11,"R$ 1,00000000",12/05/2025,19/05/2025,Rendimento,"1,17%"
RBRY11,"R$ 1,10000000",12/05/2025,19/05/2025,Rendimento,"1,16%"
CPTS11,"R$ 0,08500000",13/05/2025,20/05/2025,Rendimento,"1,13%"
MCCI11,"R$ 0,90000000",13/05/2025,20/05/2025,Rendimento,"1,06%"
VGIP11,"R$ 1,13000000",13/05/2025,20/05/2025,Rendimento,"1,34%"
VGIR11,"R$ 0,12000000",13/05/2025,20/05/2025,Rendimento,"1,23%"
TOPP11,"R$ 0,84000000",14/05/2025,21/05/2025,Rendimento,"1,12%"
AFHI11,"R$ 1,00000000",15/05/2025,22/05/2025,Rendimento,"1,07%"
AJFI11,"R$ 0,07000000",08/05/2025,22/05/2025,Rendimento,"0,96%"
MANA11,"R$ 0,11000000",30/04/2025,22/05/2025,Rendimento,"1,24%"
RZAK11,"R$ 1,05000000",15/05/2025,22/05/2025,Rendimento,"1,29%"
RZAT11,"R$ 1,15000000",15/05/2025,22/05/2025,Rendimento,"1,26%"
ALZR11,"R$ 0,08155000",16/05/2025,23/05/2025,Rendimento,"0,80%"
BPML11,"R$ 1,07000000",16/05/2025,23/05/2025,Rendimento,"1,34%"
BTLG11,"R$ 0,78000000",15/05/2025,23/05/2025,Rendimento,"0,77%"
MCRE11,"R$ 0,11000000",16/05/2025,23/05/2025,Rendimento,"1,22%"
RBRX11,"R$ 0,09000000",15/05/2025,23/05/2025,Rendimento,"1,10%"
SNCI11,"R$ 1,00000000",15/05/2025,23/05/2025,Rendimento,"1,08%"
SNEL11,"R$ 0,10000000",15/05/2025,23/05/2025,Rendimento,"1,16%"
SNFF11,"R$ 0,72000000",15/05/2025,23/05/2025,Rendimento,"0,97%"
XPML11,"R$ 0,92000000",19/05/2025,23/05/2025,Rendimento,"0,87%"
BROF11,"R$ 0,60000000",19/05/2025,26/05/2025,Rendimento,"1,19%"
CPSH11,"R$ 0,10000000",19/05/2025,26/05/2025,Rendimento,"1,03%"
BTAL11,"R$ 0,90000000",20/05/2025,27/05/2025,Rendimento,"1,14%"
BCIA11,"R$ 0,84000000",30/04/2025,29/05/2025,Rendimento,"0,95%"
GZIT11,"R$ 0,78000000",23/05/2025,30/05/2025,Rendimento,"1,61%"
ARRI11,"R$ 0,09000000",30/05/2025,06/06/2025,Rendimento,"1,22%"
GARE11,"R$ 0,08300000",30/05/2025,06/06/2025,Rendimento,"0,94%"
HSAF11,"R$ 0,95000000",30/05/2025,06/06/2025,Rendimento,"1,15%"
HSML11,"R$ 0,65000000",30/05/2025,06/06/2025,Rendimento,"0,76%"
HTMX11,"R$ 1,54000000",30/05/2025,06/06/2025,Rendimento,"1,08%"
LIFE11,"R$ 0,12000000",30/05/2025,06/06/2025,Rendimento,"1,36%"
LVBI11,"R$ 0,75000000",30/05/2025,06/06/2025,Rendimento,"0,74%"
PORD11,"R$ 0,09300000",30/05/2025,06/06/2025,Rendimento,"1,10%"
PVBI11,"R$ 0,50000000",30/05/2025,06/06/2025,Rendimento,"0,63%"
RZTR11,"R$ 1,05000000",30/05/2025,06/06/2025,Rendimento,"1,12%"
VGHF11,"R$ 0,09000000",30/05/2025,06/06/2025,Rendimento,"1,16%"
VGRI11,"R$ 0,12000000",30/05/2025,06/06/2025,Rendimento,"1,46%"
AIEC11,"R$ 0,32000000",30/05/2025,09/06/2025,Rendimento,"0,70%"
CACR11,"R$ 1,41000000",30/05/2025,09/06/2025,Rendimento,"1,44%"
GGRC11,"R$ 0,10000000",02/06/2025,09/06/2025,Rendimento,"0,99%"
PATL11,"R$ 0,57000000",30/05/2025,09/06/2025,Rendimento,"1,14%"
ICRI11,"R$ 1,05000000",30/05/2025,11/06/2025,Rendimento,"1,06%"
ITRI11,"R$ 0,82000000",30/05/2025,11/06/2025,Rendimento,"0,99%"
KNHF11,"R$ 1,00000000",30/05/2025,11/06/2025,Rendimento,"1,10%"
KNUQ11,"R$ 1,35000000",30/05/2025,11/06/2025,Rendimento,"1,29%"
HABT11,"R$ 1,15000000",30/05/2025,12/06/2025,Rendimento,"1,35%"
KCRE11,"R$ 0,14000000",30/05/2025,12/06/2025,Rendimento,"1,54%"
KNCR11,"R$ 1,20000000",30/05/2025,12/06/2025,Rendimento,"1,15%"
KNHY11,"R$ 1,35000000",30/05/2025,12/06/2025,Rendimento,"1,31%"
KNIP11,"R$ 1,04000000",30/05/2025,12/06/2025,Rendimento,"1,14%"
KNSC11,"R$ 0,10000000",30/05/2025,12/06/2025,Rendimento,"1,11%"
VCJR11,"R$ 1,05000000",30/05/2025,12/06/2025,Rendimento,"1,22%"
AZPL11,"R$ 0,09000000",30/05/2025,13/06/2025,Rendimento,"1,23%"
BBIG11,"R$ 0,08000000",30/05/2025,13/06/2025,Rendimento,"1,08%"
BCRI11,"R$ 0,88000000",30/05/2025,13/06/2025,Rendimento,"1,28%"
BLMG11,"R$ 0,35000000",06/06/2025,13/06/2025,Rendimento,"0,88%"
BRCO11,"R$ 0,87000000",30/05/2025,13/06/2025,Rendimento,"0,80%"
BRCR11,"R$ 0,41000000",06/06/2025,13/06/2025,Rendimento,"0,89%"
BTCI11,"R$ 0,09800000",06/06/2025,13/06/2025,Rendimento,"1,07%"
BTHF11,"R$ 0,09200000",06/06/2025,13/06/2025,Rendimento,"1,05%"
CYCR11,"R$ 0,11500000",30/05/2025,13/06/2025,Rendimento,"1,27%"
DEVA11,"R$ 0,45000000",06/06/2025,13/06/2025,Rendimento,"1,34%"
FATN11,"R$ 0,80000000",05/06/2025,13/06/2025,Rendimento,"1,03%"
GTWR11,"R$ 0,87000000",30/05/2025,13/06/2025,Rendimento,"1,13%"
HCTR11,"R$ 0,28000000",06/06/2025,13/06/2025,Rendimento,"1,15%"
HFOF11,"R$ 0,05600000",30/05/2025,13/06/2025,Rendimento,"0,93%"
HGBS11,"R$ 0,16000000",30/05/2025,13/06/2025,Rendimento,"0,80%"
HGCR11,"R$ 1,05000000",30/05/2025,13/06/2025,Rendimento,"1,09%"
HGLG11,"R$ 1,10000000",30/05/2025,13/06/2025,Rendimento,"0,68%"
HGRE11,"R$ 0,85000000",30/05/2025,13/06/2025,Rendimento,"0,74%"
HGRU11,"R$ 0,90000000",30/05/2025,13/06/2025,Rendimento,"0,73%"
HSLG11,"R$ 0,65000000",30/05/2025,13/06/2025,Rendimento,"0,76%"
JSAF11,"R$ 0,09100000",30/05/2025,13/06/2025,Rendimento,"1,13%"
JSCR11,"R$ 0,09500000",30/05/2025,13/06/2025,Rendimento,"1,12%"
JSRE11,"R$ 0,48000000",30/05/2025,13/06/2025,Rendimento,"0,74%"
KFOF11,"R$ 0,75000000",30/05/2025,13/06/2025,Rendimento,"0,90%"
KISU11,"R$ 0,07000000",30/05/2025,13/06/2025,Rendimento,"0,98%"
KIVO11,"R$ 1,00000000",30/05/2025,13/06/2025,Rendimento,"1,47%"
KNRI11,"R$ 1,00000000",30/05/2025,13/06/2025,Rendimento,"0,68%"
KORE11,"R$ 1,25000000",30/05/2025,13/06/2025,Rendimento,"1,39%"
MFII11,"R$ 1,10000000",30/05/2025,13/06/2025,Rendimento,"1,31%"
MXRF11,"R$ 0,10000000",30/05/2025,13/06/2025,Rendimento,"1,05%"
OUJP11,"R$ 1,15000000",30/05/2025,13/06/2025,Rendimento,"1,41%"
PMIS11,"R$ 0,09000000",30/05/2025,13/06/2025,Rendimento,"1,11%"
PMLL11,"R$ 0,85000000",30/05/2025,13/06/2025,Rendimento,"0,84%"
RBFF11,"R$ 0,51000000",30/05/2025,13/06/2025,Rendimento,"0,96%"
RBRL11,"R$ 0,75000000",06/06/2025,13/06/2025,Rendimento,"0,93%"
RBRP11,"R$ 0,40000000",06/06/2025,13/06/2025,Rendimento,"0,80%"
RBVA11,"R$ 0,09000000",30/05/2025,13/06/2025,Rendimento,"1,03%"
RCRB11,"R$ 0,44000000",05/06/2025,13/06/2025,Rendimento,"0,34%"
RECR11,"R$ 1,05430000",06/06/2025,13/06/2025,Rendimento,"1,24%"
SPXS11,"R$ 0,10100000",06/06/2025,13/06/2025,Rendimento,"1,16%"
TEPP11,"R$ 0,09500000",30/05/2025,13/06/2025,Rendimento,"0,11%"
TGAR11,"R$ 1,00000000",30/05/2025,13/06/2025,Rendimento,"1,11%"
TRBL11,"R$ 0,58000000",30/05/2025,13/06/2025,Rendimento,"0,89%"
TRXF11,"R$ 0,93000000",30/05/2025,13/06/2025,Rendimento,"0,91%"
TVRI11,"R$ 1,03000000",30/05/2025,13/06/2025,Rendimento,"1,11%"
URPR11,"R$ 0,45000000",30/05/2025,13/06/2025,Rendimento,"0,92%"
VILG11,"R$ 0,69000000",30/05/2025,13/06/2025,Rendimento,"0,79%"
VINO11,"R$ 0,05000000",30/05/2025,13/06/2025,Rendimento,"0,96%"
VISC11,"R$ 0,80000000",30/05/2025,13/06/2025,Rendimento,"0,77%"
VRTA11,"R$ 0,85000000",30/05/2025,13/06/2025,Rendimento,"1,05%"
VRTM11,"R$ 0,09000000",30/05/2025,13/06/2025,Rendimento,"1,26%"
WHGR11,"R$ 0,10000000",30/05/2025,13/06/2025,Rendimento,"1,11%"
XPCI11,"R$ 0,95000000",30/05/2025,13/06/2025,Rendimento,"1,19%"
XPLG11,"R$ 0,82000000",30/05/2025,13/06/2025,Rendimento,"0,81%"
XPSF11,"R$ 0,06000000",30/05/2025,13/06/2025,Rendimento,"0,95%"
CCME11,"R$ 0,08400000",09/06/2025,16/06/2025,Rendimento,"0,95%"
CLIN11,"R$ 1,15000000",09/06/2025,16/06/2025,Rendimento,"1,25%"
PCIP11,"R$ 1,05000000",09/06/2025,16/06/2025,Rendimento,"1,22%"
PSEC11,"R$ 0,70000000",09/06/2025,16/06/2025,Rendimento,"1,06%"
RBRR11,"R$ 0,90000000",10/06/2025,17/06/2025,Rendimento,"1,03%"
RBRY11,"R$ 1,10000000",10/06/2025,17/06/2025,Rendimento,"1,20%"
CPTS11,"R$ 0,08700000",11/06/2025,18/06/2025,Rendimento,"1,20%"
MCCI11,"R$ 0,90000000",11/06/2025,18/06/2025,Rendimento,"1,05%"
VGIP11,"R$ 1,98000000",11/06/2025,18/06/2025,Rendimento,"2,37%"
VGIR11,"R$ 0,12000000",11/06/2025,18/06/2025,Rendimento,"1,26%"
TOPP11,"R$ 0,84000000",12/06/2025,20/06/2025,Rendimento,"1,18%"
AFHI11,"R$ 1,01000000",13/06/2025,23/06/2025,Rendimento,"1,10%"
AJFI11,"R$ 0,06000000",06/06/2025,23/06/2025,Rendimento,"0,81%"
BTLG11,"R$ 0,78000000",13/06/2025,23/06/2025,Rendimento,"0,77%"
MANA11,"R$ 0,11000000",30/05/2025,23/06/2025,Rendimento,"1,24%"
RZAK11,"R$ 1,15000000",13/06/2025,23/06/2025,Rendimento,"1,42%"
RZAT11,"R$ 1,15000000",13/06/2025,23/06/2025,Rendimento,"1,26%"
BPML11,"R$ 1,06000000",16/06/2025,24/06/2025,Rendimento,"1,30%"
MCRE11,"R$ 0,11000000",16/06/2025,24/06/2025,Rendimento,"1,28%"
RBRX11,"R$ 0,09000000",13/06/2025,24/06/2025,Rendimento,"1,11%"
ALZR11,"R$ 0,08155000",17/06/2025,25/06/2025,Rendimento,"0,80%"
BPML11,"R$ 0,92000000",17/06/2025,25/06/2025,Rendimento,"1,15%"
BROF11,"R$ 0,60000000",17/06/2025,25/06/2025,Rendimento,"1,15%"
CPSH11,"R$ 0,10000000",17/06/2025,25/06/2025,Rendimento,"1,04%"
SNCI11,"R$ 1,00000000",13/06/2025,25/06/2025,Rendimento,"1,09%"
SNEL11,"R$ 0,10000000",13/06/2025,25/06/2025,Rendimento,"1,17%"
SNFF11,"R$ 0,72000000",13/06/2025,25/06/2025,Rendimento,"0,99%"
XPML11,"R$ 0,92000000",17/06/2025,25/06/2025,Rendimento,"0,89%"
BTAL11,"R$ 0,90000000",18/06/2025,26/06/2025,Rendimento,"1,10%"
BCIA11,"R$ 0,84000000",30/05/2025,30/06/2025,Rendimento,"0,97%"
GZIT11,"R$ 0,78000000",23/06/2025,30/06/2025,Rendimento,"1,65%"
ARRI11,"R$ 0,09000000",30/06/2025,07/07/2025,Rendimento,"1,26%"
GARE11,"R$ 0,08300000",30/06/2025,07/07/2025,Rendimento,"0,93%"
HSAF11,"R$ 0,95000000",30/06/2025,07/07/2025,Rendimento,"1,19%"
HSML11,"R$ 0,65000000",30/06/2025,07/07/2025,Rendimento,"0,76%"
HTMX11,"R$ 1,50000000",30/06/2025,07/07/2025,Rendimento,"1,03%"
LIFE11,"R$ 0,12000000",30/06/2025,07/07/2025,Rendimento,"1,34%"
LVBI11,"R$ 0,75000000",30/06/2025,07/07/2025,Rendimento,"0,73%"
PORD11,"R$ 0,09500000",30/06/2025,07/07/2025,Rendimento,"1,11%"
PVBI11,"R$ 0,50000000",30/06/2025,07/07/2025,Rendimento,"0,66%"
RZTR11,"R$ 1,05000000",30/06/2025,07/07/2025,Rendimento,"1,11%"
VGHF11,"R$ 0,10000000",30/06/2025,07/07/2025,Rendimento,"1,29%"
VGRI11,"R$ 0,12000000",30/06/2025,07/07/2025,Rendimento,"1,41%"
AIEC11,"R$ 0,32000000",30/06/2025,08/07/2025,Rendimento,"0,70%"
CACR11,"R$ 1,45000000",30/06/2025,08/07/2025,Rendimento,"1,43%"
GGRC11,"R$ 0,10500000",01/07/2025,08/07/2025,Rendimento,"1,04%"
PATL11,"R$ 0,70000000",30/06/2025,08/07/2025,Rendimento,"1,33%"
KNHF11,"R$ 1,00000000",30/06/2025,10/07/2025,Rendimento,"1,06%"
KNUQ11,"R$ 1,40000000",30/06/2025,10/07/2025,Rendimento,"1,34%"
HABT11,"R$ 1,15000000",30/06/2025,11/07/2025,Rendimento,"1,39%"
ICRI11,"R$ 1,10000000",30/06/2025,11/07/2025,Rendimento,"1,14%"
ITRI11,"R$ 0,87000000",30/06/2025,11/07/2025,Rendimento,"1,07%"
KNCR11,"R$ 1,20000000",30/06/2025,11/07/2025,Rendimento,"1,14%"
KNHY11,"R$ 1,30000000",30/06/2025,11/07/2025,Rendimento,"1,27%"
KNIP11,"R$ 0,80000000",30/06/2025,11/07/2025,Rendimento,"0,88%"
VCJR11,"R$ 0,95000000",30/06/2025,11/07/2025,Rendimento,"1,16%"
AZPL11,"R$ 0,09000000",30/06/2025,14/07/2025,Rendimento,"1,22%"
BLMG11,"R$ 0,35000000",07/07/2025,14/07/2025,Rendimento,"0,91%"
BRCO11,"R$ 1,05000000",30/06/2025,14/07/2025,Rendimento,"0,95%"
BRCR11,"R$ 0,41000000",07/07/2025,14/07/2025,Rendimento,"0,95%"
BTCI11,"R$ 0,10000000",07/07/2025,14/07/2025,Rendimento,"1,08%"
BTHF11,"R$ 0,09200000",07/07/2025,14/07/2025,Rendimento,"1,04%"
CYCR11,"R$ 0,11600000",30/06/2025,14/07/2025,Rendimento,"1,29%"
DEVA11,"R$ 0,46000000",07/07/2025,14/07/2025,Rendimento,"1,34%"
FATN11,"R$ 0,80000000",04/07/2025,14/07/2025,Rendimento,"1,04%"
GTWR11,"R$ 0,87000000",30/06/2025,14/07/2025,Rendimento,"1,11%"
HCTR11,"R$ 0,37590000",07/07/2025,14/07/2025,Rendimento,"1,53%"
HFOF11,"R$ 0,05600000",30/06/2025,14/07/2025,Rendimento,"0,94%"
HGBS11,"R$ 0,16000000",30/06/2025,14/07/2025,Rendimento,"0,80%"
HGCR11,"R$ 1,05000000",30/06/2025,14/07/2025,Rendimento,"1,11%"
HGLG11,"R$ 1,10000000",30/06/2025,14/07/2025,Rendimento,"0,69%"
HGRE11,"R$ 2,55000000",30/06/2025,14/07/2025,Rendimento,"2,13%"
HGRU11,"R$ 1,55000000",30/06/2025,14/07/2025,Rendimento,"1,24%"
HSLG11,"R$ 0,65000000",30/06/2025,14/07/2025,Rendimento,"0,79%"
JSAF11,"R$ 0,09100000",30/06/2025,14/07/2025,Rendimento,"1,15%"
JSCR11,"R$ 0,09500000",30/06/2025,14/07/2025,Rendimento,"1,13%"
JSRE11,"R$ 0,48000000",30/06/2025,14/07/2025,Rendimento,"0,72%"
KCRE11,"R$ 0,11000000",30/06/2025,14/07/2025,Rendimento,"1,22%"
KFOF11,"R$ 0,75000000",30/06/2025,14/07/2025,Rendimento,"0,92%"
KISU11,"R$ 0,07000000",30/06/2025,14/07/2025,Rendimento,"1,01%"
KIVO11,"R$ 1,20000000",30/06/2025,14/07/2025,Rendimento,"1,70%"
KNRI11,"R$ 1,00000000",30/06/2025,14/07/2025,Rendimento,"0,69%"
KNSC11,"R$ 0,09000000",30/06/2025,14/07/2025,Rendimento,"1,01%"
KORE11,"R$ 1,25000000",30/06/2025,14/07/2025,Rendimento,"1,50%"
MFII11,"R$ 1,11000000",30/06/2025,14/07/2025,Rendimento,"1,35%"
MXRF11,"R$ 0,10000000",30/06/2025,14/07/2025,Rendimento,"1,05%"
OUJP11,"R$ 1,34000000",30/06/2025,14/07/2025,Rendimento,"1,63%"
PMIS11,"R$ 0,11000000",30/06/2025,14/07/2025,Rendimento,"1,35%"
PMLL11,"R$ 0,86000000",30/06/2025,14/07/2025,Rendimento,"0,85%"
RBRL11,"R$ 0,75000000",07/07/2025,14/07/2025,Rendimento,"0,89%"
RBRP11,"R$ 0,40000000",07/07/2025,14/07/2025,Rendimento,"0,80%"
RECR11,"R$ 1,01410000",07/07/2025,14/07/2025,Rendimento,"1,18%"
SPXS11,"R$ 0,10200000",07/07/2025,14/07/2025,Rendimento,"1,18%"
TEPP11,"R$ 0,11000000",30/06/2025,14/07/2025,Rendimento,"0,13%"
TGAR11,"R$ 1,00000000",30/06/2025,14/07/2025,Rendimento,"1,09%"
TRBL11,"R$ 0,56000000",30/06/2025,14/07/2025,Rendimento,"0,93%"
TRXF11,"R$ 1,51000000",30/06/2025,14/07/2025,Rendimento,"1,47%"
TVRI11,"R$ 1,03000000",30/06/2025,14/07/2025,Rendimento,"1,09%"
URPR11,"R$ 0,45000000",30/06/2025,14/07/2025,Rendimento,"1,12%"
VILG11,"R$ 0,70000000",30/06/2025,14/07/2025,Rendimento,"0,82%"
VINO11,"R$ 0,08500000",30/06/2025,14/07/2025,Rendimento,"1,66%"
VISC11,"R$ 0,81000000",30/06/2025,14/07/2025,Rendimento,"0,78%"
WHGR11,"R$ 0,10000000",30/06/2025,14/07/2025,Rendimento,"1,13%"
XPCI11,"R$ 1,00000000",30/06/2025,14/07/2025,Rendimento,"1,23%"
XPLG11,"R$ 0,82000000",30/06/2025,14/07/2025,Rendimento,"0,82%"
XPSF11,"R$ 0,06000000",30/06/2025,14/07/2025,Rendimento,"0,98%"
BBIG11,"R$ 0,08000000",30/06/2025,15/07/2025,Rendimento,"1,08%"
BCRI11,"R$ 0,85000000",30/06/2025,15/07/2025,Rendimento,"1,28%"
CCME11,"R$ 0,08600000",08/07/2025,15/07/2025,Rendimento,"0,95%"
CLIN11,"R$ 1,10000000",08/07/2025,15/07/2025,Rendimento,"1,19%"
PCIP11,"R$ 1,05000000",08/07/2025,15/07/2025,Rendimento,"1,22%"
PSEC11,"R$ 0,70000000",08/07/2025,15/07/2025,Rendimento,"1,07%"
RBFF11,"R$ 0,51000000",30/06/2025,15/07/2025,Rendimento,"0,98%"
RBVA11,"R$ 0,09000000",30/06/2025,15/07/2025,Rendimento,"1,06%"
RCRB11,"R$ 0,45000000",30/06/2025,15/07/2025,Rendimento,"0,33%"
VRTA11,"R$ 0,85000000",30/06/2025,15/07/2025,Rendimento,"1,04%"
VRTM11,"R$ 0,09000000",30/06/2025,15/07/2025,Rendimento,"1,27%"
RBRR11,"R$ 1,00000000",09/07/2025,16/07/2025,Rendimento,"1,11%"
RBRY11,"R$ 1,15000000",09/07/2025,16/07/2025,Rendimento,"1,22%"
CPTS11,"R$ 0,08800000",10/07/2025,17/07/2025,Rendimento,"1,18%"
MCCI11,"R$ 0,90000000",10/07/2025,17/07/2025,Rendimento,"1,03%"
VGIP11,"R$ 1,25000000",10/07/2025,17/07/2025,Rendimento,"1,48%"
VGIR11,"R$ 0,12000000",10/07/2025,17/07/2025,Rendimento,"1,26%"
TOPP11,"R$ 0,84000000",11/07/2025,18/07/2025,Rendimento,"1,18%"
AFHI11,"R$ 1,09000000",14/07/2025,21/07/2025,Rendimento,"1,17%"
AJFI11,"R$ 0,06000000",07/07/2025,21/07/2025,Rendimento,"0,82%"
MANA11,"R$ 0,11000000",30/06/2025,21/07/2025,Rendimento,"1,24%"
RZAK11,"R$ 1,15000000",14/07/2025,21/07/2025,Rendimento,"1,39%"
RZAT11,"R$ 1,05000000",14/07/2025,21/07/2025,Rendimento,"1,15%"
MCRE11,"R$ 0,11000000",15/07/2025,22/07/2025,Rendimento,"1,27%"
RBRX11,"R$ 0,09616888",14/07/2025,22/07/2025,Rendimento,"1,19%"
BROF11,"R$ 0,62000000",16/07/2025,23/07/2025,Rendimento,"1,16%"
CPSH11,"R$ 0,10000000",16/07/2025,23/07/2025,Rendimento,"1,01%"
BPML11,"R$ 1,06000000",17/07/2025,24/07/2025,Rendimento,"1,30%"
BTAL11,"R$ 0,90000000",17/07/2025,24/07/2025,Rendimento,"1,07%"
ALZR11,"R$ 0,09370000",18/07/2025,25/07/2025,Rendimento,"0,92%"
BPML11,"R$ 0,92000000",18/07/2025,25/07/2025,Rendimento,"1,16%"
BTLG11,"R$ 0,78010000",15/07/2025,25/07/2025,Rendimento,"0,77%"
SNCI11,"R$ 1,00000000",15/07/2025,25/07/2025,Rendimento,"1,11%"
SNEL11,"R$ 0,10000000",15/07/2025,25/07/2025,Rendimento,"1,16%"
SNFF11,"R$ 0,72000000",15/07/2025,25/07/2025,Rendimento,"0,98%"
XPML11,"R$ 0,92000000",18/07/2025,25/07/2025,Rendimento,"0,89%"
BCIA11,"R$ 0,84000000",30/06/2025,28/07/2025,Rendimento,"0,97%"
GZIT11,"R$ 0,78000000",24/07/2025,31/07/2025,Rendimento,"1,68%"
WHGR11,"R$ 0,03500000",24/07/2025,31/07/2025,Rendimento,"0,40%"
ARRI11,"R$ 0,09000000",31/07/2025,07/08/2025,Rendimento,"1,30%"
GARE11,"R$ 0,08300000",31/07/2025,07/08/2025,Rendimento,"0,92%"
HSAF11,"R$ 0,95000000",31/07/2025,07/08/2025,Rendimento,"1,21%"
HSML11,"R$ 0,66000000",31/07/2025,07/08/2025,Rendimento,"0,83%"
HTMX11,"R$ 1,22000000",31/07/2025,07/08/2025,Rendimento,"0,85%"
LIFE11,"R$ 0,12000000",31/07/2025,07/08/2025,Rendimento,"1,34%"
LVBI11,"R$ 0,75000000",31/07/2025,07/08/2025,Rendimento,"0,73%"
PORD11,"R$ 0,09200000",31/07/2025,07/08/2025,Rendimento,"1,10%"
PVBI11,"R$ 0,50000000",31/07/2025,07/08/2025,Rendimento,"0,67%"
RZTR11,"R$ 1,00000000",31/07/2025,07/08/2025,Rendimento,"1,10%"
VGHF11,"R$ 0,09000000",31/07/2025,07/08/2025,Rendimento,"1,17%"
VGRI11,"R$ 0,12000000",31/07/2025,07/08/2025,Rendimento,"1,37%"
AIEC11,"R$ 0,34000000",31/07/2025,08/08/2025,Rendimento,"0,74%"
CACR11,"R$ 1,35000000",31/07/2025,08/08/2025,Rendimento,"1,40%"
GGRC11,"R$ 0,10000000",01/08/2025,08/08/2025,Rendimento,"1,02%"
PATL11,"R$ 0,57000000",31/07/2025,08/08/2025,Rendimento,"1,01%"
HABT11,"R$ 1,05000000",31/07/2025,12/08/2025,Rendimento,"1,27%"
ICRI11,"R$ 1,10000000",31/07/2025,12/08/2025,Rendimento,"1,17%"
ITRI11,"R$ 0,82000000",31/07/2025,12/08/2025,Rendimento,"1,03%"
KNHF11,"R$ 1,00000000",31/07/2025,12/08/2025,Rendimento,"1,10%"
KNUQ11,"R$ 1,50000000",31/07/2025,12/08/2025,Rendimento,"1,43%"
KCRE11,"R$ 0,11000000",31/07/2025,13/08/2025,Rendimento,"1,26%"
KNCR11,"R$ 1,35000000",31/07/2025,13/08/2025,Rendimento,"1,29%"
KNHY11,"R$ 1,30000000",31/07/2025,13/08/2025,Rendimento,"1,28%"
KNIP11,"R$ 0,80000000",31/07/2025,13/08/2025,Rendimento,"0,92%"
KNSC11,"R$ 0,10000000",31/07/2025,13/08/2025,Rendimento,"1,13%"
VCJR11,"R$ 0,95000000",31/07/2025,13/08/2025,Rendimento,"1,17%"
AZPL11,"R$ 0,08000000",31/07/2025,14/08/2025,Rendimento,"1,06%"
BLMG11,"R$ 0,36000000",07/08/2025,14/08/2025,Rendimento,"1,07%"
BRCO11,"R$ 0,87000000",31/07/2025,14/08/2025,Rendimento,"0,79%"
BRCR11,"R$ 0,41000000",07/08/2025,14/08/2025,Rendimento,"0,99%"
BTCI11,"R$ 0,10000000",07/08/2025,14/08/2025,Rendimento,"1,09%"
BTHF11,"R$ 0,09200000",07/08/2025,14/08/2025,Rendimento,"1,12%"
CYCR11,"R$ 0,10600000",31/07/2025,14/08/2025,Rendimento,"1,23%"
DEVA11,"R$ 0,34000000",07/08/2025,14/08/2025,Rendimento,"1,09%"
FATN11,"R$ 0,80000000",06/08/2025,14/08/2025,Rendimento,"0,97%"
GTWR11,"R$ 0,90000000",31/07/2025,14/08/2025,Rendimento,"1,19%"
HCTR11,"R$ 0,30000000",07/08/2025,14/08/2025,Rendimento,"1,31%"
HFOF11,"R$ 0,05600000",31/07/2025,14/08/2025,Rendimento,"0,95%"
HGBS11,"R$ 0,15000000",31/07/2025,14/08/2025,Rendimento,"0,81%"
HGCR11,"R$ 1,05000000",31/07/2025,14/08/2025,Rendimento,"1,10%"
HGLG11,"R$ 1,10000000",31/07/2025,14/08/2025,Rendimento,"0,71%"
HGRE11,"R$ 0,85000000",31/07/2025,14/08/2025,Rendimento,"0,76%"
HGRU11,"R$ 0,95000000",31/07/2025,14/08/2025,Rendimento,"0,77%"
HSLG11,"R$ 0,66000000",31/07/2025,14/08/2025,Rendimento,"0,82%"
JSAF11,"R$ 0,09100000",31/07/2025,14/08/2025,Rendimento,"1,23%"
JSCR11,"R$ 0,09500000",31/07/2025,14/08/2025,Rendimento,"1,14%"
JSRE11,"R$ 0,48000000",31/07/2025,14/08/2025,Rendimento,"0,76%"
KFOF11,"R$ 0,75000000",31/07/2025,14/08/2025,Rendimento,"0,96%"
KISU11,"R$ 0,07000000",31/07/2025,14/08/2025,Rendimento,"1,02%"
KIVO11,"R$ 0,95000000",31/07/2025,14/08/2025,Rendimento,"1,39%"
KNRI11,"R$ 1,00000000",31/07/2025,14/08/2025,Rendimento,"0,70%"
KORE11,"R$ 1,25000000",31/07/2025,14/08/2025,Rendimento,"1,71%"
MFII11,"R$ 1,06000000",31/07/2025,14/08/2025,Rendimento,"1,30%"
MXRF11,"R$ 0,10000000",31/07/2025,14/08/2025,Rendimento,"1,04%"
OUJP11,"R$ 1,00000000",31/07/2025,14/08/2025,Rendimento,"1,28%"
PMIS11,"R$ 0,09200000",31/07/2025,14/08/2025,Rendimento,"1,16%"
PMLL11,"R$ 0,86000000",31/07/2025,14/08/2025,Rendimento,"0,89%"
RBRL11,"R$ 0,75000000",07/08/2025,14/08/2025,Rendimento,"0,89%"
RBRP11,"R$ 0,40000000",07/08/2025,14/08/2025,Rendimento,"0,81%"
RECR11,"R$ 0,95100000",07/08/2025,14/08/2025,Rendimento,"1,14%"
SPXS11,"R$ 0,10400000",07/08/2025,14/08/2025,Rendimento,"1,24%"
TEPP11,"R$ 0,09115473",31/07/2025,14/08/2025,Rendimento,"0,11%"
TGAR11,"R$ 1,00000000",31/07/2025,14/08/2025,Rendimento,"1,21%"
TRBL11,"R$ 0,60000000",31/07/2025,14/08/2025,Rendimento,"1,12%"
TRXF11,"R$ 0,93000000",31/07/2025,14/08/2025,Rendimento,"0,94%"
TVRI11,"R$ 1,05000000",31/07/2025,14/08/2025,Rendimento,"1,14%"
URPR11,"R$ 0,40000000",31/07/2025,14/08/2025,Rendimento,"1,04%"
VILG11,"R$ 0,72000000",31/07/2025,14/08/2025,Rendimento,"0,88%"
VINO11,"R$ 0,05000000",31/07/2025,14/08/2025,Rendimento,"0,98%"
VISC11,"R$ 0,81000000",31/07/2025,14/08/2025,Rendimento,"0,78%"
WHGR11,"R$ 0,10000000",31/07/2025,14/08/2025,Rendimento,"1,15%"
XPCI11,"R$ 0,96000000",31/07/2025,14/08/2025,Rendimento,"1,19%"
XPLG11,"R$ 0,82000000",31/07/2025,14/08/2025,Rendimento,"0,83%"
XPSF11,"R$ 0,06500000",31/07/2025,14/08/2025,Rendimento,"1,07%"
BBIG11,"R$ 0,08000000",31/07/2025,15/08/2025,Rendimento,"1,14%"
BCRI11,"R$ 0,91000000",31/07/2025,15/08/2025,Rendimento,"1,40%"
CCME11,"R$ 0,08400000",08/08/2025,15/08/2025,Rendimento,"0,96%"
CLIN11,"R$ 1,00000000",08/08/2025,15/08/2025,Rendimento,"1,12%"
PCIP11,"R$ 1,05000000",08/08/2025,15/08/2025,Rendimento,"1,22%"
PSEC11,"R$ 0,70000000",08/08/2025,15/08/2025,Rendimento,"1,11%"
RBFF11,"R$ 0,51000000",31/07/2025,15/08/2025,Rendimento,"1,00%"
RBVA11,"R$ 0,09000000",31/07/2025,15/08/2025,Rendimento,"1,07%"
RCRB11,"R$ 0,92000000",31/07/2025,15/08/2025,Rendimento,"0,72%"
VRTA11,"R$ 0,85000000",31/07/2025,15/08/2025,Rendimento,"1,10%"
VRTM11,"R$ 0,09000000",31/07/2025,15/08/2025,Rendimento,"1,28%"
RBRR11,"R$ 0,95000000",11/08/2025,18/08/2025,Rendimento,"1,08%"
RBRY11,"R$ 1,17500000",11/08/2025,18/08/2025,Rendimento,"1,28%"
CPTS11,"R$ 0,08600000",12/08/2025,19/08/2025,Rendimento,"1,18%"
MCCI11,"R$ 1,00000000",12/08/2025,19/08/2025,Rendimento,"1,16%"
VGIP11,"R$ 0,76000000",12/08/2025,19/08/2025,Rendimento,"0,93%"
VGIR11,"R$ 0,14000000",12/08/2025,19/08/2025,Rendimento,"1,46%"
TOPP11,"R$ 0,84000000",13/08/2025,20/08/2025,Rendimento,"1,21%"
AFHI11,"R$ 1,01000000",14/08/2025,21/08/2025,Rendimento,"1,10%"
AJFI11,"R$ 0,06000000",07/08/2025,21/08/2025,Rendimento,"0,83%"
MANA11,"R$ 0,11000000",31/07/2025,21/08/2025,Rendimento,"1,26%"
RZAK11,"R$ 1,15000000",14/08/2025,21/08/2025,Rendimento,"1,40%"
RZAT11,"R$ 1,05000000",14/08/2025,21/08/2025,Rendimento,"1,16%"
BPML11,"R$ 1,06000000",15/08/2025,22/08/2025,Rendimento,"1,33%"
MCRE11,"R$ 0,11000000",15/08/2025,22/08/2025,Rendimento,"1,28%"
RBRX11,"R$ 0,09000000",14/08/2025,22/08/2025,Rendimento,"1,15%"
ALZR11,"R$ 0,08255000",18/08/2025,25/08/2025,Rendimento,"0,82%"
BPML11,"R$ 0,92000000",18/08/2025,25/08/2025,Rendimento,"1,16%"
BROF11,"R$ 0,42000000",18/08/2025,25/08/2025,Rendimento,"0,76%"
BTLG11,"R$ 0,78000000",15/08/2025,25/08/2025,Rendimento,"0,79%"
CPSH11,"R$ 0,10000000",18/08/2025,25/08/2025,Rendimento,"1,05%"
SNCI11,"R$ 1,00000000",15/08/2025,25/08/2025,Rendimento,"1,15%"
SNEL11,"R$ 0,10000000",15/08/2025,25/08/2025,Rendimento,"1,18%"
SNFF11,"R$ 0,72000000",15/08/2025,25/08/2025,Rendimento,"1,04%"
XPML11,"R$ 0,92000000",18/08/2025,25/08/2025,Rendimento,"0,92%"
BTAL11,"R$ 0,90000000",19/08/2025,26/08/2025,Rendimento,"1,13%"
BCIA11,"R$ 0,84000000",31/07/2025,28/08/2025,Rendimento,"1,00%"
GZIT11,"R$ 0,78000000",22/08/2025,29/08/2025,Rendimento,"1,78%"
ARRI11,"R$ 0,09000000",29/08/2025,05/09/2025,Rendimento,"1,34%"
GARE11,"R$ 0,08300000",29/08/2025,05/09/2025,Rendimento,"0,92%"
HSAF11,"R$ 0,95000000",29/08/2025,05/09/2025,Rendimento,"1,21%"
HSML11,"R$ 0,67000000",29/08/2025,05/09/2025,Rendimento,"0,81%"
HTMX11,"R$ 1,05000000",29/08/2025,05/09/2025,Rendimento,"0,75%"
LIFE11,"R$ 0,12000000",29/08/2025,05/09/2025,Rendimento,"1,40%"
LVBI11,"R$ 0,75000000",29/08/2025,05/09/2025,Rendimento,"0,73%"
PORD11,"R$ 0,09500000",29/08/2025,05/09/2025,Rendimento,"1,20%"
PVBI11,"R$ 0,45000000",29/08/2025,05/09/2025,Rendimento,"0,59%"
RZTR11,"R$ 1,00000000",29/08/2025,05/09/2025,Rendimento,"1,09%"
VGHF11,"R$ 0,09000000",29/08/2025,05/09/2025,Rendimento,"1,16%"
VGRI11,"R$ 0,12000000",29/08/2025,05/09/2025,Rendimento,"1,36%"
CACR11,"R$ 1,35000000",29/08/2025,08/09/2025,Rendimento,"1,63%"
GGRC11,"R$ 0,10000000",01/09/2025,08/09/2025,Rendimento,"1,01%"
PATL11,"R$ 0,57000000",29/08/2025,08/09/2025,Rendimento,"0,96%"
AIEC11,"R$ 0,34000000",29/08/2025,09/09/2025,Rendimento,"0,72%"
ICRI11,"R$ 0,95000000",29/08/2025,10/09/2025,Rendimento,"1,04%"
ITRI11,"R$ 0,82000000",29/08/2025,10/09/2025,Rendimento,"1,08%"
KNHF11,"R$ 1,00000000",29/08/2025,10/09/2025,Rendimento,"1,09%"
KNUQ11,"R$ 1,40000000",29/08/2025,10/09/2025,Rendimento,"1,33%"
KCRE11,"R$ 0,09000000",29/08/2025,11/09/2025,Rendimento,"1,05%"
KNCR11,"R$ 1,35000000",29/08/2025,11/09/2025,Rendimento,"1,28%"
KNHY11,"R$ 1,30000000",29/08/2025,11/09/2025,Rendimento,"1,27%"
KNIP11,"R$ 0,70000000",29/08/2025,11/09/2025,Rendimento,"0,81%"
KNSC11,"R$ 0,09000000",29/08/2025,11/09/2025,Rendimento,"1,02%"
VCJR11,"R$ 0,90000000",29/08/2025,11/09/2025,Rendimento,"1,14%"
AZPL11,"R$ 0,07000000",29/08/2025,12/09/2025,Rendimento,"0,92%"
BLMG11,"R$ 0,36000000",05/09/2025,12/09/2025,Rendimento,"1,06%"
BRCO11,"R$ 0,87000000",29/08/2025,12/09/2025,Rendimento,"0,78%"
BRCR11,"R$ 0,41000000",05/09/2025,12/09/2025,Rendimento,"0,97%"
BTCI11,"R$ 0,10000000",05/09/2025,12/09/2025,Rendimento,"1,07%"
BTHF11,"R$ 0,09200000",05/09/2025,12/09/2025,Rendimento,"1,06%"
CYCR11,"R$ 0,10600000",29/08/2025,12/09/2025,Rendimento,"1,23%"
DEVA11,"R$ 0,32000000",05/09/2025,12/09/2025,Rendimento,"1,14%"
FATN11,"R$ 0,80000000",04/09/2025,12/09/2025,Rendimento,"0,97%"
GTWR11,"R$ 0,90000000",29/08/2025,12/09/2025,Rendimento,"1,18%"
HABT11,"R$ 1,05000000",29/08/2025,12/09/2025,Rendimento,"1,33%"
HCTR11,"R$ 0,30000000",05/09/2025,12/09/2025,Rendimento,"1,32%"
HFOF11,"R$ 0,05600000",29/08/2025,12/09/2025,Rendimento,"0,95%"
HGBS11,"R$ 0,15000000",29/08/2025,12/09/2025,Rendimento,"0,78%"
HGCR11,"R$ 1,05000000",29/08/2025,12/09/2025,Rendimento,"1,14%"
HGLG11,"R$ 1,10000000",29/08/2025,12/09/2025,Rendimento,"0,71%"
HGRE11,"R$ 0,85000000",29/08/2025,12/09/2025,Rendimento,"0,75%"
HGRU11,"R$ 0,95000000",29/08/2025,12/09/2025,Rendimento,"0,76%"
HSLG11,"R$ 0,67000000",29/08/2025,12/09/2025,Rendimento,"0,85%"
JSAF11,"R$ 0,08500000",29/08/2025,12/09/2025,Rendimento,"1,15%"
JSCR11,"R$ 0,09500000",29/08/2025,12/09/2025,Rendimento,"1,18%"
JSRE11,"R$ 0,48000000",29/08/2025,12/09/2025,Rendimento,"0,77%"
KFOF11,"R$ 0,80000000",29/08/2025,12/09/2025,Rendimento,"1,01%"
KISU11,"R$ 0,07000000",29/08/2025,12/09/2025,Rendimento,"1,04%"
KIVO11,"R$ 0,71000000",29/08/2025,12/09/2025,Rendimento,"1,10%"
KNRI11,"R$ 1,00000000",29/08/2025,12/09/2025,Rendimento,"0,71%"
KORE11,"R$ 1,25000000",29/08/2025,12/09/2025,Rendimento,"1,78%"
MFII11,"R$ 1,06000000",29/08/2025,12/09/2025,Rendimento,"1,32%"
MXRF11,"R$ 0,10000000",29/08/2025,12/09/2025,Rendimento,"1,04%"
OUJP11,"R$ 1,00000000",29/08/2025,12/09/2025,Rendimento,"1,28%"
PMIS11,"R$ 0,09200000",29/08/2025,12/09/2025,Rendimento,"1,19%"
PMLL11,"R$ 0,86000000",29/08/2025,12/09/2025,Rendimento,"0,86%"
RBRL11,"R$ 0,75000000",05/09/2025,12/09/2025,Rendimento,"0,91%"
RBRP11,"R$ 0,40000000",05/09/2025,12/09/2025,Rendimento,"0,80%"
RECR11,"R$ 0,78150000",05/09/2025,12/09/2025,Rendimento,"0,96%"
SPXS11,"R$ 0,10600000",05/09/2025,12/09/2025,Rendimento,"1,24%"
TEPP11,"R$ 0,07400000",29/08/2025,12/09/2025,Rendimento,"0,09%"
TGAR11,"R$ 1,00000000",29/08/2025,12/09/2025,Rendimento,"1,19%"
TRBL11,"R$ 0,60000000",29/08/2025,12/09/2025,Rendimento,"0,96%"
TRXF11,"R$ 0,93000000",29/08/2025,12/09/2025,Rendimento,"0,95%"
TVRI11,"R$ 1,05000000",29/08/2025,12/09/2025,Rendimento,"1,13%"
URPR11,"R$ 0,40000000",29/08/2025,12/09/2025,Rendimento,"1,13%"
VILG11,"R$ 0,72000000",29/08/2025,12/09/2025,Rendimento,"0,86%"
VINO11,"R$ 0,05000000",29/08/2025,12/09/2025,Rendimento,"1,01%"
VISC11,"R$ 0,81000000",29/08/2025,12/09/2025,Rendimento,"0,78%"
WHGR11,"R$ 0,10000000",29/08/2025,12/09/2025,Rendimento,"1,14%"
XPCI11,"R$ 0,95000000",29/08/2025,12/09/2025,Rendimento,"1,15%"
XPLG11,"R$ 0,82000000",29/08/2025,12/09/2025,Rendimento,"0,82%"
XPSF11,"R$ 0,06500000",29/08/2025,12/09/2025,Rendimento,"1,07%"
BBIG11,"R$ 0,08000000",29/08/2025,15/09/2025,Rendimento,"1,15%"
BCRI11,"R$ 0,83000000",29/08/2025,15/09/2025,Rendimento,"1,27%"
CCME11,"R$ 0,08400000",08/09/2025,15/09/2025,Rendimento,"0,94%"
CLIN11,"R$ 1,00000000",08/09/2025,15/09/2025,Rendimento,"1,12%"
PCIP11,"R$ 1,05000000",08/09/2025,15/09/2025,Rendimento,"1,23%"
PSEC11,"R$ 0,70000000",08/09/2025,15/09/2025,Rendimento,"1,10%"
RBFF11,"R$ 0,51000000",29/08/2025,15/09/2025,Rendimento,"1,07%"
RBVA11,"R$ 0,09000000",29/08/2025,15/09/2025,Rendimento,"1,03%"
RCRB11,"R$ 0,92000000",29/08/2025,15/09/2025,Rendimento,"0,70%"
VRTA11,"R$ 0,85000000",29/08/2025,15/09/2025,Rendimento,"1,12%"
VRTM11,"R$ 0,09000000",29/08/2025,15/09/2025,Rendimento,"1,31%"
RBRR11,"R$ 0,85000000",09/09/2025,16/09/2025,Rendimento,"0,97%"
RBRY11,"R$ 1,25000000",09/09/2025,16/09/2025,Rendimento,"1,30%"
CPTS11,"R$ 0,08500000",10/09/2025,17/09/2025,Rendimento,"1,14%"
MCCI11,"R$ 1,00000000",10/09/2025,17/09/2025,Rendimento,"1,12%"
VGIP11,"R$ 0,82000000",10/09/2025,17/09/2025,Rendimento,"1,01%"
VGIR11,"R$ 0,13000000",10/09/2025,17/09/2025,Rendimento,"1,34%"
TOPP11,"R$ 0,84000000",11/09/2025,18/09/2025,Rendimento,"1,21%"
AFHI11,"R$ 1,01000000",12/09/2025,19/09/2025,Rendimento,"1,09%"
AJFI11,"R$ 0,06000000",05/09/2025,19/09/2025,Rendimento,"0,78%"
MANA11,"R$ 0,11000000",29/08/2025,19/09/2025,Rendimento,"1,27%"
RZAK11,"R$ 1,15000000",12/09/2025,19/09/2025,Rendimento,"1,39%"
RZAT11,"R$ 1,00000000",12/09/2025,19/09/2025,Rendimento,"1,09%"
MCRE11,"R$ 0,11000000",15/09/2025,22/09/2025,Rendimento,"1,25%"
RBRX11,"R$ 0,09000000",12/09/2025,22/09/2025,Rendimento,"1,12%"
BROF11,"R$ 0,40000000",16/09/2025,23/09/2025,Rendimento,"0,75%"
CPSH11,"R$ 0,10000000",16/09/2025,23/09/2025,Rendimento,"0,99%"
BTAL11,"R$ 0,95000000",17/09/2025,24/09/2025,Rendimento,"1,17%"
ALZR11,"R$ 0,08355000",18/09/2025,25/09/2025,Rendimento,"0,79%"
BPML11,"R$ 0,92000000",18/09/2025,25/09/2025,Rendimento,"1,15%"
BTLG11,"R$ 0,79000000",15/09/2025,25/09/2025,Rendimento,"0,77%"
SNCI11,"R$ 1,00000000",15/09/2025,25/09/2025,Rendimento,"1,19%"
SNEL11,"R$ 0,10000000",15/09/2025,25/09/2025,Rendimento,"1,17%"
SNFF11,"R$ 0,72000000",15/09/2025,25/09/2025,Rendimento,"1,01%"
XPML11,"R$ 0,92000000",18/09/2025,25/09/2025,Rendimento,"0,87%"
BCIA11,"R$ 0,84000000",29/08/2025,26/09/2025,Rendimento,"1,00%"
GZIT11,"R$ 0,78000000",23/09/2025,30/09/2025,Rendimento,"1,74%"
ARRI11,"R$ 0,09000000",30/09/2025,07/10/2025,Rendimento,"1,36%"
GARE11,"R$ 0,08300000",30/09/2025,07/10/2025,Rendimento,"0,92%"
HSAF11,"R$ 0,95000000",30/09/2025,07/10/2025,Rendimento,"1,16%"
HSML11,"R$ 0,68000000",30/09/2025,07/10/2025,Rendimento,"0,79%"
HTMX11,"R$ 1,56000000",30/09/2025,07/10/2025,Rendimento,"1,11%"
LIFE11,"R$ 0,12000000",30/09/2025,07/10/2025,Rendimento,"1,42%"
LVBI11,"R$ 0,75000000",30/09/2025,07/10/2025,Rendimento,"0,69%"
PORD11,"R$ 0,10000000",30/09/2025,07/10/2025,Rendimento,"1,24%"
PVBI11,"R$ 0,45000000",30/09/2025,07/10/2025,Rendimento,"0,58%"
RZTR11,"R$ 1,00000000",30/09/2025,07/10/2025,Rendimento,"1,08%"
VGHF11,"R$ 0,08000000",30/09/2025,07/10/2025,Rendimento,"1,03%"
VGRI11,"R$ 0,12000000",30/09/2025,07/10/2025,Rendimento,"1,39%"
CACR11,"R$ 1,33000000",30/09/2025,08/10/2025,Rendimento,"1,75%"
GGRC11,"R$ 0,10000000",01/10/2025,08/10/2025,Rendimento,"1,00%"
PATL11,"R$ 0,57000000",30/09/2025,08/10/2025,Rendimento,"0,95%"
AIEC11,"R$ 0,34000000",30/09/2025,10/10/2025,Rendimento,"0,65%"
HABT11,"R$ 0,95000000",30/09/2025,10/10/2025,Rendimento,"1,21%"
ICRI11,"R$ 0,85000000",30/09/2025,10/10/2025,Rendimento,"0,93%"
ITRI11,"R$ 0,82000000",30/09/2025,10/10/2025,Rendimento,"1,01%"
KNHF11,"R$ 1,00000000",30/09/2025,10/10/2025,Rendimento,"1,06%"
KNUQ11,"R$ 1,25000000",30/09/2025,10/10/2025,Rendimento,"1,20%"
KCRE11,"R$ 0,09000000",30/09/2025,13/10/2025,Rendimento,"1,03%"
KNCR11,"R$ 1,35000000",30/09/2025,13/10/2025,Rendimento,"1,28%"
KNHY11,"R$ 1,00000000",30/09/2025,13/10/2025,Rendimento,"0,99%"
KNIP11,"R$ 0,60000000",30/09/2025,13/10/2025,Rendimento,"0,69%"
KNSC11,"R$ 0,10000000",30/09/2025,13/10/2025,Rendimento,"1,14%"
VCJR11,"R$ 0,81000000",30/09/2025,13/10/2025,Rendimento,"1,03%"
AZPL11,"R$ 0,07500000",30/09/2025,14/10/2025,Rendimento,"0,98%"
BLMG11,"R$ 0,36000000",07/10/2025,14/10/2025,Rendimento,"1,07%"
BRCO11,"R$ 0,87000000",30/09/2025,14/10/2025,Rendimento,"0,75%"
BRCR11,"R$ 0,41000000",07/10/2025,14/10/2025,Rendimento,"0,95%"
BTCI11,"R$ 0,10000000",07/10/2025,14/10/2025,Rendimento,"1,07%"
BTHF11,"R$ 0,09200000",07/10/2025,14/10/2025,Rendimento,"1,06%"
CYCR11,"R$ 0,10600000",30/09/2025,14/10/2025,Rendimento,"1,22%"
DEVA11,"R$ 0,35000000",07/10/2025,14/10/2025,Rendimento,"1,32%"
FATN11,"R$ 0,80000000",06/10/2025,14/10/2025,Rendimento,"0,90%"
GTWR11,"R$ 0,90000000",30/09/2025,14/10/2025,Rendimento,"1,14%"
HCTR11,"R$ 0,29000000",07/10/2025,14/10/2025,Rendimento,"1,27%"
HFOF11,"R$ 0,05600000",30/09/2025,14/10/2025,Rendimento,"0,91%"
HGBS11,"R$ 0,15000000",30/09/2025,14/10/2025,Rendimento,"0,73%"
HGCR11,"R$ 1,05000000",30/09/2025,14/10/2025,Rendimento,"1,10%"
HGLG11,"R$ 1,10000000",30/09/2025,14/10/2025,Rendimento,"0,68%"
HGRE11,"R$ 0,85000000",30/09/2025,14/10/2025,Rendimento,"0,69%"
HGRU11,"R$ 0,95000000",30/09/2025,14/10/2025,Rendimento,"0,75%"
HSLG11,"R$ 0,68000000",30/09/2025,14/10/2025,Rendimento,"0,77%"
JSAF11,"R$ 0,08500000",30/09/2025,14/10/2025,Rendimento,"1,12%"
JSCR11,"R$ 0,09500000",30/09/2025,14/10/2025,Rendimento,"1,16%"
JSRE11,"R$ 0,48000000",30/09/2025,14/10/2025,Rendimento,"0,78%"
KFOF11,"R$ 0,80000000",30/09/2025,14/10/2025,Rendimento,"1,00%"
KISU11,"R$ 0,07000000",30/09/2025,14/10/2025,Rendimento,"1,02%"
KIVO11,"R$ 1,10000000",30/09/2025,14/10/2025,Rendimento,"1,71%"
KNRI11,"R$ 1,00000000",30/09/2025,14/10/2025,Rendimento,"0,68%"
KORE11,"R$ 1,25000000",30/09/2025,14/10/2025,Rendimento,"1,72%"
MFII11,"R$ 1,07000000",30/09/2025,14/10/2025,Rendimento,"1,35%"
MXRF11,"R$ 0,10000000",30/09/2025,14/10/2025,Rendimento,"1,03%"
OUJP11,"R$ 1,20000000",30/09/2025,14/10/2025,Rendimento,"1,58%"
PMIS11,"R$ 0,09200000",30/09/2025,14/10/2025,Rendimento,"1,14%"
PMLL11,"R$ 0,86000000",30/09/2025,14/10/2025,Rendimento,"0,85%"
RBRL11,"R$ 0,75000000",07/10/2025,14/10/2025,Rendimento,"0,89%"
RBRP11,"R$ 0,40000000",07/10/2025,14/10/2025,Rendimento,"0,76%"
RECR11,"R$ 0,74220000",07/10/2025,14/10/2025,Rendimento,"0,93%"
SPXS11,"R$ 0,10900000",07/10/2025,14/10/2025,Rendimento,"1,28%"
TEPP11,"R$ 0,07400000",30/09/2025,14/10/2025,Rendimento,"0,09%"
TGAR11,"R$ 1,00000000",30/09/2025,14/10/2025,Rendimento,"1,17%"
TRBL11,"R$ 0,60000000",30/09/2025,14/10/2025,Rendimento,"0,91%"
TRXF11,"R$ 0,93000000",30/09/2025,14/10/2025,Rendimento,"0,94%"
TVRI11,"R$ 1,05000000",30/09/2025,14/10/2025,Rendimento,"1,11%"
URPR11,"R$ 0,40000000",30/09/2025,14/10/2025,Rendimento,"1,06%"
VILG11,"R$ 0,72000000",30/09/2025,14/10/2025,Rendimento,"0,81%"
VINO11,"R$ 0,05000000",30/09/2025,14/10/2025,Rendimento,"0,98%"
VISC11,"R$ 0,81000000",30/09/2025,14/10/2025,Rendimento,"0,73%"
WHGR11,"R$ 0,10000000",30/09/2025,14/10/2025,Rendimento,"1,10%"
XPCI11,"R$ 0,92000000",30/09/2025,14/10/2025,Rendimento,"1,08%"
XPLG11,"R$ 0,82000000",30/09/2025,14/10/2025,Rendimento,"0,81%"
XPSF11,"R$ 0,06500000",30/09/2025,14/10/2025,Rendimento,"1,03%"
BBIG11,"R$ 0,08000000",30/09/2025,15/10/2025,Rendimento,"1,13%"
BCRI11,"R$ 0,88000000",30/09/2025,15/10/2025,Rendimento,"1,38%"
CCME11,"R$ 0,08400000",08/10/2025,15/10/2025,Rendimento,"0,94%"
CLIN11,"R$ 1,00000000",08/10/2025,15/10/2025,Rendimento,"1,13%"
PCIP11,"R$ 0,85000000",08/10/2025,15/10/2025,Rendimento,"1,02%"
PSEC11,"R$ 0,70000000",08/10/2025,15/10/2025,Rendimento,"1,10%"
RBFF11,"R$ 0,51000000",30/09/2025,15/10/2025,Rendimento,"1,00%"
RBVA11,"R$ 0,09000000",30/09/2025,15/10/2025,Rendimento,"0,96%"
RCRB11,"R$ 0,94000000",30/09/2025,15/10/2025,Rendimento,"0,74%"
VRTA11,"R$ 0,85000000",30/09/2025,15/10/2025,Rendimento,"1,07%"
VRTM11,"R$ 0,09000000",30/09/2025,15/10/2025,Rendimento,"1,29%"
RBRR11,"R$ 0,80000000",09/10/2025,16/10/2025,Rendimento,"0,92%"
RBRY11,"R$ 1,25000000",09/10/2025,16/10/2025,Rendimento,"1,31%"
CPTS11,"R$ 0,09000000",10/10/2025,17/10/2025,Rendimento,"1,18%"
MCCI11,"R$ 1,00000000",10/10/2025,17/10/2025,Rendimento,"1,09%"
VGIP11,"R$ 0,74000000",10/10/2025,17/10/2025,Rendimento,"0,93%"
VGIR11,"R$ 0,13000000",10/10/2025,17/10/2025,Rendimento,"1,35%"
TOPP11,"R$ 0,84000000",13/10/2025,20/10/2025,Rendimento,"1,24%"
AFHI11,"R$ 1,01000000",14/10/2025,21/10/2025,Rendimento,"1,07%"
AJFI11,"R$ 0,03000000",07/10/2025,21/10/2025,Rendimento,"0,39%"
MANA11,"R$ 0,11000000",30/09/2025,21/10/2025,Rendimento,"1,22%"
RZAK11,"R$ 1,10000000",14/10/2025,21/10/2025,Rendimento,"1,32%"
RZAT11,"R$ 0,90000000",14/10/2025,21/10/2025,Rendimento,"0,99%"
MCRE11,"R$ 0,11000000",15/10/2025,22/10/2025,Rendimento,"1,24%"
RBRX11,"R$ 0,09000000",14/10/2025,22/10/2025,Rendimento,"1,15%"
BROF11,"R$ 0,53000000",16/10/2025,23/10/2025,Rendimento,"1,02%"
CPSH11,"R$ 0,10000000",16/10/2025,23/10/2025,Rendimento,"1,02%"
ALZR11,"R$ 0,08355000",17/10/2025,24/10/2025,Rendimento,"0,79%"
BPML11,"R$ 0,92000000",17/10/2025,24/10/2025,Rendimento,"1,15%"
BTAL11,"R$ 0,95000000",17/10/2025,24/10/2025,Rendimento,"1,17%"
BTLG11,"R$ 0,79000000",15/10/2025,24/10/2025,Rendimento,"0,76%"
SNCI11,"R$ 1,00000000",15/10/2025,24/10/2025,Rendimento,"1,20%"
SNEL11,"R$ 0,10000000",15/10/2025,24/10/2025,Rendimento,"1,17%"
SNFF11,"R$ 1,10000000",15/10/2025,24/10/2025,Rendimento,"1,53%"
XPML11,"R$ 0,92000000",17/10/2025,24/10/2025,Rendimento,"0,87%"
BCIA11,"R$ 0,84000000",30/09/2025,28/10/2025,Rendimento,"0,98%"
GZIT11,"R$ 0,78000000",24/10/2025,31/10/2025,Rendimento,"1,67%"
ARRI11,"R$ 0,09000000",31/10/2025,07/11/2025,Rendimento,"1,37%"
GARE11,"R$ 0,08300000",31/10/2025,07/11/2025,Rendimento,"0,92%"
HSAF11,"R$ 0,95000000",31/10/2025,07/11/2025,Rendimento,"1,24%"
HSML11,"R$ 0,70000000",31/10/2025,07/11/2025,Rendimento,"0,81%"
HTMX11,"R$ 1,56000000",31/10/2025,07/11/2025,Rendimento,"1,11%"
LIFE11,"R$ 0,12000000",31/10/2025,07/11/2025,Rendimento,"1,44%"
LVBI11,"R$ 0,75000000",31/10/2025,07/11/2025,Rendimento,"0,71%"
PORD11,"R$ 0,10000000",31/10/2025,07/11/2025,Rendimento,"1,23%"
PVBI11,"R$ 0,45000000",31/10/2025,07/11/2025,Rendimento,"0,61%"
RZTR11,"R$ 1,00000000",31/10/2025,07/11/2025,Rendimento,"1,08%"
VGHF11,"R$ 0,07000000",31/10/2025,07/11/2025,Rendimento,"0,92%"
VGRI11,"R$ 0,12000000",31/10/2025,07/11/2025,Rendimento,"1,46%"
AIEC11,"R$ 0,34000000",31/10/2025,10/11/2025,Rendimento,"0,63%"
CACR11,"R$ 1,32000000",31/10/2025,10/11/2025,Rendimento,"1,71%"
GGRC11,"R$ 0,10000000",03/11/2025,10/11/2025,Rendimento,"1,00%"
PATL11,"R$ 0,57000000",31/10/2025,10/11/2025,Rendimento,"0,94%"
HABT11,"R$ 0,95000000",31/10/2025,12/11/2025,Rendimento,"1,31%"
ICRI11,"R$ 1,00000000",31/10/2025,12/11/2025,Rendimento,"1,13%"
ITRI11,"R$ 0,82000000",31/10/2025,12/11/2025,Rendimento,"1,04%"
KNHF11,"R$ 1,00000000",31/10/2025,12/11/2025,Rendimento,"1,07%"
KNUQ11,"R$ 1,25000000",31/10/2025,12/11/2025,Rendimento,"1,19%"
KCRE11,"R$ 0,08000000",31/10/2025,13/11/2025,Rendimento,"0,93%"
KNCR11,"R$ 1,33000000",31/10/2025,13/11/2025,Rendimento,"1,26%"
KNHY11,"R$ 1,00000000",31/10/2025,13/11/2025,Rendimento,"1,00%"
KNIP11,"R$ 0,62000000",31/10/2025,13/11/2025,Rendimento,"0,70%"
KNSC11,"R$ 0,09000000",31/10/2025,13/11/2025,Rendimento,"1,03%"
VCJR11,"R$ 1,00000000",31/10/2025,13/11/2025,Rendimento,"1,29%"
AZPL11,"R$ 0,07500000",31/10/2025,14/11/2025,Rendimento,"0,98%"
BCRI11,"R$ 0,92000000",31/10/2025,14/11/2025,Rendimento,"1,45%"
BLMG11,"R$ 0,36000000",07/11/2025,14/11/2025,Rendimento,"1,09%"
BRCO11,"R$ 0,87000000",31/10/2025,14/11/2025,Rendimento,"0,75%"
BRCR11,"R$ 0,41000000",07/11/2025,14/11/2025,Rendimento,"0,99%"
BTCI11,"R$ 0,09500000",07/11/2025,14/11/2025,Rendimento,"1,01%"
BTHF11,"R$ 0,09200000",07/11/2025,14/11/2025,Rendimento,"1,07%"
CYCR11,"R$ 0,10600000",31/10/2025,14/11/2025,Rendimento,"1,24%"
DEVA11,"R$ 0,33000000",07/11/2025,14/11/2025,Rendimento,"1,32%"
FATN11,"R$ 0,80000000",06/11/2025,14/11/2025,Rendimento,"0,95%"
GTWR11,"R$ 0,90000000",31/10/2025,14/11/2025,Rendimento,"1,17%"
HCTR11,"R$ 0,29000000",07/11/2025,14/11/2025,Rendimento,"1,32%"
HFOF11,"R$ 0,05600000",31/10/2025,14/11/2025,Rendimento,"0,91%"
HGBS11,"R$ 0,15000000",31/10/2025,14/11/2025,Rendimento,"0,75%"
HGCR11,"R$ 1,00000000",31/10/2025,14/11/2025,Rendimento,"1,05%"
HGLG11,"R$ 1,10000000",31/10/2025,14/11/2025,Rendimento,"0,69%"
HGRE11,"R$ 0,85000000",31/10/2025,14/11/2025,Rendimento,"0,73%"
HGRU11,"R$ 0,95000000",31/10/2025,14/11/2025,Rendimento,"0,75%"
HSLG11,"R$ 0,70000000",31/10/2025,14/11/2025,Rendimento,"0,80%"
JSAF11,"R$ 0,08500000",31/10/2025,14/11/2025,Rendimento,"1,15%"
JSCR11,"R$ 0,09500000",31/10/2025,14/11/2025,Rendimento,"1,18%"
JSRE11,"R$ 0,48000000",31/10/2025,14/11/2025,Rendimento,"0,76%"
KFOF11,"R$ 0,80000000",31/10/2025,14/11/2025,Rendimento,"0,98%"
KISU11,"R$ 0,07000000",31/10/2025,14/11/2025,Rendimento,"1,03%"
KIVO11,"R$ 0,85000000",31/10/2025,14/11/2025,Rendimento,"1,36%"
KNRI11,"R$ 1,00000000",31/10/2025,14/11/2025,Rendimento,"0,68%"
KORE11,"R$ 1,25000000",31/10/2025,14/11/2025,Rendimento,"1,78%"
MFII11,"R$ 1,07000000",31/10/2025,14/11/2025,Rendimento,"1,40%"
MXRF11,"R$ 0,10000000",31/10/2025,14/11/2025,Rendimento,"1,04%"
OUJP11,"R$ 1,05000000",31/10/2025,14/11/2025,Rendimento,"1,38%"
PMIS11,"R$ 0,09200000",31/10/2025,14/11/2025,Rendimento,"1,17%"
PMLL11,"R$ 0,86000000",31/10/2025,14/11/2025,Rendimento,"0,85%"
RBFF11,"R$ 0,51000000",31/10/2025,14/11/2025,Rendimento,"1,04%"
RBRL11,"R$ 0,75000000",07/11/2025,14/11/2025,Rendimento,"0,87%"
RBRP11,"R$ 0,40000000",07/11/2025,14/11/2025,Rendimento,"0,78%"
RBVA11,"R$ 0,09000000",31/10/2025,14/11/2025,Rendimento,"0,93%"
RCRB11,"R$ 0,94000000",31/10/2025,14/11/2025,Rendimento,"0,73%"
RECR11,"R$ 0,80370000",07/11/2025,14/11/2025,Rendimento,"1,03%"
SPXS11,"R$ 0,10900000",07/11/2025,14/11/2025,Rendimento,"1,28%"
TEPP11,"R$ 0,07400000",31/10/2025,14/11/2025,Rendimento,"0,09%"
TGAR11,"R$ 1,00000000",31/10/2025,14/11/2025,Rendimento,"1,17%"
TRBL11,"R$ 0,60000000",31/10/2025,14/11/2025,Rendimento,"0,95%"
TRXF11,"R$ 0,93000000",31/10/2025,14/11/2025,Rendimento,"0,92%"
TVRI11,"R$ 1,05000000",31/10/2025,14/11/2025,Rendimento,"1,12%"
URPR11,"R$ 0,35000000",31/10/2025,14/11/2025,Rendimento,"1,04%"
VILG11,"R$ 0,72000000",31/10/2025,14/11/2025,Rendimento,"0,79%"
VINO11,"R$ 0,05000000",31/10/2025,14/11/2025,Rendimento,"1,00%"
VISC11,"R$ 0,81000000",31/10/2025,14/11/2025,Rendimento,"0,76%"
VRTA11,"R$ 0,85000000",31/10/2025,14/11/2025,Rendimento,"1,09%"
VRTM11,"R$ 0,09000000",31/10/2025,14/11/2025,Rendimento,"1,31%"
WHGR11,"R$ 0,10000000",31/10/2025,14/11/2025,Rendimento,"1,11%"
XPCI11,"R$ 0,90000000",31/10/2025,14/11/2025,Rendimento,"1,08%"
XPLG11,"R$ 0,82000000",31/10/2025,14/11/2025,Rendimento,"0,81%"
XPSF11,"R$ 0,06500000",31/10/2025,14/11/2025,Rendimento,"1,03%"
BBIG11,"R$ 0,08000000",31/10/2025,17/11/2025,Rendimento,"1,14%"
CCME11,"R$ 0,08400000",10/11/2025,17/11/2025,Rendimento,"0,97%"
CLIN11,"R$ 0,95000000",10/11/2025,17/11/2025,Rendimento,"1,10%"
PCIP11,"R$ 0,90000000",10/11/2025,17/11/2025,Rendimento,"1,10%"
PSEC11,"R$ 0,70000000",10/11/2025,17/11/2025,Rendimento,"1,15%"
RBRR11,"R$ 0,70000000",11/11/2025,18/11/2025,Rendimento,"0,82%"
RBRY11,"R$ 1,25000000",11/11/2025,18/11/2025,Rendimento,"1,29%"
CPTS11,"R$ 0,09000000",12/11/2025,19/11/2025,Rendimento,"1,20%"
MCCI11,"R$ 1,00000000",12/11/2025,19/11/2025,Rendimento,"1,13%"
VGIP11,"R$ 0,65000000",12/11/2025,19/11/2025,Rendimento,"0,86%"
VGIR11,"R$ 0,13000000",12/11/2025,19/11/2025,Rendimento,"1,38%"
TOPP11,"R$ 0,84000000",13/11/2025,21/11/2025,Rendimento,"1,21%"
AFHI11,"R$ 1,01000000",14/11/2025,24/11/2025,Rendimento,"1,06%"
AJFI11,"R$ 0,04500000",07/11/2025,24/11/2025,Rendimento,"0,57%"
MANA11,"R$ 0,11000000",31/10/2025,24/11/2025,Rendimento,"1,24%"
RZAK11,"R$ 1,10000000",14/11/2025,24/11/2025,Rendimento,"1,33%"
RZAT11,"R$ 0,85000000",14/11/2025,24/11/2025,Rendimento,"0,96%"
ALZR11,"R$ 0,08355000",17/11/2025,25/11/2025,Rendimento,"0,78%"
BPML11,"R$ 0,92000000",17/11/2025,25/11/2025,Rendimento,"1,14%"
BTLG11,"R$ 0,79000000",14/11/2025,25/11/2025,Rendimento,"0,76%"
MCRE11,"R$ 0,11000000",17/11/2025,25/11/2025,Rendimento,"1,25%"
RBRX11,"R$ 0,09000000",14/11/2025,25/11/2025,Rendimento,"1,13%"
SNCI11,"R$ 1,00000000",14/11/2025,25/11/2025,Rendimento,"1,22%"
SNEL11,"R$ 0,10000000",14/11/2025,25/11/2025,Rendimento,"1,17%"
SNFF11,"R$ 1,10000000",14/11/2025,25/11/2025,Rendimento,"1,51%"
XPML11,"R$ 0,92000000",17/11/2025,25/11/2025,Rendimento,"0,86%"
BROF11,"R$ 0,53000000",18/11/2025,26/11/2025,Rendimento,"1,00%"
CPSH11,"R$ 0,12000000",18/11/2025,26/11/2025,Rendimento,"1,12%"
BTAL11,"R$ 0,95000000",19/11/2025,27/11/2025,Rendimento,"1,20%"
BCIA11,"R$ 0,86000000",31/10/2025,28/11/2025,Rendimento,"1,02%"
GZIT11,"R$ 0,78000000",21/11/2025,28/11/2025,Rendimento,"1,69%"
ARRI11,"R$ 0,09000000",28/11/2025,05/12/2025,Rendimento,"1,36%"
GARE11,"R$ 0,08300000",28/11/2025,05/12/2025,Rendimento,"0,90%"
HSAF11,"R$ 0,95000000",28/11/2025,05/12/2025,Rendimento,"1,21%"
HSML11,"R$ 0,70000000",28/11/2025,05/12/2025,Rendimento,"0,79%"
HTMX11,"R$ 1,80000000",28/11/2025,05/12/2025,Rendimento,"1,25%"
LIFE11,"R$ 0,12000000",28/11/2025,05/12/2025,Rendimento,"1,48%"
LVBI11,"R$ 0,75000000",28/11/2025,05/12/2025,Rendimento,"0,68%"
PORD11,"R$ 0,10200000",28/11/2025,05/12/2025,Rendimento,"1,26%"
PVBI11,"R$ 0,45000000",28/11/2025,05/12/2025,Rendimento,"0,56%"
RZTR11,"R$ 1,00000000",28/11/2025,05/12/2025,Rendimento,"1,03%"
VGHF11,"R$ 0,07000000",28/11/2025,05/12/2025,Rendimento,"0,98%"
VGRI11,"R$ 0,12000000",28/11/2025,05/12/2025,Rendimento,"1,54%"
AIEC11,"R$ 0,34000000",28/11/2025,08/12/2025,Rendimento,"0,65%"
CACR11,"R$ 1,31000000",28/11/2025,08/12/2025,Rendimento,"1,74%"
GGRC11,"R$ 0,10000000",01/12/2025,08/12/2025,Rendimento,"1,00%"
PATL11,"R$ 0,57000000",28/11/2025,08/12/2025,Rendimento,"0,91%"
ICRI11,"R$ 0,85000000",28/11/2025,10/12/2025,Rendimento,"0,97%"
ITRI11,"R$ 0,82000000",28/11/2025,10/12/2025,Rendimento,"1,05%"
KNHF11,"R$ 1,00000000",28/11/2025,10/12/2025,Rendimento,"1,08%"
KNUQ11,"R$ 1,15000000",28/11/2025,10/12/2025,Rendimento,"1,11%"
KCRE11,"R$ 0,08000000",28/11/2025,11/12/2025,Rendimento,"0,94%"
KNCR11,"R$ 1,11000000",28/11/2025,11/12/2025,Rendimento,"1,04%"
KNHY11,"R$ 0,97000000",28/11/2025,11/12/2025,Rendimento,"0,97%"
KNIP11,"R$ 0,72000000",28/11/2025,11/12/2025,Rendimento,"0,81%"
KNSC11,"R$ 0,09000000",28/11/2025,11/12/2025,Rendimento,"1,04%"
VCJR11,"R$ 0,77000000",28/11/2025,11/12/2025,Rendimento,"1,01%"
AZPL11,"R$ 0,07500000",28/11/2025,12/12/2025,Rendimento,"0,97%"
BRCO11,"R$ 0,87000000",28/11/2025,12/12/2025,Rendimento,"0,75%"
CYCR11,"R$ 0,10600000",28/11/2025,12/12/2025,Rendimento,"1,24%"
GTWR11,"R$ 0,90000000",28/11/2025,12/12/2025,Rendimento,"1,16%"
HABT11,"R$ 0,95000000",28/11/2025,12/12/2025,Rendimento,"1,34%"
HFOF11,"R$ 0,05600000",28/11/2025,12/12/2025,Rendimento,"0,88%"
HGBS11,"R$ 0,15000000",28/11/2025,12/12/2025,Rendimento,"0,75%"
HGCR11,"R$ 1,00000000",28/11/2025,12/12/2025,Rendimento,"1,08%"
HGLG11,"R$ 1,10000000",28/11/2025,12/12/2025,Rendimento,"0,68%"
HGRE11,"R$ 0,85000000",28/11/2025,12/12/2025,Rendimento,"0,71%"
HGRU11,"R$ 0,95000000",28/11/2025,12/12/2025,Rendimento,"0,75%"
HSLG11,"R$ 0,72000000",28/11/2025,12/12/2025,Rendimento,"0,79%"
JSAF11,"R$ 0,08000000",28/11/2025,12/12/2025,Rendimento,"1,09%"
JSCR11,"R$ 0,09500000",28/11/2025,12/12/2025,Rendimento,"1,19%"
JSRE11,"R$ 0,48000000",28/11/2025,12/12/2025,Rendimento,"0,73%"
KFOF11,"R$ 0,80000000",28/11/2025,12/12/2025,Rendimento,"0,95%"
KNRI11,"R$ 1,00000000",28/11/2025,12/12/2025,Rendimento,"0,66%"
KORE11,"R$ 1,25000000",28/11/2025,12/12/2025,Rendimento,"1,79%"
MFII11,"R$ 1,07000000",28/11/2025,12/12/2025,Rendimento,"1,41%"
MXRF11,"R$ 0,10000000",28/11/2025,12/12/2025,Rendimento,"1,04%"
OUJP11,"R$ 1,00000000",28/11/2025,12/12/2025,Rendimento,"1,31%"
PMIS11,"R$ 0,09200000",28/11/2025,12/12/2025,Rendimento,"1,18%"
PMLL11,"R$ 0,86000000",28/11/2025,12/12/2025,Rendimento,"0,84%"
TEPP11,"R$ 0,07400000",28/11/2025,12/12/2025,Rendimento,"0,87%"
TGAR11,"R$ 1,00000000",28/11/2025,12/12/2025,Rendimento,"1,15%"
TRBL11,"R$ 0,60000000",28/11/2025,12/12/2025,Rendimento,"0,94%"
TRXF11,"R$ 0,93000000",28/11/2025,12/12/2025,Rendimento,"0,92%"
TVRI11,"R$ 1,05000000",28/11/2025,12/12/2025,Rendimento,"1,10%"
URPR11,"R$ 0,35000000",28/11/2025,12/12/2025,Rendimento,"1,10%"
VILG11,"R$ 0,72000000",28/11/2025,12/12/2025,Rendimento,"0,76%"
VINO11,"R$ 0,05000000",28/11/2025,12/12/2025,Rendimento,"0,95%"
VISC11,"R$ 0,81000000",28/11/2025,12/12/2025,Rendimento,"0,74%"
WHGR11,"R$ 0,10000000",28/11/2025,12/12/2025,Rendimento,"1,15%"
XPCI11,"R$ 0,90000000",28/11/2025,12/12/2025,Rendimento,"1,11%"
XPLG11,"R$ 0,82000000",28/11/2025,12/12/2025,Rendimento,"0,79%"
XPSF11,"R$ 0,07000000",28/11/2025,12/12/2025,Rendimento,"1,11%"
BBIG11,"R$ 0,08000000",28/11/2025,15/12/2025,Rendimento,"1,14%"
BCRI11,"R$ 0,85000000",28/11/2025,15/12/2025,Rendimento,"1,31%"
KISU11,"R$ 0,07000000",30/11/2025,15/12/2025,Rendimento,"0,00%"
KISU11,"R$ 0,07000000",28/11/2025,15/12/2025,Rendimento,"1,03%"
KIVO11,"R$ 0,85000000",30/11/2025,15/12/2025,Rendimento,"0,00%"
KIVO11,"R$ 0,85000000",28/11/2025,15/12/2025,Rendimento,"1,38%"
RBFF11,"R$ 0,51000000",28/11/2025,15/12/2025,Rendimento,"1,00%"
RBVA11,"R$ 0,09000000",28/11/2025,15/12/2025,Rendimento,"0,92%"
RCRB11,"R$ 0,94000000",28/11/2025,15/12/2025,Rendimento,"0,73%"
VRTA11,"R$ 0,85000000",28/11/2025,15/12/2025,Rendimento,"1,10%"
VRTM11,"R$ 0,09000000",28/11/2025,15/12/2025,Rendimento,"1,32%"
MANA11,"R$ 0,11000000",28/11/2025,19/12/2025,Rendimento,"1,25%"
BCIA11,"R$ 0,86000000",28/11/2025,29/12/2025,Rendimento,"0,98%"
